39.04217911	2.43137264
39.04217911	2.43137264
39.04619217	2.43137264
39.05036926	2.43137264
39.05450058	2.43137264
39.05450058	2.43137264
39.05844116	2.43137264
39.06261063	2.43137264
39.06668854	2.43137264
39.06668854	2.43137264
39.07080078	2.43137264
39.07495499	2.43137264
39.07905197	2.43137264
39.08304214	2.43137264
39.08716965	2.43137264
39.08716965	2.43137264
39.09137344	2.43137264
39.09532166	2.43137264
39.09944916	2.43137264
39.09944916	2.43137264
39.10362625	2.43137264
39.10775757	2.43137264
39.11187744	2.43137264
39.11187744	2.43137264
39.11584854	2.43137264
39.12012482	2.43137264
39.12413025	2.43137264
39.12807083	2.43137264
39.13216019	2.43137264
39.13216019	2.43137264
39.13630676	2.43137264
39.14040756	2.43137264
39.14456940	2.43137264
39.14456940	2.43137264
39.14852905	2.43137264
39.15267944	2.43137264
39.15678406	2.43137264
39.15678406	2.43137264
39.16094589	2.43137264
39.16507721	2.43137264
39.16507721	2.43137264
39.16912079	2.43137264
39.17322540	2.43137264
39.17731476	2.43137264
39.17731476	2.43137264
39.18148422	2.43137264
39.18542480	2.43137264
39.18955994	2.45098042
39.18955994	2.45098042
39.19365692	2.45098042
39.19781113	2.45098042
39.20190811	2.45098042
39.20190811	2.45098042
39.20605850	2.45098042
39.21003342	2.45098042
39.21003342	2.45098042
39.21418762	2.45098042
39.21829224	2.45098042
39.22232819	2.45098042
39.22232819	2.47058821
39.22651672	2.47058821
39.23060989	2.47058821
39.23476410	2.47058821
39.23476410	2.47058821
39.23871994	2.47058821
39.24286652	2.47058821
39.24699402	2.47058821
39.25106812	2.47058821
39.25525284	2.47058821
39.25525284	2.47058821
39.25920868	2.47058821
39.26328278	2.47058821
39.26744080	2.47058821
39.26744080	2.47058821
39.27153015	2.47058821
39.27557755	2.47058821
39.27965546	2.47058821
39.27965546	2.47058821
39.28381729	2.47058821
39.28789902	2.47058821
39.29208374	2.47058821
39.29606628	2.47058821
39.30018616	2.47058821
39.30018616	2.47058821
39.30430603	2.47058821
39.30829620	2.47058821
39.31243134	2.47058821
39.31243134	2.47058821
39.31656265	2.47058821
39.32067490	2.47058821
39.32478714	2.47058821
39.32478714	2.47058821
39.32879257	2.47058821
39.33303452	2.47058821
39.33303452	2.47058821
39.33704376	2.47058821
39.34116364	2.47058821
39.34531403	2.47058821
39.34531403	2.47058821
39.34933853	2.47058821
39.35349274	2.47058821
39.35762787	2.47058821
39.35762787	2.47058821
39.36174774	2.47058821
39.36573029	2.47058821
39.36986542	2.47058821
39.36986542	2.47058821
39.37399673	2.47058821
39.37807465	2.47058821
39.37807465	2.47058821
39.38203049	2.47058821
39.38617706	2.47058821
39.39028168	2.49019599
39.39028168	2.47058821
39.39444351	2.47058821
39.39840698	2.47058821
39.40256119	2.47058821
39.40256119	2.47058821
39.40665054	2.47058821
39.41085815	2.47058821
39.41500473	2.49019599
39.41913223	2.49019599
39.42309952	2.49019599
39.42309952	2.47058821
39.42721939	2.47058821
39.43137360	2.47058821
39.43552780	2.47058821
39.43552780	2.47058821
39.43945694	2.47058821
39.44353104	2.47058821
39.44768143	2.47058821
39.44768143	2.47058821
39.45164871	2.49019599
39.45581055	2.49019599
39.45581055	2.49019599
39.45990372	2.49019599
39.46405792	2.49019599
39.46816254	2.49019599
39.46816254	2.49019599
39.47222519	2.49019599
39.47635651	2.49019599
39.48047638	2.49019599
39.48047638	2.49019599
39.48463058	2.49019599
39.48861694	2.49019599
39.49272919	2.49019599
39.49272919	2.49019599
39.49687576	2.49019599
39.50100327	2.49019599
39.50100327	2.49019599
39.50512695	2.49019599
39.50915527	2.49019599
39.51325989	2.49019599
39.51325989	2.49019599
39.51737213	2.49019599
39.52148438	2.49019599
39.52574539	2.49019599
39.52574539	2.49019599
39.52965927	2.49019599
39.53375626	2.47058821
39.53778839	2.47058821
39.54183197	2.47058821
39.54601288	2.47058821
39.54601288	2.45098042
39.55006790	2.45098042
39.55416107	2.45098042
39.55833054	2.43137264
39.55833054	2.43137264
39.56230545	2.43137264
39.56644440	2.41176462
39.57057953	2.41176462
39.57057953	2.41176462
39.57471466	2.41176462
39.57882690	2.43137264
39.58278656	2.43137264
39.58694839	2.45098042
39.59103394	2.45098042
39.59103394	2.47058821
39.59505844	2.47058821
39.59916306	2.49019599
39.60332108	2.49019599
39.60332108	2.50980401
39.60750198	2.50980401
39.61158752	2.50980401
39.61559296	2.50980401
39.61559296	2.50980401
39.61971664	2.50980401
39.62387848	2.52941179
39.62387848	2.52941179
39.62794113	2.52941179
39.63203430	2.52941179
39.63604355	2.52941179
39.63604355	2.52941179
39.64015579	2.52941179
39.64430618	2.52941179
39.64841080	2.52941179
39.64841080	2.54901958
39.65242386	2.54901958
39.65652847	2.54901958
39.66070938	2.54901958
39.66481018	2.54901958
39.66899872	2.54901958
39.66899872	2.54901958
39.67312622	2.54901958
39.67706680	2.54901958
39.68125153	2.54901958
39.68125153	2.52941179
39.68537521	2.52941179
39.68934631	2.52941179
39.69340134	2.52941179
39.69340134	2.50980401
39.69755554	2.50980401
39.70165253	2.50980401
39.70568085	2.49019599
39.70978546	2.49019599
39.71393204	2.49019599
39.71393204	2.49019599
39.71803665	2.49019599
39.72209930	2.49019599
39.72619629	2.49019599
39.72619629	2.49019599
39.73034668	2.49019599
39.73449326	2.49019599
39.73862839	2.49019599
39.73862839	2.49019599
39.74258804	2.49019599
39.74672318	2.49019599
39.74672318	2.49019599
39.75086212	2.49019599
39.75499725	2.49019599
39.75905228	2.49019599
39.75905228	2.49019599
39.76297760	2.49019599
39.76716232	2.49019599
39.77127457	2.49019599
39.77127457	2.49019599
39.77531433	2.49019599
39.77939987	2.49019599
39.78355408	2.49019599
39.78355408	2.49019599
39.78765106	2.49019599
39.79182053	2.49019599
39.79182053	2.49019599
39.79584122	2.49019599
39.80011749	2.49019599
39.80411530	2.49019599
39.80411530	2.49019599
39.80818176	2.49019599
39.81222534	2.49019599
39.81630707	2.49019599
39.81630707	2.49019599
39.82043457	2.50980401
39.82453156	2.50980401
39.82866669	2.50980401
39.83265686	2.50980401
39.83678818	2.50980401
39.83678818	2.50980401
39.84090805	2.50980401
39.84504318	2.50980401
39.84919739	2.52941179
39.84919739	2.52941179
39.85321808	2.52941179
39.85734940	2.52941179
39.86147690	2.52941179
39.86147690	2.52941179
39.86546707	2.52941179
39.86957932	2.52941179
39.87371445	2.52941179
39.87779617	2.52941179
39.88190842	2.52941179
39.88190842	2.52941179
39.88602829	2.52941179
39.89002609	2.50980401
39.89416504	2.50980401
39.89416504	2.50980401
39.89827728	2.50980401
39.90229034	2.50980401
39.90640259	2.50980401
39.90640259	2.50980401
39.91057205	2.50980401
39.91469955	2.50980401
39.91469955	2.50980401
39.91873169	2.50980401
39.92283630	2.50980401
39.92705536	2.50980401
39.92705536	2.50980401
39.93109131	2.50980401
39.93523788	2.50980401
39.93918610	2.49019599
39.93918610	2.49019599
39.94327545	2.49019599
39.94741821	2.49019599
39.95152283	2.49019599
39.95152283	2.49019599
39.95555496	2.49019599
39.95965195	2.49019599
39.95965195	2.49019599
39.96380234	2.49019599
39.96789932	2.49019599
39.97207642	2.49019599
39.97207642	2.49019599
39.97610855	2.49019599
39.98022079	2.49019599
39.98434830	2.49019599
39.98434830	2.49019599
39.98848724	2.49019599
39.99245071	2.49019599
39.99657059	2.49019599
40.00072479	2.49019599
40.00486374	2.49019599
40.00486374	2.49019599
40.00882721	2.49019599
40.01303101	2.49019599
40.01703644	2.49019599
40.01703644	2.49019599
40.02115631	2.49019599
40.02534103	2.49019599
40.02928162	2.49019599
40.02928162	2.49019599
40.03342056	2.49019599
40.03753281	2.49019599
40.04168320	2.49019599
40.04571533	2.49019599
40.04980469	2.49019599
40.04980469	2.49019599
40.05392456	2.49019599
40.05811691	2.49019599
40.06216431	2.49019599
40.06216431	2.49019599
40.06616974	2.49019599
40.07032394	2.49019599
40.07439423	2.49019599
40.07439423	2.49019599
40.07854843	2.49019599
40.08250427	2.49019599
40.08250427	2.49019599
40.08669281	2.49019599
40.09079742	2.49019599
40.09490967	2.49019599
40.09490967	2.49019599
40.09899521	2.49019599
40.10298538	2.49019599
40.10714722	2.49019599
40.10714722	2.49019599
40.11133194	2.49019599
40.11541367	2.49019599
40.11951065	2.49019599
40.12372971	2.49019599
40.12766647	2.49019599
40.12766647	2.49019599
40.13183975	2.49019599
40.13586807	2.49019599
40.14005280	2.47058821
40.14005280	2.45098042
40.14410782	2.45098042
40.14816284	2.45098042
40.15230179	2.45098042
40.15230179	2.45098042
40.15629196	2.45098042
40.16041946	2.43137264
40.16461563	2.43137264
40.16867065	2.45098042
40.17265701	2.43137264
40.17265701	2.45098042
40.17683029	2.45098042
40.18095779	2.43137264
40.18512726	2.43137264
40.18512726	2.43137264
40.18910980	2.43137264
40.19316483	2.41176462
40.19729233	2.41176462
40.19729233	2.39215684
40.20141983	2.39215684
40.20568848	2.37254906
40.20568848	2.37254906
40.20962906	2.37254906
40.21364212	2.37254906
40.21776199	2.37254906
40.21776199	2.35294127
40.22188568	2.35294127
40.22602844	2.35294127
40.23002625	2.35294127
40.23002625	2.35294127
40.23414612	2.35294127
40.23826981	2.35294127
40.24243164	2.35294127
40.24243164	2.35294127
40.24640274	2.35294127
40.25053024	2.35294127
40.25053024	2.35294127
40.25467682	2.35294127
40.25879669	2.35294127
40.26280212	2.35294127
40.26280212	2.37254906
40.26692581	2.37254906
40.27104568	2.37254906
40.27525711	2.37254906
40.27525711	2.39215684
40.27916336	2.39215684
40.28329086	2.39215684
40.28741074	2.39215684
40.29161453	2.41176462
40.29565430	2.41176462
40.29565430	2.41176462
40.29966736	2.41176462
40.30381393	2.41176462
40.30793381	2.41176462
40.30793381	2.41176462
40.31206894	2.43137264
40.31604385	2.43137264
40.32018661	2.43137264
40.32018661	2.43137264
40.32428360	2.43137264
40.32849503	2.43137264
40.33238602	2.45098042
40.33657074	2.45098042
40.34073257	2.45098042
40.34073257	2.45098042
40.34480667	2.45098042
40.34891891	2.47058821
40.35306168	2.47058821
40.35306168	2.47058821
40.35708618	2.47058821
40.36117935	2.47058821
40.36529541	2.47058821
40.36529541	2.47058821
40.36928940	2.47058821
40.37341309	2.47058821
40.37341309	2.47058821
40.37752533	2.47058821
40.38173676	2.47058821
40.38580704	2.47058821
40.38580704	2.47058821
40.38977814	2.47058821
40.39391708	2.47058821
40.39802933	2.47058821
40.39802933	2.47058821
40.40215683	2.47058821
40.40618134	2.49019599
40.41032410	2.49019599
40.41443634	2.49019599
40.41855621	2.49019599
40.41855621	2.49019599
40.42256546	2.49019599
40.42669296	2.49019599
40.43081284	2.49019599
40.43081284	2.49019599
40.43493271	2.49019599
40.43902969	2.49019599
40.44301987	2.49019599
40.44301987	2.49019599
40.44715500	2.49019599
40.45126724	2.49019599
40.45541382	2.49019599
40.45940399	2.49019599
40.46353912	2.50980401
40.46353912	2.50980401
40.46764374	2.50980401
40.47183228	2.50980401
40.47595215	2.50980401
40.47595215	2.50980401
40.48008728	2.50980401
40.48409271	2.50980401
40.48821640	2.50980401
40.48821640	2.50980401
40.49217987	2.50980401
40.49639893	2.50980401
40.49639893	2.50980401
40.50044632	2.52941179
40.50459671	2.52941179
40.50867844	2.52941179
40.50867844	2.50980401
40.51264954	2.50980401
40.51677322	2.50980401
40.52090073	2.50980401
40.52090073	2.50980401
40.52502060	2.50980401
40.52902603	2.50980401
40.53318024	2.50980401
40.53318024	2.50980401
40.53727722	2.50980401
40.54148865	2.50980401
40.54148865	2.50980401
40.54561615	2.50980401
40.54958725	2.50980401
40.55371094	2.50980401
40.55371094	2.50980401
40.55786133	2.50980401
40.56198502	2.50980401
40.56610489	2.50980401
40.56610489	2.50980401
40.57006073	2.50980401
40.57413864	2.50980401
40.57829285	2.50980401
40.58226776	2.50980401
40.58645248	2.50980401
40.58645248	2.50980401
40.59056473	2.50980401
40.59468460	2.49019599
40.59876633	2.49019599
40.59876633	2.49019599
40.60281372	2.49019599
40.60692596	2.49019599
40.61105347	2.49019599
40.61105347	2.49019599
40.61516571	2.49019599
40.61927032	2.49019599
40.62335968	2.49019599
40.62749481	2.49019599
40.63156509	2.49019599
40.63156509	2.49019599
40.63565445	2.49019599
40.63965225	2.49019599
40.64377213	2.49019599
40.64377213	2.49019599
40.64792633	2.49019599
40.65201187	2.47058821
40.65605164	2.47058821
40.65605164	2.47058821
40.66014862	2.47058821
40.66431808	2.47058821
40.66431808	2.47058821
40.66842270	2.47058821
40.67247009	2.47058821
40.67658234	2.47058821
40.67658234	2.47058821
40.68070984	2.47058821
40.68485641	2.47058821
40.68891907	2.47058821
40.68891907	2.47058821
40.69303894	2.47058821
40.69702911	2.47058821
40.70114899	2.49019599
40.70527649	2.49019599
40.70941544	2.49019599
40.70941544	2.49019599
40.71340561	2.49019599
40.71752548	2.49019599
40.72169495	2.49019599
40.72169495	2.49019599
40.72567749	2.49019599
40.72982788	2.49019599
40.73411560	2.49019599
40.73411560	2.49019599
40.73802948	2.49019599
40.74219894	2.49019599
40.74622345	2.49019599
40.75035858	2.49019599
40.75447083	2.49019599
40.75447083	2.49019599
40.75854874	2.49019599
40.76252365	2.49019599
40.76668549	2.49019599
40.76668549	2.49019599
40.77077484	2.49019599
40.77490997	2.49019599
40.77902985	2.49019599
40.77902985	2.49019599
40.78302002	2.49019599
40.78713989	2.49019599
40.78713989	2.49019599
40.79130173	2.49019599
40.79547882	2.49019599
40.79961777	2.47058821
40.79961777	2.47058821
40.80358124	2.47058821
40.80773544	2.47058821
40.81186295	2.47058821
40.81186295	2.47058821
40.81585312	2.47058821
40.82004929	2.47058821
40.82401276	2.45098042
40.82401276	2.45098042
40.82817459	2.45098042
40.83226395	2.45098042
40.83226395	2.45098042
40.83629227	2.45098042
40.84038925	2.45098042
40.84455872	2.45098042
40.84455872	2.45098042
40.84863663	2.43137264
40.85269928	2.43137264
40.85690308	2.43137264
40.85690308	2.43137264
40.86099243	2.43137264
40.86511230	2.43137264
40.86923218	2.43137264
40.87320709	2.43137264
40.87733459	2.43137264
40.87733459	2.45098042
40.88143158	2.45098042
40.88550949	2.45098042
40.88967133	2.45098042
40.88967133	2.45098042
40.89363480	2.45098042
40.89779663	2.45098042
40.90188599	2.45098042
40.90188599	2.45098042
40.90604782	2.47058821
40.91001892	2.47058821
40.91419983	2.47058821
40.91836166	2.47058821
40.92248917	2.47058821
40.92248917	2.47058821
40.92645264	2.47058821
40.93060684	2.47058821
40.93471909	2.47058821
40.93471909	2.47058821
40.93878937	2.47058821
40.94278717	2.47058821
40.94705582	2.47058821
40.94705582	2.47058821
40.95102310	2.47058821
40.95515060	2.47058821
40.95515060	2.47058821
40.95915604	2.47058821
40.96327591	2.47058821
40.96739578	2.49019599
40.96739578	2.49019599
40.97155762	2.49019599
40.97569656	2.49019599
40.97972488	2.49019599
40.97972488	2.49019599
40.98385620	2.49019599
40.98798370	2.49019599
40.99205399	2.49019599
40.99610138	2.49019599
41.00021362	2.49019599
41.00021362	2.49019599
41.00436020	2.49019599
41.00848770	2.49019599
41.01264191	2.49019599
41.01264191	2.49019599
41.01661301	2.49019599
41.02071762	2.49019599
41.02488708	2.49019599
41.02488708	2.49019599
41.02902603	2.49019599
41.03313828	2.49019599
41.03710175	2.47058821
41.04114914	2.47058821
41.04528046	2.47058821
41.04528046	2.47058821
41.04927826	2.47058821
41.05341339	2.47058821
41.05751801	2.47058821
41.05751801	2.47058821
41.06167984	2.47058821
41.06585693	2.47058821
41.06979752	2.47058821
41.06979752	2.47058821
41.07403183	2.47058821
41.07804489	2.47058821
41.07804489	2.47058821
41.08214951	2.47058821
41.08615494	2.47058821
41.09027863	2.47058821
41.09027863	2.47058821
41.09440613	2.47058821
41.09854126	2.47058821
41.10263824	2.47058821
41.10263824	2.47058821
41.10670090	2.47058821
41.11083984	2.47058821
41.11494446	2.47058821
41.11494446	2.47058821
41.11904907	2.47058821
41.12309265	2.47058821
41.12309265	2.47058821
41.12715912	2.47058821
41.13130951	2.47058821
41.13539124	2.47058821
41.13539124	2.47058821
41.13941193	2.47058821
41.14350891	2.47058821
41.14767075	2.47058821
41.14767075	2.47058821
41.15176010	2.47058821
41.15591812	2.47058821
41.16002274	2.47058821
41.16407013	2.47058821
41.16822433	2.47058821
41.16822433	2.47058821
41.17235184	2.47058821
41.17632675	2.47058821
41.18044662	2.47058821
41.18044662	2.47058821
41.18460846	2.47058821
41.18867111	2.47058821
41.19281006	2.47058821
41.19281006	2.47058821
41.19676590	2.47058821
41.20104218	2.47058821
41.20501328	2.47058821
41.20915985	2.47058821
41.21315002	2.47058821
41.21315002	2.47058821
41.21726990	2.47058821
41.22143936	2.47058821
41.22552872	2.47058821
41.22552872	2.47058821
41.22958374	2.47058821
41.23372650	2.47058821
41.23786545	2.47058821
41.23786545	2.47058821
41.24193573	2.47058821
41.24609756	2.47058821
41.24609756	2.47058821
41.25008011	2.47058821
41.25423050	2.47058821
41.25827026	2.47058821
41.25827026	2.47058821
41.26239777	2.47058821
41.26638794	2.47058821
41.27051926	2.47058821
41.27051926	2.47058821
41.27463913	2.47058821
41.27877426	2.47058821
41.28289413	2.47058821
41.28701782	2.47058821
41.29105377	2.47058821
41.29105377	2.47058821
41.29516602	2.47058821
41.29935455	2.47058821
41.30335236	2.47058821
41.30335236	2.47058821
41.30747223	2.47058821
41.31159973	2.47058821
41.31570435	2.47058821
41.31570435	2.47058821
41.31965256	2.47058821
41.32376480	2.47058821
41.32790375	2.49019599
41.33201599	2.49019599
41.33614349	2.49019599
41.33614349	2.49019599
41.34014130	2.49019599
41.34426880	2.49019599
41.34839249	2.49019599
41.34839249	2.49019599
41.35255432	2.49019599
41.35658264	2.49019599
41.36067963	2.49019599
41.36067963	2.49019599
41.36484146	2.49019599
41.36896133	2.49019599
41.36896133	2.49019599
41.37308884	2.49019599
41.37710571	2.49019599
41.38116837	2.49019599
41.38116837	2.49019599
41.38525391	2.49019599
41.38940811	2.49019599
41.39338303	2.49019599
41.39338303	2.49019599
41.39754105	2.49019599
41.40163803	2.41176462
41.40579224	2.37254906
41.40579224	2.39215684
41.40976715	2.41176462
41.41405869	2.43137264
41.41405869	2.45098042
41.41809845	2.47058821
41.42222595	2.47058821
41.42635345	2.47058821
41.42635345	2.49019599
41.43032074	2.49019599
41.43445587	2.49019599
41.43854523	2.49019599
41.43854523	2.49019599
41.44264984	2.49019599
41.44662857	2.49019599
41.45078278	2.49019599
41.45489502	2.49019599
41.45904160	2.49019599
41.45904160	2.49019599
41.46300507	2.49019599
41.46715927	2.49019599
41.47126389	2.49019599
41.47126389	2.49019599
41.47543335	2.49019599
41.47961807	2.49019599
41.48360062	2.49019599
41.48360062	2.49019599
41.48770523	2.49019599
41.49179077	2.49019599
41.49597168	2.49019599
41.50004196	2.49019599
41.50402069	2.49019599
41.50402069	2.49019599
41.50817490	2.49019599
41.51226425	2.49019599
41.51639175	2.49019599
41.51639175	2.49019599
41.52038956	2.49019599
41.52451706	2.49019599
41.52865601	2.49019599
41.52865601	2.49019599
41.53280258	2.49019599
41.53684616	2.47058821
41.53684616	2.49019599
41.54098511	2.49019599
41.54509735	2.47058821
41.54922485	2.49019599
41.54922485	2.47058821
41.55321503	2.47058821
41.55734253	2.47058821
41.56145477	2.47058821
41.56145477	2.47058821
41.56560135	2.47058821
41.56965637	2.47058821
41.57364655	2.47058821
41.57777405	2.47058821
41.58189392	2.47058821
41.58189392	2.47058821
41.58601761	2.47058821
41.59001541	2.45098042
41.59414291	2.45098042
41.59414291	2.43137264
41.59823990	2.43137264
41.60243988	2.41176462
41.60654449	2.39215684
41.60654449	2.39215684
41.61059952	2.37254906
41.61470413	2.37254906
41.61881638	2.31372547
41.62297821	2.25490189
41.62710571	2.15686274
41.62710571	2.07843137
41.63102341	2.05882359
41.63513565	2.05882359
41.63925552	2.09803915
41.63925552	2.11764717
41.64326859	2.13725495
41.64739227	2.15686274
41.65151978	2.17647052
41.65151978	2.19607854
41.65564728	2.21568632
41.65977859	2.21568632
41.65977859	2.05882359
41.66379929	1.80392158
41.66797638	1.56862748
41.67210770	1.41176474
41.67210770	1.01960790
41.67608643	0.84313726
41.68019104	0.84313726
41.68431854	0.84313726
41.68431854	0.86274511
41.68841553	1.21568632
41.69256210	1.64705884
41.69663239	1.96078432
41.69663239	2.19607854
41.70066452	2.29411769
41.70475006	2.45098042
41.70475006	2.56862736
41.70891953	2.66666675
41.71300125	2.72549009
41.71703720	2.76470590
41.71703720	2.80392146
41.72112656	2.82352948
41.72533798	2.84313726
41.72947311	2.84313726
41.72947311	2.84313726
41.73346329	2.84313726
41.73759460	2.84313726
41.74166489	2.82352948
41.74584961	2.82352948
41.74991226	2.82352948
41.74991226	2.82352948
41.75401688	2.80392146
41.75800705	2.80392146
41.76214600	2.80392146
41.76214600	2.80392146
41.76626587	2.78431368
41.77026367	2.78431368
41.77438354	2.78431368
41.77438354	2.78431368
41.77851868	2.78431368
41.78264999	2.78431368
41.78670502	2.76470590
41.79081726	2.76470590
41.79498672	2.76470590
41.79498672	2.76470590
41.79909897	2.74509811
41.80308914	2.74509811
41.80721664	2.74509811
41.80721664	2.74509811
41.81133652	2.74509811
41.81545639	2.72549009
41.81963730	2.72549009
41.81963730	2.66666675
41.82364273	2.60784316
41.82774734	2.60784316
41.82774734	2.64705873
41.83184052	2.66666675
41.83596420	2.66666675
41.84009933	2.66666675
41.84009933	2.56862736
41.84413910	2.50980401
41.84823227	2.54901958
41.85226440	2.56862736
41.85226440	2.60784316
41.85627747	2.62745094
41.86038971	2.52941179
41.86453629	2.31372547
41.86865616	2.37254906
41.87279510	2.45098042
41.87279510	2.50980401
41.87683105	2.47058821
41.88101959	2.21568632
41.88501740	1.94117641
41.88501740	1.70588231
41.88914490	1.64705884
41.89316559	1.50980389
41.89725494	1.19607842
41.89725494	0.84313726
41.90141678	0.84313726
41.90551376	0.84313726
41.90966415	0.84313726
41.91363144	0.84313726
41.91780090	0.82352942
41.91780090	0.82352942
41.92197037	0.84313726
41.92610550	0.82352942
41.93020248	0.84313726
41.93020248	0.84313726
41.93420029	0.82352942
41.93834686	0.86274511
41.94242477	0.86274511
41.94242477	0.80392158
41.94637299	0.84313726
41.95053482	1.03921568
41.95053482	1.66666663
41.95463181	1.92156863
41.95881653	2.21568632
41.96287918	2.13725495
41.96287918	2.01960778
41.96703339	2.39215684
41.97100067	3.05882359
41.97520828	3.50980401
41.97520828	3.66666675
41.97933197	3.50980401
41.98333740	2.76470590
41.98744965	1.80392158
41.98744965	1.86274505
41.99156189	2.25490189
41.99572372	3.00000000
41.99572372	3.70588231
41.99966431	3.92156863
42.00378418	4.19607830
42.00805283	4.49019623
42.00805283	4.74509811
42.01202393	4.96078444
42.01614380	4.98039198
42.02026749	4.98039198
42.02026749	4.98039198
42.02426529	4.98039198
42.02838516	4.98039198
42.03256226	4.98039198
42.03658295	4.98039198
42.04070663	4.98039198
42.04070663	4.98039198
42.04484940	4.98039198
42.04896927	4.98039198
42.05309296	4.98039198
42.05309296	4.98039198
42.05707169	4.98039198
42.06121826	4.98039198
42.06532288	4.84313726
42.06532288	4.68627453
42.06946564	4.47058821
42.07353973	4.29411745
42.07750320	4.15686274
42.08164978	4.05882359
42.08575439	3.84313726
42.08575439	3.68627453
42.08978271	3.47058821
42.09405899	3.35294127
42.09803391	3.25490189
42.09803391	3.19607854
42.10212708	2.98039222
42.10628891	2.82352948
42.11033630	2.66666675
42.11033630	2.49019599
42.11444092	2.21568632
42.11857986	2.19607854
42.11857986	1.80392158
42.12272263	1.41176474
42.12672043	1.13725495
42.13078308	1.19607842
42.13078308	1.29411769
42.13488770	1.37254906
42.13901901	1.54901958
42.14313889	1.82352936
42.14313889	2.33333325
42.14713669	2.72549009
42.15127182	3.03921580
42.15538406	3.49019599
42.15952301	3.64705873
42.16367340	3.74509811
42.16367340	3.80392146
42.16771317	3.84313726
42.17184067	3.88235283
42.17593765	3.92156863
42.17593765	3.92156863
42.18009186	3.92156863
42.18408966	3.90196085
42.18821716	3.88235283
42.18821716	3.86274505
42.19232941	3.84313726
42.19638443	3.82352948
42.20038986	3.66666675
42.20450592	3.45098042
42.20862579	3.17647052
42.20862579	2.94117641
42.21276093	2.47058821
42.21675873	1.68627453
42.22100449	0.82352942
42.22100449	0.80392158
42.22504807	0.84313726
42.22920227	0.82352942
42.23334122	0.80392158
42.23334122	0.82352942
42.23731995	0.78431374
42.24150848	0.78431374
42.24150848	0.78431374
42.24559402	0.78431374
42.24965668	0.78431374
42.25376129	0.82352942
42.25376129	0.86274511
42.25775146	0.92156863
42.26190567	0.96078432
42.26599503	2.29411769
42.26599503	4.19607830
42.27003098	4.98039198
42.27412796	4.98039198
42.27828217	4.96078444
42.27828217	4.96078444
42.28236771	4.96078444
42.28659439	4.96078444
42.28659439	4.98039198
42.29056168	4.96078444
42.29465866	4.98039198
42.29881668	4.96078444
42.29881668	4.98039198
42.30297089	4.98039198
42.30710220	4.98039198
42.31106567	4.98039198
42.31106567	4.98039198
42.31519318	4.98039198
42.31933212	4.98039198
42.32339478	4.98039198
42.32737732	4.98039198
42.33152771	4.98039198
42.33152771	4.98039198
42.33562469	4.98039198
42.33977890	4.98039198
42.34375000	4.98039198
42.34375000	4.98039198
42.34802628	4.98039198
42.35200119	4.98039198
42.35617065	4.98039198
42.35617065	4.98039198
42.36020279	4.98039198
42.36429596	4.98039198
42.36843491	4.98039198
42.37257004	4.98039198
42.37670135	4.98039198
42.37670135	4.98039198
42.38064194	4.98039198
42.38475418	4.98039198
42.38888168	4.98039198
42.38888168	4.98039198
42.39300919	4.98039198
42.39700699	4.98039198
42.40113831	4.98039198
42.40113831	4.94117641
42.40525818	4.92156839
42.40939331	4.88235283
42.40939331	4.84313726
42.41341782	4.80392170
42.41756058	4.74509811
42.42169189	4.70588255
42.42169189	4.66666651
42.42576981	4.60784292
42.42996597	4.56862736
42.43409348	4.52941179
42.43409348	4.47058821
42.43809891	4.43137264
42.44215393	4.39215708
42.44625854	4.31372547
42.45025635	4.27450991
42.45437622	4.23529434
42.45437622	4.23529434
42.45851517	4.23529434
42.46263504	4.19607830
42.46678543	4.17647076
42.46678543	4.11764717
42.47075272	4.09803915
42.47492218	4.00000000
42.47906876	3.66666675
42.47906876	3.05882359
42.48321915	2.07843137
42.48721695	1.33333337
42.49132156	1.01960790
42.49546814	1.15686274
42.49961090	1.45098042
42.49961090	1.76470590
42.50353622	2.09803915
42.50762558	2.35294127
42.51177597	2.45098042
42.51177597	2.52941179
42.51587296	2.58823538
42.52002716	2.64705873
42.52400208	2.70588231
42.52400208	2.72549009
42.52815247	2.74509811
42.53224945	2.76470590
42.53224945	2.80392146
42.53641891	2.82352948
42.54044342	2.84313726
42.54456329	2.88235283
42.54456329	2.90196085
42.54867554	2.94117641
42.55281830	2.96078420
42.55694962	2.92156863
42.55694962	2.52941179
42.56106949	2.01960778
42.56505203	1.74509799
42.56919479	1.84313726
42.56919479	2.11764717
42.57335663	2.33333325
42.57736206	2.50980401
42.57736206	2.62745094
42.58145142	2.74509811
42.58557892	2.78431368
42.58974838	2.82352948
42.58974838	2.84313726
42.59375381	2.86274505
42.59783554	2.90196085
42.60199738	2.92156863
42.60199738	2.94117641
42.60603333	2.96078420
42.61000824	2.98039222
42.61417770	3.00000000
42.61825562	2.98039222
42.62240219	2.96078420
42.62240219	2.96078420
42.62658691	2.92156863
42.63052750	2.90196085
42.63463974	2.86274505
42.63463974	2.70588231
42.63874435	2.68627453
42.64291382	2.76470590
42.64699554	2.66666675
42.64699554	2.49019599
42.65103531	2.11764717
42.65512085	1.98039210
42.65930939	2.00000000
42.66337204	2.21568632
42.66741943	2.43137264
42.66741943	2.58823538
42.67156982	2.80392146
42.67562485	3.01960778
42.67975616	3.19607854
42.67975616	3.33333325
42.68379974	3.41176462
42.68806839	3.47058821
42.69202805	3.50980401
42.69202805	3.54901958
42.69612885	3.56862736
42.70026016	3.54901958
42.70026016	3.45098042
42.70425034	3.33333325
42.70838547	3.17647052
42.71251297	3.07843137
42.71251297	3.03921580
42.71663666	3.01960778
42.72062302	3.00000000
42.72484207	2.98039222
42.72484207	2.96078420
42.72896576	2.96078420
42.73308563	2.94117641
42.73722076	2.94117641
42.74113083	2.94117641
42.74532318	2.94117641
42.74532318	2.94117641
42.74946976	2.94117641
42.75341034	2.92156863
42.75749588	2.92156863
42.75749588	2.92156863
42.76165009	2.92156863
42.76574707	2.92156863
42.76990128	2.92156863
42.76990128	2.88235283
42.77399445	2.82352948
42.77802658	2.82352948
42.78212357	2.88235283
42.78630066	2.92156863
42.79046249	2.98039222
42.79046249	3.00000000
42.79444122	3.03921580
42.79854584	3.05882359
42.80269241	3.07843137
42.80269241	3.09803915
42.80681992	3.05882359
42.81080246	2.92156863
42.81509399	2.74509811
42.81509399	2.68627453
42.81906128	2.45098042
42.82316208	2.19607854
42.82316208	1.92156863
42.82712173	1.70588231
42.83127213	1.72549021
42.83536911	1.80392158
42.83536911	1.98039210
42.83952332	2.11764717
42.84362030	2.23529410
42.84764862	2.31372547
42.84764862	2.39215684
42.85174561	2.45098042
42.85593033	2.49019599
42.86003494	2.52941179
42.86003494	2.54901958
42.86406708	2.58823538
42.86818695	2.60784316
42.86818695	2.60784316
42.87234116	2.62745094
42.87646866	2.62745094
42.88052368	2.64705873
42.88052368	2.64705873
42.88452911	2.66666675
42.88861847	2.66666675
42.89277267	2.66666675
42.89277267	2.64705873
42.89687729	2.37254906
42.90101242	1.76470590
42.90500259	1.09803927
42.90914536	1.37254906
42.91324997	1.72549021
42.91324997	1.98039210
42.91731644	2.15686274
42.92145920	2.27450991
42.92552948	2.37254906
42.92552948	2.49019599
42.92971039	2.56862736
42.93383789	2.56862736
42.93782806	2.54901958
42.93782806	2.50980401
42.94189072	2.47058821
42.94600296	2.39215684
42.95017242	2.29411769
42.95412064	2.23529410
42.95823288	2.17647052
42.95823288	2.17647052
42.96238708	2.23529410
42.96650696	2.25490189
42.97061920	2.33333325
42.97061920	2.45098042
42.97467422	2.56862736
42.97883606	2.68627453
42.98296356	2.78431368
42.98296356	2.86274505
42.98708725	2.94117641
42.99107361	2.98039222
42.99107361	3.01960778
42.99519730	3.03921580
42.99931717	3.05882359
43.00340271	3.07843137
43.00340271	3.07843137
43.00737000	3.05882359
43.01153183	3.03921580
43.01561737	3.01960778
43.01561737	2.98039222
43.01976395	2.98039222
43.02386856	2.98039222
43.02803040	3.00000000
43.03199387	3.00000000
43.03616333	3.00000000
43.03616333	3.01960778
43.04030991	3.01960778
43.04431534	3.00000000
43.04842758	3.00000000
43.04842758	2.98039222
43.05258942	2.96078420
43.05670929	2.96078420
43.06077957	2.94117641
43.06077957	2.94117641
43.06482697	2.92156863
43.06891632	2.92156863
43.07301331	2.90196085
43.07714081	2.90196085
43.08114624	2.90196085
43.08114624	2.90196085
43.08530807	2.90196085
43.08936310	2.90196085
43.09352493	2.90196085
43.09352493	2.90196085
43.09748077	2.88235283
43.10164261	2.86274505
43.10581207	2.84313726
43.10581207	2.82352948
43.10987473	2.80392146
43.11408615	2.78431368
43.11408615	2.76470590
43.11806870	2.74509811
43.12217331	2.74509811
43.12633514	2.72549009
43.12633514	2.72549009
43.13045502	2.70588231
43.13441849	2.70588231
43.13848877	2.68627453
43.13848877	2.68627453
43.14266968	2.68627453
43.14673996	2.66666675
43.15077972	2.66666675
43.15077972	2.66666675
43.15498734	2.64705873
43.15905380	2.64705873
43.15905380	2.64705873
43.16311646	2.64705873
43.16717148	2.62745094
43.17134857	2.62745094
43.17134857	2.62745094
43.17539597	2.62745094
43.17953873	2.60784316
43.18370056	2.60784316
43.18370056	2.58823538
43.18766785	2.39215684
43.19174576	2.09803915
43.19589996	1.41176474
43.20000458	1.07843137
43.20412445	1.01960790
43.20412445	1.27450979
43.20824432	1.66666663
43.21224976	1.96078432
43.21637344	2.17647052
43.21637344	2.35294127
43.22037888	2.47058821
43.22452927	2.56862736
43.22865295	2.62745094
43.22865295	2.68627453
43.23278046	2.72549009
43.23696518	2.74509811
43.24108887	2.76470590
43.24506760	2.76470590
43.24918747	2.78431368
43.24918747	2.78431368
43.25327682	2.76470590
43.25724792	2.76470590
43.26137924	2.76470590
43.26137924	2.76470590
43.26549149	2.76470590
43.26965332	2.74509811
43.27375031	2.74509811
43.27375031	2.74509811
43.27775574	2.72549009
43.28199005	2.72549009
43.28199005	2.72549009
43.28603745	2.70588231
43.29020691	2.70588231
43.29433441	2.68627453
43.29433441	2.68627453
43.29830933	2.66666675
43.30245209	2.66666675
43.30659866	2.66666675
43.30659866	2.64705873
43.31055450	2.64705873
43.31465912	2.62745094
43.31874084	2.62745094
43.32288361	2.62745094
43.32698822	2.60784316
43.32698822	2.60784316
43.33102036	2.60784316
43.33511353	2.60784316
43.33926773	2.60784316
43.33926773	2.58823538
43.34337234	2.58823538
43.34741211	2.58823538
43.35155487	2.58823538
43.35155487	2.58823538
43.35568619	2.58823538
43.35983658	2.58823538
43.36393356	2.56862736
43.36808014	2.56862736
43.37207031	2.56862736
43.37207031	2.56862736
43.37620544	2.56862736
43.38032532	2.56862736
43.38433075	2.56862736
43.38433075	2.56862736
43.38846207	2.56862736
43.39258194	2.56862736
43.39669418	2.56862736
43.39669418	2.56862736
43.40070724	2.56862736
43.40486908	2.56862736
43.40486908	2.56862736
43.40895844	2.56862736
43.41298676	2.56862736
43.41714096	2.56862736
43.41714096	2.56862736
43.42111588	2.56862736
43.42533493	2.56862736
43.42936325	2.56862736
43.42936325	2.56862736
43.43353271	2.56862736
43.43758774	2.56862736
43.44161987	2.56862736
43.44161987	2.56862736
43.44576263	2.56862736
43.44986725	2.56862736
43.44986725	2.56862736
43.45399857	2.56862736
43.45799637	2.56862736
43.46214676	2.56862736
43.46214676	2.56862736
43.46625137	2.56862736
43.47037125	2.56862736
43.47441101	2.56862736
43.47441101	2.56862736
43.47855759	2.56862736
43.48267746	2.56862736
43.48683167	2.56862736
43.49077225	2.56862736
43.49507904	2.54901958
43.49507904	2.54901958
43.49906158	2.54901958
43.50313950	2.54901958
43.50724411	2.54901958
43.50724411	2.54901958
43.51124954	2.54901958
43.51536179	2.52941179
43.51949310	2.52941179
43.51949310	2.52941179
43.52362061	2.50980401
43.52762604	2.50980401
43.53173828	2.33333325
43.53590775	2.13725495
43.54008865	1.90196073
43.54008865	1.80392158
43.54410934	1.96078432
43.54817963	2.11764717
43.55231094	2.23529410
43.55231094	2.33333325
43.55646133	2.41176462
43.56056595	2.45098042
43.56451416	2.50980401
43.56451416	2.52941179
43.56861115	2.56862736
43.57275772	2.58823538
43.57275772	2.58823538
43.57686234	2.60784316
43.58101273	2.60784316
43.58498764	2.62745094
43.58498764	2.62745094
43.58914185	2.62745094
43.59324646	2.62745094
43.59740448	2.62745094
43.59740448	2.62745094
43.60138702	2.60784316
43.60556412	2.60784316
43.60970306	2.60784316
43.61382294	2.60784316
43.61783600	2.60784316
43.61783600	2.60784316
43.62208176	2.58823538
43.62606049	2.58823538
43.63020706	2.58823538
43.63020706	2.58823538
43.63412094	2.58823538
43.63824463	2.56862736
43.64238739	2.56862736
43.64238739	2.56862736
43.64649200	2.56862736
43.65062332	2.56862736
43.65462875	2.54901958
43.65874100	2.54901958
43.66287613	2.54901958
43.66287613	2.54901958
43.66703796	2.54901958
43.67102051	2.54901958
43.67514038	2.54901958
43.67514038	2.54901958
43.67930222	2.54901958
43.68344498	2.52941179
43.68757629	2.52941179
43.68757629	2.52941179
43.69157410	2.52941179
43.69565964	2.52941179
43.69565964	2.52941179
43.69973373	2.52941179
43.70389557	2.52941179
43.70798111	2.52941179
43.70798111	2.52941179
43.71201324	2.52941179
43.71610641	2.52941179
43.72026062	2.52941179
43.72026062	2.52941179
43.72423553	2.52941179
43.72841263	2.52941179
43.73255920	2.52941179
43.73255920	2.52941179
43.73670197	2.52941179
43.74082184	2.52941179
43.74082184	2.50980401
43.74480438	2.50980401
43.74894333	2.50980401
43.75297165	2.50980401
43.75297165	2.50980401
43.75712585	2.50980401
43.76113892	2.50980401
43.76524353	2.50980401
43.76524353	2.50980401
43.76936340	2.50980401
43.77350235	2.50980401
43.77763748	2.50980401
43.78162003	2.50980401
43.78573990	2.50980401
43.78573990	2.50980401
43.78991699	2.50980401
43.79407883	2.50980401
43.79805374	2.50980401
43.79805374	2.50980401
43.80219650	2.50980401
43.80632782	2.50980401
43.81050491	2.50980401
43.81050491	2.50980401
43.81439590	2.50980401
43.81848526	2.45098042
43.82263565	2.11764717
43.82673264	2.17647052
43.83087921	2.27450991
43.83087921	2.35294127
43.83499146	2.41176462
43.83901978	2.45098042
43.84311676	2.49019599
43.84311676	2.50980401
43.84727859	2.50980401
43.85132599	2.52941179
43.85542297	2.52941179
43.85542297	2.50980401
43.85957336	2.49019599
43.86367798	2.49019599
43.86367798	2.47058821
43.86767578	2.47058821
43.87181473	2.45098042
43.87594986	2.45098042
43.87594986	2.43137264
43.88008118	2.41176462
43.88414383	2.41176462
43.88811493	2.39215684
43.88811493	2.39215684
43.89230347	2.39215684
43.89635849	2.39215684
43.90049362	2.41176462
43.90449142	2.41176462
43.90861130	2.41176462
43.90861130	2.41176462
43.91275024	2.41176462
43.91690063	2.41176462
43.92108154	2.41176462
43.92108154	2.41176462
43.92501068	2.43137264
43.92918396	2.43137264
43.93331146	2.45098042
43.93331146	2.45098042
43.93743896	2.47058821
43.94142151	2.47058821
43.94552612	2.49019599
43.94960403	2.49019599
43.95376587	2.49019599
43.95376587	2.49019599
43.95773315	2.49019599
43.96201706	2.49019599
43.96598053	2.47058821
43.96598053	2.47058821
43.97014236	2.47058821
43.97423172	2.47058821
43.97827530	2.47058821
43.97827530	2.49019599
43.98242950	2.49019599
43.98654938	2.49019599
43.98654938	2.49019599
43.99070358	2.49019599
43.99467850	2.49019599
43.99879837	2.49019599
43.99879837	2.50980401
44.00288391	2.50980401
44.00699615	2.50980401
44.01111984	2.50980401
44.01111984	2.50980401
44.01511765	2.50980401
44.01924515	2.50980401
44.02336502	2.50980401
44.02336502	2.50980401
44.02751160	2.50980401
44.03148270	2.50980401
44.03148270	2.49019599
44.03565216	2.49019599
44.03983307	2.50980401
44.04393387	2.50980401
44.04393387	2.50980401
44.04805756	2.49019599
44.05205536	2.49019599
44.05618286	2.49019599
44.05618286	2.49019599
44.06032944	2.49019599
44.06437302	2.49019599
44.06834030	2.49019599
44.07248306	2.49019599
44.07662201	2.49019599
44.07662201	2.49019599
44.08074188	2.49019599
44.08474731	2.49019599
44.08899307	2.49019599
44.08899307	2.49019599
44.09299850	2.49019599
44.09716034	2.49019599
44.10132980	2.49019599
44.10132980	2.50980401
44.10530853	2.50980401
44.10943985	2.50980401
44.11357498	2.39215684
44.11770630	1.74509799
44.12171173	0.84313726
44.12171173	0.84313726
44.12582397	0.84313726
44.12992859	0.84313726
44.13399124	0.92156863
44.13399124	1.23529410
44.13798904	1.56862748
44.14211655	1.96078432
44.14623642	2.25490189
44.14623642	2.49019599
44.15036774	2.64705873
44.15448761	2.76470590
44.15448761	2.84313726
44.15855026	2.90196085
44.16262054	2.94117641
44.16677475	2.98039222
44.16677475	3.00000000
44.17095184	3.00000000
44.17499924	3.01960778
44.17904663	3.01960778
44.17904663	3.01960778
44.18320084	3.00000000
44.18732834	3.00000000
44.19132614	2.98039222
44.19542313	2.96078420
44.19948578	2.96078420
44.19948578	2.96078420
44.20363235	2.94117641
44.20760345	2.94117641
44.21179962	2.92156863
44.21179962	2.92156863
44.21586227	2.90196085
44.22001648	2.90196085
44.22410202	2.88235283
44.22410202	2.88235283
44.22814941	2.88235283
44.23231888	2.86274505
44.23644638	2.82352948
44.24057770	2.82352948
44.24466324	2.80392146
44.24466324	2.78431368
44.24866867	2.74509811
44.25275040	2.72549009
44.25686264	2.68627453
44.25686264	2.66666675
44.26099014	2.62745094
44.26501465	2.60784316
44.26910019	2.60784316
44.26910019	2.58823538
44.27326202	2.56862736
44.27735138	2.56862736
44.27735138	2.56862736
44.28138733	2.54901958
44.28547668	2.54901958
44.28965378	2.54901958
44.28965378	2.54901958
44.29382324	2.52941179
44.29793549	2.52941179
44.30201721	2.52941179
44.30201721	2.52941179
44.30605698	2.52941179
44.31019974	2.52941179
44.31426239	2.52941179
44.31426239	2.52941179
44.31825256	2.52941179
44.32236481	2.54901958
44.32236481	2.54901958
44.32649231	2.54901958
44.33061600	2.54901958
44.33473587	2.54901958
44.33473587	2.54901958
44.33873367	2.54901958
44.34286880	2.54901958
44.34702301	2.54901958
44.34702301	2.54901958
44.35106277	2.54901958
44.35518265	2.54901958
44.35927200	2.54901958
44.36344910	2.54901958
44.36757660	2.54901958
44.36757660	2.54901958
44.37156677	2.54901958
44.37569427	2.54901958
44.37982559	2.54901958
44.37982559	2.54901958
44.38388824	2.52941179
44.38799286	2.52941179
44.39200592	2.52941179
44.39200592	2.52941179
44.39611053	2.52941179
44.40023804	2.54901958
44.40435791	2.54901958
44.40835571	2.54901958
44.41249466	2.54901958
44.41249466	2.54901958
44.41664886	2.54901958
44.42082596	2.54901958
44.42498016	2.54901958
44.42498016	2.54901958
44.42906570	2.54901958
44.43307114	2.54901958
44.43721008	2.54901958
44.43721008	2.54901958
44.44132233	2.54901958
44.44526291	2.54901958
44.44526291	2.54901958
44.44934845	2.54901958
44.45349503	2.54901958
44.45760727	2.54901958
44.45760727	2.54901958
44.46163940	2.54901958
44.46573257	2.54901958
44.46988678	2.52941179
44.46988678	2.52941179
44.47397614	2.52941179
44.47803116	2.52941179
44.48219299	2.52941179
44.48632813	2.52941179
44.49042511	2.52941179
44.49042511	2.52941179
44.49438858	2.50980401
44.49855042	2.50980401
44.50269699	2.50980401
44.50269699	2.47058821
44.50674438	2.45098042
44.51085663	2.43137264
44.51500702	2.39215684
44.51500702	2.37254906
44.51897430	2.37254906
44.52313614	2.37254906
44.52722931	2.37254906
44.53126144	2.37254906
44.53535080	2.37254906
44.53535080	2.39215684
44.53952026	2.39215684
44.54369736	2.39215684
44.54780197	2.41176462
44.54780197	2.41176462
44.55180740	2.41176462
44.55592728	2.41176462
44.56007385	2.43137264
44.56007385	2.43137264
44.56412888	2.43137264
44.56823349	2.43137264
44.56823349	2.43137264
44.57223892	2.43137264
44.57636642	2.43137264
44.58048630	2.45098042
44.58048630	2.45098042
44.58448410	2.45098042
44.58861542	2.45098042
44.59275055	2.45098042
44.59275055	2.43137264
44.59689713	2.43137264
44.60107422	2.43137264
44.60519409	2.43137264
44.60519409	2.43137264
44.60916901	2.41176462
44.61331177	2.41176462
44.61331177	2.41176462
44.61745071	2.41176462
44.62144852	2.41176462
44.62553406	2.39215684
44.62553406	2.39215684
44.62967300	2.37254906
44.63385010	2.37254906
44.63797760	2.35294127
44.63797760	2.35294127
44.64208221	2.35294127
44.64605713	2.37254906
44.65018463	2.39215684
44.65431213	2.39215684
44.65845108	2.41176462
44.65845108	2.41176462
44.66246414	2.43137264
44.66649628	2.43137264
44.67068100	2.45098042
44.67068100	2.45098042
44.67462921	2.45098042
44.67876816	2.45098042
44.68305969	2.45098042
44.68305969	2.45098042
44.68700027	2.45098042
44.69112778	2.47058821
44.69513321	2.47058821
44.69922256	2.47058821
44.70337677	2.49019599
44.70337677	2.50980401
44.70746994	2.50980401
44.71151733	2.50980401
44.71560669	2.52941179
44.71560669	2.52941179
44.71976089	2.52941179
44.72384644	2.52941179
44.72802353	2.52941179
44.72802353	2.52941179
44.73205566	2.52941179
44.73618317	2.52941179
44.73618317	2.52941179
44.74032211	2.52941179
44.74441910	2.52941179
44.74843216	2.52941179
44.74843216	2.52941179
44.75257492	2.54901958
44.75664139	2.54901958
44.76071930	2.54901958
44.76071930	2.54901958
44.76475143	2.54901958
44.76897049	2.54901958
44.77300644	2.54901958
44.77710342	2.52941179
44.78125763	2.52941179
44.78125763	2.52941179
44.78522110	2.52941179
44.78939056	2.52941179
44.79356766	2.52941179
44.79356766	2.52941179
44.79769135	2.50980401
44.80167770	2.50980401
44.80578232	2.50980401
44.80578232	2.49019599
44.80992126	2.47058821
44.81400681	2.45098042
44.81814575	1.98039210
44.82210159	1.82352936
44.82624054	1.90196073
44.82624054	2.05882359
44.83036041	2.17647052
44.83448029	2.25490189
44.83848572	2.33333325
44.83848572	2.39215684
44.84266281	2.45098042
44.84678268	2.49019599
44.85093689	2.50980401
44.85093689	2.52941179
44.85506821	2.54901958
44.85900879	2.56862736
44.85900879	2.56862736
44.86319351	2.58823538
44.86732101	2.58823538
44.87144089	2.58823538
44.87144089	2.58823538
44.87537384	2.58823538
44.87948608	2.58823538
44.88361740	2.58823538
44.88361740	2.58823538
44.88772964	2.58823538
44.89174271	2.58823538
44.89598465	2.58823538
44.89598465	2.58823538
44.89998245	2.58823538
44.90410233	2.56862736
44.90410233	2.56862736
44.90814972	2.56862736
44.91228867	2.56862736
44.91643143	2.56862736
44.91643143	2.56862736
44.92056274	2.56862736
44.92469025	2.56862736
44.92868805	2.56862736
44.92868805	2.56862736
44.93284988	2.56862736
44.93694687	2.58823538
44.94106674	2.58823538
44.94498062	2.58823538
44.94910431	2.58823538
44.94910431	2.58823538
44.95323181	2.58823538
44.95735168	2.58823538
44.96147919	2.58823538
44.96147919	2.56862736
44.96547699	2.56862736
44.96960831	2.56862736
44.97372818	2.56862736
44.97372818	2.56862736
44.97790527	2.56862736
44.98206711	2.56862736
44.98605728	2.56862736
44.99019241	2.54901958
44.99434662	2.54901958
44.99434662	2.54901958
44.99828720	2.54901958
45.00240707	2.54901958
45.00651932	2.54901958
45.00651932	2.52941179
45.01060867	2.52941179
45.01473618	2.52941179
45.01872635	2.52941179
45.01872635	2.52941179
45.02302551	2.52941179
45.02698517	2.52941179
45.02698517	2.52941179
45.03111267	2.52941179
45.03510284	2.52941179
45.03927994	2.52941179
45.03927994	2.52941179
45.04341888	2.52941179
45.04756927	2.52941179
45.05168915	2.52941179
45.05168915	2.52941179
45.05565643	2.52941179
45.05981827	2.52941179
45.06388092	2.52941179
45.06798553	2.52941179
45.07196808	2.52941179
45.07196808	2.52941179
45.07612610	2.52941179
45.08021545	2.52941179
45.08437729	2.52941179
45.08437729	2.52941179
45.08834076	2.52941179
45.09252167	2.52941179
45.09659195	2.52941179
45.09659195	2.52941179
45.10076904	2.52941179
45.10493851	2.52941179
45.10899353	2.52941179
45.11304092	2.52941179
45.11716843	2.52941179
45.11716843	2.50980401
45.12131500	2.50980401
45.12528610	2.50980401
45.12936020	2.50980401
45.12936020	2.50980401
45.13348007	2.50980401
45.13759995	2.50980401
45.14173889	2.50980401
45.14173889	2.50980401
45.14573669	2.50980401
45.14997864	2.50980401
45.14997864	2.50980401
45.15396881	2.50980401
45.15816116	2.50980401
45.16217804	2.50980401
45.16217804	2.50980401
45.16631317	2.50980401
45.17041779	2.50980401
45.17456436	2.50980401
45.17456436	2.50980401
45.17855072	2.50980401
45.18266296	2.50980401
45.18680954	2.50980401
45.18680954	2.50980401
45.19093704	2.50980401
45.19501114	2.50980401
45.19501114	2.50980401
45.19898224	2.50980401
45.20312119	2.49019599
45.20723343	2.49019599
45.20723343	2.49019599
45.21135330	2.49019599
45.21535110	2.49019599
45.21947861	2.49019599
45.21947861	2.49019599
45.22359848	2.49019599
45.22777939	2.49019599
45.23194122	2.49019599
45.23606873	2.49019599
45.24003983	2.49019599
45.24003983	2.49019599
45.24418640	2.49019599
45.24831390	2.49019599
45.25229645	2.49019599
45.25229645	2.49019599
45.25636673	2.49019599
45.26049042	2.49019599
45.26461029	2.49019599
45.26461029	2.49019599
45.26860046	2.49019599
45.27272797	2.49019599
45.27687454	2.49019599
45.28098679	2.49019599
45.28509903	2.49019599
45.28509903	2.49019599
45.28913498	2.49019599
45.29328918	2.49019599
45.29741669	2.49019599
45.29741669	2.49019599
45.30156326	2.47058821
45.30553818	2.47058821
45.30966568	2.45098042
45.30966568	2.45098042
45.31377792	2.43137264
45.31783295	2.43137264
45.31783295	2.43137264
45.32192230	2.43137264
45.32606506	2.43137264
45.33017731	2.43137264
45.33017731	2.43137264
45.33424759	2.43137264
45.33835220	2.43137264
45.34244919	2.43137264
45.34244919	2.45098042
45.34659576	2.45098042
45.35068130	2.45098042
45.35467911	2.45098042
45.35871887	2.45098042
45.36298752	2.45098042
45.36298752	2.45098042
45.36700058	2.43137264
45.37118530	2.41176462
45.37523270	2.41176462
45.37523270	2.39215684
45.37921524	2.39215684
45.38329315	2.39215684
45.38750458	2.39215684
45.38750458	2.39215684
45.39158630	2.41176462
45.39563370	2.41176462
45.39972687	2.43137264
45.40388870	2.43137264
45.40798569	2.43137264
45.40798569	2.43137264
45.41202545	2.45098042
45.41617584	2.45098042
45.42032242	2.45098042
45.42032242	2.45098042
45.42443466	2.45098042
45.42841721	2.45098042
45.43253708	2.47058821
45.43253708	2.47058821
45.43666458	2.47058821
45.44081879	2.47058821
45.44081879	2.47058821
45.44488144	2.47058821
45.44900131	2.47058821
45.45296860	2.47058821
45.45296860	2.47058821
45.45713043	2.47058821
45.46122360	2.47058821
45.46538544	2.47058821
45.46538544	2.47058821
45.46935272	2.47058821
45.47352219	2.47058821
45.47760773	2.47058821
45.47760773	2.47058821
45.48163986	2.47058821
45.48578644	2.47058821
45.48578644	2.47058821
45.48992157	2.47058821
45.49404907	2.45098042
45.49819565	2.29411769
45.49819565	2.05882359
45.50215149	2.05882359
45.50624847	2.17647052
45.51036835	2.25490189
45.51036835	2.33333325
45.51448059	2.39215684
45.51847076	2.43137264
45.52259827	2.47058821
45.52672958	2.49019599
45.53084946	2.50980401
45.53084946	2.50980401
45.53496933	2.50980401
45.53902435	2.52941179
45.54317856	2.52941179
45.54317856	2.52941179
45.54728317	2.52941179
45.55143738	2.52941179
45.55555725	2.52941179
45.55555725	2.52941179
45.55955505	2.52941179
45.56366730	2.52941179
45.56775284	2.52941179
45.57172012	2.52941179
45.57599640	2.52941179
45.57599640	2.52941179
45.57996750	2.54901958
45.58416367	2.54901958
45.58821869	2.54901958
45.58821869	2.54901958
45.59227371	2.52941179
45.59637070	2.52941179
45.60050583	2.52941179
45.60050583	2.50980401
45.60468292	2.50980401
45.60874557	2.49019599
45.60874557	2.49019599
45.61278534	2.49019599
45.61692429	2.47058821
45.62101746	2.47058821
45.62101746	2.47058821
45.62496567	2.47058821
45.62911987	2.47058821
45.63322449	2.45098042
45.63322449	2.43137264
45.63735199	2.43137264
45.64147568	2.43137264
45.64548111	2.41176462
45.64960098	2.41176462
45.65372086	2.41176462
45.65372086	2.41176462
45.65788269	2.43137264
45.66200256	2.43137264
45.66604996	2.43137264
45.66604996	2.43137264
45.67017746	2.43137264
45.67425156	2.43137264
45.67842865	2.43137264
45.67842865	2.43137264
45.68241119	2.43137264
45.68656158	2.45098042
45.69066620	2.45098042
45.69474030	2.45098042
45.69886780	2.45098042
45.69886780	2.45098042
45.70296478	2.45098042
45.70699310	2.45098042
45.71109009	2.45098042
45.71109009	2.47058821
45.71511841	2.47058821
45.71921539	2.47058821
45.72336197	2.47058821
45.72336197	2.47058821
45.72750473	2.49019599
45.73167801	2.49019599
45.73167801	2.49019599
45.73559952	2.49019599
45.73980331	2.49019599
45.74393845	2.49019599
45.74393845	2.49019599
45.74803543	2.49019599
45.75204086	2.49019599
45.75612259	2.49019599
45.75612259	2.49019599
45.76024246	2.49019599
45.76432800	2.49019599
45.76847458	2.50980401
45.76847458	2.50980401
45.77247238	2.50980401
45.77659988	2.50980401
45.77659988	2.50980401
45.78071976	2.50980401
45.78484344	2.50980401
45.78900528	2.50980401
45.78900528	2.50980401
45.79302597	2.50980401
45.79716110	2.50980401
45.80130768	2.50980401
45.80130768	2.50980401
45.80529785	2.50980401
45.80940247	2.50980401
45.81353760	2.50980401
45.81761932	2.50980401
45.82171631	2.50980401
45.82171631	2.50980401
45.82575226	2.50980401
45.82984161	2.50980401
45.83399582	2.50980401
45.83399582	2.50980401
45.83808899	2.50980401
45.84210587	2.50980401
45.84623337	2.50980401
45.84623337	2.50980401
45.85039520	2.50980401
45.85454941	2.50980401
45.85861969	2.50980401
45.86264801	2.50980401
45.86680222	2.50980401
45.86680222	2.50980401
45.87094116	2.50980401
45.87500381	2.50980401
45.87900162	2.50980401
45.87900162	2.50980401
45.88308716	2.50980401
45.88724899	2.50980401
45.89133835	2.50980401
45.89133835	2.50980401
45.89537811	2.50980401
45.89946365	2.50980401
45.89946365	2.49019599
45.90361786	2.49019599
45.90771484	2.49019599
45.91194153	2.49019599
45.91194153	2.49019599
45.91605377	2.49019599
45.92005920	2.49019599
45.92417908	2.49019599
45.92417908	2.49019599
45.92829895	2.49019599
45.93229675	2.49019599
45.93640137	2.50980401
45.94054031	2.50980401
45.94471741	2.50980401
45.94471741	2.50980401
45.94863129	2.50980401
45.95271301	2.50980401
45.95699692	2.50980401
45.95699692	2.50980401
45.96096039	2.50980401
45.96512222	2.50980401
45.96908951	2.50980401
45.96908951	2.50980401
45.97323227	2.50980401
45.97736359	2.50980401
45.98151398	2.50980401
45.98554611	2.50980401
45.98967361	2.50980401
45.98967361	2.50980401
45.99378586	2.50980401
45.99792480	2.50980401
46.00205994	2.50980401
46.00205994	2.50980401
46.00598526	2.50980401
46.01011276	2.50980401
46.01422501	2.50980401
46.01422501	2.49019599
46.01834869	2.49019599
46.02246857	2.49019599
46.02246857	2.49019599
46.02647400	2.49019599
46.03059387	2.49019599
46.03472137	2.49019599
46.03472137	2.49019599
46.03876114	2.49019599
46.04305267	2.49019599
46.04703522	2.49019599
46.04703522	2.49019599
46.05115509	2.49019599
46.05530930	2.49019599
46.05929184	2.49019599
46.05929184	2.49019599
46.06342697	2.49019599
46.06748199	2.49019599
46.06748199	2.49019599
46.07159424	2.49019599
46.07559967	2.49019599
46.07971191	2.49019599
46.07971191	2.49019599
46.08384323	2.49019599
46.08796310	2.49019599
46.09210968	2.49019599
46.09210968	2.47058821
46.09609604	2.47058821
46.10025024	2.47058821
46.10443497	2.45098042
46.10848999	2.45098042
46.11254501	2.45098042
46.11254501	2.45098042
46.11666107	2.45098042
46.12080383	2.45098042
46.12509537	2.45098042
46.12509537	2.45098042
46.12901306	2.45098042
46.13296127	2.45098042
46.13711548	2.45098042
46.13711548	2.45098042
46.14121246	2.45098042
46.14537048	2.45098042
46.14933777	2.45098042
46.15349197	2.45098042
46.15758514	2.45098042
46.15758514	2.45098042
46.16182327	2.45098042
46.16578674	2.45098042
46.17005539	2.45098042
46.17005539	2.45098042
46.17405319	2.45098042
46.17815781	2.45098042
46.18230057	2.45098042
46.18230057	2.45098042
46.18624115	2.45098042
46.19036102	2.45098042
46.19036102	2.45098042
46.19450760	2.47058821
46.19859695	2.47058821
46.20272446	2.45098042
46.20272446	2.45098042
46.20674515	2.45098042
46.21088409	2.45098042
46.21498871	2.45098042
46.21498871	2.45098042
46.21895981	2.45098042
46.22312164	2.45098042
46.22728348	2.45098042
46.23143005	2.43137264
46.23552322	2.27450991
46.23552322	1.98039210
46.23952103	1.70588231
46.24365997	1.72549021
46.24779510	1.94117641
46.24779510	2.07843137
46.25193405	2.19607854
46.25608063	2.29411769
46.26005173	2.35294127
46.26005173	2.41176462
46.26417160	2.45098042
46.26829147	2.47058821
46.27228928	2.50980401
46.27647018	2.52941179
46.28059006	2.52941179
46.28059006	2.52941179
46.28467560	2.54901958
46.28872299	2.54901958
46.29274750	2.54901958
46.29274750	2.54901958
46.29696655	2.54901958
46.30099487	2.54901958
46.30509186	2.54901958
46.30509186	2.54901958
46.30907440	2.54901958
46.31326675	2.54901958
46.31326675	2.54901958
46.31737137	2.54901958
46.32147598	2.54901958
46.32562256	2.54901958
46.32562256	2.54901958
46.32959366	2.54901958
46.33371353	2.54901958
46.33786011	2.54901958
46.33786011	2.54901958
46.34196472	2.54901958
46.34598541	2.54901958
46.35008240	2.54901958
46.35008240	2.54901958
46.35425186	2.54901958
46.35837173	2.54901958
46.35837173	2.54901958
46.36239624	2.54901958
46.36653900	2.54901958
46.37065887	2.54901958
46.37065887	2.54901958
46.37479782	2.54901958
46.37888336	2.54901958
46.38295746	2.54901958
46.38295746	2.54901958
46.38697815	2.54901958
46.39108276	2.54901958
46.39525986	2.54901958
46.39920807	2.54901958
46.40336227	2.52941179
46.40336227	2.52941179
46.40745926	2.52941179
46.41162872	2.52941179
46.41579819	2.52941179
46.41579819	2.52941179
46.41978073	2.52941179
46.42392349	2.52941179
46.42798615	2.52941179
46.42798615	2.52941179
46.43217468	2.52941179
46.43611526	2.52941179
46.44021988	2.52941179
46.44437027	2.52941179
46.44846725	2.50980401
46.44846725	2.50980401
46.45246506	2.50980401
46.45659256	2.49019599
46.46073151	2.49019599
46.46073151	2.47058821
46.46483612	2.47058821
46.46900558	2.47058821
46.47303391	2.45098042
46.47303391	2.45098042
46.47715759	2.45098042
46.48127747	2.45098042
46.48127747	2.45098042
46.48544693	2.43137264
46.48940277	2.43137264
46.49351501	2.43137264
46.49351501	2.43137264
46.49766922	2.43137264
46.50179672	2.45098042
46.50585175	2.45098042
46.50585175	2.45098042
46.50998306	2.45098042
46.51395416	2.47058821
46.51810074	2.47058821
46.52222061	2.47058821
46.52624130	2.49019599
46.52624130	2.49019599
46.53033829	2.49019599
46.53447723	2.49019599
46.53858948	2.49019599
46.53858948	2.49019599
46.54264450	2.50980401
46.54677963	2.50980401
46.55090714	2.50980401
46.55090714	2.50980401
46.55505371	2.50980401
46.55917358	2.50980401
46.56314850	2.50980401
46.56723404	2.50980401
46.57134628	2.50980401
46.57134628	2.50980401
46.57547760	2.50980401
46.57945633	2.50980401
46.58358765	2.50980401
46.58358765	2.50980401
46.58771515	2.50980401
46.59187698	2.50980401
46.59596634	2.50980401
46.59596634	2.50980401
46.59999466	2.50980401
46.60414886	2.50980401
46.60414886	2.50980401
46.60839081	2.50980401
46.61242294	2.50980401
46.61641312	2.50980401
46.61641312	2.50980401
46.62050629	2.50980401
46.62467957	2.49019599
46.62874222	2.49019599
46.62874222	2.50980401
46.63270569	2.50980401
46.63698959	2.50980401
46.64095688	2.50980401
46.64095688	2.50980401
46.64510727	2.49019599
46.64921188	2.49019599
46.64921188	2.49019599
46.65324402	2.49019599
46.65732956	2.47058821
46.66149902	2.47058821
46.66149902	2.45098042
46.66564560	2.45098042
46.66965103	2.43137264
46.67377090	2.43137264
46.67377090	2.43137264
46.67790985	2.43137264
46.68204498	2.43137264
46.68611145	2.43137264
46.69009018	2.43137264
46.69421005	2.43137264
46.69421005	2.43137264
46.69836426	2.43137264
46.70245361	2.43137264
46.70648193	2.43137264
46.70648193	2.43137264
46.71057892	2.43137264
46.71473312	2.43137264
46.71883011	2.43137264
46.71883011	2.45098042
46.72300720	2.45098042
46.72702026	2.45098042
46.73114014	2.45098042
46.73530197	2.45098042
46.73943329	2.45098042
46.73943329	2.45098042
46.74341202	2.45098042
46.74753189	2.45098042
46.75164413	2.45098042
46.75164413	2.45098042
46.75567627	2.45098042
46.75974655	2.45098042
46.76395035	2.45098042
46.76395035	2.45098042
46.76797867	2.45098042
46.77207565	2.45098042
46.77207565	2.47058821
46.77610779	2.47058821
46.78020477	2.47058821
46.78435516	2.47058821
46.78435516	2.47058821
46.78845215	2.47058821
46.79250717	2.47058821
46.79666138	2.47058821
46.79666138	2.49019599
46.80079651	2.49019599
46.80492783	2.49019599
46.80902100	2.49019599
46.81301117	2.47058821
46.81710815	2.47058821
46.81710815	2.47058821
46.82121277	2.47058821
46.82534027	2.47058821
46.82946014	2.47058821
46.82946014	2.47058821
46.83345795	2.47058821
46.83758926	2.47058821
46.84172440	2.47058821
46.84172440	2.47058821
46.84572220	2.47058821
46.84999847	2.47058821
46.85405350	2.47058821
46.85817337	2.47058821
46.86229324	2.47058821
46.86229324	2.47058821
46.86623383	2.47058821
46.87040329	2.47058821
46.87452698	2.47058821
46.87452698	2.47058821
46.87860489	2.47058821
46.88254547	2.47058821
46.88670731	2.47058821
46.88670731	2.47058821
46.89083481	2.49019599
46.89496613	2.49019599
46.89496613	2.49019599
46.89908600	2.49019599
46.90308380	2.49019599
46.90720367	2.49019599
46.90720367	2.49019599
46.91138077	2.49019599
46.91555023	2.49019599
46.91954803	2.49019599
46.91954803	2.49019599
46.92366791	2.49019599
46.92783737	2.49019599
46.93191910	2.49019599
46.93191910	2.49019599
46.93605423	2.49019599
46.93999481	2.49019599
46.93999481	2.49019599
46.94408417	2.49019599
46.94823837	2.49019599
46.95232391	2.49019599
46.95232391	2.49019599
46.95640564	2.49019599
46.96046066	2.49019599
46.96461487	2.47058821
46.96461487	2.47058821
46.96870041	2.47058821
46.97274780	2.47058821
46.97703171	2.49019599
46.98103714	2.49019599
46.98517609	2.49019599
46.98517609	2.49019599
46.98929596	2.49019599
46.99326706	2.49019599
46.99741364	2.49019599
46.99741364	2.49019599
47.00155258	2.49019599
47.00567245	2.49019599
47.00982666	2.49019599
47.00982666	2.50980401
47.01379776	2.50980401
47.01791763	2.50980401
47.02202988	2.50980401
47.02604675	2.50980401
47.03020477	2.50980401
47.03020477	2.50980401
47.03429413	2.50980401
47.03833389	2.50980401
47.04251862	2.50980401
47.04251862	2.50980401
47.04643631	2.50980401
47.05063629	2.50980401
47.05471802	2.50980401
47.05471802	2.50980401
47.05881119	2.50980401
47.06297302	2.50980401
47.06297302	2.49019599
47.06698990	2.49019599
47.07110977	2.49019599
47.07517242	2.49019599
47.07517242	2.49019599
47.07923508	2.49019599
47.08333969	2.49019599
47.08746719	2.49019599
47.08746719	2.49019599
47.09164810	2.49019599
47.09571838	2.49019599
47.09970093	2.49019599
47.10399246	2.49019599
47.10804749	2.49019599
47.10804749	2.49019599
47.11216736	2.49019599
47.11615753	2.49019599
47.12026978	2.49019599
47.12026978	2.49019599
47.12439728	2.49019599
47.12845993	2.49019599
47.13258362	2.49019599
47.13258362	2.49019599
47.13658142	2.49019599
47.14070129	2.49019599
47.14483643	2.49019599
47.14895630	2.49019599
47.15307999	2.49019599
47.15307999	2.49019599
47.15708542	2.49019599
47.16126251	2.49019599
47.16541672	2.49019599
47.16541672	2.49019599
47.16939545	2.49019599
47.17351913	2.49019599
47.17771149	2.49019599
47.17771149	2.49019599
47.18178940	2.49019599
47.18591309	2.49019599
47.18591309	2.47058821
47.18996811	2.47058821
47.19391632	2.47058821
47.19808578	2.47058821
47.19808578	2.47058821
47.20219803	2.47058821
47.20623779	2.45098042
47.21032333	2.45098042
47.21032333	2.45098042
47.21442032	2.45098042
47.21858215	2.45098042
47.22274399	2.45098042
47.22274399	2.45098042
47.22673416	2.45098042
47.23104095	2.45098042
47.23104095	2.45098042
47.23503876	2.45098042
47.23916626	2.45098042
47.24315643	2.47058821
47.24315643	2.47058821
47.24729538	2.47058821
47.25139999	2.47058821
47.25554276	2.47058821
47.25554276	2.47058821
47.25946045	2.47058821
47.26358032	2.47058821
47.26770782	2.47058821
47.27182770	2.47058821
47.27598953	2.47058821
47.27598953	2.47058821
47.27995682	2.47058821
47.28407669	2.47058821
47.28820419	2.47058821
47.28820419	2.47058821
47.29232407	2.47058821
47.29639053	2.47058821
47.30051804	2.47058821
47.30051804	2.47058821
47.30464554	2.47058821
47.30872726	2.47058821
47.31291199	2.47058821
47.31699371	2.47058821
47.32099152	2.47058821
47.32099152	2.47058821
47.32504654	2.47058821
47.32922363	2.47058821
47.33319473	2.47058821
47.33319473	2.47058821
47.33734894	2.47058821
47.34144592	2.47058821
47.34560013	2.47058821
47.34560013	2.47058821
47.34957123	2.47058821
47.35374069	2.49019599
47.35374069	2.49019599
47.35791016	2.49019599
47.36202240	2.49019599
47.36614227	2.49019599
47.36614227	2.49019599
47.37011719	2.47058821
47.37430191	2.47058821
47.37835693	2.45098042
47.37835693	2.41176462
47.38246155	2.39215684
47.38645172	2.37254906
47.39057922	2.31372547
47.39471817	2.29411769
47.39883041	2.29411769
47.39883041	2.29411769
47.40295792	2.29411769
47.40694809	2.29411769
47.41112518	2.29411769
47.41112518	2.27450991
47.41529465	2.23529410
47.41928482	2.15686274
47.42341614	2.09803915
47.42341614	2.05882359
47.42753601	2.00000000
47.43166351	1.92156863
47.43579102	1.92156863
47.43973160	1.96078432
47.44396973	2.01960778
47.44396973	2.03921580
47.44795609	2.07843137
47.45207977	2.09803915
47.45620728	2.11764717
47.45620728	2.15686274
47.46022034	2.15686274
47.46433258	2.17647052
47.46845245	2.19607854
47.46845245	2.19607854
47.47261429	2.21568632
47.47679520	2.21568632
47.47679520	2.23529410
47.48077393	2.23529410
47.48492050	2.23529410
47.48904037	2.23529410
47.48904037	2.23529410
47.49301529	2.23529410
47.49715805	2.23529410
47.50127029	2.25490189
47.50127029	2.25490189
47.50541687	2.27450991
47.50933075	2.27450991
47.51345444	2.27450991
47.51345444	2.27450991
47.51757431	2.27450991
47.52170181	2.23529410
47.52170181	2.21568632
47.52582932	2.21568632
47.52995300	2.21568632
47.53395081	2.21568632
47.53395081	2.23529410
47.53807068	2.25490189
47.54217529	2.29411769
47.54635239	2.31372547
47.54635239	2.33333325
47.55038071	2.33333325
47.55452728	2.33333325
47.55859756	2.35294127
47.56278610	2.37254906
47.56678391	2.37254906
47.56678391	2.39215684
47.57097626	2.41176462
47.57497406	2.41176462
47.57909393	2.43137264
47.57909393	2.43137264
47.58306885	2.45098042
47.58722305	2.45098042
47.59131622	2.47058821
47.59131622	2.47058821
47.59547043	2.47058821
47.59956741	2.47058821
47.60361481	2.49019599
47.60774994	2.49019599
47.61191177	2.49019599
47.61191177	2.49019599
47.61603928	2.49019599
47.62000656	2.49019599
47.62414169	2.49019599
47.62414169	2.49019599
47.62823105	2.49019599
47.63236618	2.49019599
47.63644028	2.49019599
47.63644028	2.49019599
47.64047623	2.49019599
47.64456558	2.49019599
47.64456558	2.49019599
47.64872742	2.49019599
47.65281296	2.49019599
47.65696716	2.49019599
47.65696716	2.49019599
47.66094971	2.50980401
47.66512680	2.50980401
47.66928864	2.50980401
47.66928864	2.47058821
47.67327881	2.15686274
47.67738342	1.74509799
47.68151855	1.25490201
47.68565750	1.43137252
47.68970490	1.76470590
47.68970490	2.00000000
47.69371796	2.19607854
47.69783020	2.33333325
47.70195007	2.43137264
47.70195007	2.50980401
47.70607758	2.58823538
47.71008682	2.62745094
47.71420670	2.66666675
47.71420670	2.70588231
47.71832657	2.72549009
47.72248840	2.74509811
47.72650909	2.74509811
47.73064041	2.72549009
47.73477554	2.68627453
47.73477554	2.64705873
47.73891449	2.60784316
47.74304199	2.58823538
47.74702454	2.54901958
47.74702454	2.52941179
47.75114441	2.49019599
47.75519943	2.49019599
47.75933456	2.49019599
47.75933456	2.50980401
47.76332474	2.50980401
47.76745224	2.50980401
47.76745224	2.50980401
47.77157593	2.50980401
47.77576065	2.50980401
47.77982330	2.50980401
47.77982330	2.52941179
47.78400040	2.52941179
47.78797531	2.52941179
47.79209518	2.54901958
47.79209518	2.54901958
47.79627991	2.54901958
47.80025482	2.54901958
47.80440140	2.54901958
47.80440140	2.54901958
47.80847168	2.54901958
47.81265640	2.54901958
47.81265640	2.54901958
47.81665421	2.54901958
47.82079315	2.54901958
47.82514954	2.54901958
47.82514954	2.54901958
47.82904816	2.54901958
47.83315277	2.54901958
47.83715820	2.54901958
47.83715820	2.54901958
47.84128952	2.54901958
47.84541702	2.54901958
47.84944916	2.54901958
47.85345459	2.54901958
47.85758209	2.54901958
47.85758209	2.54901958
47.86171722	2.54901958
47.86582184	2.56862736
47.86998367	2.54901958
47.86998367	2.54901958
47.87400818	2.54901958
47.87817764	2.54901958
47.88222504	2.54901958
47.88222504	2.54901958
47.88618851	2.54901958
47.89034271	2.54901958
47.89445496	2.54901958
47.89859772	2.52941179
47.90268707	2.49019599
47.90268707	2.49019599
47.90671921	2.47058821
47.91095352	2.47058821
47.91498184	2.43137264
47.91498184	2.41176462
47.91916275	2.43137264
47.92329025	2.43137264
47.92726135	2.45098042
47.92726135	2.45098042
47.93138504	2.45098042
47.93552017	2.47058821
47.93552017	2.47058821
47.93960190	2.47058821
47.94358826	2.47058821
47.94770050	2.47058821
47.94770050	2.49019599
47.95182419	2.49019599
47.95595169	2.49019599
47.96007919	2.49019599
47.96007919	2.49019599
47.96407700	2.49019599
47.96822357	2.49019599
47.97235870	2.49019599
47.97637558	2.49019599
47.98051834	2.49019599
47.98051834	2.49019599
47.98463821	2.50980401
47.98878479	2.50980401
47.99290466	2.50980401
47.99290466	2.50980401
47.99703598	2.50980401
48.00096512	2.50980401
48.00506973	2.50980401
48.00506973	2.50980401
48.00920105	2.50980401
48.01332092	2.50980401
48.01731873	2.52941179
48.02144623	2.54901958
48.02559280	2.54901958
48.02559280	2.56862736
48.02970505	2.58823538
48.03373337	2.56862736
48.03803635	2.54901958
48.03803635	2.52941179
48.04197693	2.50980401
48.04615402	2.49019599
48.05028915	2.47058821
48.05028915	2.49019599
48.05427933	2.49019599
48.05846786	2.50980401
48.05846786	2.50980401
48.06253052	2.50980401
48.06652069	2.50980401
48.07059860	2.50980401
48.07059860	2.50980401
48.07470322	2.50980401
48.07882309	2.52941179
48.08294296	2.52941179
48.08294296	2.52941179
48.08694839	2.52941179
48.09107208	2.52941179
48.09521484	2.50980401
48.09521484	2.52941179
48.09931946	2.52941179
48.10348129	2.52941179
48.10348129	2.52941179
48.10750198	2.52941179
48.11164093	2.52941179
48.11576080	2.52941179
48.11576080	2.52941179
48.11985779	2.52941179
48.12401199	2.50980401
48.12799835	2.50980401
48.12799835	2.50980401
48.13209534	2.49019599
48.13618469	2.49019599
48.14020538	2.47058821
48.14431763	2.47058821
48.14847183	2.47058821
48.14847183	2.47058821
48.15256882	2.49019599
48.15658951	2.49019599
48.16069412	2.49019599
48.16069412	2.49019599
48.16485596	2.49019599
48.16903305	2.49019599
48.17316437	2.49019599
48.17316437	2.49019599
48.17712784	2.49019599
48.18124771	2.49019599
48.18539429	2.49019599
48.18947220	2.49019599
48.19361115	2.49019599
48.19361115	2.49019599
48.19755936	2.49019599
48.20172119	2.49019599
48.20580673	2.49019599
48.20580673	2.49019599
48.20997620	2.49019599
48.21394348	2.49019599
48.21809387	2.49019599
48.21809387	2.49019599
48.22218323	2.49019599
48.22636032	2.49019599
48.22636032	2.50980401
48.23036575	2.50980401
48.23451996	2.50980401
48.23863983	2.50980401
48.23863983	2.50980401
48.24282074	2.50980401
48.24682617	2.52941179
48.25106812	2.52941179
48.25106812	2.52941179
48.25505066	2.52941179
48.25909805	2.52941179
48.26326752	2.52941179
48.26728058	2.52941179
48.27144241	2.52941179
48.27144241	2.52941179
48.27555466	2.52941179
48.27959442	2.52941179
48.28377151	2.52941179
48.28377151	2.52941179
48.28777695	2.52941179
48.29195404	2.52941179
48.29600906	2.52941179
48.29600906	2.52941179
48.29993439	2.52941179
48.30407715	2.52941179
48.30818176	2.52941179
48.31234360	2.52941179
48.31649780	2.50980401
48.31649780	2.50980401
48.32042313	2.50980401
48.32455826	2.50980401
48.32872772	2.50980401
48.32872772	2.50980401
48.33284760	2.50980401
48.33692169	2.50980401
48.34099197	2.50980401
48.34099197	2.50980401
48.34509659	2.50980401
48.34920883	2.50980401
48.34920883	2.49019599
48.35319901	2.29411769
48.35732651	1.90196073
48.36145401	1.62745094
48.36145401	1.64705884
48.36565018	1.88235295
48.36977768	2.05882359
48.37377548	2.19607854
48.37377548	2.31372547
48.37802887	2.39215684
48.38195038	2.45098042
48.38601685	2.49019599
48.38601685	2.50980401
48.39007950	2.54901958
48.39419174	2.56862736
48.39419174	2.56862736
48.39835358	2.56862736
48.40243912	2.58823538
48.40659332	2.58823538
48.40659332	2.58823538
48.41057587	2.58823538
48.41469574	2.58823538
48.41884232	2.58823538
48.41884232	2.58823538
48.42303467	2.58823538
48.42702484	2.58823538
48.43112946	2.58823538
48.43526459	2.58823538
48.43931961	2.58823538
48.43931961	2.58823538
48.44334412	2.58823538
48.44742966	2.56862736
48.45158386	2.56862736
48.45158386	2.56862736
48.45568848	2.56862736
48.45983505	2.56862736
48.46394730	2.56862736
48.46394730	2.56862736
48.46794510	2.56862736
48.47210312	2.54901958
48.47627640	2.54901958
48.48026276	2.52941179
48.48439407	2.52941179
48.48439407	2.50980401
48.48850632	2.49019599
48.49264908	2.49019599
48.49678040	2.47058821
48.49678040	2.47058821
48.50072098	2.47058821
48.50494766	2.47058821
48.50896072	2.47058821
48.50896072	2.45098042
48.51306534	2.45098042
48.51707077	2.45098042
48.51707077	2.45098042
48.52119064	2.45098042
48.52532196	2.45098042
48.52944946	2.45098042
48.52944946	2.45098042
48.53347778	2.45098042
48.53762436	2.45098042
48.54174423	2.45098042
48.54174423	2.45098042
48.54589844	2.45098042
48.55002594	2.45098042
48.55401611	2.47058821
48.55816269	2.49019599
48.56225967	2.50980401
48.56225967	2.50980401
48.56641006	2.52941179
48.57044220	2.52941179
48.57455444	2.52941179
48.57455444	2.49019599
48.57867432	2.49019599
48.58277130	2.47058821
48.58689117	2.47058821
48.58689117	2.47058821
48.59106064	2.47058821
48.59506607	2.47058821
48.59914780	2.47058821
48.60321045	2.47058821
48.60722351	2.47058821
48.60722351	2.47058821
48.61133575	2.47058821
48.61546326	2.47058821
48.61963654	2.49019599
48.61963654	2.49019599
48.62357330	2.49019599
48.62773514	2.49019599
48.63197327	2.49019599
48.63197327	2.49019599
48.63593674	2.49019599
48.64007187	2.43137264
48.64007187	2.29411769
48.64408112	2.21568632
48.64820099	2.21568632
48.65231323	2.17647052
48.65231323	2.05882359
48.65644836	1.90196073
48.66045380	2.01960778
48.66460037	1.96078432
48.66460037	2.01960778
48.66877747	2.15686274
48.67289734	2.27450991
48.67702866	2.35294127
48.67702866	2.41176462
48.68099213	2.47058821
48.68513870	2.50980401
48.68513870	2.52941179
48.68930054	2.54901958
48.69337082	2.56862736
48.69731140	2.56862736
48.69731140	2.58823538
48.70147324	2.58823538
48.70555878	2.58823538
48.70972061	2.58823538
48.70972061	2.58823538
48.71369553	2.60784316
48.71797180	2.60784316
48.72193527	2.60784316
48.72610474	2.60784316
48.73024368	2.58823538
48.73024368	2.58823538
48.73424911	2.58823538
48.73838425	2.58823538
48.74252319	2.56862736
48.74252319	2.56862736
48.74665070	2.54901958
48.75059891	2.54901958
48.75469589	2.54901958
48.75469589	2.54901958
48.75881577	2.52941179
48.76293564	2.52941179
48.76706696	2.52941179
48.77106476	2.52941179
48.77522659	2.50980401
48.77522659	2.50980401
48.77931976	2.50980401
48.78347397	2.50980401
48.78752136	2.52941179
48.78752136	2.52941179
48.79172516	2.52941179
48.79578018	2.52941179
48.79990005	2.50980401
48.79990005	2.50980401
48.80402756	2.50980401
48.80800247	2.50980401
48.80800247	2.50980401
48.81214523	2.50980401
48.81627655	2.49019599
48.82033920	2.49019599
48.82033920	2.47058821
48.82431030	2.47058821
48.82844162	2.47058821
48.83256912	2.47058821
48.83256912	2.47058821
48.83668900	2.45098042
48.84068680	2.43137264
48.84494781	2.43137264
48.84893799	2.43137264
48.85310745	2.43137264
48.85310745	2.43137264
48.85712814	2.43137264
48.86120224	2.43137264
48.86538696	2.43137264
48.86538696	2.43137264
48.86954117	2.43137264
48.87364578	2.43137264
48.87763214	2.43137264
48.87763214	2.43137264
48.88168716	2.45098042
48.88578415	2.45098042
48.88993835	2.45098042
48.89394379	2.45098042
48.89807129	2.45098042
48.89807129	2.45098042
48.90219498	2.45098042
48.90631485	2.45098042
48.91045761	2.45098042
48.91045761	2.45098042
48.91444016	2.45098042
48.91865158	2.47058821
48.92275620	2.47058821
48.92275620	2.47058821
48.92676926	2.49019599
48.93102264	2.50980401
48.93102264	2.54901958
48.93500900	2.56862736
48.93913269	2.58823538
48.94324493	2.58823538
48.94324493	2.58823538
48.94717407	2.58823538
48.95134354	2.58823538
48.95543289	2.56862736
48.95543289	2.56862736
48.95964432	2.56862736
48.96368408	2.56862736
48.96771240	2.54901958
48.96771240	2.54901958
48.97180939	2.54901958
48.97604370	2.54901958
48.97604370	2.54901958
48.98014832	2.54901958
48.98412323	2.54901958
48.98825073	2.54901958
48.98825073	2.54901958
48.99237823	2.54901958
48.99652481	2.52941179
49.00057983	2.52941179
49.00057983	2.52941179
49.00460052	2.52941179
49.00868225	2.52941179
49.01283264	2.11764717
49.01692963	1.43137252
49.02096176	0.84313726
49.02096176	0.82352942
49.02503967	0.84313726
49.02921677	0.84313726
49.03329849	0.84313726
49.03329849	0.88235295
49.03736115	1.15686274
49.04148865	1.66666663
49.04565048	2.11764717
49.04565048	2.43137264
49.04977036	2.68627453
49.05389404	2.86274505
49.05802917	3.07843137
49.06196976	3.13725495
49.06606674	3.17647052
49.06606674	3.21568632
49.07019424	3.23529410
49.07418442	3.23529410
49.07833099	3.23529410
49.07833099	3.23529410
49.08244324	3.21568632
49.08656311	3.19607854
49.09068298	3.19607854
49.09068298	3.17647052
49.09473801	3.15686274
49.09902954	3.13725495
49.09902954	3.13725495
49.10301971	3.11764717
49.10715866	3.09803915
49.11118698	3.07843137
49.11118698	3.07843137
49.11524963	3.05882359
49.11940384	3.03921580
49.12352371	3.03921580
49.12352371	3.01960778
49.12743378	3.01960778
49.13158417	2.98039222
49.13571548	2.94117641
49.13980865	2.92156863
49.14394760	2.90196085
49.14394760	2.88235283
49.14793777	2.86274505
49.15206528	2.84313726
49.15618515	2.82352948
49.15618515	2.80392146
49.16033173	2.80392146
49.16436005	2.80392146
49.16851425	2.78431368
49.16851425	2.78431368
49.17265320	2.76470590
49.17678070	2.76470590
49.18076324	2.72549009
49.18500519	2.72549009
49.18901062	2.72549009
49.18901062	2.70588231
49.19309998	2.70588231
49.19705582	2.70588231
49.20121765	2.68627453
49.20121765	2.68627453
49.20531464	2.68627453
49.20944214	2.66666675
49.21356201	2.66666675
49.21356201	2.64705873
49.21758652	2.64705873
49.22167969	2.64705873
49.22167969	2.64705873
49.22581863	2.62745094
49.23002243	2.62745094
49.23414230	2.62745094
49.23414230	2.60784316
49.23813248	2.60784316
49.24221039	2.60784316
49.24639511	2.60784316
49.24639511	2.58823538
49.25041962	2.58823538
49.25444031	2.58823538
49.25856018	2.58823538
49.25856018	2.58823538
49.26271439	2.60784316
49.26678467	2.60784316
49.26678467	2.60784316
49.27093887	2.60784316
49.27496338	2.60784316
49.27909088	2.60784316
49.27909088	2.60784316
49.28319550	2.60784316
49.28720856	2.60784316
49.29132843	2.60784316
49.29132843	2.60784316
49.29547501	2.60784316
49.29957962	2.60784316
49.30370712	2.60784316
49.30770493	2.60784316
49.31198120	2.60784316
49.31198120	2.60784316
49.31594467	2.60784316
49.32007599	2.58823538
49.32418823	2.58823538
49.32418823	2.58823538
49.32819366	2.58823538
49.33231354	2.58823538
49.33643341	2.58823538
49.33643341	2.58823538
49.34041595	2.56862736
49.34461212	2.56862736
49.34873962	2.56862736
49.35290146	2.56862736
49.35702133	2.56862736
49.35702133	2.56862736
49.36099243	2.54901958
49.36513138	2.54901958
49.36925125	2.54901958
49.36925125	2.54901958
49.37339020	2.54901958
49.37741089	2.54901958
49.38155746	2.54901958
49.38155746	2.54901958
49.38564301	2.54901958
49.38978195	2.54901958
49.38978195	2.52941179
49.39388657	2.52941179
49.39800644	2.52941179
49.40201950	2.52941179
49.40201950	2.52941179
49.40618134	2.52941179
49.41027832	2.52941179
49.41432571	2.52941179
49.41432571	2.52941179
49.41835403	2.52941179
49.42246628	2.52941179
49.42657852	2.52941179
49.43072510	2.52941179
49.43470764	2.52941179
49.43470764	2.52941179
49.43882751	2.52941179
49.44300461	2.52941179
49.44705963	2.52941179
49.44705963	2.52941179
49.45105743	2.52941179
49.45518494	2.50980401
49.45933151	2.50980401
49.45933151	2.50980401
49.46344376	2.50980401
49.46756363	2.50980401
49.47156143	2.50980401
49.47568130	2.50980401
49.47983551	2.50980401
49.47983551	2.50980401
49.48399734	2.50980401
49.48796844	2.50980401
49.49209213	2.50980401
49.49209213	2.50980401
49.49625397	2.50980401
49.50037384	2.50980401
49.50432968	2.50980401
49.50432968	2.50980401
49.50839996	2.50980401
49.51258850	2.50980401
49.51258850	2.50980401
49.51667404	2.50980401
49.52072144	2.50980401
49.52492523	2.50980401
49.52492523	2.52941179
49.52895355	2.52941179
49.53304291	2.50980401
49.53722763	2.50980401
49.53722763	2.50980401
49.54123306	2.50980401
49.54539490	2.50980401
49.54949951	2.50980401
49.54949951	2.49019599
49.55364609	2.49019599
49.55777359	2.49019599
49.55777359	2.49019599
49.56168365	2.49019599
49.56582642	2.49019599
49.56992340	2.49019599
49.56992340	2.49019599
49.57394409	2.49019599
49.57804871	2.49019599
49.58221054	2.47058821
49.58221054	2.47058821
49.58629990	2.47058821
49.59044266	2.47058821
49.59446716	2.47058821
49.59859467	2.47058821
49.60274124	2.47058821
49.60274124	2.47058821
49.60689545	2.47058821
49.61098099	2.49019599
49.61497116	2.49019599
49.61497116	2.49019599
49.61909866	2.49019599
49.62327576	2.49019599
49.62743759	2.49019599
49.62743759	2.49019599
49.63132858	2.49019599
49.63546753	2.49019599
49.63954544	2.49019599
49.64369965	2.49019599
49.64779663	2.49019599
49.64779663	2.49019599
49.65195084	2.49019599
49.65592957	2.49019599
49.66008377	2.49019599
49.66008377	2.49019599
49.66405869	2.49019599
49.66825867	2.49019599
49.67237854	2.49019599
49.67237854	2.49019599
49.67651749	2.49019599
49.68062210	2.49019599
49.68062210	2.49019599
49.68461227	2.49019599
49.68876266	2.49019599
49.69283676	2.49019599
49.69283676	2.49019599
49.69694138	2.49019599
49.70093918	2.49019599
49.70505142	2.49019599
49.70505142	2.49019599
49.70918655	2.49019599
49.71330643	2.49019599
49.71743011	2.49019599
49.71743011	2.49019599
49.72142410	2.49019599
49.72554779	2.49019599
49.72554779	2.47058821
49.72970963	2.47058821
49.73389435	2.47058821
49.73802185	2.47058821
49.73802185	2.45098042
49.74194717	2.45098042
49.74611664	2.45098042
49.75027084	2.43137264
49.75027084	2.43137264
49.75416946	2.41176462
49.75837326	2.41176462
49.76246643	2.39215684
49.76655579	2.39215684
49.77070236	2.39215684
49.77070236	2.41176462
49.77470016	2.41176462
49.77882004	2.41176462
49.78292465	2.41176462
49.78292465	2.41176462
49.78709412	2.41176462
49.79111481	2.43137264
49.79523468	2.43137264
49.79523468	2.43137264
49.79936600	2.45098042
49.80349350	2.45098042
49.80349350	2.45098042
49.80751419	2.47058821
49.81158066	2.47058821
49.81568146	2.47058821
49.81568146	2.45098042
49.81979370	2.45098042
49.82394791	2.43137264
49.82792282	2.43137264
49.82792282	2.43137264
49.83207703	2.43137264
49.83617020	2.43137264
49.84032440	2.43137264
49.84032440	2.43137264
49.84430695	2.43137264
49.84848404	2.43137264
49.84848404	2.43137264
49.85264587	2.43137264
49.85677338	2.43137264
49.86089325	2.43137264
49.86089325	2.43137264
49.86501694	2.43137264
49.86898804	2.43137264
49.87311554	2.43137264
49.87311554	2.43137264
49.87726212	2.41176462
49.88125229	2.41176462
49.88533783	2.41176462
49.88942719	2.41176462
49.89357376	2.41176462
49.89357376	2.41176462
49.89754486	2.43137264
49.90172195	2.43137264
49.90591812	2.43137264
49.90591812	2.43137264
49.90996552	2.43137264
49.91404343	2.45098042
49.91809845	2.45098042
49.91809845	2.45098042
49.92226791	2.45098042
49.92637253	2.45098042
49.93050385	2.45098042
49.93447495	2.45098042
49.93860245	2.45098042
49.93860245	2.45098042
49.94267654	2.45098042
49.94681168	2.45098042
49.95092392	2.45098042
49.95092392	2.45098042
49.95506287	2.45098042
49.95915604	2.47058821
49.96325302	2.47058821
49.96325302	2.47058821
49.96738434	2.47058821
49.97138977	2.49019599
49.97138977	2.49019599
49.97563171	2.49019599
49.97965240	2.49019599
49.98374939	2.49019599
49.98374939	2.49019599
49.98776245	2.49019599
49.99203110	2.49019599
49.99602890	2.49019599
49.99602890	2.49019599
50.00012589	2.49019599
50.00425339	2.49019599
50.00825119	2.49019599
50.01244736	2.49019599
50.01655197	2.49019599
50.01655197	2.49019599
50.02069473	2.49019599
50.02467728	2.49019599
50.02878952	2.49019599
50.02878952	2.49019599
50.03294373	2.49019599
50.03707123	2.49019599
50.04119110	2.49019599
50.04119110	2.49019599
50.04518890	2.49019599
50.04931259	2.49019599
50.05344772	2.49019599
50.05743790	2.43137264
50.06156540	2.21568632
50.06156540	1.94117641
50.06567001	1.72549021
50.06978226	1.47058821
50.07382202	1.05882359
50.07382202	0.84313726
50.07799911	0.84313726
50.08205414	0.84313726
50.08614349	0.84313726
50.08614349	0.84313726
50.09020615	0.84313726
50.09431076	0.84313726
50.09838104	1.09803927
50.10245132	1.80392158
50.10651398	2.33333325
50.10651398	2.74509811
50.11070251	3.03921580
50.11468124	3.23529410
50.11891937	3.39215684
50.11891937	3.49019599
50.12293243	3.54901958
50.12714386	3.60784316
50.13125610	3.62745094
50.13125610	3.62745094
50.13518906	3.62745094
50.13925171	3.62745094
50.13925171	3.60784316
50.14345169	3.58823538
50.14755630	3.56862736
50.15155411	3.54901958
50.15155411	3.50980401
50.15568542	3.49019599
50.15982819	3.47058821
50.16392517	3.43137264
50.16392517	3.41176462
50.16801453	3.39215684
50.17210770	3.35294127
50.17626953	3.31372547
50.18038177	3.29411769
50.18451309	3.27450991
50.18451309	3.23529410
50.18848419	3.21568632
50.19257355	3.19607854
50.19666672	3.17647052
50.19666672	3.15686274
50.20074081	3.13725495
50.20494080	3.11764717
50.20891571	3.09803915
50.20891571	3.09803915
50.21304321	3.07843137
50.21714020	3.05882359
50.22118759	3.03921580
50.22530746	3.01960778
50.22946930	3.00000000
50.22946930	2.98039222
50.23363876	2.98039222
50.23775864	2.96078420
50.24183273	2.94117641
50.24183273	2.94117641
50.24588776	2.92156863
50.24998856	2.90196085
50.25406265	2.88235283
50.25406265	2.88235283
50.25802612	2.86274505
50.26220322	2.84313726
50.26220322	2.84313726
50.26630020	2.82352948
50.27042770	2.82352948
50.27455139	2.80392146
50.27455139	2.80392146
50.27856445	2.78431368
50.28267670	2.78431368
50.28683853	2.76470590
50.28683853	2.74509811
50.29101563	2.74509811
50.29494858	2.72549009
50.29912567	2.72549009
50.29912567	2.72549009
50.30326462	2.70588231
50.30736542	2.70588231
50.30736542	2.68627453
50.31135559	2.68627453
50.31546021	2.68627453
50.31954193	2.66666675
50.31954193	2.66666675
50.32368469	2.66666675
50.32778931	2.64705873
50.33193588	2.64705873
50.33193588	2.64705873
50.33591461	2.64705873
50.34006882	2.62745094
50.34417343	2.62745094
50.34821320	2.62745094
50.35234833	2.60784316
50.35234833	2.60784316
50.35651016	2.60784316
50.36063004	2.60784316
50.36475372	2.60784316
50.36475372	2.58823538
50.36874008	2.58823538
50.37288666	2.58823538
50.37700653	2.58823538
50.37700653	2.58823538
50.38099670	2.58823538
50.38505936	2.58823538
50.38917160	2.56862736
50.39331055	2.56862736
50.39742279	2.56862736
50.39742279	2.56862736
50.40142822	2.56862736
50.40554810	2.56862736
50.40968323	2.56862736
50.40968323	2.54901958
50.41379547	2.54901958
50.41795731	2.54901958
50.42199707	2.54901958
50.42199707	2.43137264
50.42606735	2.31372547
50.43023682	2.05882359
50.43023682	1.66666663
50.43441010	1.31372547
50.43838120	0.84313726
50.44270706	0.82352942
50.44270706	0.80392158
50.44667053	0.80392158
50.45080185	0.80392158
50.45487213	0.84313726
50.45487213	0.82352942
50.45899963	1.03921568
50.46300507	1.82352936
50.46716690	2.90196085
50.47113419	3.25490189
50.47530365	3.49019599
50.47530365	3.66666675
50.47938156	3.78431368
50.48352814	3.86274505
50.48767471	3.90196085
50.48767471	3.92156863
50.49163055	3.94117641
50.49570084	3.94117641
50.49980545	3.92156863
50.49980545	3.90196085
50.50391769	3.88235283
50.50807190	3.84313726
50.51210022	3.78431368
50.51625443	3.74509811
50.52038193	3.70588231
50.52038193	3.68627453
50.52450562	3.64705873
50.52847672	3.60784316
50.53261566	3.56862736
50.53261566	3.54901958
50.53675079	3.50980401
50.54087830	3.49019599
50.54500961	3.45098042
50.54500961	3.43137264
50.54898834	3.39215684
50.55318451	3.37254906
50.55318451	3.35294127
50.55731201	3.33333325
50.56130981	3.31372547
50.56541443	3.27450991
50.56541443	3.25490189
50.56954193	3.23529410
50.57356644	3.21568632
50.57768631	3.19607854
50.57768631	3.17647052
50.58169937	3.15686274
50.58593750	3.13725495
50.58995056	3.11764717
50.58995056	3.09803915
50.59407043	3.07843137
50.59818268	3.05882359
50.59818268	3.05882359
50.60219574	3.03921580
50.60633469	3.01960778
50.61044693	3.00000000
50.61044693	2.98039222
50.61445999	2.96078420
50.61859894	2.94117641
50.62274170	2.92156863
50.62274170	2.90196085
50.62688065	2.88235283
50.63100815	2.86274505
50.63492584	2.84313726
50.63905334	2.82352948
50.64318848	2.80392146
50.64318848	2.80392146
50.64729309	2.78431368
50.65129852	2.78431368
50.65542984	2.76470590
50.65542984	2.74509811
50.65955734	2.74509811
50.66366959	2.72549009
50.66783142	2.72549009
50.66783142	2.72549009
50.67200851	2.70588231
50.67594910	2.70588231
50.68011856	2.68627453
50.68423843	2.68627453
50.68836975	2.68627453
50.68836975	2.68627453
50.69232559	2.66666675
50.69645309	2.66666675
50.70053482	2.66666675
50.70053482	2.66666675
50.70456314	2.64705873
50.70867538	2.64705873
50.71294403	2.64705873
50.71294403	2.62745094
50.71691132	2.62745094
50.72106934	2.62745094
50.72106934	2.62745094
50.72505188	2.62745094
50.72921371	2.62745094
50.73339081	2.60784316
50.73339081	2.60784316
50.73750305	2.60784316
50.74150848	2.60784316
50.74560547	2.60784316
50.74560547	2.58823538
50.74975204	2.58823538
50.75382233	2.58823538
50.75792694	2.58823538
50.76194763	2.58823538
50.76605225	2.56862736
50.76605225	2.56862736
50.77017212	2.56862736
50.77431107	2.56862736
50.77843857	2.29411769
50.77843857	1.96078432
50.78243637	1.66666663
50.78654099	1.50980389
50.79076004	1.43137252
50.79076004	1.49019611
50.79475021	1.60784316
50.79899979	1.21568632
50.80301666	1.07843137
50.80713654	1.54901958
50.81124878	1.88235295
50.81124878	2.13725495
50.81518936	2.31372547
50.81929398	2.47058821
50.82342148	2.56862736
50.82342148	2.64705873
50.82754898	2.70588231
50.83154678	2.74509811
50.83567047	2.76470590
50.83567047	2.78431368
50.83979797	2.80392146
50.84393311	2.80392146
50.84393311	2.80392146
50.84795761	2.80392146
50.85210037	2.80392146
50.85623169	2.80392146
50.85623169	2.78431368
50.86037445	2.78431368
50.86450577	2.78431368
50.86850357	2.76470590
50.86850357	2.76470590
50.87264633	2.76470590
50.87671280	2.74509811
50.88078308	2.74509811
50.88078308	2.74509811
50.88494492	2.72549009
50.88890839	2.72549009
50.88890839	2.72549009
50.89307022	2.70588231
50.89715958	2.70588231
50.90132141	2.70588231
50.90132141	2.68627453
50.90529251	2.68627453
50.90951157	2.68627453
50.91363144	2.68627453
50.91363144	2.66666675
50.91775131	2.66666675
50.92187500	2.66666675
50.92600250	2.66666675
50.92998505	2.64705873
50.93412781	2.64705873
50.93412781	2.64705873
50.93825912	2.64705873
50.94224548	2.64705873
50.94631958	2.64705873
50.94631958	2.64705873
50.95040512	2.64705873
50.95456696	2.64705873
50.95865631	2.62745094
50.95865631	2.62745094
50.96272659	2.62745094
50.96678162	2.62745094
50.97093582	2.60784316
50.97490692	2.60784316
50.97908783	2.60784316
50.97908783	2.60784316
50.98325729	2.60784316
50.98736954	2.58823538
50.99150467	2.58823538
50.99150467	2.58823538
50.99545288	2.56862736
50.99959183	2.56862736
51.00369644	2.56862736
51.00369644	2.56862736
51.00783920	2.56862736
51.01192093	2.56862736
51.01192093	2.54901958
51.01594162	2.54901958
51.02003098	2.54901958
51.02419281	2.54901958
51.02419281	2.54901958
51.02816391	2.52941179
51.03231812	2.54901958
51.03640747	2.54901958
51.03640747	2.54901958
51.04058456	2.52941179
51.04468918	2.52941179
51.04873657	2.52941179
51.05290604	2.52941179
51.05698395	2.50980401
51.05698395	2.47058821
51.06110382	2.45098042
51.06507111	2.41176462
51.06916428	2.39215684
51.06916428	2.37254906
51.07329559	2.35294127
51.07742310	2.33333325
51.08154297	2.33333325
51.08154297	2.31372547
51.08554077	2.31372547
51.08966827	2.31372547
51.09379959	2.33333325
51.09796906	2.33333325
51.10198975	2.33333325
51.10198975	2.33333325
51.10612106	2.33333325
51.11024857	2.35294127
51.11435318	2.35294127
51.11435318	2.35294127
51.11836624	2.35294127
51.12249374	2.37254906
51.12659073	2.37254906
51.12659073	2.37254906
51.13066101	2.37254906
51.13481522	2.39215684
51.13481522	2.39215684
51.13890457	2.39215684
51.14299011	2.37254906
51.14702225	2.39215684
51.14702225	2.37254906
51.15119171	2.29411769
51.15515518	2.03921580
51.15932846	1.39215684
51.15932846	0.80392158
51.16349792	0.84313726
51.16762543	0.84313726
51.17174530	0.84313726
51.17174530	0.84313726
51.17566299	0.90196079
51.17999649	1.35294116
51.17999649	1.80392158
51.18400192	2.11764717
51.18812180	2.37254906
51.19224930	2.54901958
51.19224930	2.68627453
51.19620895	2.78431368
51.20028687	2.86274505
51.20441437	2.92156863
51.20441437	2.94117641
51.20844650	2.98039222
51.21254349	3.00000000
51.21665573	3.01960778
51.22079849	3.00000000
51.22491074	2.98039222
51.22491074	2.96078420
51.22895813	2.88235283
51.23310471	2.78431368
51.23723221	2.72549009
51.23723221	2.68627453
51.24137878	2.66666675
51.24534988	2.64705873
51.24948120	2.64705873
51.24948120	2.62745094
51.25365829	2.62745094
51.25770569	2.60784316
51.26166153	2.60784316
51.26593781	2.58823538
51.26990128	2.58823538
51.26990128	2.58823538
51.27406311	2.58823538
51.27816010	2.56862736
51.28219223	2.56862736
51.28219223	2.56862736
51.28627777	2.56862736
51.29046249	2.56862736
51.29462433	2.54901958
51.29462433	2.54901958
51.29860687	2.54901958
51.30272675	2.54901958
51.30272675	2.54901958
51.30684662	2.54901958
51.31097031	2.54901958
51.31506348	2.54901958
51.31506348	2.52941179
51.31904602	2.52941179
51.32316589	2.52941179
51.32729721	2.52941179
51.32729721	2.52941179
51.33141708	2.52941179
51.33541489	2.52941179
51.33954239	2.50980401
51.34368134	2.50980401
51.34782410	2.50980401
51.34782410	2.52941179
51.35200119	2.52941179
51.35597610	2.52941179
51.36010361	2.52941179
51.36010361	2.54901958
51.36424255	2.54901958
51.36837006	2.54901958
51.37236786	2.54901958
51.37236786	2.54901958
51.37645721	2.54901958
51.38053513	2.54901958
51.38466263	2.56862736
51.38866043	2.60784316
51.39292908	2.62745094
51.39292908	2.64705873
51.39691162	2.66666675
51.40103912	2.66666675
51.40517044	2.68627453
51.40517044	2.68627453
51.40913391	2.68627453
51.41335297	2.66666675
51.41748047	2.64705873
51.41748047	2.64705873
51.42162704	2.64705873
51.42557526	2.64705873
51.42557526	2.64705873
51.42974472	2.66666675
51.43389893	2.68627453
51.43800354	2.68627453
51.43800354	2.70588231
51.44193268	2.70588231
51.44616318	2.70588231
51.45028305	2.70588231
51.45028305	2.70588231
51.45437622	2.70588231
51.45853043	2.70588231
51.46249771	2.68627453
51.46663284	2.68627453
51.47077942	2.68627453
51.47077942	2.54901958
51.47477722	1.98039210
51.47891998	1.25490201
51.48291016	0.84313726
51.48291016	0.84313726
51.48703766	0.84313726
51.49116135	0.84313726
51.49533844	0.80392158
51.49533844	0.82352942
51.49935150	0.82352942
51.50347900	0.82352942
51.50756836	0.84313726
51.51165771	0.84313726
51.51566315	0.84313726
51.51566315	0.88235295
51.51978302	1.74509799
51.52389526	2.62745094
51.52807236	3.25490189
51.52807236	3.72549009
51.53204727	4.05882359
51.53615952	4.29411745
51.54032135	4.45098019
51.54032135	4.54901981
51.54449844	4.62745094
51.54861832	4.64705896
51.55259323	4.66666651
51.55674362	4.64705896
51.56075287	4.60784292
51.56075287	4.56862736
51.56491089	4.52941179
51.56893539	4.47058821
51.57302094	4.41176462
51.57302094	4.33333349
51.57718277	4.27450991
51.58127213	4.19607830
51.58543396	4.07843161
51.58543396	3.92156863
51.58939743	3.78431368
51.59357834	3.68627453
51.59357834	3.62745094
51.59765625	3.58823538
51.60182571	3.56862736
51.60599518	3.54901958
51.60599518	3.52941179
51.60997009	3.49019599
51.61407471	3.47058821
51.61823273	3.45098042
51.61823273	3.43137264
51.62221527	3.39215684
51.62630463	3.37254906
51.63041687	3.33333325
51.63453674	3.31372547
51.63865662	3.29411769
51.63865662	3.25490189
51.64268112	3.23529410
51.64678192	3.21568632
51.65091324	3.19607854
51.65091324	3.17647052
51.65503311	3.15686274
51.65901566	3.13725495
51.66318512	3.11764717
51.66318512	3.09803915
51.66735458	3.07843137
51.67149734	3.05882359
51.67543030	3.01960778
51.67958450	3.00000000
51.68374634	3.00000000
51.68374634	2.98039222
51.68786621	2.96078420
51.69194412	2.94117641
51.69593430	2.92156863
51.69593430	2.92156863
51.70003128	2.90196085
51.70417786	2.88235283
51.70828247	2.84313726
51.70828247	2.82352948
51.71228790	2.80392146
51.71641541	2.80392146
51.71641541	2.80392146
51.72053528	2.78431368
51.72465515	2.78431368
51.72882462	2.78431368
51.72882462	2.78431368
51.73299789	2.76470590
51.73697662	2.76470590
51.74109650	2.76470590
51.74109650	2.76470590
51.74524307	2.76470590
51.74922562	2.76470590
51.75336838	2.76470590
51.75336838	2.76470590
51.75743103	2.78431368
51.76153564	2.76470590
51.76153564	2.78431368
51.76556015	2.80392146
51.76967239	2.82352948
51.77378464	2.84313726
51.77378464	2.86274505
51.77791977	2.88235283
51.78190994	2.88235283
51.78602982	2.90196085
51.78602982	2.90196085
51.79019928	2.90196085
51.79436111	2.88235283
51.79850006	2.88235283
51.80247879	2.86274505
51.80659485	2.86274505
51.80659485	2.84313726
51.81079483	2.84313726
51.81480026	2.84313726
51.81893158	2.82352948
51.81893158	2.82352948
51.82290268	2.82352948
51.82705688	2.80392146
51.83114624	2.80392146
51.83114624	2.80392146
51.83518219	2.78431368
51.83927155	2.78431368
51.84345627	2.78431368
51.84752655	2.76470590
51.85169983	2.76470590
51.85169983	2.76470590
51.85571289	2.74509811
51.85999680	2.74509811
51.86399460	2.74509811
51.86399460	2.72549009
51.86811447	2.72549009
51.87210464	2.70588231
51.87618256	2.70588231
51.87618256	2.70588231
51.88029480	2.68627453
51.88440704	2.68627453
51.88440704	2.68627453
51.88853073	2.68627453
51.89253616	2.66666675
51.89665604	2.66666675
51.89665604	2.66666675
51.90078354	2.64705873
51.90490341	2.64705873
51.90890121	2.64705873
51.90890121	2.64705873
51.91309738	2.62745094
51.91721725	2.62745094
51.92137146	2.62745094
51.92530441	2.62745094
51.92948151	2.60784316
51.92948151	2.60784316
51.93359375	2.60784316
51.93774796	2.60784316
51.94184113	2.60784316
51.94184113	2.60784316
51.94593048	2.60784316
51.94992828	2.60784316
51.95403290	2.60784316
51.95403290	2.60784316
51.95815277	2.58823538
51.96229172	2.58823538
51.96627808	2.58823538
51.97040939	2.58823538
51.97452927	2.58823538
51.97452927	2.58823538
51.97854233	2.56862736
51.98270416	2.56862736
51.98699570	2.56862736
51.98699570	2.56862736
51.99100494	2.56862736
51.99508286	2.56862736
51.99912262	2.54901958
51.99912262	2.54901958
52.00324249	2.54901958
52.00728226	2.54901958
52.00728226	2.54901958
52.01142502	2.54901958
52.01541519	2.54901958
52.01952744	2.52941179
52.01952744	2.52941179
52.02365494	2.52941179
52.02778625	2.52941179
52.03190613	2.52941179
52.03190613	2.52941179
52.03590393	2.52941179
52.04006577	2.52941179
52.04424286	2.52941179
52.04424286	2.52941179
52.04834747	2.52941179
52.05249405	2.50980401
52.05249405	2.50980401
52.05648041	2.50980401
52.06059265	2.50980401
52.06473923	2.49019599
52.06473923	2.49019599
52.06866455	2.49019599
52.07284927	2.47058821
52.07692719	2.47058821
52.07692719	2.47058821
52.08102417	2.47058821
52.08517838	2.47058821
52.08914185	2.47058821
52.09331131	2.49019599
52.09739304	2.49019599
52.09739304	2.49019599
52.10157013	2.50980401
52.10560226	2.50980401
52.10972214	2.50980401
52.10972214	2.50980401
52.11382675	2.50980401
52.11798859	2.49019599
52.12211609	2.45098042
52.12211609	2.43137264
52.12602997	2.41176462
52.13018417	2.39215684
52.13427353	2.35294127
52.13853455	2.33333325
52.14262772	2.31372547
52.14262772	2.33333325
52.14660263	2.33333325
52.15073013	2.33333325
52.15486908	2.33333325
52.15486908	2.35294127
52.15922546	2.37254906
52.16299438	2.39215684
52.16703415	2.41176462
52.16703415	2.43137264
52.17117691	2.45098042
52.17527390	2.47058821
52.17527390	2.45098042
52.17928696	2.45098042
52.18343353	2.45098042
52.18753815	2.47058821
52.18753815	2.39215684
52.19166565	2.09803915
52.19566345	1.54901958
52.19993973	0.98039216
52.19993973	0.84313726
52.20391464	0.86274511
52.20804977	1.27450979
52.21219635	1.03921568
52.21615982	0.84313726
52.22031403	0.84313726
52.22031403	0.84313726
52.22442627	0.84313726
52.22855377	1.19607842
52.23274231	1.76470590
52.23274231	2.17647052
52.23672867	2.49019599
52.24086761	2.72549009
52.24495697	2.90196085
52.24495697	3.01960778
52.24897766	3.11764717
52.25308228	3.17647052
52.25717926	3.25490189
52.26129913	3.25490189
52.26541138	3.27450991
52.26541138	3.27450991
52.26940155	3.25490189
52.27352905	3.25490189
52.27767563	3.23529410
52.27767563	3.23529410
52.28178787	3.21568632
52.28590775	3.21568632
52.28995514	3.19607854
52.28995514	3.13725495
52.29411697	3.07843137
52.29823685	3.03921580
52.29823685	2.98039222
52.30222702	2.94117641
52.30632782	2.92156863
52.31047440	2.90196085
52.31047440	2.88235283
52.31462097	2.88235283
52.31869125	2.86274505
52.32264709	2.86274505
52.32264709	2.84313726
52.32693100	2.84313726
52.33089828	2.82352948
52.33506775	2.80392146
52.33506775	2.80392146
52.33902359	2.78431368
52.34320068	2.78431368
52.34320068	2.76470590
52.34727478	2.74509811
52.35144424	2.74509811
52.35558701	2.72549009
52.35558701	2.72549009
52.35959244	2.70588231
52.36374664	2.70588231
52.36786652	2.68627453
52.36786652	2.68627453
52.37199020	2.68627453
52.37591934	2.66666675
52.38007355	2.66666675
52.38413620	2.66666675
52.38829041	2.64705873
52.38829041	2.64705873
52.39227295	2.64705873
52.39644241	2.64705873
52.40050507	2.62745094
52.40050507	2.62745094
52.40467453	2.62745094
52.40874481	2.62745094
52.41294098	2.62745094
52.41294098	2.60784316
52.41696167	2.60784316
52.42109299	2.60784316
52.42519379	2.60784316
52.42921829	2.58823538
52.43333817	2.58823538
52.43333817	2.58823538
52.43742752	2.58823538
52.44153214	2.58823538
52.44567490	2.58823538
52.44567490	2.56862736
52.44964981	2.56862736
52.45377731	2.56862736
52.45790482	2.56862736
52.45790482	2.56862736
52.46204376	2.56862736
52.46602631	2.56862736
52.46602631	2.56862736
52.47020340	2.56862736
52.47436523	2.58823538
52.47846985	2.58823538
52.47846985	2.60784316
52.48248291	2.60784316
52.48658752	2.60784316
52.49072266	2.60784316
52.49072266	2.62745094
52.49486160	2.62745094
52.49898911	2.62745094
52.50296402	2.58823538
52.50704956	2.58823538
52.51116180	2.58823538
52.51116180	2.58823538
52.51527405	2.56862736
52.51927185	2.56862736
52.52339935	2.56862736
52.52339935	2.54901958
52.52753067	2.54901958
52.53165054	2.54901958
52.53577042	2.56862736
52.53577042	2.56862736
52.53993225	2.56862736
52.54393005	2.56862736
52.54810715	2.56862736
52.55223846	2.56862736
52.55622482	2.45098042
52.55622482	2.17647052
52.56033707	1.88235295
52.56449890	1.58823526
52.56853104	1.31372547
52.56853104	0.80392158
52.57252121	0.82352942
52.57665634	0.84313726
52.58090210	0.80392158
52.58090210	0.82352942
52.58489990	0.82352942
52.58902740	0.84313726
52.58902740	0.84313726
52.59304047	0.82352942
52.59715271	1.11764705
52.60131454	1.94117641
52.60131454	2.58823538
52.60548401	3.05882359
52.60941696	3.39215684
52.61357880	3.62745094
52.61357880	3.80392146
52.61771393	3.92156863
52.62186050	4.00000000
52.62589264	4.01960802
52.62589264	4.03921556
52.62990570	4.03921556
52.63401794	4.03921556
52.63401794	4.01960802
52.63817215	4.00000000
52.64226532	3.96078420
52.64629745	3.94117641
52.64629745	3.90196085
52.65039444	3.88235283
52.65454865	3.84313726
52.65864182	3.82352948
52.65864182	3.78431368
52.66269684	3.76470590
52.66699219	3.72549009
52.67096329	3.64705873
52.67518997	3.60784316
52.67923737	3.56862736
52.67923737	3.52941179
52.68321228	3.49019599
52.68729782	3.45098042
52.69140244	3.41176462
52.69140244	3.39215684
52.69554901	3.35294127
52.69952011	3.33333325
52.70365906	3.31372547
52.70365906	3.27450991
52.70777893	3.25490189
52.71191406	3.21568632
52.71589661	3.15686274
52.72005844	3.13725495
52.72424316	3.11764717
52.72424316	3.09803915
52.72836685	3.07843137
52.73246002	3.05882359
52.73646545	3.03921580
52.73646545	3.01960778
52.74059677	3.00000000
52.74473190	2.98039222
52.74886322	2.96078420
52.74886322	2.96078420
52.75299072	2.94117641
52.75688934	2.92156863
52.75688934	2.90196085
52.76105881	2.88235283
52.76514053	2.86274505
52.76939774	2.84313726
52.76939774	2.84313726
52.77336502	2.82352948
52.77745056	2.82352948
52.78155518	2.80392146
52.78155518	2.80392146
52.78575134	2.78431368
52.78970718	2.78431368
52.79397583	2.76470590
52.79784775	2.76470590
52.80205917	2.76470590
52.80205917	2.74509811
52.80600739	2.74509811
52.81016159	2.74509811
52.81430817	2.74509811
52.81430817	2.74509811
52.81840515	2.74509811
52.82235336	2.74509811
52.82655334	2.74509811
52.82655334	2.74509811
52.83065796	2.72549009
52.83477020	2.68627453
52.83893204	2.58823538
52.84290695	2.54901958
52.84705734	2.52941179
52.84705734	2.52941179
52.85113907	2.52941179
52.85530090	2.52941179
52.85945511	2.52941179
52.85945511	2.52941179
52.86346054	2.52941179
52.86758804	2.52941179
52.87171555	2.50980401
52.87171555	2.50980401
52.87586975	2.50980401
52.87992477	2.50980401
52.87992477	2.50980401
52.88389206	2.50980401
52.88803482	2.52941179
52.89213943	2.52941179
52.89213943	2.52941179
52.89617157	2.54901958
52.90026474	2.56862736
52.90441895	2.56862736
52.90441895	2.58823538
52.90848923	2.60784316
52.91261292	2.60784316
52.91670609	2.60784316
52.91670609	2.54901958
52.92085266	2.49019599
52.92497253	2.49019599
52.92497253	2.50980401
52.92897034	2.52941179
52.93307495	2.52941179
52.93717194	2.52941179
52.93717194	2.54901958
52.94127655	2.54901958
52.94542694	2.54901958
52.94952393	2.54901958
52.94952393	2.56862736
52.95352936	2.56862736
52.95764923	2.56862736
52.96178818	2.56862736
52.96589279	2.56862736
52.96993256	2.56862736
52.96993256	2.56862736
52.97410965	2.56862736
52.97830200	2.56862736
52.98235703	2.54901958
52.98235703	2.52941179
52.98633957	2.49019599
52.99046707	2.47058821
52.99458694	2.45098042
52.99458694	2.43137264
52.99872589	2.37254906
53.00286102	2.29411769
53.00701523	2.25490189
53.01098251	2.25490189
53.01515198	2.27450991
53.01515198	2.27450991
53.01922226	2.27450991
53.02322006	2.27450991
53.02735519	2.29411769
53.02735519	2.29411769
53.03151703	2.31372547
53.03560638	2.31372547
53.03964615	2.33333325
53.03964615	2.33333325
53.04368210	2.35294127
53.04777145	2.35294127
53.04777145	2.35294127
53.05193329	2.37254906
53.05589676	2.37254906
53.06005859	2.39215684
53.06005859	2.39215684
53.06416321	2.41176462
53.06834793	2.41176462
53.07240295	2.41176462
53.07240295	2.43137264
53.07640076	2.43137264
53.08054733	2.43137264
53.08464432	2.43137264
53.08879852	2.45098042
53.09289932	2.45098042
53.09289932	2.45098042
53.09689713	2.45098042
53.10102081	2.45098042
53.10521317	2.43137264
53.10521317	2.43137264
53.10919571	2.43137264
53.11332321	2.43137264
53.11746216	2.41176462
53.11746216	2.41176462
53.12160492	2.41176462
53.12568665	2.41176462
53.12967300	2.41176462
53.13388443	2.41176462
53.13791656	2.41176462
53.13791656	2.41176462
53.14197159	2.41176462
53.14604187	2.43137264
53.15013885	2.43137264
53.15013885	2.43137264
53.15429306	2.43137264
53.15845490	2.45098042
53.16256714	2.45098042
53.16256714	2.45098042
53.16653824	2.45098042
53.17071533	2.47058821
53.17071533	2.47058821
53.17486191	2.49019599
53.17898178	2.49019599
53.18310928	2.49019599
53.18310928	2.49019599
53.18704224	2.50980401
53.19116211	2.50980401
53.19526672	2.50980401
53.19526672	2.52941179
53.19929123	2.54901958
53.20338821	2.54901958
53.20753860	2.56862736
53.20753860	2.56862736
53.21164322	2.56862736
53.21579742	2.58823538
53.21579742	2.58823538
53.21988678	2.58823538
53.22394180	2.58823538
53.22805405	2.58823538
53.22805405	2.58823538
53.23223114	2.58823538
53.23622131	2.56862736
53.24034119	2.56862736
53.24034119	2.56862736
53.24441910	2.56862736
53.24860764	2.56862736
53.25273514	2.56862736
53.25667572	2.56862736
53.26092529	2.56862736
53.26092529	2.56862736
53.26488495	2.54901958
53.26903534	2.54901958
53.27301025	2.54901958
53.27301025	2.54901958
53.27716446	2.54901958
53.28125763	2.54901958
53.28541183	2.54901958
53.28541183	2.54901958
53.28938675	2.54901958
53.29361343	2.52941179
53.29771042	2.52941179
53.30185318	2.52941179
53.30598450	2.52941179
53.30598450	2.52941179
53.30995560	2.50980401
53.31409454	2.50980401
53.31816483	2.47058821
53.31816483	2.49019599
53.32227707	2.49019599
53.32628250	2.49019599
53.33039474	2.49019599
53.33039474	2.49019599
53.33451462	2.49019599
53.33864594	2.49019599
53.33864594	2.49019599
53.34265137	2.50980401
53.34688568	2.49019599
53.35092545	2.50980401
53.35092545	2.50980401
53.35509491	2.50980401
53.35919952	2.50980401
53.36322784	2.50980401
53.36322784	2.50980401
53.36734772	2.50980401
53.37145233	2.50980401
53.37554932	2.50980401
53.37951279	2.50980401
53.38364410	2.50980401
53.38364410	2.50980401
53.38776398	2.50980401
53.39186859	2.50980401
53.39602280	2.50980401
53.39602280	2.50980401
53.40002060	2.50980401
53.40414810	2.50980401
53.40826797	2.50980401
53.40826797	2.50980401
53.41243744	2.50980401
53.41647720	2.50980401
53.42060471	2.50980401
53.42472458	2.50980401
53.42885590	2.50980401
53.42885590	2.50980401
53.43298340	2.50980401
53.43698883	2.50980401
53.44102859	2.50980401
53.44102859	2.50980401
53.44514084	2.50980401
53.44929504	2.50980401
53.45325851	2.49019599
53.45325851	2.49019599
53.45741272	2.49019599
53.46151733	2.49019599
53.46151733	2.49019599
53.46566010	2.49019599
53.46963501	2.49019599
53.47394180	2.49019599
53.47394180	2.47058821
53.47797394	2.47058821
53.48209381	2.47058821
53.48622513	2.47058821
53.48622513	2.47058821
53.49019623	2.47058821
53.49433517	2.47058821
53.49846268	2.47058821
53.49846268	2.47058821
53.50260925	2.47058821
53.50672913	2.47058821
53.50672913	2.47058821
53.51067734	2.47058821
53.51475525	2.47058821
53.51890945	2.47058821
53.51890945	2.47058821
53.52288437	2.47058821
53.52703476	2.47058821
53.53113174	2.47058821
53.53113174	2.47058821
53.53528595	2.47058821
53.53938293	2.47058821
53.54342651	2.45098042
53.54759598	2.45098042
53.55172729	2.45098042
53.55172729	2.45098042
53.55585480	2.45098042
53.55997467	2.45098042
53.56393433	2.45098042
53.56393433	2.45098042
53.56803513	2.45098042
53.57213974	2.37254906
53.57626343	1.86274505
53.57626343	1.07843137
53.58027649	0.84313726
53.58438873	0.82352942
53.58851624	0.80392158
53.59264374	0.80392158
53.59663391	0.84313726
53.59663391	0.80392158
53.60092926	0.82352942
53.60497284	0.84313726
53.60903931	0.82352942
53.60903931	0.82352942
53.61306000	0.88235295
53.61721420	0.82352942
53.62132645	1.27450979
53.62132645	2.54901958
53.62540436	3.50980401
53.62953568	4.19607830
53.62953568	4.70588255
53.63351440	4.98039198
53.63763428	4.98039198
53.64181519	4.98039198
53.64181519	4.98039198
53.64589310	4.98039198
53.64989090	4.98039198
53.65401077	4.98039198
53.65401077	4.98039198
53.65813065	4.98039198
53.66231155	4.98039198
53.66647339	4.98039198
53.67044449	4.98039198
53.67457199	4.96078444
53.67457199	4.94117641
53.67872620	4.90196085
53.68285751	4.84313726
53.68697739	4.78431368
53.68697739	4.74509811
53.69089890	4.68627453
53.69501114	4.62745094
53.69919205	4.56862736
53.69919205	4.50980377
53.70314026	4.47058821
53.70728302	4.41176462
53.71140671	4.31372547
53.71552658	4.25490189
53.71963882	4.21568632
53.71963882	4.15686274
53.72367477	4.11764717
53.72782135	4.07843161
53.73196793	4.01960802
53.73196793	3.98039222
53.73609543	3.94117641
53.74007797	3.90196085
53.74418259	3.86274505
53.74418259	3.82352948
53.74834442	3.78431368
53.75247955	3.74509811
53.75247955	3.70588231
53.75646973	3.66666675
53.76063156	3.62745094
53.76474380	3.58823538
53.76474380	3.56862736
53.76885605	3.52941179
53.77296829	3.49019599
53.77697372	3.47058821
53.77697372	3.43137264
53.78113556	3.39215684
53.78523254	3.37254906
53.78926086	3.35294127
53.78926086	3.33333325
53.79326630	3.29411769
53.79738998	3.27450991
53.79738998	3.23529410
53.80151749	3.21568632
53.80563736	3.19607854
53.80980682	3.15686274
53.80980682	3.13725495
53.81396866	3.09803915
53.81791687	3.05882359
53.82203674	3.03921580
53.82203674	3.00000000
53.82613373	2.98039222
53.83016586	2.96078420
53.83425140	2.92156863
53.83841324	2.90196085
53.84251785	2.88235283
53.84251785	2.88235283
53.84653091	2.86274505
53.85063553	2.84313726
53.85491943	2.82352948
53.85491943	2.82352948
53.85886765	2.80392146
53.86302948	2.80392146
53.86701965	2.78431368
53.86701965	2.78431368
53.87114716	2.78431368
53.87523651	2.76470590
53.87934113	2.76470590
53.88338852	2.74509811
53.88750839	2.72549009
53.88750839	2.72549009
53.89163589	2.70588231
53.89576721	2.70588231
53.89988708	2.70588231
53.89988708	2.70588231
53.90389252	2.70588231
53.90800476	2.68627453
53.91218185	2.68627453
53.91218185	2.68627453
53.91632080	2.68627453
53.92027664	2.68627453
53.92027664	2.68627453
53.92444611	2.66666675
53.92856598	2.66666675
53.93269730	2.66666675
53.93269730	2.66666675
53.93669510	2.66666675
53.94092941	2.64705873
53.94488525	2.64705873
53.94488525	2.64705873
53.94903183	2.64705873
53.95312500	2.64705873
53.95716476	2.35294127
53.96126175	2.29411769
53.96542358	2.37254906
53.96542358	2.43137264
53.96950150	2.49019599
53.97354889	2.52941179
53.97768784	2.39215684
53.97768784	2.27450991
53.98184586	2.25490189
53.98597717	2.35294127
53.99009705	2.43137264
53.99009705	2.49019599
53.99408722	2.52941179
53.99815750	2.56862736
54.00226212	2.56862736
54.00637436	2.52941179
54.01040649	2.50980401
54.01040649	2.50980401
54.01449966	2.52941179
54.01866150	2.54901958
54.02275848	2.56862736
54.02275848	2.56862736
54.02691269	2.58823538
54.03088379	2.58823538
54.03510284	2.58823538
54.03510284	2.60784316
54.03921509	2.60784316
54.04334641	2.60784316
54.04334641	2.60784316
54.04730988	2.60784316
54.05144501	2.60784316
54.05557632	2.60784316
54.05557632	2.60784316
54.05971909	2.62745094
54.06369400	2.62745094
54.06789780	2.62745094
54.06789780	2.62745094
54.07190323	2.62745094
54.07599640	2.62745094
54.08002853	2.62745094
54.08002853	2.62745094
54.08412552	2.64705873
54.08827972	2.64705873
54.08827972	2.64705873
54.09237289	2.64705873
54.09640503	2.64705873
54.10050201	2.64705873
54.10050201	2.62745094
54.10467911	2.60784316
54.10881424	2.58823538
54.11296844	2.54901958
54.11296844	2.50980401
54.11693192	2.49019599
54.12106323	2.47058821
54.12525558	2.43137264
54.12930298	2.43137264
54.13339233	2.43137264
54.13339233	2.43137264
54.13738251	2.43137264
54.14151001	2.43137264
54.14564514	2.45098042
54.14564514	2.45098042
54.14975739	2.45098042
54.15388870	2.45098042
54.15790176	2.45098042
54.15790176	2.47058821
54.16205597	2.47058821
54.16622543	2.47058821
54.17021561	2.45098042
54.17432785	2.45098042
54.17846298	2.45098042
54.17846298	2.45098042
54.18260193	2.45098042
54.18672180	2.47058821
54.19067001	2.47058821
54.19067001	2.47058821
54.19477463	2.47058821
54.19888687	2.47058821
54.20300674	2.47058821
54.20300674	2.47058821
54.20700455	2.49019599
54.21114349	2.49019599
54.21114349	2.49019599
54.21526337	2.49019599
54.21938324	2.49019599
54.22356033	2.49019599
54.22356033	2.49019599
54.22757339	2.49019599
54.23165512	2.49019599
54.23583984	2.49019599
54.23583984	2.49019599
54.23997116	2.49019599
54.24394226	2.49019599
54.24812698	2.49019599
54.25216675	2.49019599
54.25624847	2.49019599
54.25624847	2.49019599
54.26027679	2.49019599
54.26437378	2.49019599
54.26852798	2.49019599
54.26852798	2.49019599
54.27263260	2.49019599
54.27666092	2.50980401
54.28087997	2.50980401
54.28087997	2.50980401
54.28493500	2.50980401
54.28909683	2.49019599
54.29321671	2.39215684
54.29719925	1.98039210
54.30131149	1.49019611
54.30131149	1.03921568
54.30547333	0.84313726
54.30958557	0.84313726
54.31371307	0.82352942
54.31371307	0.82352942
54.31769562	0.82352942
54.32180023	0.80392158
54.32587051	0.84313726
54.32587051	0.80392158
54.32990265	0.84313726
54.33399582	0.82352942
54.33399582	0.82352942
54.33815002	0.84313726
54.34225464	0.84313726
54.34640884	0.86274511
54.34640884	0.84313726
54.35037231	1.17647064
54.35454941	2.01960778
54.35865402	3.01960778
54.35865402	3.78431368
54.36284256	4.33333349
54.36697006	4.72549009
54.37095261	4.98039198
54.37095261	4.98039198
54.37507248	4.98039198
54.37915802	4.98039198
54.37915802	4.98039198
54.38313293	4.98039198
54.38724518	4.98039198
54.39139938	4.98039198
54.39139938	4.98039198
54.39550400	4.98039198
54.39965439	4.98039198
54.40362167	4.96078444
54.40362167	4.94117641
54.40789795	4.90196085
54.41186905	4.84313726
54.41604996	4.74509811
54.42007828	4.68627453
54.42419052	4.62745094
54.42419052	4.54901981
54.42826080	4.49019623
54.43247223	4.45098019
54.43659210	4.39215708
54.43659210	4.33333349
54.44050980	4.27450991
54.44461441	4.21568632
54.44875717	4.17647076
54.44875717	4.11764717
54.45288086	4.07843161
54.45688629	4.01960802
54.46102905	3.92156863
54.46513367	3.88235283
54.46926498	3.84313726
54.46926498	3.80392146
54.47325134	3.76470590
54.47743988	3.72549009
54.48155975	3.68627453
54.48155975	3.64705873
54.48572159	3.62745094
54.48984146	3.58823538
54.49396133	3.54901958
54.49396133	3.52941179
54.49795151	3.49019599
54.50204086	3.45098042
54.50204086	3.43137264
54.50611877	3.41176462
54.51021576	3.37254906
54.51437759	3.35294127
54.51437759	3.31372547
54.51846313	3.29411769
54.52257538	3.27450991
54.52673721	3.23529410
54.52673721	3.21568632
54.53071213	3.17647052
54.53495407	3.15686274
54.53888702	3.11764717
54.54305649	3.09803915
54.54711914	3.07843137
54.54711914	3.05882359
54.55116653	3.03921580
54.55532074	3.00000000
54.55943298	2.98039222
54.55943298	2.96078420
54.56343079	2.96078420
54.56755829	2.94117641
54.57164001	2.92156863
54.57164001	2.90196085
54.57581711	2.88235283
54.57988739	2.88235283
54.58386993	2.84313726
54.58803940	2.84313726
54.59214401	2.82352948
54.59214401	2.82352948
54.59625626	2.80392146
54.60025406	2.80392146
54.60441589	2.78431368
54.60441589	2.78431368
54.60857010	2.76470590
54.61268997	2.76470590
54.61684036	2.74509811
54.61684036	2.74509811
54.62096405	2.72549009
54.62496185	2.72549009
54.62496185	2.72549009
54.62902451	2.70588231
54.63314438	2.70588231
54.63711929	2.68627453
54.63711929	2.68627453
54.64126968	2.68627453
54.64536667	2.66666675
54.64952850	2.66666675
54.64952850	2.66666675
54.65349197	2.66666675
54.65765381	2.64705873
54.66188049	2.60784316
54.66188049	2.45098042
54.66592026	2.23529410
54.67008972	1.82352936
54.67008972	1.09803927
54.67406464	0.82352942
54.67817688	0.82352942
54.68231201	0.80392158
54.68231201	0.80392158
54.68646622	0.82352942
54.69039917	0.84313726
54.69452667	0.86274511
54.69452667	0.84313726
54.69863129	0.82352942
54.70275116	0.88235295
54.70687866	0.86274511
54.71088791	1.31372547
54.71500778	2.43137264
54.71500778	3.50980401
54.71912766	4.29411745
54.72328949	4.84313726
54.72732925	4.98039198
54.72732925	4.98039198
54.73145676	4.98039198
54.73556900	4.98039198
54.73971558	4.98039198
54.73971558	4.98039198
54.74370193	4.98039198
54.74796295	4.98039198
54.75191879	4.98039198
54.75600052	4.98039198
54.76012802	4.98039198
54.76012802	4.98039198
54.76412582	4.98039198
54.76825333	4.98039198
54.77239990	4.98039198
54.77239990	4.98039198
54.77651978	4.96078444
54.78050232	4.92156839
54.78467941	4.86274529
54.78467941	4.82352924
54.78883362	4.76470566
54.79294586	4.70588255
54.79294586	4.64705896
54.79695129	4.58823538
54.80107880	4.52941179
54.80520248	4.47058821
54.80520248	4.41176462
54.80926514	4.35294104
54.81346512	4.29411745
54.81746292	4.23529434
54.81746292	4.19607830
54.82150269	4.13725471
54.82563019	4.09803915
54.82975388	4.00000000
54.83387375	3.94117641
54.83787918	3.90196085
54.83787918	3.86274505
54.84200668	3.82352948
54.84612656	3.78431368
54.85025024	3.74509811
54.85025024	3.70588231
54.85430527	3.66666675
54.85848999	3.62745094
54.86258698	3.58823538
54.86258698	3.54901958
54.86670685	3.52941179
54.87069702	3.49019599
54.87497330	3.41176462
54.87897110	3.37254906
54.88304138	3.35294127
54.88304138	3.31372547
54.88699722	3.29411769
54.89114380	3.27450991
54.89524841	3.23529410
54.89524841	3.21568632
54.89939880	3.17647052
54.90349579	3.15686274
54.90752029	3.11764717
54.90752029	3.09803915
54.91167068	3.07843137
54.91581726	3.05882359
54.91581726	3.01960778
54.91996384	3.00000000
54.92393494	2.98039222
54.92805481	2.96078420
54.92805481	2.94117641
54.93220901	2.94117641
54.93634796	2.92156863
54.94040298	2.90196085
54.94040298	2.88235283
54.94440842	2.88235283
54.94849396	2.86274505
54.95263290	2.86274505
54.95263290	2.84313726
54.95675278	2.84313726
54.96089172	2.84313726
54.96089172	2.82352948
54.96486282	2.82352948
54.96902466	2.80392146
54.97312164	2.80392146
54.97312164	2.78431368
54.97715759	2.78431368
54.98128891	2.72549009
54.98545074	2.52941179
54.98545074	2.17647052
54.98951340	1.52941179
54.99371338	0.82352942
54.99768829	0.82352942
55.00176620	0.80392158
55.00587845	0.80392158
55.00587845	0.80392158
55.01000214	0.84313726
55.01399994	0.84313726
55.01812744	0.84313726
55.01812744	0.86274511
55.02224731	1.11764705
55.02637482	2.05882359
55.03049850	2.84313726
55.03049850	3.41176462
55.03453445	3.82352948
55.03868866	4.11764717
55.04277802	4.47058821
55.04695511	4.56862736
55.05094528	4.60784292
55.05094528	4.62745094
55.05507278	4.64705896
55.05917740	4.62745094
55.06333923	4.58823538
55.06333923	4.54901981
55.06732178	4.50980377
55.07139969	4.47058821
55.07550430	4.41176462
55.07550430	4.35294104
55.07965088	4.31372547
55.08374405	4.25490189
55.08374405	4.19607830
55.08787537	4.15686274
55.09185410	4.11764717
55.09601593	4.05882359
55.09601593	4.01960802
55.10012054	3.96078420
55.10416031	3.92156863
55.10831451	3.88235283
55.10831451	3.84313726
55.11245728	3.80392146
55.11658859	3.76470590
55.12065887	3.68627453
55.12467957	3.64705873
55.12884140	3.60784316
55.12884140	3.58823538
55.13290405	3.54901958
55.13699341	3.50980401
55.14102554	3.49019599
55.14102554	3.45098042
55.14511871	3.43137264
55.14927292	3.39215684
55.15336990	3.37254906
55.15336990	3.35294127
55.15739059	3.33333325
55.16150284	3.31372547
55.16566467	3.25490189
55.16986847	3.23529410
55.17395401	3.21568632
55.17395401	3.19607854
55.17797089	3.17647052
55.18208313	3.15686274
55.18619537	3.13725495
55.18619537	3.11764717
55.19026566	3.09803915
55.19430542	3.07843137
55.19836044	3.05882359
55.19836044	3.05882359
55.20251465	3.03921580
55.20660782	3.01960778
55.20660782	3.00000000
55.21064758	2.98039222
55.21486664	2.96078420
55.21889877	2.94117641
55.21889877	2.92156863
55.22298431	2.90196085
55.22716141	2.90196085
55.23114395	2.86274505
55.23114395	2.84313726
55.23525620	2.82352948
55.23941040	2.80392146
55.24356461	2.78431368
55.24356461	2.78431368
55.24753571	2.76470590
55.25162506	2.74509811
55.25162506	2.74509811
55.25575256	2.72549009
55.25989914	2.72549009
55.26399231	2.72549009
55.26399231	2.70588231
55.26800156	2.70588231
55.27212143	2.70588231
55.27624893	2.70588231
55.27624893	2.68627453
55.28036880	2.68627453
55.28440857	2.68627453
55.28858566	2.66666675
55.29266739	2.66666675
55.29683685	2.64705873
55.29683685	2.64705873
55.30096436	2.64705873
55.30493927	2.62745094
55.30904007	2.62745094
55.30904007	2.62745094
55.31320190	2.62745094
55.31719971	2.62745094
55.32127380	2.62745094
55.32127380	2.60784316
55.32538605	2.60784316
55.32949829	2.60784316
55.33361816	2.60784316
55.33762360	2.60784316
55.34189987	2.60784316
55.34189987	2.60784316
55.34587479	2.60784316
55.35002518	2.58823538
55.35415649	2.58823538
55.35415649	2.58823538
55.35819244	2.58823538
55.36231613	2.58823538
55.36644363	2.56862736
55.36644363	2.56862736
55.37058640	2.56862736
55.37457657	2.56862736
55.37457657	2.56862736
55.37868118	2.56862736
55.38276291	2.56862736
55.38687515	2.54901958
55.38687515	2.54901958
55.39087296	2.50980401
55.39500046	2.03921580
55.39912033	1.21568632
55.39912033	0.84313726
55.40324783	0.86274511
55.40737152	1.19607842
55.41139221	1.92156863
55.41551208	2.15686274
55.41970825	2.33333325
55.41970825	2.45098042
55.42382813	2.52941179
55.42800522	2.58823538
55.43193054	2.62745094
55.43193054	2.68627453
55.43608475	2.72549009
55.44020462	2.74509811
55.44430923	2.76470590
55.44430923	2.78431368
55.44818115	2.80392146
55.45239258	2.80392146
55.45648956	2.80392146
55.46052170	2.82352948
55.46460724	2.82352948
55.46460724	2.82352948
55.46889114	2.82352948
55.47286606	2.82352948
55.47703552	2.82352948
55.47703552	2.82352948
55.48105621	2.82352948
55.48520279	2.80392146
55.48931503	2.80392146
55.48931503	2.78431368
55.49346161	2.76470590
55.49758148	2.74509811
55.49758148	2.72549009
55.50152206	2.68627453
55.50564194	2.66666675
55.50974655	2.62745094
55.50974655	2.60784316
55.51387405	2.58823538
55.51791382	2.56862736
55.52199936	2.54901958
55.52199936	2.52941179
55.52613068	2.52941179
55.53024292	2.52941179
55.53424072	2.52941179
55.53424072	2.52941179
55.53844070	2.52941179
55.54255295	2.52941179
55.54255295	2.52941179
55.54670715	2.52941179
55.55068207	2.54901958
55.55496597	2.54901958
55.55496597	2.54901958
55.55889893	2.54901958
55.56300354	2.52941179
55.56711578	2.52941179
55.56711578	2.50980401
55.57112122	2.49019599
55.57522583	2.49019599
55.57936859	2.49019599
55.58349991	2.49019599
55.58761978	2.49019599
55.58761978	2.49019599
55.59161758	2.49019599
55.59579468	2.49019599
55.59994888	2.49019599
55.59994888	2.49019599
55.60407639	2.47058821
55.60805130	2.47058821
55.61219406	2.47058821
55.61219406	2.47058821
55.61633301	2.47058821
55.62046814	2.47058821
55.62443542	2.49019599
55.62857056	2.49019599
55.63261795	2.49019599
55.63261795	2.49019599
55.63674545	2.50980401
55.64087677	2.50980401
55.64487457	2.50980401
55.64487457	2.50980401
55.64899445	2.50980401
55.65312195	2.50980401
55.65724182	2.50980401
55.65724182	2.50980401
55.66126633	2.50980401
55.66541672	2.50980401
55.66541672	2.50980401
55.66957855	2.50980401
55.67370224	2.50980401
55.67782974	2.50980401
55.67782974	2.50980401
55.68194962	2.50980401
55.68595505	2.50980401
55.69005203	2.50980401
55.69005203	2.50980401
55.69405746	2.50980401
55.69811249	2.47058821
55.70225906	2.09803915
55.70635223	1.92156863
55.71053314	1.58823526
55.71053314	1.03921568
55.71448135	0.84313726
55.71864319	0.84313726
55.72273636	0.84313726
55.72273636	0.84313726
55.72690582	0.84313726
55.73088837	0.84313726
55.73505783	0.84313726
55.73505783	0.84313726
55.73917770	0.84313726
55.74332428	1.27450979
55.74745941	2.41176462
55.75139236	2.78431368
55.75551224	3.03921580
55.75551224	3.23529410
55.75960922	3.37254906
55.76376343	3.47058821
55.76786041	3.52941179
55.76786041	3.56862736
55.77190781	3.58823538
55.77598572	3.58823538
55.78014755	3.58823538
55.78014755	3.58823538
55.78410339	3.56862736
55.78830719	3.54901958
55.78830719	3.52941179
55.79239273	3.50980401
55.79657364	3.47058821
55.80072403	3.45098042
55.80072403	3.43137264
55.80466461	3.41176462
55.80891800	3.37254906
55.81286621	3.35294127
55.81286621	3.33333325
55.81699371	3.31372547
55.82099152	3.27450991
55.82511139	3.25490189
55.82511139	3.23529410
55.82925034	3.21568632
55.83336258	3.19607854
55.83336258	3.17647052
55.83736801	3.15686274
55.84148788	3.13725495
55.84565735	3.11764717
55.84565735	3.09803915
55.84982681	3.07843137
55.85395813	3.05882359
55.85795593	3.03921580
55.85795593	3.01960778
55.86207581	3.01960778
55.86618042	3.00000000
55.87032318	2.96078420
55.87431335	2.96078420
55.87841797	2.94117641
55.87841797	2.92156863
55.88251495	2.92156863
55.88662720	2.90196085
55.89073944	2.88235283
55.89073944	2.88235283
55.89487457	2.86274505
55.89886475	2.86274505
55.90299606	2.84313726
55.90299606	2.82352948
55.90711594	2.82352948
55.91115189	2.80392146
55.91527557	2.78431368
55.91945267	2.76470590
55.92355728	2.76470590
55.92355728	2.74509811
55.92757797	2.72549009
55.93169785	2.72549009
55.93595886	2.70588231
55.93595886	2.70588231
55.93994904	2.68627453
55.94388199	2.68627453
55.94798660	2.66666675
55.94798660	2.66666675
55.95212173	2.66666675
55.95624161	2.66666675
55.95624161	2.64705873
55.96037292	2.64705873
55.96435928	2.64705873
55.96852112	2.62745094
55.96852112	2.62745094
55.97261810	2.60784316
55.97677994	2.60784316
55.98089218	2.60784316
55.98089218	2.58823538
55.98491287	2.58823538
55.98905945	2.58823538
55.99319839	2.56862736
55.99732590	2.56862736
56.00128174	2.56862736
56.00128174	2.56862736
56.00540161	2.56862736
56.00948334	2.56862736
56.01362610	2.56862736
56.01362610	2.56862736
56.01760101	2.56862736
56.02188492	2.56862736
56.02584839	2.54901958
56.02584839	2.54901958
56.03001785	2.54901958
56.03410721	2.54901958
56.03814697	2.54901958
56.04230118	2.54901958
56.04644394	2.54901958
56.04644394	2.54901958
56.05058289	2.54901958
56.05455399	2.54901958
56.05865860	2.54901958
56.05865860	2.54901958
56.06276321	2.52941179
56.06687546	2.52941179
56.07098770	2.52941179
56.07098770	2.52941179
56.07498550	2.52941179
56.07912064	2.47058821
56.07912064	2.35294127
56.08324432	2.33333325
56.08737946	2.29411769
56.09136963	2.13725495
56.09136963	1.80392158
56.09550476	1.33333337
56.09970093	1.19607842
56.10382843	1.49019611
56.10382843	1.80392158
56.10794830	2.01960778
56.11192322	2.19607854
56.11605072	2.31372547
56.11605072	2.41176462
56.12020493	2.49019599
56.12432480	2.52941179
56.12432480	2.56862736
56.12829208	2.60784316
56.13245392	2.62745094
56.13658905	2.62745094
56.13658905	2.64705873
56.14071655	2.64705873
56.14469147	2.64705873
56.14893341	2.64705873
56.14893341	2.64705873
56.15295029	2.66666675
56.15707779	2.64705873
56.16119766	2.64705873
56.16510391	2.64705873
56.16925812	2.64705873
56.16925812	2.64705873
56.17335510	2.64705873
56.17752457	2.64705873
56.18148041	2.64705873
56.18148041	2.62745094
56.18566895	2.62745094
56.18980408	2.62745094
56.19387436	2.62745094
56.19387436	2.62745094
56.19786453	2.62745094
56.20198441	2.60784316
56.20611572	2.60784316
56.21025085	2.60784316
56.21437073	2.60784316
56.21437073	2.60784316
56.21836853	2.60784316
56.22249222	2.60784316
56.22663498	2.60784316
56.22663498	2.58823538
56.23078156	2.58823538
56.23488617	2.58823538
56.23892212	2.58823538
56.23892212	2.58823538
56.24305344	2.58823538
56.24719620	2.58823538
56.24719620	2.58823538
56.25119400	2.58823538
56.25526810	2.58823538
56.25936127	2.58823538
56.25936127	2.56862736
56.26351547	2.56862736
56.26760483	2.56862736
56.27164078	2.56862736
56.27164078	2.56862736
56.27573776	2.56862736
56.27989960	2.56862736
56.28398132	2.56862736
56.28802490	2.56862736
56.29210663	2.54901958
56.29210663	2.54901958
56.29631805	2.54901958
56.30045319	2.54901958
56.30456543	2.52941179
56.30456543	2.52941179
56.30858994	2.50980401
56.31263351	2.49019599
56.31673813	2.47058821
56.31673813	2.47058821
56.32085037	2.45098042
56.32486725	2.45098042
56.32899475	2.45098042
56.33311462	2.45098042
56.33723450	2.45098042
56.33723450	2.45098042
56.34123230	2.45098042
56.34537888	2.43137264
56.34953308	2.43137264
56.34953308	2.45098042
56.35370255	2.47058821
56.35782242	2.49019599
56.36193466	2.50980401
56.36193466	2.52941179
56.36592484	2.52941179
56.37003708	2.54901958
56.37003708	2.54901958
56.37417221	2.54901958
56.37815475	2.54901958
56.38222504	2.54901958
56.38222504	2.49019599
56.38637161	2.29411769
56.39047623	1.72549021
56.39463806	0.94117647
56.39463806	0.84313726
56.39860153	0.84313726
56.40276337	0.84313726
56.40685272	0.82352942
56.40685272	0.84313726
56.41102219	0.82352942
56.41498566	0.84313726
56.41498566	0.80392158
56.41915512	0.82352942
56.42332458	0.84313726
56.42744446	0.84313726
56.42744446	1.09803927
56.43141174	1.84313726
56.43554688	2.54901958
56.43970871	3.07843137
56.43970871	3.45098042
56.44376373	3.72549009
56.44786835	3.92156863
56.45185852	4.15686274
56.45598602	4.21568632
56.46012497	4.25490189
56.46012497	4.25490189
56.46423721	4.27450991
56.46824265	4.25490189
56.47236252	4.23529434
56.47236252	4.21568632
56.47652435	4.17647076
56.48063660	4.13725471
56.48481369	4.09803915
56.48481369	4.05882359
56.48894501	4.01960802
56.49289322	3.98039222
56.49707031	3.90196085
56.50119781	3.86274505
56.50514603	3.82352948
56.50514603	3.78431368
56.50922012	3.74509811
56.51336288	3.70588231
56.51748276	3.66666675
56.51748276	3.60784316
56.52148056	3.54901958
56.52561951	3.50980401
56.52973938	3.47058821
56.52973938	3.43137264
56.53385162	3.39215684
56.53802109	3.35294127
56.53802109	3.33333325
56.54202652	3.29411769
56.54617310	3.25490189
56.55030060	3.23529410
56.55030060	3.19607854
56.55442047	3.17647052
56.55839539	3.15686274
56.56249237	3.15686274
56.56249237	3.13725495
56.56662750	3.11764717
56.57072449	3.09803915
56.57487869	3.07843137
56.57884979	3.05882359
56.58300400	3.01960778
56.58300400	3.00000000
56.58710098	3.00000000
56.59126282	2.98039222
56.59523392	2.96078420
56.59523392	2.94117641
56.59940338	2.92156863
56.60357285	2.90196085
56.60769653	2.90196085
56.60769653	2.88235283
56.61166000	2.86274505
56.61594391	2.86274505
56.61994934	2.82352948
56.62406921	2.82352948
56.62819290	2.82352948
56.62819290	2.80392146
56.63217163	2.80392146
56.63632584	2.80392146
56.64044571	2.78431368
56.64044571	2.78431368
56.64445114	2.76470590
56.64855576	2.76470590
56.65267563	2.76470590
56.65267563	2.74509811
56.65685654	2.74509811
56.66094208	2.74509811
56.66094208	2.74509811
56.66493225	2.72549009
56.66905212	2.72549009
56.67320633	2.72549009
56.67320633	2.70588231
56.67736053	2.70588231
56.68130875	2.70588231
56.68542862	2.68627453
56.68542862	2.68627453
56.68957520	2.68627453
56.69365311	2.66666675
56.69772339	2.66666675
56.69772339	2.66666675
56.70190430	2.64705873
56.70591736	2.64705873
56.70591736	2.64705873
56.71007919	2.64705873
56.71419144	2.62745094
56.71831894	2.62745094
56.71831894	2.62745094
56.72230911	2.62745094
56.72643661	2.62745094
56.73056793	2.62745094
56.73056793	2.60784316
56.73455429	2.35294127
56.73865891	2.03921580
56.74291992	1.50980389
56.74693298	1.13725495
56.75107193	0.84313726
56.75107193	0.82352942
56.75510025	0.84313726
56.75920486	0.84313726
56.76331711	0.80392158
56.76331711	0.80392158
56.76742935	0.84313726
56.77143478	0.84313726
56.77556610	0.84313726
56.77556610	0.84313726
56.77970123	0.84313726
56.78381348	1.39215684
56.78792572	3.13725495
56.79206467	3.66666675
56.79611969	4.03921556
56.79611969	4.31372547
56.80019760	4.50980377
56.80430984	4.62745094
56.80844879	4.70588255
56.80844879	4.74509811
56.81248856	4.76470566
56.81649399	4.76470566
56.82060623	4.74509811
56.82060623	4.70588255
56.82467651	4.66666651
56.82894516	4.62745094
56.82894516	4.58823538
56.83292389	4.52941179
56.83706284	4.49019623
56.84119034	4.43137264
56.84119034	4.39215708
56.84516525	4.35294104
56.84929276	4.31372547
56.85342026	4.25490189
56.85342026	4.21568632
56.85756683	4.15686274
56.86156464	4.09803915
56.86566925	3.96078420
56.86981583	3.88235283
56.87397766	3.82352948
56.87397766	3.76470590
56.87794113	3.70588231
56.88210297	3.66666675
56.88618851	3.60784316
56.88618851	3.56862736
56.89030075	3.52941179
56.89443970	3.49019599
56.89860153	3.45098042
56.89860153	3.43137264
56.90258408	3.39215684
56.90660477	3.37254906
56.91075897	3.31372547
56.91485214	3.27450991
56.91888428	3.25490189
56.91888428	3.23529410
56.92297363	3.21568632
56.92715073	3.19607854
56.93131256	3.17647052
56.93131256	3.15686274
56.93529129	3.13725495
56.93943787	3.11764717
56.94350815	3.09803915
56.94350815	3.07843137
56.94762039	3.05882359
56.95172501	3.03921580
56.95172501	3.01960778
56.95587158	3.00000000
56.95986938	2.98039222
56.96398163	2.96078420
56.96398163	2.94117641
56.96797943	2.94117641
56.97210693	2.92156863
56.97624588	2.90196085
56.97624588	2.88235283
56.98040771	2.88235283
56.98456955	2.88235283
56.98868942	2.88235283
56.98868942	2.90196085
56.99262238	2.90196085
56.99681473	2.90196085
56.99681473	2.92156863
57.00093460	2.92156863
57.00487518	2.92156863
57.00897217	2.94117641
57.00897217	2.94117641
57.01310730	2.92156863
57.01723099	2.92156863
57.02135849	2.92156863
57.02135849	2.92156863
57.02534866	2.92156863
57.02948380	2.90196085
57.03359604	2.88235283
57.03776550	2.86274505
57.04202652	2.86274505
57.04202652	2.86274505
57.04591751	2.84313726
57.05003738	2.84313726
57.05418396	2.82352948
57.05418396	2.82352948
57.05818939	2.80392146
57.06227875	2.80392146
57.06639099	2.78431368
57.06639099	2.78431368
57.07046890	2.76470590
57.07462311	2.76470590
57.07860565	2.74509811
57.08273315	2.74509811
57.08685303	2.72549009
57.08685303	2.70588231
57.09100723	2.68627453
57.09500504	2.39215684
57.09914017	1.94117641
57.09914017	1.56862748
57.10329437	1.31372547
57.10744095	1.05882359
57.11150360	0.84313726
57.11150360	0.84313726
57.11553192	0.84313726
57.11968613	0.82352942
57.11968613	0.84313726
57.12378311	0.82352942
57.12789536	0.86274511
57.13184357	1.25490201
57.13184357	1.88235295
57.13599777	2.37254906
57.14009476	2.72549009
57.14424515	3.00000000
57.14424515	3.19607854
57.14822006	3.33333325
57.15237427	3.41176462
57.15646744	3.49019599
57.16063690	3.50980401
57.16481781	3.52941179
57.16481781	3.52941179
57.16894531	3.50980401
57.17291641	3.50980401
57.17704773	3.49019599
57.17704773	3.47058821
57.18118286	3.45098042
57.18518066	3.43137264
57.18929291	3.41176462
57.18929291	3.37254906
57.19341278	3.35294127
57.19750977	3.31372547
57.20159912	3.25490189
57.20561981	3.23529410
57.20984650	3.21568632
57.20984650	3.19607854
57.21388626	3.17647052
57.21796799	3.13725495
57.22199631	3.11764717
57.22199631	3.09803915
57.22610855	3.07843137
57.23026276	3.05882359
57.23439789	3.05882359
57.23439789	3.03921580
57.23842239	3.01960778
57.24248505	3.00000000
57.24248505	2.98039222
57.24666214	2.98039222
57.25082397	2.96078420
57.25487137	2.94117641
57.25487137	2.94117641
57.25889206	2.92156863
57.26298141	2.92156863
57.26711655	2.90196085
57.26711655	2.88235283
57.27121353	2.88235283
57.27528381	2.86274505
57.27933884	2.86274505
57.27933884	2.84313726
57.28350067	2.84313726
57.28759003	2.82352948
57.28759003	2.82352948
57.29166794	2.80392146
57.29593658	2.80392146
57.29991913	2.80392146
57.29991913	2.78431368
57.30403137	2.78431368
57.30818558	2.76470590
57.31217575	2.76470590
57.31217575	2.76470590
57.31623840	2.74509811
57.32035828	2.72549009
57.32447815	2.70588231
57.32848358	2.70588231
57.33260345	2.68627453
57.33260345	2.68627453
57.33672714	2.68627453
57.34085464	2.66666675
57.34500122	2.66666675
57.34500122	2.66666675
57.34902191	2.66666675
57.35319138	2.64705873
57.35728836	2.64705873
57.35728836	2.62745094
57.36146545	2.60784316
57.36556244	2.60784316
57.36952591	2.58823538
57.37368011	2.58823538
57.37775803	2.58823538
57.37775803	2.58823538
57.38183975	2.58823538
57.38586807	2.58823538
57.38996506	2.58823538
57.38996506	2.58823538
57.39413452	2.58823538
57.39821625	2.58823538
57.40225220	2.56862736
57.40225220	2.56862736
57.40634155	2.56862736
57.41051865	2.56862736
57.41051865	2.56862736
57.41466522	2.56862736
57.41859818	2.56862736
57.42293930	2.56862736
57.42293930	2.56862736
57.42691803	2.56862736
57.43105698	2.56862736
57.43518448	2.56862736
57.43518448	2.56862736
57.43915939	2.56862736
57.44329453	2.56862736
57.44744110	2.56862736
57.45156860	2.56862736
57.45555878	2.56862736
57.45555878	2.56862736
57.45967102	2.54901958
57.46380615	2.54901958
57.46795273	2.52941179
57.46795273	2.52941179
57.47194290	2.27450991
57.47597122	1.56862748
57.48010254	0.84313726
57.48010254	0.82352942
57.48423767	0.84313726
57.48834991	0.84313726
57.49234009	1.09803927
57.49650955	1.62745094
57.50067139	2.03921580
57.50067139	2.35294127
57.50472641	2.58823538
57.50891495	2.76470590
57.51284409	2.88235283
57.51284409	2.98039222
57.51699066	3.03921580
57.52108765	3.09803915
57.52529526	3.11764717
57.52529526	3.13725495
57.52922058	3.15686274
57.53336716	3.15686274
57.53336716	3.15686274
57.53746414	3.15686274
57.54167938	3.15686274
57.54566193	3.13725495
57.54566193	3.11764717
57.54993820	3.11764717
57.55391312	3.09803915
57.55806351	3.09803915
57.55806351	3.07843137
57.56203842	3.05882359
57.56611633	3.03921580
57.57022095	3.01960778
57.57022095	3.01960778
57.57435989	3.00000000
57.57847977	2.98039222
57.57847977	2.96078420
57.58247757	2.94117641
57.58659744	2.94117641
57.59072495	2.92156863
57.59072495	2.90196085
57.59487152	2.90196085
57.59890366	2.88235283
57.60302353	2.86274505
57.60302353	2.86274505
57.60715866	2.84313726
57.61136246	2.84313726
57.61543274	2.82352948
57.61940765	2.80392146
57.62355042	2.80392146
57.62355042	2.78431368
57.62768936	2.78431368
57.63171768	2.76470590
57.63585663	2.76470590
57.63585663	2.74509811
57.63984680	2.74509811
57.64398193	2.74509811
57.64809418	2.72549009
57.64809418	2.72549009
57.65211105	2.72549009
57.65622330	2.70588231
57.66038513	2.68627453
57.66451263	2.68627453
57.66868210	2.68627453
57.66868210	2.66666675
57.67265320	2.66666675
57.67680740	2.66666675
57.68093872	2.64705873
57.68093872	2.64705873
57.68492508	2.64705873
57.68902969	2.64705873
57.69314957	2.62745094
57.69314957	2.62745094
57.69723892	2.62745094
57.70135117	2.58823538
57.70135117	2.56862736
57.70534897	2.56862736
57.70948792	2.54901958
57.71360016	2.54901958
57.71360016	2.52941179
57.71772003	2.52941179
57.72184753	2.52941179
57.72583771	2.52941179
57.72583771	2.50980401
57.73000717	2.50980401
57.73418427	2.50980401
57.73830414	2.50980401
57.74227142	2.50980401
57.74639893	2.50980401
57.74639893	2.50980401
57.75053787	2.50980401
57.75468826	2.50980401
57.75873566	2.50980401
57.75873566	2.50980401
57.76284027	2.50980401
57.76686096	2.50980401
57.77096558	2.50980401
57.77096558	2.45098042
57.77510452	2.01960778
57.77910233	1.45098042
57.78322220	0.84313726
57.78734970	0.84313726
57.79153824	0.82352942
57.79153824	0.82352942
57.79553604	0.82352942
57.79965591	0.84313726
57.80393219	0.80392158
57.80393219	0.84313726
57.80793762	0.82352942
57.81192017	0.82352942
57.81599045	0.84313726
57.81599045	0.84313726
57.82006836	0.84313726
57.82416534	0.84313726
57.82416534	1.23529410
57.82836914	2.17647052
57.83234024	3.15686274
57.83648682	3.88235283
57.83648682	4.39215708
57.84059906	4.74509811
57.84475327	4.98039198
57.84886551	4.98039198
57.84886551	4.98039198
57.85287857	4.98039198
57.85705566	4.98039198
57.86118698	4.98039198
57.86118698	4.98039198
57.86530685	4.98039198
57.86929703	4.98039198
57.86929703	4.98039198
57.87341690	4.98039198
57.87754440	4.98039198
57.88155746	4.96078444
57.88155746	4.92156839
57.88559723	4.88235283
57.88983154	4.82352924
57.89385605	4.78431368
57.89385605	4.72549009
57.89796829	4.66666651
57.90209579	4.60784292
57.90609360	4.49019623
57.91024780	4.43137264
57.91441727	4.37254906
57.91441727	4.31372547
57.91856384	4.27450991
57.92253494	4.21568632
57.92668152	4.15686274
57.92668152	4.11764717
57.93078613	4.05882359
57.93492889	4.01960802
57.93904877	3.96078420
57.93904877	3.92156863
57.94305801	3.88235283
57.94713593	3.82352948
57.95119095	3.74509811
57.95530319	3.70588231
57.95943069	3.66666675
57.95943069	3.62745094
57.96352005	3.58823538
57.96759796	3.54901958
57.97179413	3.52941179
57.97179413	3.49019599
57.97594833	3.45098042
57.97992706	3.43137264
57.98399353	3.39215684
57.98399353	3.37254906
57.98803711	3.33333325
57.99222565	3.31372547
57.99222565	3.29411769
57.99621582	3.27450991
58.00038528	3.25490189
58.00453568	3.21568632
58.00453568	3.19607854
58.00848770	3.17647052
58.01259995	3.15686274
58.01686478	3.13725495
58.01686478	3.11764717
58.02083206	3.09803915
58.02498627	3.07843137
58.02897263	3.03921580
58.03311157	3.01960778
58.03720856	3.01960778
58.03720856	3.00000000
58.04137802	2.98039222
58.04536438	2.96078420
58.04954529	2.96078420
58.04954529	2.94117641
58.05367279	2.92156863
58.05781174	2.92156863
58.06193161	2.90196085
58.06193161	2.90196085
58.06586456	2.90196085
58.06999207	2.88235283
58.07408905	2.86274505
58.07823944	2.86274505
58.08233643	2.84313726
58.08233643	2.84313726
58.08636856	2.82352948
58.09045410	2.80392146
58.09463120	2.80392146
58.09463120	2.78431368
58.09858322	2.78431368
58.10293961	2.76470590
58.10690308	2.76470590
58.10690308	2.74509811
58.11105728	2.74509811
58.11516953	2.74509811
58.11516953	2.72549009
58.11915970	2.72549009
58.12329865	2.70588231
58.12735367	2.70588231
58.12735367	2.70588231
58.13144684	2.68627453
58.13547134	2.66666675
58.13959122	2.47058821
58.13959122	2.25490189
58.14372635	2.15686274
58.14785004	1.96078432
58.15196991	1.66666663
58.15196991	1.23529410
58.15596771	0.84313726
58.16011047	0.84313726
58.16011047	0.84313726
58.16424942	0.84313726
58.16842651	0.84313726
58.17243195	0.84313726
58.17243195	0.82352942
58.17653656	0.96078432
58.18067169	1.62745094
58.18480301	2.17647052
58.18480301	2.58823538
58.18888092	2.88235283
58.19283676	3.09803915
58.19699097	3.37254906
58.20108795	3.45098042
58.20522308	3.49019599
58.20522308	3.52941179
58.20922089	3.52941179
58.21334457	3.52941179
58.21747208	3.52941179
58.21747208	3.50980401
58.22162628	3.50980401
58.22561646	3.49019599
58.22990799	3.47058821
58.22990799	3.43137264
58.23389053	3.41176462
58.23802567	3.39215684
58.24209595	3.33333325
58.24610138	3.31372547
58.25027466	3.29411769
58.25027466	3.27450991
58.25441742	3.25490189
58.25848770	3.23529410
58.26246262	3.21568632
58.26246262	3.19607854
58.26661682	3.17647052
58.27070999	3.15686274
58.27487183	3.13725495
58.27487183	3.11764717
58.27884674	3.09803915
58.28298187	3.07843137
58.28298187	3.05882359
58.28708649	3.03921580
58.29125595	3.01960778
58.29538727	3.00000000
58.29538727	3.00000000
58.29941559	2.98039222
58.30353546	2.96078420
58.30768204	2.94117641
58.30768204	2.94117641
58.31179428	2.90196085
58.31586456	2.88235283
58.31987381	2.82352948
58.32395172	2.80392146
58.32811356	2.78431368
58.32811356	2.76470590
58.33207703	2.76470590
58.33623886	2.74509811
58.34032822	2.72549009
58.34032822	2.72549009
58.34449768	2.70588231
58.34858322	2.70588231
58.35263824	2.68627453
58.35263824	2.66666675
58.35692596	2.64705873
58.36089706	2.64705873
58.36502457	2.60784316
58.36901474	2.58823538
58.37312698	2.58823538
58.37312698	2.56862736
58.37723923	2.56862736
58.38134384	2.56862736
58.38546371	2.56862736
58.38546371	2.58823538
58.38946152	2.60784316
58.39360046	2.62745094
58.39771271	2.64705873
58.39771271	2.64705873
58.40184021	2.64705873
58.40596008	2.64705873
58.40596008	2.64705873
58.41000748	2.64705873
58.41416931	2.62745094
58.41827393	2.62745094
58.41827393	2.62745094
58.42228699	2.62745094
58.42638397	2.62745094
58.43053055	2.62745094
58.43053055	2.62745094
58.43467331	2.62745094
58.43862152	2.62745094
58.44284058	2.62745094
58.44284058	2.64705873
58.44683838	2.64705873
58.45096207	2.64705873
58.45096207	2.64705873
58.45508957	2.64705873
58.45909500	2.62745094
58.46321487	2.62745094
58.46321487	2.62745094
58.46733475	2.62745094
58.47149658	2.62745094
58.47565079	2.60784316
58.47565079	2.60784316
58.47967148	2.60784316
58.48378754	2.60784316
58.48792267	2.58823538
58.49203491	2.52941179
58.49603271	2.05882359
58.49603271	1.49019611
58.50017929	0.96078432
58.50429916	0.84313726
58.50836182	0.84313726
58.50836182	0.84313726
58.51234436	0.82352942
58.51646423	0.84313726
58.52058411	0.82352942
58.52058411	0.84313726
58.52471161	0.84313726
58.52885056	1.23529410
58.53284073	2.50980401
58.53696060	2.90196085
58.54113770	3.19607854
58.54113770	3.41176462
58.54527664	3.56862736
58.54927444	3.66666675
58.55340195	3.74509811
58.55340195	3.78431368
58.55752945	3.80392146
58.56167603	3.82352948
58.56581116	3.82352948
58.56581116	3.80392146
58.56984329	3.78431368
58.57378387	3.76470590
58.57378387	3.74509811
58.57797623	3.70588231
58.58208084	3.64705873
58.58610535	3.60784316
58.58610535	3.56862736
58.59020615	3.52941179
58.59436035	3.49019599
58.59845734	3.45098042
58.59845734	3.43137264
58.60250473	3.39215684
58.60663986	3.35294127
58.61076355	3.29411769
58.61490631	3.25490189
58.61902618	3.23529410
58.61902618	3.19607854
58.62300110	3.17647052
58.62711334	3.15686274
58.63121796	3.13725495
58.63121796	3.11764717
58.63533783	3.09803915
58.63933563	3.07843137
58.64347076	3.05882359
58.64347076	3.03921580
58.64759445	3.01960778
58.65171432	3.01960778
58.65583420	2.98039222
58.65986633	2.96078420
58.66400146	2.96078420
58.66400146	2.94117641
58.66817856	2.92156863
58.67216873	2.92156863
58.67626572	2.90196085
58.67626572	2.90196085
58.68039322	2.88235283
58.68454742	2.88235283
58.68861008	2.86274505
58.68861008	2.86274505
58.69260788	2.84313726
58.69684219	2.82352948
58.69684219	2.82352948
58.70083237	2.80392146
58.70495987	2.80392146
58.70913315	2.80392146
58.70913315	2.78431368
58.71309662	2.78431368
58.71721649	2.76470590
58.72137070	2.76470590
58.72137070	2.76470590
58.72548294	2.74509811
58.72952271	2.74509811
58.73364258	2.74509811
58.73364258	2.72549009
58.73779678	2.72549009
58.74198914	2.72549009
58.74198914	2.70588231
58.74592209	2.70588231
58.75003433	2.68627453
58.75416183	2.68627453
58.75416183	2.68627453
58.75823593	2.66666675
58.76234818	2.66666675
58.76634598	2.66666675
58.76634598	2.66666675
58.77048111	2.64705873
58.77457809	2.64705873
58.77873230	2.62745094
58.78283310	2.60784316
58.78684235	2.60784316
58.78684235	2.60784316
58.79096985	2.58823538
58.79511261	2.58823538
58.79929352	2.58823538
58.79929352	2.58823538
58.80326462	2.58823538
58.80741882	2.56862736
58.81153870	2.56862736
58.81153870	2.56862736
58.81567001	2.56862736
58.81959152	2.54901958
58.82382584	2.52941179
58.82786560	2.50980401
58.83196259	2.49019599
58.83196259	2.49019599
58.83596039	2.45098042
58.84008026	2.41176462
58.84421921	2.37254906
58.84421921	2.39215684
58.84833145	2.41176462
58.85250854	2.19607854
58.85655594	1.56862748
58.85655594	0.90196079
58.86067581	0.84313726
58.86480331	0.84313726
58.86480331	0.84313726
58.86892319	0.84313726
58.87289047	0.84313726
58.87695313	0.82352942
58.87695313	1.07843137
58.88109589	1.72549021
58.88520050	2.21568632
58.88941956	2.56862736
58.88941956	2.84313726
58.89342499	3.03921580
58.89755630	3.17647052
58.90166092	3.33333325
58.90578842	3.37254906
58.90995789	3.39215684
58.90995789	3.41176462
58.91396332	3.41176462
58.91803360	3.39215684
58.92217255	3.39215684
58.92217255	3.37254906
58.92626190	3.35294127
58.93033981	3.33333325
58.93443680	3.33333325
58.93443680	3.31372547
58.93852997	3.29411769
58.94262695	3.27450991
58.94675827	3.23529410
58.95082855	3.21568632
58.95495605	3.21568632
58.95495605	3.19607854
58.95905304	3.17647052
58.96307373	3.15686274
58.96722794	3.13725495
58.96722794	3.13725495
58.97133255	3.11764717
58.97559357	3.07843137
58.97960663	3.05882359
58.97960663	3.01960778
58.98358154	2.98039222
58.98772430	2.94117641
58.98772430	2.88235283
58.99184418	2.82352948
58.99597549	2.78431368
58.99995422	2.76470590
58.99995422	2.76470590
59.00410080	2.72549009
59.00820541	2.70588231
59.01233292	2.68627453
59.01233292	2.66666675
59.01630783	2.66666675
59.02041245	2.66666675
59.02453232	2.64705873
59.02453232	2.64705873
59.02866745	2.64705873
59.03282928	2.64705873
59.03282928	2.62745094
59.03692627	2.60784316
59.04084015	2.60784316
59.04498672	2.60784316
59.04498672	2.60784316
59.04908371	2.58823538
59.05311966	2.58823538
59.05720901	2.58823538
59.05720901	2.58823538
59.06137848	2.56862736
59.06554794	2.56862736
59.06948090	2.56862736
59.07359314	2.56862736
59.07773972	2.56862736
59.07773972	2.56862736
59.08183289	2.56862736
59.08584213	2.54901958
59.08996201	2.54901958
59.08996201	2.54901958
59.09409714	2.54901958
59.09820938	2.54901958
59.10232925	2.54901958
59.10232925	2.54901958
59.10638428	2.54901958
59.11048126	2.54901958
59.11464310	2.54901958
59.11879730	2.54901958
59.12291718	2.54901958
59.12291718	2.54901958
59.12689972	2.54901958
59.13097000	2.54901958
59.13502502	2.52941179
59.13502502	2.54901958
59.13909531	2.52941179
59.14319992	2.52941179
59.14735413	2.31372547
59.14735413	1.78431368
59.15145111	0.94117647
59.15560532	0.82352942
59.15560532	0.82352942
59.15959167	0.80392158
59.16386795	0.82352942
59.16791534	0.82352942
59.16791534	0.84313726
59.17204666	0.82352942
59.17596054	0.82352942
59.18012238	0.82352942
59.18012238	0.84313726
59.18427658	0.88235295
59.18835449	0.84313726
59.19247437	0.82352942
59.19645691	0.82352942
59.20059204	0.88235295
59.20059204	0.88235295
59.20469666	1.33333337
59.20882034	1.94117641
59.21295547	2.70588231
59.21295547	3.62745094
59.21696091	4.58823538
59.22107315	4.98039198
59.22525024	4.98039198
59.22525024	4.98039198
59.22928238	4.98039198
59.23340225	4.98039198
59.23750687	4.98039198
59.24166870	4.98039198
59.24578857	4.98039198
59.24578857	4.98039198
59.24985123	4.98039198
59.25389099	4.98039198
59.25801086	4.98039198
59.25801086	4.98039198
59.26207352	4.98039198
59.26607895	4.98039198
59.27029800	4.98039198
59.27029800	4.98039198
59.27433014	4.98039198
59.27852631	4.98039198
59.27852631	4.98039198
59.28243256	4.98039198
59.28660202	4.98039198
59.29081345	4.98039198
59.29081345	4.94117641
59.29496765	4.90196085
59.29900360	4.86274529
59.30310822	4.80392170
59.30310822	4.74509811
59.30711365	4.68627453
59.31127548	4.62745094
59.31536484	4.56862736
59.31536484	4.50980377
59.31935501	4.45098019
59.32347488	4.37254906
59.32347488	4.27450991
59.32761002	4.19607830
59.33169174	4.11764717
59.33581924	4.03921556
59.33581924	3.98039222
59.33980942	3.94117641
59.34396362	3.88235283
59.34805679	3.84313726
59.34805679	3.80392146
59.35218811	3.76470590
59.35625839	3.72549009
59.36037064	3.66666675
59.36449051	3.62745094
59.36863708	3.58823538
59.36863708	3.56862736
59.37276459	3.54901958
59.37691879	3.50980401
59.38084412	3.49019599
59.38084412	3.47058821
59.38494492	3.45098042
59.38909149	3.41176462
59.39308167	3.39215684
59.39308167	3.35294127
59.39724350	3.33333325
59.40132904	3.31372547
59.40546036	3.27450991
59.40946579	3.25490189
59.41363525	3.23529410
59.41363525	3.23529410
59.41777039	3.21568632
59.42190933	3.19607854
59.42597198	3.17647052
59.42597198	3.15686274
59.43004227	3.13725495
59.43412399	3.11764717
59.43822861	3.09803915
59.43822861	3.09803915
59.44235611	3.07843137
59.44644547	3.05882359
59.44644547	3.03921580
59.45047379	3.03921580
59.45457077	3.01960778
59.45870590	3.00000000
59.45870590	3.00000000
59.46281815	2.98039222
59.46685028	2.96078420
59.47094727	2.96078420
59.47094727	2.94117641
59.47511673	2.94117641
59.47929382	2.92156863
59.48329163	2.90196085
59.48740387	2.88235283
59.49152374	2.88235283
59.49152374	2.86274505
59.49566269	2.86274505
59.49960327	2.84313726
59.50382996	2.84313726
59.50382996	2.82352948
59.50782776	2.80392146
59.51195526	2.80392146
59.51607513	2.78431368
59.51607513	2.78431368
59.52008057	2.76470590
59.52420425	2.74509811
59.52838135	2.68627453
59.53245163	2.66666675
59.53661346	2.60784316
59.53661346	2.56862736
59.54066086	2.50980401
59.54479599	2.39215684
59.54890823	2.09803915
59.54890823	1.54901958
59.55289841	0.84313726
59.55701065	0.82352942
59.56112289	0.82352942
59.56112289	0.84313726
59.56528473	0.84313726
59.56934738	0.84313726
59.56934738	0.84313726
59.57332993	1.11764705
59.57746506	1.72549021
59.58158875	2.21568632
59.58158875	2.58823538
59.58570862	2.84313726
59.58982849	3.03921580
59.59384918	3.17647052
59.59384918	3.27450991
59.59796143	3.35294127
59.60214996	3.39215684
59.60622787	3.41176462
59.60622787	3.41176462
59.61027527	3.41176462
59.61433792	3.41176462
59.61433792	3.41176462
59.61852646	3.39215684
59.62266922	3.37254906
59.62665939	3.35294127
59.62665939	3.33333325
59.63083649	3.31372547
59.63481903	3.29411769
59.63894653	3.27450991
59.63894653	3.25490189
59.64295197	3.23529410
59.64707565	3.21568632
59.65120316	3.17647052
59.65532303	3.17647052
59.65943527	3.15686274
59.65943527	3.13725495
59.66349030	3.11764717
59.66769409	3.09803915
59.67177963	3.09803915
59.67177963	3.07843137
59.67587662	3.07843137
59.67988968	3.03921580
59.68401337	3.00000000
59.68401337	2.96078420
59.68809128	2.94117641
59.69226837	2.90196085
59.69632339	2.88235283
59.70034790	2.86274505
59.70444107	2.84313726
59.70444107	2.84313726
59.70873642	2.82352948
59.71269989	2.82352948
59.71684647	2.80392146
59.71684647	2.80392146
59.72081757	2.78431368
59.72500610	2.78431368
59.72915649	2.76470590
59.72915649	2.76470590
59.73313141	2.76470590
59.73725891	2.74509811
59.73725891	2.74509811
59.74139023	2.72549009
59.74553299	2.72549009
59.74960709	2.72549009
59.74960709	2.70588231
59.75357819	2.70588231
59.75769806	2.70588231
59.76182938	2.70588231
59.76182938	2.68627453
59.76600647	2.68627453
59.76996231	2.68627453
59.77408218	2.66666675
59.77822113	2.66666675
59.78234100	2.64705873
59.78234100	2.64705873
59.78640366	2.64705873
59.79050827	2.64705873
59.79466248	2.64705873
59.79466248	2.64705873
59.79878998	2.62745094
59.80289459	2.62745094
59.80689240	2.62745094
59.80689240	2.62745094
59.81102753	2.60784316
59.81513977	2.60784316
59.81932068	2.60784316
59.82331848	2.60784316
59.82743073	2.60784316
59.82743073	2.60784316
59.83152390	2.60784316
59.83564758	2.58823538
59.83982468	2.56862736
59.83982468	2.54901958
59.84395218	2.54901958
59.84790802	2.56862736
59.85195541	2.56862736
59.85195541	2.58823538
59.85608673	2.60784316
59.86020660	2.60784316
59.86020660	2.62745094
59.86422729	2.62745094
59.86831665	2.43137264
59.87250900	1.74509799
59.87250900	0.84313726
59.87646484	0.82352942
59.88063812	0.80392158
59.88483810	0.82352942
59.88483810	0.82352942
59.88882065	0.80392158
59.89297485	0.78431374
59.89696121	0.82352942
59.89696121	0.82352942
59.90106583	0.84313726
59.90521240	0.82352942
59.90521240	0.84313726
59.90933228	0.86274511
59.91333771	0.82352942
59.91743469	0.86274511
59.91743469	0.82352942
59.92158127	1.07843137
59.92570114	1.76470590
59.92984390	2.76470590
59.92984390	3.74509811
59.93381882	4.45098019
59.93809509	4.96078444
59.94212723	4.98039198
59.94621277	4.98039198
59.95026779	4.98039198
59.95026779	4.98039198
59.95432281	4.98039198
59.95845032	4.98039198
59.96260452	4.98039198
59.96260452	4.98039198
59.96657181	4.98039198
59.97086334	4.98039198
59.97486115	4.98039198
59.97486115	4.98039198
59.97904587	4.98039198
59.98313522	4.98039198
59.98712540	4.98039198
59.99125290	4.96078444
59.99538040	4.92156839
59.99538040	4.88235283
59.99942780	4.82352924
60.00345230	4.76470566
60.00758743	4.66666651
60.00758743	4.56862736
60.01169205	4.45098019
60.01583862	4.35294104
60.01994324	4.27450991
60.01994324	4.21568632
60.02397919	4.15686274
60.02813339	4.09803915
60.02813339	4.03921556
60.03220367	4.00000000
60.03630829	3.94117641
60.04039764	3.90196085
60.04039764	3.86274505
60.04451752	3.80392146
60.04865265	3.76470590
60.05278397	3.72549009
60.05278397	3.68627453
60.05691147	3.64705873
60.06090164	3.60784316
60.06501389	3.54901958
60.06910324	3.50980401
60.07323074	3.49019599
60.07323074	3.45098042
60.07719421	3.41176462
60.08134079	3.39215684
60.08544540	3.37254906
60.08544540	3.35294127
60.08957291	3.33333325
60.09357834	3.31372547
60.09782410	3.29411769
60.09782410	3.27450991
60.10186005	3.25490189
60.10604095	3.23529410
60.11006165	3.19607854
60.11415100	3.17647052
60.11829376	3.15686274
60.11829376	3.13725495
60.12239075	3.11764717
60.12652588	3.09803915
60.13045120	3.09803915
60.13045120	3.07843137
60.13457108	3.05882359
60.13870239	3.03921580
60.14286423	3.01960778
60.14286423	3.01960778
60.14683533	3.00000000
60.15093994	2.98039222
60.15510941	2.94117641
60.15916443	2.94117641
60.16336823	2.92156863
60.16336823	2.90196085
60.16740417	2.90196085
60.17150879	2.88235283
60.17557144	2.86274505
60.17557144	2.86274505
60.17964554	2.84313726
60.18391418	2.82352948
60.18787766	2.82352948
60.18787766	2.80392146
60.19205475	2.80392146
60.19607925	2.78431368
60.19607925	2.78431368
60.20008469	2.76470590
60.20418930	2.76470590
60.20833206	2.74509811
60.20833206	2.74509811
60.21246338	2.74509811
60.21644211	2.74509811
60.22061920	2.72549009
60.22061920	2.72549009
60.22478104	2.72549009
60.22889328	2.72549009
60.23300552	2.70588231
60.23698044	2.70588231
60.24114227	2.70588231
60.24114227	2.70588231
60.24526215	2.68627453
60.24931717	2.68627453
60.25347900	2.68627453
60.25347900	2.66666675
60.25743484	2.66666675
60.26158905	2.66666675
60.26569366	2.64705873
60.26569366	2.64705873
60.26984787	2.64705873
60.27384567	2.62745094
60.27797318	2.62745094
60.28207779	2.60784316
60.28628922	2.60784316
60.28628922	2.41176462
60.29026031	2.01960778
60.29439926	1.68627453
60.29848480	1.76470590
60.29848480	1.98039210
60.30265427	2.15686274
60.30664444	2.27450991
60.31093597	2.37254906
60.31093597	2.45098042
60.31487656	2.49019599
60.31896591	2.54901958
60.31896591	2.56862736
60.32309341	2.58823538
60.32706070	2.60784316
60.33120346	2.62745094
60.33120346	2.62745094
60.33530807	2.64705873
60.33943939	2.64705873
60.34357452	2.64705873
60.34357452	2.64705873
60.34756470	2.66666675
60.35173416	2.66666675
60.35590363	2.66666675
60.35590363	2.66666675
60.35990143	2.66666675
60.36400604	2.66666675
60.36400604	2.66666675
60.36814117	2.66666675
60.37226105	2.66666675
60.37639999	2.66666675
60.37639999	2.66666675
60.38033295	2.66666675
60.38444519	2.64705873
60.38857269	2.64705873
60.38857269	2.64705873
60.39268494	2.62745094
60.39688873	2.62745094
60.40082169	2.60784316
60.40495682	2.60784316
60.40912628	2.58823538
60.40912628	2.58823538
60.41323853	2.58823538
60.41725159	2.58823538
60.42137527	2.58823538
60.42137527	2.56862736
60.42546082	2.56862736
60.42964935	2.56862736
60.43377686	2.56862736
60.43377686	2.56862736
60.43790436	2.56862736
60.44185257	2.54901958
60.44594193	2.54901958
60.44995499	2.54901958
60.45405960	2.54901958
60.45405960	2.54901958
60.45818710	2.54901958
60.46233368	2.54901958
60.46644592	2.54901958
60.46644592	2.54901958
60.47048569	2.54901958
60.47463989	2.52941179
60.47875977	2.52941179
60.47875977	2.52941179
60.48291397	2.52941179
60.48703384	2.52941179
60.48703384	2.52941179
60.49099731	2.52941179
60.49515152	2.50980401
60.49921417	2.50980401
60.49921417	2.50980401
60.50321198	2.50980401
60.50730896	2.50980401
60.51145172	2.50980401
60.51145172	2.50980401
60.51556396	2.49019599
60.51969528	2.49019599
60.52382278	2.49019599
60.52785492	2.49019599
60.53198242	2.49019599
60.53198242	2.49019599
60.53615189	2.50980401
60.54014206	2.50980401
60.54426193	2.49019599
60.54426193	2.49019599
60.54838181	2.47058821
60.55252838	2.43137264
60.55665588	2.41176462
60.55665588	2.41176462
60.56062317	2.41176462
60.56490707	2.43137264
60.56893539	2.43137264
60.57303238	2.45098042
60.57719421	2.45098042
60.57719421	2.45098042
60.58114243	2.45098042
60.58526230	2.45098042
60.58940887	2.45098042
60.58940887	2.45098042
60.59339142	2.47058821
60.59751129	2.47058821
60.60159683	2.49019599
60.60159683	2.49019599
60.60569382	2.49019599
60.60983276	2.50980401
60.60983276	2.50980401
60.61381912	2.50980401
60.61797333	2.50980401
60.62217712	2.52941179
60.62217712	2.52941179
60.62620544	2.52941179
60.63022995	2.35294127
60.63433456	1.70588231
60.63433456	0.84313726
60.63845444	0.82352942
60.64253998	0.82352942
60.64670181	0.84313726
60.65082550	0.84313726
60.65483093	0.84313726
60.65483093	0.84313726
60.65891647	0.84313726
60.66311264	1.43137252
60.66708374	2.15686274
60.66708374	2.70588231
60.67124557	3.11764717
60.67538452	3.39215684
60.67939758	3.60784316
60.67939758	3.74509811
60.68343735	3.84313726
60.68763733	3.92156863
60.69171906	3.98039222
60.69582367	3.98039222
60.69995117	3.96078420
60.69995117	3.94117641
60.70393372	3.92156863
60.70806122	3.90196085
60.71220779	3.86274505
60.71220779	3.84313726
60.71631241	3.80392146
60.72036743	3.76470590
60.72449493	3.72549009
60.72449493	3.68627453
60.72867203	3.62745094
60.73274231	3.58823538
60.73687363	3.45098042
60.74087143	3.41176462
60.74499893	3.33333325
60.74499893	3.29411769
60.74918365	3.25490189
60.75331497	3.23529410
60.75728607	3.21568632
60.75728607	3.21568632
60.76139069	3.19607854
60.76551056	3.19607854
60.76964188	3.17647052
60.76964188	3.15686274
60.77366257	3.13725495
60.77788925	3.11764717
60.77788925	3.11764717
60.78182220	3.09803915
60.78594971	3.07843137
60.79006958	3.05882359
60.79006958	3.03921580
60.79409409	3.01960778
60.79819107	3.00000000
60.80235291	2.98039222
60.80235291	2.98039222
60.80653000	2.96078420
60.81048584	2.94117641
60.81459808	2.92156863
60.81871796	2.90196085
60.82284927	2.88235283
60.82284927	2.88235283
60.82682037	2.86274505
60.83095932	2.84313726
60.83510971	2.84313726
60.83510971	2.82352948
60.83919907	2.82352948
60.84331131	2.80392146
60.84733200	2.80392146
60.84733200	2.78431368
60.85144424	2.76470590
60.85559082	2.76470590
60.85975266	2.72549009
60.86389923	2.72549009
60.86787796	2.72549009
60.86787796	2.70588231
60.87202454	2.70588231
60.87615204	2.70588231
60.88020706	2.70588231
60.88020706	2.68627453
60.88418961	2.68627453
60.88830948	2.68627453
60.89242935	2.68627453
60.89242935	2.68627453
60.89657593	2.68627453
60.90068054	2.68627453
60.90068054	2.68627453
60.90484238	2.68627453
60.90881348	2.70588231
60.91298294	2.70588231
60.91298294	2.70588231
60.91700745	2.70588231
60.92115021	2.70588231
60.92523956	2.70588231
60.92523956	2.68627453
60.92940140	2.68627453
60.93352890	2.68627453
60.93752670	2.68627453
60.93752670	2.68627453
60.94158936	2.68627453
60.94569397	2.66666675
60.94569397	2.66666675
60.94982529	2.66666675
60.95380402	2.66666675
60.95793533	2.66666675
60.95793533	2.66666675
60.96209335	2.64705873
60.96619034	2.64705873
60.97032166	2.64705873
60.97032166	2.64705873
60.97439194	2.64705873
60.97862625	2.62745094
60.98263931	2.62745094
60.98677826	2.62745094
60.99089813	2.62745094
60.99089813	2.62745094
60.99487305	2.60784316
60.99895859	2.60784316
61.00307083	2.60784316
61.00307083	2.60784316
61.00705338	2.60784316
61.01120758	2.58823538
61.01530075	2.58823538
61.01530075	2.58823538
61.01943970	2.58823538
61.02356720	2.58823538
61.02757263	2.56862736
61.03172684	2.56862736
61.03589630	2.56862736
61.03589630	2.56862736
61.04001617	2.56862736
61.04399109	2.56862736
61.04811859	2.54901958
61.04811859	2.54901958
61.05226517	2.54901958
61.05640030	2.54901958
61.06052017	2.54901958
61.06052017	2.54901958
61.06448746	2.54901958
61.06862259	2.54901958
61.06862259	2.54901958
61.07271957	2.54901958
61.07680893	2.52941179
61.08082199	2.52941179
61.08082199	2.52941179
61.08493423	2.52941179
61.08905411	2.52941179
61.09319305	2.52941179
61.09319305	2.52941179
61.09717941	2.52941179
61.10135269	2.52941179
61.10551071	2.52941179
61.10955811	2.52941179
61.11377716	2.52941179
61.11377716	2.52941179
61.11789703	2.52941179
61.12187195	2.52941179
61.12594986	2.52941179
61.12594986	2.52941179
61.13008118	2.52941179
61.13409424	2.52941179
61.13819122	2.52941179
61.13819122	2.52941179
61.14229584	2.52941179
61.14646530	2.52941179
61.15042877	2.50980401
61.15455627	2.50980401
61.15879440	2.50980401
61.15879440	2.50980401
61.16285706	2.50980401
61.16702652	2.50980401
61.17102432	2.50980401
61.17102432	2.50980401
61.17512894	2.50980401
61.17927170	2.50980401
61.18339539	2.50980401
61.18339539	2.50980401
61.18739319	2.50980401
61.19147110	2.50980401
61.19147110	2.50980401
61.19556808	2.50980401
61.19969559	2.50980401
61.20380783	2.50980401
61.20380783	2.50980401
61.20780563	2.50980401
61.21195984	2.50980401
61.21605682	2.50980401
61.21605682	2.50980401
61.22018433	2.50980401
61.22425461	2.50980401
61.22838593	2.49019599
61.23252106	2.49019599
61.23664856	2.49019599
61.23664856	2.49019599
61.24063110	2.49019599
61.24489212	2.49019599
61.24888992	2.49019599
61.24888992	2.49019599
61.25296783	2.49019599
61.25705719	2.49019599
61.26107788	2.49019599
61.26107788	2.49019599
61.26517487	2.49019599
61.26930237	2.49019599
61.27344131	2.49019599
61.27744675	2.49019599
61.28160095	2.49019599
61.28160095	2.49019599
61.28577042	2.49019599
61.28989792	2.49019599
61.29401779	2.49019599
61.29401779	2.45098042
61.29800034	2.21568632
61.30212784	1.78431368
61.30624771	1.23529410
61.30624771	0.84313726
61.31040192	0.82352942
61.31439972	0.80392158
61.31850433	0.80392158
61.32268143	0.78431374
61.32681274	0.80392158
61.32681274	0.80392158
61.33088303	0.84313726
61.33488083	0.88235295
61.33902359	0.88235295
61.33902359	0.82352942
61.34309769	0.88235295
61.34713364	0.90196079
61.35118103	0.86274511
61.35118103	0.90196079
61.35531235	0.86274511
61.35951233	0.88235295
61.35951233	1.41176474
61.36355972	2.41176462
61.36756516	3.70588231
61.37189102	4.78431368
61.37189102	4.98039198
61.37587357	4.98039198
61.37995911	4.98039198
61.38408279	4.98039198
61.38408279	4.98039198
61.38805389	4.98039198
61.39223099	4.98039198
61.39632034	4.98039198
61.40044022	4.98039198
61.40447998	4.98039198
61.40447998	4.98039198
61.40855789	4.98039198
61.41272736	4.98039198
61.41687393	4.98039198
61.41687393	4.98039198
61.42086411	4.98039198
61.42500687	4.98039198
61.42916870	4.98039198
61.42916870	4.98039198
61.43326569	4.98039198
61.43739319	4.98039198
61.44132614	4.98039198
61.44544601	4.98039198
61.44956970	4.98039198
61.44956970	4.96078444
61.45367432	4.94117641
61.45781708	4.90196085
61.46179962	4.84313726
61.46179962	4.78431368
61.46596146	4.72549009
61.47004700	4.66666651
61.47425079	4.60784292
61.47425079	4.54901981
61.47826385	4.49019623
61.48237610	4.43137264
61.48237610	4.37254906
61.48652267	4.31372547
61.49064255	4.25490189
61.49457550	4.21568632
61.49457550	4.15686274
61.49874496	4.09803915
61.50284958	4.05882359
61.50692749	4.00000000
61.50692749	3.94117641
61.51094437	3.90196085
61.51505661	3.86274505
61.51917648	3.80392146
61.51917648	3.76470590
61.52331161	3.72549009
61.52744293	3.68627453
61.52744293	3.64705873
61.53147125	3.60784316
61.53564072	3.58823538
61.53976059	3.54901958
61.53976059	3.50980401
61.54389191	3.49019599
61.54786301	3.45098042
61.55200195	3.41176462
61.55200195	3.39215684
61.55614471	3.37254906
61.56032562	3.33333325
61.56431198	3.27450991
61.56843567	3.25490189
61.57252121	3.21568632
61.57252121	3.19607854
61.57665253	3.17647052
61.58066559	3.15686274
61.58488464	3.13725495
61.58488464	3.09803915
61.58889771	3.07843137
61.59292984	3.07843137
61.59708023	3.05882359
61.59708023	3.03921580
61.60105515	3.01960778
61.60518265	3.00000000
61.60929489	2.96078420
61.61347198	2.96078420
61.61764526	2.94117641
61.61764526	2.92156863
61.62161636	2.92156863
61.62570572	2.90196085
61.62983322	2.88235283
61.62983322	2.88235283
61.63383102	2.86274505
61.63792038	2.84313726
61.64205551	2.84313726
61.64205551	2.82352948
61.64618301	2.82352948
61.65030670	2.80392146
61.65030670	2.80392146
61.65431213	2.78431368
61.65842438	2.78431368
61.66260147	2.76470590
61.66260147	2.76470590
61.66677094	2.74509811
61.67089844	2.74509811
61.67488861	2.72549009
61.67488861	2.72549009
61.67901611	2.70588231
61.68312073	2.70588231
61.68727493	2.68627453
61.69120026	2.68627453
61.69532776	2.68627453
61.69532776	2.66666675
61.69943237	2.56862736
61.70354462	2.47058821
61.70769119	2.19607854
61.70769119	1.58823526
61.71180344	0.84313726
61.71581650	0.84313726
61.71992874	0.80392158
61.71992874	0.84313726
61.72396851	0.82352942
61.72811127	0.84313726
61.73224258	1.09803927
61.73638535	1.86274505
61.74051666	2.47058821
61.74051666	2.94117641
61.74444580	3.27450991
61.74861908	3.50980401
61.75271225	3.66666675
61.75271225	3.78431368
61.75680161	3.84313726
61.76081467	3.88235283
61.76491928	3.90196085
61.76491928	3.90196085
61.76906586	3.88235283
61.77314377	3.86274505
61.77314377	3.84313726
61.77732849	3.82352948
61.78129578	3.78431368
61.78548050	3.76470590
61.78548050	3.72549009
61.78964233	3.70588231
61.79376221	3.66666675
61.79788208	3.64705873
61.79788208	3.62745094
61.80187225	3.60784316
61.80601883	3.58823538
61.81013870	3.54901958
61.81013870	3.52941179
61.81412888	3.49019599
61.81824875	3.47058821
61.81824875	3.45098042
61.82231903	3.41176462
61.82643127	3.39215684
61.83056259	3.37254906
61.83056259	3.33333325
61.83454132	3.31372547
61.83868790	3.29411769
61.84279251	3.27450991
61.84279251	3.25490189
61.84695435	3.23529410
61.85091782	3.19607854
61.85510635	3.15686274
61.85919952	3.13725495
61.86336136	3.11764717
61.86336136	3.09803915
61.86750031	3.07843137
61.87146378	3.05882359
61.87556839	3.03921580
61.87556839	3.01960778
61.87973785	3.00000000
61.88383484	3.00000000
61.88779068	2.98039222
61.88779068	2.96078420
61.89193726	2.94117641
61.89605713	2.94117641
61.90017700	2.90196085
61.90418243	2.88235283
61.90829468	2.88235283
61.90829468	2.86274505
61.91248322	2.86274505
61.91664505	2.84313726
61.92076492	2.84313726
61.92076492	2.82352948
61.92488480	2.80392146
61.92889023	2.80392146
61.93300247	2.78431368
61.93300247	2.78431368
61.93714905	2.76470590
61.94120407	2.74509811
61.94120407	2.74509811
61.94521713	2.72549009
61.94930649	2.72549009
61.95342636	2.70588231
61.95342636	2.70588231
61.95756912	2.70588231
61.96155930	2.68627453
61.96580505	2.68627453
61.96580505	2.66666675
61.96980286	2.66666675
61.97397995	2.66666675
61.97800827	2.66666675
61.98213959	2.66666675
61.98625183	2.66666675
61.98625183	2.64705873
61.99036407	2.64705873
61.99439240	2.64705873
61.99848938	2.64705873
61.99848938	2.64705873
62.00255203	2.64705873
62.00668335	2.64705873
62.01081848	2.64705873
62.01081848	2.64705873
62.01479340	2.64705873
62.01893616	2.62745094
62.02304077	2.62745094
62.02721786	2.62745094
62.03116608	2.62745094
62.03116608	2.60784316
62.03534698	2.60784316
62.03948212	2.60784316
62.04363632	2.60784316
62.04363632	2.58823538
62.04762650	2.58823538
62.05189514	2.58823538
62.05585098	2.47058821
62.05585098	2.31372547
62.06002045	2.29411769
62.06408310	2.37254906
62.06408310	2.37254906
62.06803894	2.15686274
62.07218552	1.66666663
62.07629776	1.13725495
62.07629776	0.84313726
62.08042526	0.84313726
62.08443069	0.82352942
62.08855057	0.86274511
62.08855057	0.84313726
62.09265518	0.84313726
62.09682465	0.82352942
62.10101318	0.96078432
62.10101318	1.54901958
62.10501099	2.00000000
62.10906601	2.33333325
62.10906601	2.58823538
62.11325836	2.76470590
62.11738968	2.90196085
62.12133789	3.00000000
62.12133789	3.07843137
62.12549973	3.11764717
62.12961197	3.13725495
62.13371658	3.15686274
62.13371658	3.15686274
62.13778687	3.15686274
62.14180756	3.15686274
62.14591980	3.13725495
62.15005112	3.11764717
62.15418625	3.09803915
62.15418625	3.09803915
62.15816879	3.07843137
62.16235352	3.07843137
62.16650772	3.05882359
62.16650772	3.05882359
62.17060471	3.03921580
62.17462540	3.01960778
62.17888641	3.00000000
62.17888641	3.00000000
62.18285751	2.98039222
62.18698883	2.96078420
62.19116592	2.92156863
62.19516373	2.90196085
62.19926834	2.88235283
62.19926834	2.88235283
62.20337296	2.86274505
62.20750046	2.86274505
62.21152115	2.84313726
62.21152115	2.82352948
62.21562576	2.82352948
62.21974564	2.80392146
62.22381973	2.78431368
62.22381973	2.78431368
62.22779846	2.76470590
62.23193741	2.76470590
62.23193741	2.74509811
62.23604965	2.74509811
62.24020386	2.72549009
62.24433136	2.72549009
62.24433136	2.72549009
62.24832153	2.70588231
62.25242615	2.70588231
62.25656128	2.68627453
62.25656128	2.68627453
62.26077271	2.68627453
62.26479340	2.66666675
62.26881027	2.66666675
62.27291489	2.64705873
62.27708435	2.64705873
62.27708435	2.64705873
62.28104019	2.64705873
62.28520966	2.62745094
62.28937149	2.62745094
62.28937149	2.62745094
62.29351807	2.60784316
62.29763031	2.60784316
62.30161667	2.60784316
62.30161667	2.60784316
62.30574036	2.60784316
62.30988312	2.60784316
62.31396484	2.58823538
62.31791306	2.58823538
62.32205582	2.58823538
62.32205582	2.58823538
62.32616806	2.58823538
62.33029938	2.56862736
62.33442688	2.56862736
62.33442688	2.56862736
62.33842468	2.56862736
62.34255219	2.56862736
62.34674072	2.54901958
62.34674072	2.54901958
62.35086823	2.54901958
62.35487366	2.54901958
62.35487366	2.54901958
62.35892868	2.54901958
62.36309052	2.52941179
62.36725998	2.52941179
62.36725998	2.52941179
62.37129974	2.52941179
62.37552643	2.54901958
62.37954712	2.54901958
62.37954712	2.54901958
62.38373566	2.54901958
62.38779831	2.54901958
62.39188766	2.54901958
62.39188766	2.54901958
62.39587402	2.54901958
62.40000534	2.54901958
62.40000534	2.54901958
62.40404129	2.54901958
62.40806580	2.54901958
62.41217041	2.54901958
62.41217041	2.54901958
62.41631317	2.54901958
62.42041779	2.52941179
62.42461395	2.52941179
62.42461395	2.52941179
62.42855453	2.35294127
62.43285370	1.70588231
62.43689346	0.82352942
62.44084167	0.82352942
62.44494629	0.84313726
62.44494629	0.80392158
62.44904327	0.82352942
62.45317841	0.80392158
62.45729065	0.82352942
62.45729065	0.86274511
62.46130371	0.80392158
62.46542358	0.86274511
62.46954727	1.56862748
62.46954727	2.50980401
62.47370911	3.19607854
62.47782898	3.68627453
62.48184967	4.29411745
62.48601151	4.47058821
62.49010849	4.58823538
62.49010849	4.66666651
62.49425125	4.70588255
62.49824142	4.70588255
62.50232315	4.70588255
62.50232315	4.68627453
62.50642776	4.64705896
62.51054764	4.60784292
62.51465988	4.56862736
62.51465988	4.52941179
62.51880264	4.47058821
62.52279282	4.43137264
62.52279282	4.37254906
62.52693176	4.31372547
62.53103638	4.27450991
62.53509903	4.21568632
62.53509903	4.17647076
62.53924179	4.11764717
62.54338074	4.07843161
62.54748535	4.03921556
62.54748535	3.98039222
62.55148315	3.94117641
62.55561066	3.90196085
62.55974960	3.82352948
62.56382751	3.78431368
62.56791687	3.74509811
62.56791687	3.70588231
62.57192230	3.66666675
62.57604218	3.62745094
62.58017731	3.58823538
62.58017731	3.54901958
62.58430862	3.50980401
62.58830643	3.49019599
62.59241104	3.45098042
62.59241104	3.43137264
62.59658813	3.39215684
62.60074997	3.35294127
62.60487747	3.31372547
62.60885239	3.27450991
62.61297226	3.25490189
62.61297226	3.21568632
62.61711502	3.19607854
62.62116241	3.17647052
62.62523651	3.15686274
62.62523651	3.13725495
62.62936401	3.09803915
62.63345337	3.07843137
62.63753891	3.05882359
62.63753891	3.03921580
62.64154434	3.01960778
62.64579010	3.00000000
62.64579010	2.98039222
62.64980316	2.96078420
62.65391541	2.96078420
62.65806961	2.94117641
62.65806961	2.92156863
62.66204071	2.92156863
62.66622925	2.90196085
62.67039108	2.88235283
62.67039108	2.86274505
62.67450333	2.86274505
62.67848206	2.84313726
62.68259430	2.84313726
62.68259430	2.82352948
62.68675613	2.80392146
62.69086075	2.80392146
62.69086075	2.78431368
62.69483566	2.78431368
62.69890594	2.76470590
62.70306015	2.76470590
62.70306015	2.74509811
62.70716476	2.74509811
62.71117783	2.72549009
62.71529770	2.72549009
62.71529770	2.70588231
62.71941757	2.70588231
62.72359467	2.68627453
62.72774887	2.68627453
62.73188019	2.66666675
62.73585129	2.66666675
62.73585129	2.66666675
62.74000549	2.66666675
62.74413300	2.64705873
62.74825287	2.64705873
62.74825287	2.64705873
62.75219345	2.64705873
62.75632477	2.62745094
62.76041794	2.62745094
62.76041794	2.62745094
62.76441574	2.62745094
62.76853943	2.60784316
62.77279663	2.60784316
62.77677917	2.60784316
62.78089142	2.54901958
62.78089142	2.56862736
62.78495407	2.54901958
62.78911591	2.39215684
62.79323578	2.03921580
62.79323578	1.66666663
62.79738235	1.52941179
62.80137253	1.78431368
62.80550003	2.01960778
62.80550003	2.17647052
62.80961227	2.31372547
62.81369019	2.41176462
62.81369019	2.49019599
62.81779480	2.52941179
62.82180023	2.56862736
62.82590485	2.60784316
62.82590485	2.62745094
62.83005142	2.62745094
62.83416367	2.64705873
62.83831024	2.64705873
62.83831024	2.64705873
62.84226608	2.64705873
62.84645844	2.64705873
62.85062027	2.64705873
62.85475159	2.64705873
62.85886383	2.64705873
62.85886383	2.64705873
62.86285019	2.64705873
62.86699677	2.64705873
62.87113571	2.64705873
62.87113571	2.64705873
62.87509918	2.62745094
62.87924576	2.62745094
62.88342285	2.62745094
62.88342285	2.62745094
62.88754272	2.62745094
62.89165497	2.62745094
62.89561081	2.62745094
62.89974213	2.60784316
62.90388489	2.60784316
62.90388489	2.60784316
62.90798950	2.60784316
62.91193008	2.60784316
62.91609955	2.58823538
62.91609955	2.58823538
62.92018890	2.58823538
62.92432404	2.58823538
62.92845535	2.58823538
62.92845535	2.58823538
62.93243408	2.58823538
62.93658066	2.58823538
62.93658066	2.58823538
62.94076538	2.58823538
62.94482040	2.56862736
62.94878769	2.56862736
62.94878769	2.56862736
62.95293045	2.56862736
62.95703506	2.56862736
62.96118164	2.56862736
62.96118164	2.56862736
62.96516037	2.56862736
62.96929932	2.56862736
62.97341156	2.56862736
62.97341156	2.54901958
62.97760391	2.54901958
62.98175049	2.54901958
62.98175049	2.54901958
62.98587799	2.54901958
62.98987579	2.54901958
62.99400711	2.54901958
62.99400711	2.54901958
62.99812698	2.52941179
63.00205994	2.52941179
63.00620270	2.52941179
63.00620270	2.52941179
63.01028442	2.52941179
63.01441956	2.50980401
63.01840973	2.50980401
63.02253723	2.50980401
63.02666855	2.50980401
63.02666855	2.50980401
63.03078079	2.50980401
63.03484344	2.50980401
63.03899002	2.50980401
63.03899002	2.50980401
63.04310989	2.49019599
63.04725266	2.49019599
63.05138397	2.49019599
63.05138397	2.49019599
63.05535507	2.49019599
63.05946732	2.49019599
63.06356430	2.49019599
63.06766891	2.49019599
63.07178879	2.49019599
63.07178879	2.49019599
63.07578659	2.49019599
63.07991409	2.49019599
63.08403778	2.49019599
63.08403778	2.49019599
63.08807373	2.47058821
63.09214783	2.47058821
63.09634018	2.49019599
63.09634018	2.49019599
63.10050201	2.49019599
63.10462952	2.49019599
63.10462952	2.49019599
63.10860443	2.49019599
63.11287308	2.49019599
63.11685181	2.49019599
63.11685181	2.49019599
63.12099838	2.49019599
63.12498856	2.49019599
63.12910080	2.49019599
63.12910080	2.49019599
63.13318634	2.49019599
63.13731003	2.49019599
63.14141464	2.49019599
63.14541245	2.49019599
63.14953232	2.47058821
63.14953232	2.15686274
63.15366745	1.62745094
63.15782166	1.09803927
63.16180420	0.84313726
63.16180420	0.84313726
63.16595459	0.84313726
63.17010117	0.84313726
63.17425537	0.84313726
63.17425537	1.21568632
63.17828369	1.72549021
63.18235779	2.09803915
63.18648529	2.58823538
63.19063187	2.72549009
63.19468689	2.84313726
63.19468689	2.92156863
63.19879150	2.98039222
63.20279694	3.01960778
63.20690918	3.03921580
63.20690918	3.03921580
63.21105194	3.03921580
63.21503448	3.01960778
63.21918869	2.98039222
63.21918869	2.94117641
63.22328186	2.92156863
63.22745514	2.88235283
63.22745514	2.84313726
63.23149872	2.80392146
63.23560333	2.78431368
63.23987961	2.76470590
63.23987961	2.74509811
63.24386978	2.72549009
63.24799728	2.72549009
63.25199509	2.70588231
63.25199509	2.70588231
63.25607681	2.70588231
63.26015472	2.70588231
63.26430130	2.70588231
63.26430130	2.70588231
63.26828384	2.70588231
63.27241135	2.70588231
63.27241135	2.68627453
63.27659607	2.68627453
63.28065872	2.68627453
63.28482056	2.68627453
63.28482056	2.68627453
63.28885269	2.68627453
63.29293060	2.66666675
63.29710007	2.66666675
63.29710007	2.66666675
63.30124664	2.66666675
63.30524445	2.66666675
63.30929947	2.64705873
63.31343842	2.64705873
63.31756592	2.64705873
63.31756592	2.64705873
63.32153702	2.64705873
63.32578278	2.64705873
63.32981110	2.64705873
63.32981110	2.64705873
63.33390808	2.64705873
63.33803558	2.62745094
63.34210205	2.60784316
63.34210205	2.60784316
63.34621429	2.58823538
63.35037613	2.56862736
63.35449600	2.54901958
63.35849380	2.52941179
63.36259842	2.50980401
63.36259842	2.50980401
63.36673355	2.50980401
63.37088013	2.49019599
63.37494278	2.49019599
63.37494278	2.49019599
63.37893295	2.49019599
63.38304520	2.50980401
63.38714981	2.50980401
63.38714981	2.52941179
63.39130020	2.52941179
63.39540482	2.52941179
63.39540482	2.52941179
63.39946747	2.52941179
63.40353394	2.52941179
63.40770340	2.52941179
63.40770340	2.52941179
63.41192245	2.52941179
63.41584396	2.52941179
63.41995621	2.52941179
63.41995621	2.52941179
63.42412567	2.52941179
63.42824936	2.52941179
63.43222809	2.54901958
63.43635941	2.54901958
63.44047928	2.54901958
63.44047928	2.54901958
63.44465637	2.54901958
63.44866180	2.56862736
63.45289612	2.56862736
63.45289612	2.56862736
63.45686340	2.56862736
63.46099091	2.56862736
63.46512604	2.56862736
63.46512604	2.56862736
63.46910858	2.56862736
63.47317886	2.37254906
63.47732544	1.37254906
63.48143005	0.88235295
63.48544312	0.84313726
63.48544312	0.84313726
63.48959732	0.82352942
63.49369431	0.80392158
63.49780655	0.80392158
63.49780655	0.84313726
63.50181961	0.82352942
63.50593948	0.82352942
63.51003647	0.86274511
63.51003647	0.80392158
63.51416397	0.86274511
63.51827621	0.84313726
63.51827621	1.01960790
63.52228165	1.94117641
63.52648544	2.82352948
63.53054047	3.45098042
63.53054047	3.90196085
63.53466797	4.23529434
63.53884888	4.45098019
63.54282761	4.60784292
63.54282761	4.72549009
63.54698944	4.78431368
63.55112839	4.80392170
63.55525589	4.80392170
63.55525589	4.80392170
63.55918884	4.76470566
63.56330872	4.72549009
63.56330872	4.66666651
63.56745529	4.62745094
63.57152557	4.56862736
63.57553101	4.50980377
63.57553101	4.45098019
63.57965088	4.41176462
63.58378983	4.35294104
63.58791733	4.29411745
63.58791733	4.25490189
63.59190750	4.19607830
63.59608459	4.15686274
63.60024643	4.05882359
63.60437393	4.01960802
63.60847092	3.96078420
63.60847092	3.92156863
63.61246109	3.88235283
63.61660767	3.84313726
63.62072754	3.80392146
63.62072754	3.76470590
63.62479782	3.72549009
63.62880325	3.68627453
63.63291550	3.66666675
63.63291550	3.62745094
63.63702774	3.58823538
63.64117432	3.56862736
63.64515686	3.50980401
63.64929962	3.47058821
63.65340424	3.45098042
63.65340424	3.41176462
63.65757370	3.39215684
63.66179276	3.35294127
63.66584778	3.33333325
63.66584778	3.31372547
63.66987991	3.29411769
63.67399216	3.25490189
63.67808533	3.23529410
63.67808533	3.19607854
63.68210220	3.17647052
63.68621445	3.15686274
63.68621445	3.13725495
63.69034958	3.11764717
63.69443130	3.09803915
63.69856644	3.07843137
63.69856644	3.05882359
63.70253372	3.03921580
63.70665359	3.01960778
63.71079636	3.00000000
63.71079636	2.98039222
63.71492767	2.96078420
63.71892548	2.94117641
63.72301102	2.92156863
63.72720718	2.90196085
63.73132706	2.88235283
63.73132706	2.86274505
63.73535919	2.84313726
63.73947144	2.84313726
63.74362946	2.82352948
63.74362946	2.82352948
63.74775314	2.80392146
63.75187302	2.78431368
63.75580597	2.78431368
63.75580597	2.76470590
63.75991821	2.76470590
63.76404572	2.74509811
63.76815033	2.74509811
63.77216339	2.72549009
63.77627563	2.72549009
63.77627563	2.70588231
63.78042221	2.70588231
63.78453445	2.70588231
63.78866959	2.68627453
63.78866959	2.68627453
63.79279327	2.68627453
63.79684830	2.68627453
63.80096817	2.66666675
63.80096817	2.66666675
63.80512238	2.66666675
63.80905151	2.66666675
63.80905151	2.64705873
63.81318283	2.64705873
63.81729507	2.64705873
63.82140732	2.64705873
63.82140732	2.64705873
63.82545471	2.64705873
63.82953262	2.62745094
63.83378601	2.62745094
63.83378601	2.62745094
63.83778381	2.62745094
63.84178162	2.60784316
63.84595871	2.60784316
63.84595871	2.60784316
63.85012817	2.60784316
63.85422516	2.58823538
63.85422516	2.58823538
63.85836792	2.58823538
63.86234283	2.58823538
63.86647034	2.56862736
63.86647034	2.56862736
63.87059784	2.54901958
63.87467957	2.37254906
63.87879944	2.15686274
63.87879944	1.98039210
63.88280487	2.01960778
63.88690186	2.11764717
63.89105606	2.33333325
63.89503479	2.41176462
63.89916611	2.47058821
63.89916611	2.50980401
63.90325165	2.52941179
63.90744781	2.54901958
63.91162491	2.56862736
63.91162491	2.58823538
63.91559601	2.58823538
63.91986465	2.58823538
63.92386246	2.58823538
63.92386246	2.60784316
63.92797470	2.60784316
63.93212128	2.60784316
63.93609238	2.58823538
63.94022369	2.58823538
63.94430161	2.58823538
63.94430161	2.58823538
63.94843292	2.58823538
63.95239639	2.58823538
63.95654297	2.58823538
63.95654297	2.58823538
63.96065521	2.56862736
63.96477509	2.56862736
63.96890259	2.56862736
63.96890259	2.56862736
63.97290802	2.56862736
63.97707748	2.56862736
63.97707748	2.56862736
63.98120880	2.56862736
63.98537064	2.56862736
63.98936844	2.54901958
63.98936844	2.54901958
63.99346161	2.54901958
63.99761581	2.54901958
64.00174713	2.54901958
64.00174713	2.54901958
64.00579834	2.54901958
64.00979614	2.54901958
64.01392365	2.54901958
64.01802063	2.54901958
64.02217102	2.54901958
64.02217102	2.54901958
64.02614594	2.54901958
64.03031921	2.54901958
64.03440857	2.54901958
64.03440857	2.54901958
64.03856659	2.54901958
64.04254913	2.54901958
64.04686737	2.54901958
64.04686737	2.54901958
64.05084991	2.54901958
64.05499268	2.52941179
64.05892944	2.52941179
64.06311035	2.50980401
64.06719208	2.50980401
64.06719208	2.50980401
64.07127380	2.50980401
64.07528687	2.49019599
64.07940674	2.49019599
64.07940674	2.49019599
64.08352661	2.49019599
64.08765411	2.49019599
64.09177399	2.47058821
64.09177399	2.47058821
64.09580231	2.47058821
64.09996796	2.47058821
64.09996796	2.47058821
64.10411835	2.47058821
64.10823822	2.47058821
64.11237335	2.47058821
64.11237335	2.47058821
64.11637115	2.47058821
64.12046814	2.47058821
64.12452698	2.47058821
64.12452698	2.47058821
64.12857056	2.47058821
64.13276672	2.47058821
64.13678741	2.47058821
64.13678741	2.47058821
64.14089203	2.47058821
64.14504242	2.47058821
64.14504242	2.47058821
64.14904022	2.47058821
64.15315247	2.47058821
64.15732574	2.47058821
64.15732574	2.47058821
64.16149139	2.47058821
64.16548920	2.47058821
64.16959381	2.47058821
64.16959381	2.47058821
64.17364502	2.47058821
64.17781830	2.47058821
64.18198395	2.47058821
64.18596649	2.47058821
64.19008636	2.47058821
64.19008636	2.47058821
64.19427490	2.47058821
64.19839478	2.49019599
64.20252991	2.49019599
64.20252991	2.49019599
64.20648956	2.49019599
64.21060944	2.47058821
64.21474457	2.37254906
64.21474457	2.07843137
64.21884918	1.70588231
64.22284698	1.37254906
64.22693634	0.84313726
64.23105621	0.84313726
64.23516846	0.84313726
64.23516846	0.82352942
64.23917389	0.82352942
64.24333191	0.82352942
64.24741364	0.84313726
64.24741364	0.84313726
64.25157166	0.84313726
64.25554657	0.92156863
64.25983429	1.64705884
64.25983429	2.33333325
64.26379395	2.84313726
64.26793671	3.19607854
64.26793671	3.47058821
64.27204132	3.66666675
64.27609253	3.78431368
64.28018188	3.88235283
64.28018188	3.94117641
64.28427124	3.96078420
64.28841400	3.98039222
64.29245758	3.98039222
64.29245758	3.98039222
64.29657745	3.96078420
64.30074310	3.92156863
64.30486298	3.86274505
64.30890656	3.84313726
64.31296539	3.80392146
64.31296539	3.76470590
64.31705475	3.72549009
64.32114410	3.70588231
64.32527924	3.66666675
64.32527924	3.62745094
64.32928467	3.58823538
64.33339691	3.56862736
64.33753204	3.52941179
64.33753204	3.49019599
64.34164429	3.47058821
64.34580231	3.43137264
64.34983826	3.37254906
64.35391998	3.35294127
64.35811615	3.33333325
64.35811615	3.29411769
64.36224365	3.27450991
64.36620331	3.25490189
64.37036133	3.23529410
64.37036133	3.21568632
64.37451172	3.17647052
64.37854767	3.15686274
64.38251495	3.13725495
64.38251495	3.11764717
64.38678741	3.09803915
64.39077759	3.09803915
64.39077759	3.07843137
64.39490509	3.05882359
64.39891052	3.03921580
64.40302277	3.01960778
64.40302277	3.01960778
64.40718842	3.00000000
64.41130066	2.98039222
64.41548920	2.98039222
64.41548920	2.96078420
64.41947174	2.94117641
64.42361450	2.92156863
64.42778015	2.92156863
64.42778015	2.90196085
64.43185425	2.88235283
64.43598938	2.86274505
64.43598938	2.86274505
64.43997955	2.84313726
64.44403076	2.82352948
64.44818115	2.82352948
64.44818115	2.80392146
64.45214844	2.78431368
64.45627594	2.78431368
64.46039581	2.76470590
64.46039581	2.76470590
64.46451569	2.74509811
64.46865845	2.74509811
64.47277069	2.72549009
64.47682190	2.70588231
64.48092651	2.70588231
64.48092651	2.68627453
64.48511505	2.68627453
64.48909760	2.68627453
64.49317169	2.66666675
64.49317169	2.66666675
64.49734497	2.64705873
64.50148773	2.64705873
64.50554657	2.64705873
64.50554657	2.64705873
64.50955200	2.62745094
64.51379395	2.62745094
64.51776886	2.62745094
64.52191162	2.60784316
64.52590179	2.60784316
64.52590179	2.60784316
64.53002930	2.60784316
64.53414917	2.60784316
64.53831482	2.58823538
64.53831482	2.58823538
64.54241943	2.58823538
64.54644775	2.58823538
64.55057526	2.56862736
64.55057526	2.56862736
64.55471802	2.56862736
64.55885315	2.56862736
64.55885315	2.56862736
64.56280518	2.56862736
64.56691742	2.54901958
64.57101440	2.54901958
64.57101440	2.50980401
64.57514954	2.33333325
64.57915497	1.92156863
64.58327484	1.52941179
64.58327484	1.03921568
64.58740234	0.84313726
64.59153748	0.82352942
64.59564972	0.84313726
64.59980774	0.84313726
64.60385895	0.84313726
64.60385895	0.86274511
64.60798645	0.84313726
64.61207581	1.05882359
64.61608124	1.68627453
64.61608124	2.29411769
64.62021637	2.76470590
64.62429810	3.07843137
64.62843323	3.31372547
64.62843323	3.47058821
64.63239288	3.56862736
64.63652802	3.62745094
64.64076996	3.66666675
64.64478302	3.66666675
64.64890289	3.64705873
64.64890289	3.62745094
64.65290070	3.58823538
64.65706635	3.56862736
64.66121674	3.54901958
64.66121674	3.52941179
64.66535950	3.50980401
64.66934204	3.49019599
64.67346191	3.45098042
64.67346191	3.41176462
64.67761230	3.41176462
64.68173981	3.41176462
64.68173981	3.41176462
64.68585968	3.41176462
64.68983459	3.39215684
64.69395447	3.39215684
64.69395447	3.37254906
64.69805908	3.37254906
64.70201874	3.35294127
64.70616150	3.33333325
64.70616150	3.31372547
64.71027374	3.29411769
64.71439362	3.27450991
64.71852875	3.25490189
64.71852875	3.23529410
64.72251892	3.21568632
64.72682190	3.19607854
64.72682190	3.17647052
64.73083496	3.15686274
64.73497772	3.13725495
64.73910522	3.11764717
64.73910522	3.11764717
64.74313354	3.09803915
64.74721527	3.07843137
64.75133514	3.05882359
64.75133514	3.03921580
64.75542450	3.01960778
64.75940704	3.01960778
64.76353455	2.98039222
64.76765442	2.96078420
64.77176666	2.94117641
64.77176666	2.92156863
64.77577972	2.90196085
64.77989960	2.90196085
64.78408813	2.88235283
64.78408813	2.86274505
64.78817749	2.84313726
64.79229736	2.82352948
64.79634094	2.80392146
64.79634094	2.78431368
64.80045319	2.76470590
64.80461121	2.76470590
64.80876160	2.72549009
64.81285858	2.72549009
64.81680298	2.70588231
64.81680298	2.68627453
64.82090759	2.68627453
64.82503510	2.66666675
64.82913971	2.64705873
64.82913971	2.64705873
64.83316040	2.62745094
64.83726501	2.62745094
64.84142303	2.60784316
64.84142303	2.58823538
64.84552002	2.52941179
64.84957123	2.49019599
64.84957123	2.45098042
64.85385895	2.41176462
64.85783386	2.37254906
64.86196136	2.35294127
64.86196136	2.35294127
64.86597443	2.37254906
64.87008667	2.39215684
64.87426758	2.39215684
64.87426758	2.41176462
64.87830353	2.41176462
64.88238525	2.43137264
64.88640594	2.43137264
64.89051056	2.45098042
64.89464569	2.45098042
64.89464569	2.45098042
64.89878082	2.45098042
64.90276337	2.45098042
64.90693665	2.45098042
64.90693665	2.45098042
64.91104889	2.45098042
64.91522980	2.47058821
64.91936493	2.47058821
64.91936493	2.47058821
64.92333221	2.47058821
64.92745972	2.47058821
64.93160248	2.31372547
64.93572998	1.98039210
64.93986511	1.60784316
64.93986511	1.37254906
64.94385529	1.25490201
64.94802094	0.84313726
64.95211792	0.84313726
64.95211792	0.84313726
64.95612335	0.84313726
64.96022797	0.86274511
64.96435547	0.84313726
64.96435547	1.13725495
64.96846771	1.68627453
64.97259521	2.15686274
64.97259521	2.49019599
64.97651672	2.74509811
64.98064423	2.92156863
64.98477936	3.05882359
64.98477936	3.13725495
64.98890686	3.21568632
64.99288177	3.25490189
64.99708557	3.27450991
64.99708557	3.29411769
65.00123596	3.29411769
65.00527954	3.29411769
65.00942993	3.29411769
65.00942993	3.29411769
65.01338959	3.25490189
65.01754761	3.23529410
65.01754761	3.21568632
65.02165222	3.21568632
65.02575684	3.21568632
65.02977753	3.19607854
65.02977753	3.19607854
65.03395081	3.19607854
65.03801727	3.17647052
65.04221344	3.17647052
65.04221344	3.15686274
65.04621124	3.15686274
65.05034637	3.13725495
65.05444336	3.11764717
65.05860138	3.11764717
65.06272888	3.09803915
65.06272888	3.09803915
65.06679535	3.07843137
65.07077789	3.05882359
65.07489777	3.03921580
65.07489777	3.01960778
65.07901001	3.01960778
65.08303070	3.00000000
65.08713531	2.98039222
65.08713531	2.98039222
65.09128571	2.96078420
65.09539032	2.94117641
65.09944916	2.92156863
65.10359955	2.92156863
65.10785675	2.90196085
65.10785675	2.90196085
65.11178589	2.88235283
65.11597443	2.88235283
65.11997223	2.86274505
65.11997223	2.86274505
65.12409973	2.84313726
65.12813568	2.82352948
65.13221741	2.78431368
65.13221741	2.74509811
65.13627625	2.70588231
65.14038849	2.66666675
65.14038849	2.62745094
65.14451599	2.58823538
65.14860535	2.58823538
65.15276337	2.58823538
65.15276337	2.58823538
65.15673828	2.60784316
65.16092682	2.60784316
65.16507721	2.60784316
65.16507721	2.62745094
65.16921234	2.62745094
65.17317963	2.62745094
65.17734528	2.62745094
65.18145752	2.62745094
65.18560028	2.62745094
65.18560028	2.62745094
65.18958282	2.62745094
65.19385529	2.60784316
65.19780731	2.60784316
65.19780731	2.60784316
65.20188904	2.58823538
65.20590210	2.58823538
65.21001434	2.58823538
65.21001434	2.56862736
65.21413422	2.56862736
65.21827698	2.56862736
65.22239685	2.54901958
65.22644043	2.54901958
65.23059082	2.54901958
65.23059082	2.54901958
65.23468781	2.54901958
65.23886108	2.54901958
65.24292755	2.54901958
65.24292755	2.54901958
65.24697113	2.54901958
65.25108337	2.54901958
65.25514221	2.54901958
65.25514221	2.54901958
65.25920105	2.54901958
65.26326752	2.54901958
65.26326752	2.54901958
65.26741028	2.54901958
65.27151489	2.54901958
65.27571869	2.54901958
65.27571869	2.54901958
65.27976990	2.54901958
65.28376770	2.54901958
65.28793335	2.52941179
65.28793335	2.52941179
65.29219055	2.52941179
65.29607391	2.52941179
65.30018616	2.52941179
65.30018616	2.52941179
65.30431366	2.50980401
65.30844116	2.41176462
65.30844116	2.00000000
65.31259155	1.35294116
65.31652832	0.78431374
65.32077026	0.84313726
65.32077026	1.21568632
65.32476807	1.58823526
65.32888031	1.86274505
65.33302307	2.07843137
65.33302307	2.21568632
65.33700562	2.33333325
65.34117889	2.41176462
65.34527588	2.52941179
65.34931946	2.56862736
65.35345459	2.58823538
65.35345459	2.56862736
65.35760498	2.56862736
65.36177826	2.56862736
65.36585236	2.58823538
65.36585236	2.60784316
65.36981964	2.62745094
65.37397766	2.64705873
65.37804413	2.66666675
65.37804413	2.66666675
65.38212585	2.66666675
65.38627625	2.66666675
65.39027405	2.68627453
65.39439392	2.68627453
65.39850616	2.68627453
65.39850616	2.70588231
65.40252686	2.70588231
65.40676117	2.70588231
65.41080475	2.70588231
65.41080475	2.70588231
65.41495514	2.70588231
65.41909790	2.70588231
65.42310333	2.70588231
65.42310333	2.70588231
65.42720795	2.68627453
65.43135071	2.68627453
65.43135071	2.68627453
65.43547821	2.68627453
65.43948364	2.68627453
65.44358063	2.68627453
65.44358063	2.66666675
65.44764709	2.66666675
65.45176697	2.66666675
65.45590210	2.66666675
65.45590210	2.66666675
65.45987701	2.66666675
65.46402740	2.64705873
65.46813202	2.64705873
65.47229767	2.64705873
65.47639465	2.64705873
65.47639465	2.64705873
65.48045349	2.64705873
65.48459625	2.64705873
65.48872375	2.64705873
65.48872375	2.62745094
65.49275208	2.62745094
65.49684143	2.62745094
65.50096893	2.62745094
65.50096893	2.62745094
65.50507355	2.60784316
65.50923920	2.60784316
65.51313782	2.60784316
65.51728058	2.58823538
65.52138519	2.58823538
65.52138519	2.58823538
65.52548981	2.58823538
65.52951813	2.58823538
65.53376007	2.58823538
65.53376007	2.58823538
65.53780365	2.58823538
65.54198456	2.56862736
65.54610443	2.56862736
65.54610443	2.56862736
65.55007172	2.56862736
65.55419922	2.56862736
65.55419922	2.56862736
65.55834961	2.56862736
65.56247711	2.56862736
65.56652832	2.54901958
65.56652832	2.54901958
65.57053375	2.54901958
65.57463837	2.54901958
65.57876587	2.54901958
65.57876587	2.54901958
65.58276367	2.54901958
65.58689117	2.54901958
65.59101868	2.54901958
65.59101868	2.52941179
65.59515381	2.52941179
65.59929657	2.50980401
65.59929657	2.50980401
65.60333252	2.49019599
65.60747528	2.35294127
65.61160278	1.80392158
65.61160278	0.98039216
65.61554718	0.84313726
65.61985016	0.84313726
65.62382507	0.84313726
65.62382507	0.84313726
65.62799072	0.84313726
65.63202667	0.82352942
65.63615417	0.84313726
65.64012909	0.82352942
65.64427185	0.84313726
65.64427185	0.88235295
65.64837646	1.15686274
65.65257263	1.60784316
65.65663910	2.27450991
65.65663910	2.82352948
65.66081238	3.21568632
65.66482544	3.49019599
65.66897583	3.70588231
65.66897583	3.84313726
65.67295074	3.94117641
65.67707062	4.00000000
65.68120575	4.03921556
65.68533325	4.03921556
65.68946838	4.03921556
65.68946838	4.01960802
65.69345093	3.98039222
65.69763947	3.96078420
65.70176697	3.92156863
65.70176697	3.88235283
65.70586395	3.84313726
65.70983124	3.82352948
65.71397400	3.78431368
65.71397400	3.74509811
65.71809387	3.70588231
65.72221375	3.68627453
65.72221375	3.64705873
65.72613525	3.60784316
65.73026276	3.56862736
65.73439026	3.54901958
65.73439026	3.50980401
65.73852539	3.49019599
65.74259949	3.45098042
65.74679565	3.41176462
65.74679565	3.39215684
65.75083160	3.37254906
65.75497437	3.33333325
65.75901794	3.29411769
65.76301575	3.27450991
65.76714325	3.25490189
65.76714325	3.23529410
65.77125549	3.21568632
65.77539825	3.19607854
65.77951050	3.17647052
65.77951050	3.15686274
65.78353882	3.13725495
65.78763580	3.11764717
65.79177856	3.09803915
65.79177856	3.09803915
65.79597473	3.07843137
65.79996490	3.05882359
65.80409241	3.00000000
65.80821991	2.96078420
65.81233978	2.92156863
65.81233978	2.90196085
65.81629181	2.86274505
65.82041168	2.84313726
65.82451630	2.82352948
65.82451630	2.78431368
65.82863617	2.76470590
65.83277130	2.72549009
65.83676147	2.70588231
65.83676147	2.70588231
65.84088898	2.68627453
65.84506226	2.66666675
65.84506226	2.66666675
65.84918213	2.66666675
65.85321045	2.66666675
65.85732269	2.66666675
65.85732269	2.66666675
65.86146545	2.68627453
65.86560059	2.68627453
65.86972046	2.68627453
65.86972046	2.68627453
65.87384796	2.68627453
65.87779999	2.66666675
65.88188171	2.66666675
65.88188171	2.66666675
65.88601685	2.66666675
65.89012909	2.64705873
65.89012909	2.64705873
65.89413452	2.64705873
65.89824677	2.64705873
65.90239716	2.64705873
65.90239716	2.64705873
65.90637970	2.62745094
65.91054535	2.62745094
65.91480255	2.62745094
65.91480255	2.62745094
65.91884613	2.62745094
65.92297363	2.62745094
65.92694855	2.62745094
65.93107605	2.62745094
65.93522644	2.62745094
65.93522644	2.62745094
65.93930054	2.62745094
65.94326782	2.60784316
65.94739532	2.60784316
65.94739532	2.60784316
65.95150757	2.60784316
65.95563507	2.60784316
65.95976257	2.60784316
65.95976257	2.60784316
65.96375275	2.60784316
65.96792603	2.58823538
65.97209930	2.58823538
65.97613525	2.58823538
65.98018646	2.58823538
65.98018646	2.58823538
65.98432922	2.56862736
65.98847198	2.56862736
65.99253845	2.56862736
65.99253845	2.56862736
65.99657440	2.56862736
66.00084686	2.56862736
66.00482941	2.54901958
66.00482941	2.50980401
66.00894165	2.19607854
66.01300049	1.49019611
66.01300049	0.84313726
66.01702118	0.84313726
66.02113342	0.86274511
66.02526093	0.96078432
66.02526093	1.45098042
66.02939606	1.84313726
66.03338623	2.13725495
66.03749847	2.35294127
66.03749847	2.52941179
66.04172516	2.64705873
66.04582977	2.74509811
66.04994965	2.84313726
66.05395508	2.86274505
66.05809021	2.88235283
66.05809021	2.88235283
66.06221771	2.88235283
66.06615448	2.90196085
66.07028961	2.90196085
66.07028961	2.88235283
66.07437897	2.86274505
66.07851410	2.82352948
66.08262634	2.82352948
66.08262634	2.82352948
66.08676147	2.82352948
66.09075928	2.82352948
66.09490204	2.80392146
66.09902954	2.78431368
66.10322571	2.76470590
66.10322571	2.74509811
66.10719299	2.74509811
66.11133575	2.74509811
66.11544800	2.74509811
66.11544800	2.74509811
66.11959839	2.74509811
66.12358856	2.74509811
66.12782288	2.72549009
66.12782288	2.72549009
66.13178253	2.72549009
66.13588715	2.70588231
66.13588715	2.70588231
66.13986969	2.70588231
66.14404297	2.68627453
66.14813232	2.68627453
66.14813232	2.68627453
66.15225983	2.68627453
66.15637970	2.68627453
66.16056061	2.68627453
66.16056061	2.68627453
66.16455078	2.66666675
66.16872406	2.66666675
66.17284393	2.66666675
66.17284393	2.66666675
66.17682648	2.66666675
66.18093872	2.66666675
66.18093872	2.66666675
66.18509674	2.64705873
66.18917084	2.64705873
66.19326019	2.64705873
66.19326019	2.64705873
66.19727325	2.64705873
66.20137787	2.64705873
66.20551300	2.64705873
66.20551300	2.64705873
66.20962524	2.62745094
66.21382141	2.62745094
66.21775818	2.62745094
66.22194672	2.62745094
66.22603607	2.62745094
66.22603607	2.60784316
66.23007202	2.60784316
66.23418427	2.60784316
66.23832703	2.60784316
66.23832703	2.60784316
66.24240112	2.60784316
66.24645996	2.60784316
66.25055695	2.60784316
66.25055695	2.60784316
66.25468445	2.60784316
66.25884247	2.58823538
66.26288605	2.58823538
66.26689148	2.58823538
66.27104187	2.58823538
66.27104187	2.58823538
66.27513885	2.58823538
66.27925110	2.56862736
66.28343201	2.56862736
66.28343201	2.56862736
66.28737640	2.56862736
66.29154968	2.56862736
66.29573059	2.54901958
66.29573059	2.54901958
66.29981995	2.54901958
66.30381775	2.54901958
66.30381775	2.52941179
66.30797577	2.52941179
66.31207275	2.52941179
66.31615448	2.52941179
66.31615448	2.52941179
66.32015228	2.52941179
66.32424927	2.52941179
66.32839203	2.52941179
66.32839203	2.50980401
66.33249664	2.50980401
66.33663940	2.50980401
66.34076691	2.49019599
66.34477234	2.49019599
66.34891510	2.49019599
66.34891510	2.37254906
66.35309601	2.15686274
66.35706329	2.11764717
66.36119080	2.07843137
66.36119080	1.90196073
66.36531830	1.58823526
66.36946869	1.21568632
66.37359619	0.82352942
66.37359619	0.84313726
66.37751007	1.19607842
66.38163757	1.58823526
66.38585663	2.13725495
66.38996124	2.29411769
66.39395905	2.43137264
66.39395905	2.52941179
66.39808655	2.58823538
66.40225220	2.64705873
66.40636444	2.66666675
66.40636444	2.70588231
66.41033936	2.72549009
66.41445160	2.72549009
66.41853333	2.72549009
66.41853333	2.72549009
66.42268372	2.72549009
66.42678070	2.70588231
66.42678070	2.66666675
66.43080139	2.64705873
66.43495941	2.64705873
66.43903351	2.62745094
66.43903351	2.62745094
66.44309998	2.60784316
66.44712067	2.60784316
66.45127106	2.58823538
66.45127106	2.58823538
66.45536804	2.54901958
66.45950317	2.50980401
66.46351624	2.49019599
66.46351624	2.45098042
66.46775818	2.45098042
66.47177124	2.45098042
66.47177124	2.45098042
66.47588348	2.45098042
66.48007202	2.45098042
66.48407745	2.47058821
66.48407745	2.47058821
66.48819733	2.49019599
66.49227905	2.49019599
66.49643707	2.49019599
66.49643707	2.50980401
66.50044250	2.50980401
66.50459290	2.50980401
66.50875092	2.52941179
66.51287842	2.52941179
66.51697540	2.54901958
66.51697540	2.54901958
66.52095795	2.54901958
66.52508545	2.56862736
66.52920532	2.56862736
66.52920532	2.56862736
66.53332520	2.56862736
66.53725433	2.54901958
66.54138947	2.54901958
66.54138947	2.56862736
66.54553223	2.54901958
66.54966736	2.54901958
66.55375671	2.54901958
66.55777740	2.52941179
66.56195831	2.50980401
66.56195831	2.50980401
66.56600952	2.50980401
66.57004547	2.50980401
66.57413483	2.50980401
66.57413483	2.52941179
66.57828522	2.52941179
66.58238220	2.54901958
66.58651733	2.56862736
66.58651733	2.56862736
66.59049988	2.58823538
66.59477997	2.58823538
66.59477997	2.58823538
66.59874725	2.60784316
66.60292053	2.60784316
66.60708618	2.60784316
66.60708618	2.60784316
66.61106110	2.62745094
66.61518097	2.62745094
66.61931610	2.62745094
66.61931610	2.62745094
66.62347412	2.62745094
66.62738037	2.60784316
66.63152313	2.60784316
66.63562012	2.60784316
66.63976288	2.60784316
66.63976288	2.60784316
66.64374542	2.60784316
66.64788055	2.60784316
66.65200806	2.60784316
66.65200806	2.60784316
66.65612793	2.60784316
66.66017914	2.60784316
66.66427612	2.60784316
66.66427612	2.60784316
66.66847229	2.60784316
66.67259216	2.58823538
66.67670441	2.58823538
66.68083954	2.58823538
66.68482971	2.58823538
66.68482971	2.58823538
66.68889618	2.58823538
66.69302368	2.58823538
66.69714355	2.56862736
66.69714355	2.56862736
66.70111847	2.56862736
66.70526123	2.56862736
66.70937347	2.56862736
66.70937347	2.56862736
66.71341705	2.56862736
66.71749878	2.54901958
66.71749878	2.54901958
66.72169495	2.54901958
66.72574615	2.54901958
66.72996521	2.54901958
66.72996521	2.54901958
66.73394775	2.52941179
66.73806763	2.52941179
66.74226379	2.52941179
66.74226379	2.52941179
66.74634552	2.50980401
66.75033569	2.50980401
66.75444794	2.50980401
66.75444794	2.50980401
66.75852203	2.50980401
66.76263428	2.50980401
66.76263428	2.50980401
66.76675415	2.50980401
66.77074432	2.50980401
66.77488708	2.50980401
66.77488708	2.50980401
66.77899933	2.50980401
66.78316498	2.50980401
66.78725433	2.50980401
66.78725433	2.50980401
66.79125977	2.50980401
66.79538727	2.50980401
66.79956818	2.49019599
66.80357361	2.49019599
66.80783844	2.49019599
66.80783844	2.50980401
66.81183624	2.49019599
66.81597900	2.49019599
66.82003784	2.50980401
66.82003784	2.50980401
66.82399750	2.50980401
66.82813263	2.50980401
66.83224487	2.50980401
66.83224487	2.50980401
66.83638000	2.50980401
66.84037781	2.50980401
66.84451294	2.50980401
66.84862518	2.50980401
66.85283661	2.50980401
66.85283661	2.50980401
66.85697174	2.50980401
66.86095428	2.50980401
66.86508179	2.50980401
66.86508179	2.49019599
66.86920929	2.49019599
66.87333679	2.49019599
66.87727356	2.49019599
66.87727356	2.49019599
66.88142395	2.49019599
66.88549042	2.49019599
66.88549042	2.49019599
66.88963318	2.49019599
66.89375305	2.49019599
66.89775085	2.49019599
66.89775085	2.49019599
66.90187836	2.49019599
66.90600586	2.49019599
66.91014099	2.49019599
66.91014099	2.49019599
66.91414642	2.49019599
66.91831970	2.49019599
66.92243958	2.49019599
66.92658997	2.49019599
66.93070984	2.49019599
66.93070984	2.49019599
66.93484497	2.49019599
66.93877411	2.49019599
66.94287872	2.49019599
66.94287872	2.49019599
66.94689178	2.49019599
66.95098877	2.47058821
66.95513153	2.45098042
66.95513153	2.45098042
66.95924377	2.45098042
66.96340179	2.45098042
66.96736908	2.45098042
66.97154999	2.45098042
66.97564697	2.45098042
66.97564697	2.45098042
66.97983551	2.45098042
66.98381805	2.45098042
66.98792267	2.45098042
66.98792267	2.47058821
66.99208832	2.47058821
66.99620056	2.47058821
67.00033569	2.47058821
67.00033569	2.47058821
67.00431061	2.47058821
67.00836945	2.47058821
67.00836945	2.47058821
67.01251221	2.47058821
67.01663208	2.47058821
67.02074432	2.47058821
67.02074432	2.47058821
67.02475739	2.47058821
67.02886963	2.47058821
67.03299713	2.47058821
67.03299713	2.49019599
67.03699493	2.49019599
67.04117584	2.49019599
67.04532623	2.49019599
67.04532623	2.37254906
67.04946136	2.07843137
67.05358124	1.68627453
67.05358124	1.60784316
67.05755615	1.54901958
67.06168365	1.54901958
67.06581879	1.43137252
67.06581879	1.23529410
67.06990051	0.90196079
67.07386780	0.84313726
67.07800293	0.86274511
67.07800293	1.19607842
67.08211517	1.64705884
67.08625031	1.96078432
67.09037781	2.39215684
67.09438324	2.52941179
67.09850311	2.62745094
67.09850311	2.70588231
67.10272217	2.76470590
67.10683441	2.80392146
67.11083984	2.82352948
67.11083984	2.84313726
67.11495209	2.86274505
67.11906433	2.88235283
67.12319183	2.88235283
67.12319183	2.88235283
67.12712097	2.86274505
67.13129425	2.84313726
67.13536835	2.80392146
67.13950348	2.78431368
67.14362335	2.78431368
67.14362335	2.76470590
67.14774323	2.76470590
67.15174866	2.74509811
67.15586853	2.74509811
67.15586853	2.74509811
67.16004181	2.72549009
67.16403961	2.72549009
67.16817474	2.70588231
67.16817474	2.70588231
67.17231750	2.70588231
67.17643738	2.70588231
67.17643738	2.68627453
67.18040466	2.68627453
67.18453217	2.68627453
67.18874359	2.68627453
67.18874359	2.68627453
67.19274139	2.66666675
67.19692993	2.66666675
67.20085907	2.66666675
67.20085907	2.66666675
67.20500183	2.64705873
67.20913696	2.64705873
67.21325684	2.64705873
67.21724701	2.62745094
67.22142029	2.62745094
67.22142029	2.62745094
67.22564697	2.62745094
67.22970581	2.62745094
67.23384094	2.62745094
67.23384094	2.60784316
67.23782349	2.60784316
67.24194336	2.60784316
67.24607849	2.60784316
67.24607849	2.60784316
67.25020599	2.60784316
67.25419617	2.60784316
67.25833893	2.58823538
67.26245880	2.58823538
67.26661682	2.58823538
67.26661682	2.58823538
67.27058411	2.58823538
67.27482605	2.58823538
67.27883911	2.56862736
67.27883911	2.56862736
67.28294373	2.56862736
67.28698730	2.56862736
67.29103088	2.56862736
67.29103088	2.56862736
67.29512024	2.56862736
67.29925537	2.54901958
67.29925537	2.54901958
67.30337524	2.54901958
67.30739594	2.54901958
67.31151581	2.54901958
67.31151581	2.54901958
67.31570435	2.54901958
67.31975555	2.54901958
67.32386780	2.52941179
67.32386780	2.52941179
67.32795715	2.52941179
67.33199310	2.52941179
67.33613586	2.52941179
67.33613586	2.52941179
67.34024048	2.52941179
67.34427643	2.52941179
67.34427643	2.52941179
67.34836578	2.52941179
67.35253143	2.52941179
67.35665894	2.52941179
67.35665894	2.52941179
67.36083221	2.50980401
67.36481476	2.50980401
67.36895752	2.50980401
67.36895752	2.50980401
67.37307739	2.50980401
67.37714386	2.50980401
67.38114929	2.50980401
67.38523865	2.50980401
67.38938141	2.50980401
67.38938141	2.50980401
67.39349365	2.50980401
67.39749146	2.50980401
67.40175629	2.50980401
67.40175629	2.50980401
67.40574646	2.50980401
67.40991974	2.50980401
67.41407776	2.50980401
67.41407776	2.50980401
67.41805267	2.50980401
67.42218781	2.50980401
67.42632294	2.49019599
67.43030548	2.49019599
67.43443298	2.47058821
67.43443298	2.47058821
67.43852997	2.47058821
67.44262695	2.45098042
67.44676208	2.45098042
67.44676208	2.45098042
67.45073700	2.33333325
67.45487213	2.13725495
67.45899200	2.11764717
67.45899200	2.21568632
67.46311951	2.27450991
67.46723938	2.31372547
67.46723938	2.35294127
67.47128296	2.39215684
67.47545624	2.41176462
67.47957611	2.43137264
67.47957611	2.43137264
67.48370361	2.45098042
67.48783112	2.45098042
67.49179840	2.47058821
67.49179840	2.47058821
67.49594879	2.47058821
67.50008392	2.47058821
67.50421143	2.47058821
67.50812531	2.49019599
67.51229095	2.49019599
67.51229095	2.49019599
67.51637268	2.49019599
67.52051544	2.49019599
67.52449036	2.49019599
67.52449036	2.49019599
67.52863312	2.49019599
67.53274536	2.49019599
67.53688049	2.49019599
67.53688049	2.49019599
67.54087067	2.49019599
67.54503632	2.49019599
67.54918671	2.49019599
67.55333710	2.49019599
67.55744934	2.50980401
67.55744934	2.50980401
67.56145477	2.50980401
67.56557465	2.50980401
67.56964874	2.50980401
67.56964874	2.50980401
67.57374573	2.50980401
67.57777405	2.50980401
67.58186340	2.50980401
67.58186340	2.50980401
67.58600616	2.50980401
67.59011078	2.50980401
67.59011078	2.50980401
67.59414673	2.50980401
67.59823608	2.50980401
67.60241699	2.50980401
67.60241699	2.50980401
67.60658264	2.50980401
67.61068726	2.50980401
67.61480713	2.50980401
67.61480713	2.50980401
67.61880493	2.50980401
67.62296295	2.50980401
67.62702179	2.50980401
67.62702179	2.50980401
67.63103485	2.50980401
67.63510895	2.50980401
67.63510895	2.50980401
67.63925171	2.50980401
67.64336395	2.49019599
67.64749146	2.49019599
67.64749146	2.49019599
67.65149689	2.47058821
67.65561676	2.47058821
67.65972900	2.45098042
67.65972900	2.45098042
67.66389465	2.43137264
67.66793060	2.43137264
67.67205811	2.43137264
67.67613220	2.43137264
67.68032837	2.43137264
67.68032837	2.43137264
67.68431854	2.43137264
67.68839264	2.43137264
67.69252777	2.43137264
67.69252777	2.43137264
67.69660950	2.43137264
67.70075226	2.45098042
67.70473480	2.45098042
67.70473480	2.45098042
67.70890808	2.45098042
67.71299744	2.47058821
67.71711731	2.47058821
67.72116089	2.49019599
67.72530365	2.49019599
67.72530365	2.49019599
67.72945404	2.50980401
67.73357391	2.50980401
67.73770905	2.50980401
67.73770905	2.50980401
67.74182892	2.50980401
67.74580383	2.50980401
67.74994659	2.43137264
67.74994659	1.98039210
67.75395203	1.37254906
67.75801086	0.86274511
67.75801086	0.84313726
67.76212311	0.84313726
67.76622772	0.84313726
67.77037811	0.84313726
67.77037811	0.84313726
67.77436066	0.82352942
67.77849579	0.82352942
67.78261566	0.84313726
67.78261566	0.84313726
67.78673553	0.84313726
67.79079437	0.84313726
67.79487610	1.64705884
67.79904938	2.45098042
67.80316162	3.03921580
67.80316162	3.47058821
67.80718231	3.76470590
67.81127930	4.00000000
67.81541443	4.13725471
67.81541443	4.23529434
67.81951904	4.29411745
67.82362366	4.33333349
67.82775116	4.35294104
67.82775116	4.33333349
67.83173370	4.31372547
67.83587646	4.27450991
67.83998108	4.17647076
67.84399414	4.13725471
67.84810638	4.07843161
67.84810638	4.03921556
67.85227966	4.00000000
67.85646057	3.96078420
67.86058044	3.90196085
67.86058044	3.86274505
67.86454010	3.80392146
67.86882782	3.74509811
67.87280273	3.68627453
67.87280273	3.62745094
67.87695313	3.54901958
67.88101959	3.47058821
67.88101959	3.43137264
67.88497925	3.41176462
67.88912201	3.37254906
67.89324188	3.35294127
67.89324188	3.31372547
67.89726257	3.25490189
67.90135956	3.23529410
67.90550995	3.19607854
67.90550995	3.17647052
67.90962219	3.15686274
67.91378784	3.13725495
67.91795349	3.09803915
67.91795349	3.09803915
67.92194366	3.07843137
67.92601776	3.05882359
67.92601776	3.03921580
67.93019867	3.01960778
67.93418884	3.01960778
67.93823242	3.00000000
67.93823242	2.98039222
67.94239807	2.98039222
67.94648743	2.96078420
67.95063019	2.94117641
67.95063019	2.94117641
67.95472717	2.92156863
67.95874023	2.90196085
67.96287537	2.88235283
67.96698761	2.88235283
67.97115326	2.86274505
67.97115326	2.86274505
67.97520447	2.84313726
67.97932434	2.82352948
67.98343658	2.82352948
67.98343658	2.80392146
67.98743439	2.78431368
67.99156189	2.78431368
67.99581909	2.78431368
67.99581909	2.76470590
67.99981689	2.76470590
68.00394440	2.74509811
68.00798798	2.74509811
68.01208496	2.72549009
68.01625061	2.72549009
68.01625061	2.70588231
68.02032471	2.70588231
68.02431488	2.70588231
68.02845764	2.68627453
68.02845764	2.68627453
68.03256226	2.68627453
68.03668976	2.66666675
68.04076385	2.66666675
68.04076385	2.66666675
68.04475403	2.64705873
68.04887390	2.64705873
68.04887390	2.64705873
68.05299377	2.64705873
68.05711365	2.62745094
68.06127167	2.62745094
68.06127167	2.62745094
68.06525421	2.62745094
68.06938171	2.62745094
68.07349396	2.62745094
68.07349396	2.60784316
68.07752228	2.60784316
68.08172607	2.60784316
68.08576202	2.58823538
68.08986664	2.56862736
68.09400177	2.56862736
68.09400177	2.54901958
68.09798431	2.54901958
68.10214996	2.54901958
68.10630798	2.52941179
68.10630798	2.54901958
68.11045074	2.54901958
68.11441040	2.54901958
68.11854553	2.52941179
68.11854553	2.50980401
68.12267303	2.37254906
68.12682343	2.03921580
68.13088989	0.84313726
68.13485718	0.84313726
68.13899231	0.84313726
68.13899231	0.84313726
68.14315033	0.82352942
68.14723969	0.82352942
68.15130615	0.82352942
68.15130615	0.84313726
68.15536499	0.84313726
68.15953064	0.94117647
68.16365051	1.62745094
68.16365051	2.25490189
68.16776276	2.72549009
68.17179871	3.07843137
68.17179871	3.33333325
68.17588043	3.50980401
68.18005371	3.62745094
68.18418121	3.72549009
68.18418121	3.78431368
68.18811798	3.82352948
68.19229126	3.82352948
68.19635773	3.84313726
68.19635773	3.82352948
68.20050049	3.80392146
68.20447540	3.78431368
68.20874023	3.76470590
68.20874023	3.74509811
68.21274567	3.70588231
68.21686554	3.68627453
68.21686554	3.64705873
68.22086334	3.62745094
68.22505188	3.58823538
68.22916412	3.56862736
68.22916412	3.52941179
68.23330688	3.50980401
68.23744202	3.47058821
68.24156952	3.45098042
68.24156952	3.41176462
68.24557495	3.39215684
68.24961090	3.35294127
68.25374603	3.31372547
68.25772858	3.29411769
68.26186371	3.27450991
68.26186371	3.23529410
68.26597595	3.21568632
68.27011108	3.19607854
68.27423859	3.17647052
68.27423859	3.15686274
68.27824402	3.13725495
68.28240204	3.13725495
68.28655243	3.11764717
68.28655243	3.09803915
68.29070282	3.07843137
68.29482269	3.05882359
68.29882050	3.03921580
68.30293274	3.01960778
68.30705261	3.00000000
68.30705261	2.98039222
68.31107330	2.96078420
68.31517029	2.96078420
68.31925964	2.94117641
68.31925964	2.92156863
68.32341003	2.92156863
68.32747650	2.90196085
68.33148956	2.88235283
68.33148956	2.88235283
68.33573151	2.86274505
68.33973694	2.86274505
68.33973694	2.84313726
68.34386444	2.82352948
68.34786224	2.82352948
68.35204315	2.80392146
68.35204315	2.80392146
68.35620117	2.78431368
68.36035919	2.78431368
68.36444092	2.76470590
68.36444092	2.76470590
68.36842346	2.74509811
68.37258148	2.74509811
68.37669373	2.72549009
68.38073730	2.70588231
68.38473511	2.70588231
68.38473511	2.70588231
68.38886261	2.68627453
68.39297485	2.68627453
68.39714813	2.68627453
68.39714813	2.66666675
68.40110779	2.66666675
68.40523529	2.66666675
68.40934753	2.64705873
68.40934753	2.64705873
68.41352844	2.64705873
68.41770172	2.64705873
68.42182159	2.64705873
68.42575836	2.64705873
68.42992401	2.64705873
68.42992401	2.62745094
68.43405151	2.62745094
68.43802643	2.60784316
68.44215393	2.58823538
68.44215393	2.56862736
68.44623566	2.54901958
68.45037079	2.52941179
68.45447540	2.52941179
68.45447540	2.49019599
68.45848846	2.25490189
68.46274567	1.90196073
68.46274567	1.35294116
68.46673584	0.84313726
68.47084808	0.82352942
68.47492218	0.84313726
68.47492218	0.82352942
68.47905731	0.84313726
68.48315430	0.84313726
68.48731995	0.82352942
68.48731995	0.86274511
68.49131012	0.80392158
68.49541473	0.84313726
68.49950409	1.13725495
68.49950409	1.96078432
68.50362396	2.64705873
68.50772095	3.13725495
68.50772095	3.49019599
68.51174164	3.76470590
68.51585388	3.94117641
68.51998138	4.05882359
68.51998138	4.13725471
68.52411652	4.19607830
68.52813721	4.21568632
68.53224182	4.21568632
68.53224182	4.21568632
68.53645325	4.19607830
68.54057312	4.17647076
68.54469299	4.09803915
68.54879761	4.05882359
68.55281830	4.01960802
68.55281830	3.98039222
68.55693817	3.94117641
68.56092834	3.90196085
68.56505585	3.86274505
68.56505585	3.82352948
68.56910706	3.78431368
68.57324982	3.74509811
68.57734680	3.70588231
68.57734680	3.66666675
68.58136749	3.62745094
68.58547211	3.58823538
68.58960724	3.52941179
68.59373474	3.49019599
68.59785461	3.45098042
68.59785461	3.43137264
68.60185242	3.39215684
68.60603333	3.37254906
68.61020660	3.35294127
68.61020660	3.33333325
68.61429596	3.29411769
68.61829376	3.27450991
68.62240601	3.25490189
68.62240601	3.23529410
68.62657166	3.21568632
68.63063812	3.19607854
68.63063812	3.17647052
68.63473511	3.15686274
68.63873291	3.13725495
68.64284515	3.11764717
68.64284515	3.09803915
68.64698792	3.07843137
68.65110779	3.05882359
68.65511322	3.03921580
68.65511322	3.01960778
68.65921783	3.00000000
68.66339874	2.98039222
68.66757202	2.94117641
68.67153931	2.94117641
68.67580414	2.92156863
68.67580414	2.90196085
68.67981720	2.88235283
68.68394470	2.86274505
68.68807220	2.86274505
68.68807220	2.84313726
68.69201660	2.84313726
68.69611359	2.82352948
68.70024109	2.80392146
68.70024109	2.80392146
68.70434570	2.78431368
68.70836639	2.78431368
68.71248627	2.76470590
68.71660614	2.74509811
68.72071838	2.74509811
68.72071838	2.72549009
68.72477722	2.72549009
68.72889709	2.72549009
68.73308563	2.70588231
68.73308563	2.70588231
68.73719788	2.68627453
68.74131775	2.68627453
68.74530029	2.68627453
68.74530029	2.66666675
68.74937439	2.66666675
68.75351715	2.66666675
68.75351715	2.66666675
68.75759125	2.64705873
68.76174927	2.64705873
68.76573181	2.62745094
68.76573181	2.62745094
68.76985931	2.62745094
68.77398682	2.62745094
68.77815247	2.60784316
68.77815247	2.60784316
68.78211212	2.60784316
68.78630829	2.60784316
68.79044342	2.60784316
68.79044342	2.58823538
68.79457092	2.58823538
68.79852295	2.58823538
68.79852295	2.58823538
68.80267334	2.58823538
68.80683136	2.58823538
68.81094360	2.58823538
68.81094360	2.58823538
68.81492615	2.58823538
68.81900024	2.58823538
68.82313538	2.56862736
68.82313538	2.56862736
68.82722473	2.56862736
68.83135986	2.56862736
68.83535004	2.50980401
68.83947754	2.49019599
68.84361267	2.50980401
68.84361267	2.45098042
68.84773254	2.11764717
68.85177612	1.74509799
68.85593414	1.78431368
68.85593414	2.00000000
68.86005402	2.15686274
68.86418915	2.27450991
68.86831665	2.35294127
68.86831665	2.43137264
68.87230682	2.47058821
68.87641907	2.50980401
68.88050842	2.52941179
68.88461304	2.50980401
68.88873291	2.49019599
68.88873291	2.45098042
68.89272308	2.43137264
68.89688110	2.39215684
68.90097809	2.33333325
68.90097809	2.33333325
68.90497589	2.35294127
68.90908051	2.35294127
68.91327667	2.37254906
68.91327667	2.37254906
68.91744232	2.37254906
68.92156219	2.35294127
68.92156219	2.39215684
68.92562866	2.39215684
68.92965698	2.41176462
68.93379211	2.43137264
68.93379211	2.45098042
68.93792725	2.49019599
68.94187927	2.52941179
68.94598389	2.54901958
68.94598389	2.56862736
68.95011139	2.60784316
68.95422363	2.62745094
68.95824432	2.64705873
68.96235657	2.62745094
68.96651459	2.64705873
68.96651459	2.64705873
68.97060394	2.64705873
68.97476196	2.64705873
68.97872925	2.64705873
68.97872925	2.64705873
68.98287964	2.64705873
68.98706818	2.64705873
68.99119568	2.64705873
68.99119568	2.62745094
68.99517059	2.62745094
68.99925232	2.62745094
69.00338745	2.62745094
69.00747681	2.62745094
69.01161194	2.62745094
69.01161194	2.62745094
69.01572418	2.62745094
69.01972961	2.62745094
69.02385712	2.62745094
69.02385712	2.60784316
69.02787018	2.60784316
69.03198242	2.60784316
69.03617859	2.62745094
69.03617859	2.62745094
69.04031372	2.60784316
69.04443359	2.60784316
69.04443359	2.60784316
69.04838562	2.60784316
69.05256653	2.60784316
69.05668640	2.60784316
69.05668640	2.60784316
69.06081390	2.60784316
69.06479645	2.60784316
69.06891632	2.58823538
69.06891632	2.58823538
69.07302094	2.58823538
69.07709503	2.58823538
69.08123779	2.58823538
69.08123779	2.58823538
69.08522034	2.58823538
69.08935547	2.58823538
69.08935547	2.56862736
69.09346771	2.56862736
69.09760284	2.56862736
69.10171509	2.56862736
69.10171509	2.56862736
69.10578156	2.56862736
69.10988617	2.56862736
69.11404419	2.56862736
69.11404419	2.56862736
69.11816406	2.56862736
69.12216949	2.54901958
69.12627411	2.54901958
69.13037872	2.54901958
69.13448334	2.54901958
69.13448334	2.52941179
69.13846588	2.52941179
69.14273071	2.50980401
69.14672089	2.49019599
69.14672089	2.47058821
69.15085602	2.45098042
69.15485382	2.43137264
69.15894318	2.39215684
69.15894318	2.33333325
69.16314697	2.29411769
69.16732025	2.31372547
69.17144012	1.90196073
69.17540741	1.50980389
69.17955017	1.37254906
69.17955017	1.49019611
69.18368530	1.39215684
69.18781281	1.05882359
69.19184875	0.84313726
69.19184875	0.84313726
69.19587708	0.86274511
69.19998932	0.90196079
69.20409393	1.37254906
69.20409393	1.74509799
69.20824432	2.03921580
69.21222687	2.25490189
69.21222687	2.41176462
69.21636200	2.54901958
69.22047424	2.62745094
69.22463989	2.70588231
69.22463989	2.74509811
69.22881317	2.78431368
69.23278809	2.80392146
69.23691559	2.84313726
69.23691559	2.86274505
69.24105835	2.86274505
69.24504852	2.88235283
69.24915314	2.88235283
69.25326538	2.84313726
69.25734711	2.82352948
69.25734711	2.76470590
69.26133728	2.74509811
69.26547241	2.72549009
69.26972961	2.70588231
69.26972961	2.70588231
69.27371216	2.70588231
69.27789307	2.72549009
69.28185272	2.72549009
69.28185272	2.72549009
69.28600311	2.72549009
69.29011536	2.74509811
69.29425812	2.74509811
69.29824066	2.74509811
69.30236816	2.74509811
69.30236816	2.74509811
69.30648804	2.74509811
69.31063843	2.74509811
69.31475067	2.74509811
69.31475067	2.74509811
69.31874847	2.74509811
69.32287598	2.74509811
69.32695770	2.74509811
69.32695770	2.72549009
69.33112335	2.72549009
69.33522034	2.72549009
69.33522034	2.72549009
69.33926392	2.72549009
69.34336853	2.70588231
69.34748077	2.70588231
69.34748077	2.68627453
69.35147095	2.66666675
69.35577393	2.62745094
69.35975647	2.60784316
69.35975647	2.56862736
69.36392975	2.54901958
69.36806488	2.52941179
69.37206268	2.50980401
69.37206268	2.50980401
69.37611389	2.47058821
69.38024902	2.45098042
69.38024902	2.45098042
69.38435364	2.45098042
69.38834381	2.45098042
69.39250946	2.45098042
69.39250946	2.47058821
69.39659119	2.47058821
69.40073395	2.47058821
69.40485382	2.47058821
69.40485382	2.49019599
69.40889740	2.49019599
69.41299438	2.49019599
69.41719055	2.49019599
69.42131042	2.49019599
69.42530823	2.49019599
69.42530823	2.49019599
69.42942047	2.49019599
69.43354034	2.49019599
69.43768311	2.49019599
69.43768311	2.47058821
69.44171906	2.47058821
69.44574738	2.47058821
69.44985199	2.47058821
69.44985199	2.45098042
69.45396423	2.45098042
69.45809937	2.47058821
69.46210480	2.47058821
69.46622467	2.47058821
69.47034454	2.49019599
69.47034454	2.49019599
69.47451019	2.50980401
69.47850800	2.50980401
69.48281860	2.52941179
69.48281860	2.52941179
69.48678589	2.52941179
69.49094391	2.54901958
69.49503326	2.54901958
69.49503326	2.54901958
69.49903870	2.54901958
69.50314331	2.54901958
69.50314331	2.54901958
69.50721741	2.54901958
69.51136017	2.54901958
69.51533508	2.54901958
69.51533508	2.54901958
69.51948547	2.54901958
69.52361298	2.47058821
69.52774048	2.03921580
69.52774048	1.21568632
69.53171539	0.82352942
69.53588104	0.82352942
69.54006195	0.82352942
69.54418182	0.80392158
69.54830170	0.80392158
69.54830170	0.80392158
69.55228424	0.82352942
69.55641174	0.84313726
69.56056213	0.86274511
69.56056213	1.37254906
69.56468964	2.29411769
69.56881714	3.00000000
69.57284546	3.49019599
69.57284546	3.86274505
69.57697296	4.13725471
69.58106232	4.31372547
69.58517456	4.49019623
69.58917999	4.50980377
69.59329987	4.50980377
69.59329987	4.47058821
69.59741974	4.43137264
69.60147095	4.37254906
69.60547638	4.33333349
69.60547638	4.27450991
69.60974121	4.21568632
69.61374664	4.15686274
69.61784363	4.09803915
69.61784363	4.05882359
69.62187195	4.05882359
69.62600708	4.05882359
69.62600708	4.05882359
69.63011932	4.05882359
69.63424683	4.03921556
69.63834381	4.01960802
69.63834381	4.00000000
69.64232635	3.98039222
69.64649200	3.92156863
69.65060425	3.88235283
69.65060425	3.84313726
69.65471649	3.80392146
69.65874481	3.76470590
69.66285706	3.72549009
69.66285706	3.68627453
69.66701508	3.64705873
69.67118073	3.62745094
69.67118073	3.58823538
69.67517090	3.54901958
69.67927551	3.52941179
69.68341064	3.49019599
69.68341064	3.47058821
69.68756104	3.43137264
69.69149017	3.41176462
69.69573975	3.39215684
69.69573975	3.35294127
69.69971466	3.33333325
69.70383453	3.31372547
69.70796967	3.27450991
69.71197510	3.25490189
69.71610260	3.23529410
69.71610260	3.21568632
69.72022247	3.19607854
69.72438049	3.17647052
69.72850037	3.17647052
69.72850037	3.15686274
69.73252869	3.13725495
69.73668671	3.13725495
69.74079132	3.11764717
69.74079132	3.09803915
69.74489594	3.09803915
69.74892426	3.07843137
69.75300598	3.05882359
69.75709534	3.03921580
69.76123810	3.01960778
69.76123810	3.00000000
69.76521301	3.00000000
69.76937866	2.98039222
69.77346802	2.96078420
69.77346802	2.94117641
69.77760315	2.94117641
69.78171539	2.92156863
69.78572845	2.90196085
69.78572845	2.90196085
69.78989410	2.88235283
69.79403687	2.86274505
69.79403687	2.86274505
69.79817963	2.84313726
69.80215454	2.84313726
69.80627441	2.82352948
69.80627441	2.82352948
69.81043243	2.80392146
69.81455231	2.80392146
69.81868744	2.78431368
69.81868744	2.78431368
69.82274628	2.76470590
69.82672119	2.76470590
69.83085632	2.74509811
69.83495331	2.72549009
69.83899689	2.72549009
69.83899689	2.72549009
69.84308624	2.70588231
69.84724426	2.70588231
69.85134125	2.70588231
69.85134125	2.68627453
69.85537720	2.68627453
69.85948944	2.66666675
69.86380768	2.64705873
69.86380768	2.60784316
69.86780548	2.54901958
69.87193298	2.45098042
69.87587738	2.01960778
69.88002777	2.11764717
69.88413239	2.17647052
69.88413239	2.00000000
69.88821411	1.47058821
69.89229584	0.84313726
69.89633942	0.84313726
69.89633942	0.84313726
69.90046692	0.86274511
69.90458679	1.07843137
69.90874481	1.50980389
69.90874481	1.84313726
69.91271973	2.11764717
69.91688538	2.31372547
69.92104340	2.56862736
69.92504883	2.64705873
69.92917633	2.68627453
69.92917633	2.72549009
69.93328857	2.76470590
69.93743134	2.78431368
69.94149017	2.78431368
69.94149017	2.78431368
69.94551086	2.78431368
69.94970703	2.78431368
69.95371246	2.78431368
69.95371246	2.78431368
69.95784760	2.78431368
69.96198273	2.78431368
69.96198273	2.78431368
69.96597290	2.78431368
69.97009277	2.80392146
69.97425079	2.80392146
69.97425079	2.82352948
69.97837067	2.80392146
69.98236847	2.80392146
69.98653412	2.78431368
69.98653412	2.74509811
69.99068451	2.72549009
69.99472046	2.68627453
69.99880219	2.68627453
70.00286865	2.68627453
70.00697327	2.68627453
70.00697327	2.68627453
70.01110840	2.70588231
70.01520538	2.70588231
70.01922607	2.70588231
70.01922607	2.70588231
70.02333832	2.70588231
70.02747345	2.70588231
70.03158569	2.70588231
70.03158569	2.70588231
70.03575897	2.70588231
70.03979492	2.70588231
70.04393768	2.72549009
70.04804993	2.72549009
70.05218506	2.72549009
70.05218506	2.72549009
70.05613708	2.72549009
70.06029510	2.72549009
70.06434631	2.72549009
70.06434631	2.70588231
70.06841278	2.68627453
70.07247925	2.68627453
70.07675171	2.68627453
70.07675171	2.68627453
70.08071899	2.68627453
70.08484650	2.68627453
70.08484650	2.68627453
70.08883667	2.68627453
70.09299469	2.68627453
70.09712219	2.68627453
70.09712219	2.66666675
70.10130310	2.66666675
70.10543060	2.66666675
70.10936737	2.64705873
70.10936737	2.64705873
70.11353302	2.64705873
70.11767578	2.64705873
70.12171173	2.62745094
70.12573242	2.62745094
70.12989044	2.60784316
70.12989044	2.60784316
70.13400269	2.60784316
70.13808441	2.60784316
70.14230347	2.60784316
70.14230347	2.60784316
70.14620972	2.60784316
70.15035248	2.58823538
70.15447998	2.60784316
70.15447998	2.60784316
70.15859985	2.60784316
70.16271210	2.58823538
70.16676331	2.58823538
70.17093658	2.58823538
70.17504883	2.58823538
70.17504883	2.58823538
70.17902374	2.58823538
70.18316650	2.58823538
70.18729401	2.60784316
70.18729401	2.58823538
70.19134521	2.58823538
70.19537354	2.58823538
70.19946289	2.58823538
70.19946289	2.58823538
70.20360565	2.58823538
70.20771027	2.58823538
70.20771027	2.58823538
70.21184540	2.58823538
70.21585083	2.58823538
70.21996307	2.58823538
70.21996307	2.56862736
70.22408295	2.56862736
70.22825623	2.56862736
70.23242950	2.56862736
70.23242950	2.56862736
70.23641968	2.56862736
70.24051666	2.54901958
70.24465179	2.54901958
70.24465179	2.39215684
70.24880981	1.90196073
70.25272369	1.13725495
70.25272369	0.84313726
70.25681305	0.84313726
70.26097107	0.84313726
70.26506042	0.94117647
70.26506042	1.41176474
70.26911163	1.84313726
70.27320862	2.13725495
70.27734375	2.37254906
70.27734375	2.54901958
70.28145599	2.68627453
70.28547668	2.78431368
70.28980255	2.88235283
70.29372406	2.92156863
70.29790497	2.92156863
70.29790497	2.92156863
70.30191040	2.90196085
70.30603790	2.86274505
70.31015778	2.82352948
70.31015778	2.80392146
70.31422424	2.76470590
70.31828308	2.76470590
70.32247162	2.76470590
70.32247162	2.74509811
70.32649994	2.74509811
70.33055878	2.74509811
70.33470917	2.74509811
70.33869171	2.72549009
70.34283447	2.72549009
70.34283447	2.70588231
70.34700012	2.70588231
70.35117340	2.70588231
70.35530090	2.70588231
70.35530090	2.70588231
70.35922241	2.70588231
70.36340332	2.70588231
70.36754608	2.70588231
70.36754608	2.70588231
70.37167358	2.70588231
70.37572479	2.70588231
70.37572479	2.70588231
70.37977600	2.70588231
70.38394928	2.68627453
70.38806915	2.68627453
70.38806915	2.68627453
70.39204407	2.68627453
70.39616394	2.68627453
70.40029144	2.68627453
70.40029144	2.66666675
70.40441895	2.66666675
70.40853882	2.66666675
70.41246796	2.66666675
70.41671753	2.64705873
70.42072296	2.64705873
70.42072296	2.64705873
70.42484283	2.64705873
70.42884064	2.64705873
70.43299103	2.62745094
70.43299103	2.62745094
70.43715668	2.62745094
70.44123077	2.62745094
70.44538116	2.60784316
70.44538116	2.60784316
70.44933319	2.60784316
70.45346832	2.60784316
70.45758057	2.58823538
70.46172333	2.56862736
70.46585846	2.54901958
70.46585846	2.52941179
70.46984863	2.52941179
70.47396088	2.52941179
70.47812653	2.52941179
70.47812653	2.52941179
70.48217773	2.52941179
70.48626709	2.52941179
70.49038696	2.50980401
70.49038696	2.50980401
70.49459076	2.50980401
70.49864960	2.50980401
70.49864960	2.50980401
70.50273895	2.50980401
70.50671387	2.52941179
70.51084900	2.54901958
70.51084900	2.56862736
70.51495361	2.58823538
70.51897430	2.58823538
70.52309418	2.60784316
70.52309418	2.60784316
70.52722168	2.60784316
70.53133392	2.60784316
70.53550720	2.60784316
70.53550720	2.62745094
70.53952026	2.62745094
70.54380035	2.62745094
70.54380035	2.62745094
70.54779053	2.62745094
70.55191803	2.62745094
70.55605316	2.62745094
70.55605316	2.62745094
70.56002808	2.62745094
70.56414032	2.62745094
70.56820679	2.60784316
70.56820679	2.60784316
70.57221985	2.58823538
70.57633209	2.50980401
70.58050537	2.45098042
70.58457947	2.37254906
70.58872223	2.39215684
70.58872223	1.98039210
70.59268951	1.35294116
70.59689331	0.88235295
70.60102081	0.80392158
70.60102081	1.13725495
70.60517883	1.56862748
70.60909271	1.88235295
70.61325073	2.13725495
70.61325073	2.31372547
70.61740875	2.45098042
70.62153625	2.54901958
70.62572479	2.68627453
70.62977600	2.72549009
70.63382721	2.74509811
70.63382721	2.76470590
70.63784027	2.78431368
70.64197540	2.78431368
70.64595795	2.78431368
70.64595795	2.78431368
70.65010071	2.78431368
70.65420532	2.78431368
70.65834045	2.78431368
70.65834045	2.76470590
70.66235352	2.76470590
70.66650391	2.76470590
70.66650391	2.74509811
70.67065430	2.74509811
70.67477417	2.74509811
70.67884064	2.72549009
70.67884064	2.72549009
70.68287659	2.72549009
70.68704224	2.70588231
70.69110107	2.70588231
70.69110107	2.68627453
70.69525146	2.68627453
70.69920349	2.68627453
70.70334625	2.68627453
70.70334625	2.66666675
70.70745087	2.66666675
70.71159363	2.66666675
70.71159363	2.66666675
70.71571350	2.64705873
70.71971130	2.64705873
70.72383118	2.64705873
70.72383118	2.64705873
70.72799683	2.62745094
70.73217773	2.62745094
70.73628998	2.62745094
70.73628998	2.62745094
70.74028015	2.60784316
70.74440002	2.60784316
70.74854279	2.60784316
70.75248718	2.60784316
70.75675964	2.60784316
70.75675964	2.60784316
70.76070404	2.60784316
70.76484680	2.58823538
70.76895142	2.58823538
70.76895142	2.58823538
70.77295685	2.58823538
70.77709198	2.58823538
70.78121185	2.58823538
70.78121185	2.58823538
70.78533173	2.56862736
70.78940582	2.56862736
70.79353333	2.56862736
70.79767609	2.56862736
70.80180359	2.56862736
70.80180359	2.56862736
70.80579376	2.54901958
70.80989838	2.54901958
70.81397247	2.54901958
70.81397247	2.54901958
70.81808472	2.54901958
70.82221222	2.54901958
70.82620239	2.54901958
70.82620239	2.54901958
70.83034515	2.54901958
70.83446503	2.54901958
70.83446503	2.54901958
70.83858490	2.54901958
70.84269714	2.52941179
70.84674072	2.52941179
70.84674072	2.52941179
70.85092926	2.52941179
70.85504150	2.52941179
70.85908508	2.52941179
70.85908508	2.52941179
70.86315918	2.52941179
70.86727142	2.52941179
70.87142181	2.50980401
70.87554932	2.50980401
70.87953186	2.50980401
70.87953186	2.50980401
70.88372040	2.50980401
70.88771057	2.50980401
70.89183807	2.50980401
70.89183807	2.50980401
70.89582825	2.50980401
70.90000153	2.50980401
70.90407562	2.50980401
70.90407562	2.50980401
70.90821838	2.50980401
70.91235352	2.50980401
70.91637421	2.50980401
70.92054749	2.50980401
70.92466736	2.50980401
70.92466736	2.50980401
70.92877960	2.50980401
70.93277740	2.50980401
70.93689728	2.50980401
70.93689728	2.49019599
70.94107056	2.49019599
70.94512177	2.49019599
70.94920349	2.39215684
70.94920349	2.07843137
70.95322418	1.62745094
70.95732880	1.03921568
70.95732880	0.86274511
70.96147156	0.84313726
70.96558380	0.84313726
70.96971130	0.84313726
70.96971130	0.84313726
70.97370148	1.01960790
70.97787476	1.60784316
70.98204803	2.03921580
70.98204803	2.35294127
70.98603058	2.60784316
70.99014282	2.78431368
70.99427795	3.00000000
70.99842072	3.05882359
71.00247955	3.11764717
71.00247955	3.13725495
71.00646210	3.15686274
71.01057434	3.15686274
71.01470947	3.15686274
71.01470947	3.15686274
71.01882172	3.15686274
71.02283478	3.13725495
71.02695465	3.13725495
71.02695465	3.11764717
71.03109741	3.09803915
71.03520966	3.09803915
71.03942871	3.05882359
71.04341125	3.03921580
71.04751587	3.01960778
71.04751587	3.00000000
71.05165100	3.00000000
71.05577087	2.98039222
71.05978394	2.96078420
71.05978394	2.96078420
71.06385040	2.94117641
71.06794739	2.92156863
71.07209015	2.92156863
71.07209015	2.90196085
71.07607269	2.90196085
71.08024597	2.88235283
71.08024597	2.86274505
71.08432770	2.86274505
71.08845520	2.84313726
71.09255981	2.84313726
71.09255981	2.82352948
71.09675598	2.80392146
71.10077667	2.80392146
71.10489655	2.80392146
71.10489655	2.78431368
71.10910034	2.78431368
71.11301422	2.76470590
71.11713409	2.76470590
71.11713409	2.76470590
71.12130737	2.74509811
71.12541962	2.74509811
71.12541962	2.72549009
71.12941742	2.70588231
71.13357544	2.68627453
71.13783264	2.66666675
71.13783264	2.64705873
71.14180756	2.60784316
71.14590454	2.58823538
71.14990234	2.54901958
71.14990234	2.52941179
71.15405273	2.50980401
71.15816498	2.49019599
71.16222382	2.43137264
71.16625977	2.41176462
71.17038727	2.41176462
71.17038727	2.43137264
71.17446899	2.45098042
71.17863464	2.45098042
71.18273163	2.47058821
71.18273163	2.47058821
71.18672180	2.47058821
71.19087219	2.47058821
71.19498444	2.47058821
71.19498444	2.49019599
71.19908142	2.49019599
71.20309448	2.49019599
71.20719910	2.49019599
71.21134186	2.49019599
71.21544647	2.49019599
71.21544647	2.49019599
71.21950531	2.49019599
71.22370911	2.49019599
71.22775269	2.49019599
71.22775269	2.49019599
71.23188782	2.49019599
71.23604584	2.49019599
71.24002075	2.47058821
71.24002075	2.47058821
71.24414825	2.47058821
71.24827576	2.45098042
71.24827576	2.43137264
71.25232697	2.41176462
71.25635529	2.39215684
71.26044464	2.37254906
71.26044464	2.35294127
71.26459503	2.33333325
71.26869965	2.15686274
71.27285004	1.66666663
71.27285004	1.21568632
71.27681732	1.01960790
71.28103638	1.23529410
71.28507233	0.84313726
71.28926086	0.84313726
71.29321289	0.86274511
71.29321289	0.86274511
71.29738617	1.17647064
71.30152130	1.64705884
71.30564880	2.00000000
71.30564880	2.25490189
71.30977631	2.45098042
71.31372833	2.58823538
71.31783295	2.70588231
71.31783295	2.78431368
71.32196045	2.84313726
71.32607269	2.88235283
71.33007813	2.92156863
71.33420563	2.92156863
71.33833313	2.92156863
71.33833313	2.92156863
71.34246063	2.92156863
71.34644318	2.92156863
71.35079956	2.90196085
71.35079956	2.90196085
71.35477448	2.90196085
71.35895538	2.86274505
71.36304474	2.82352948
71.36304474	2.78431368
71.36701965	2.78431368
71.37114716	2.76470590
71.37114716	2.78431368
71.37528992	2.78431368
71.37940979	2.78431368
71.38335419	2.78431368
71.38335419	2.80392146
71.38746643	2.80392146
71.39158630	2.82352948
71.39569855	2.82352948
71.39569855	2.82352948
71.39969635	2.82352948
71.40383148	2.84313726
71.40795135	2.84313726
71.40795135	2.84313726
71.41208649	2.84313726
71.41624451	2.84313726
71.41624451	2.82352948
71.42027283	2.82352948
71.42439270	2.82352948
71.42858887	2.82352948
71.42858887	2.80392146
71.43265533	2.80392146
71.43679047	2.80392146
71.44078827	2.78431368
71.44078827	2.78431368
71.44489288	2.78431368
71.44895935	2.76470590
71.45308685	2.74509811
71.45706940	2.74509811
71.46121979	2.74509811
71.46121979	2.72549009
71.46531677	2.72549009
71.46934509	2.72549009
71.47345734	2.70588231
71.47345734	2.70588231
71.47762299	2.70588231
71.48181915	2.70588231
71.48591614	2.68627453
71.48591614	2.68627453
71.48989868	2.68627453
71.49401093	2.68627453
71.49816895	2.66666675
71.50222015	2.66666675
71.50636292	2.64705873
71.50636292	2.64705873
71.51033020	2.64705873
71.51445007	2.64705873
71.51856995	2.64705873
71.51856995	2.62745094
71.52270508	2.62745094
71.52670288	2.62745094
71.53088379	2.62745094
71.53088379	2.62745094
71.53494263	2.62745094
71.53911591	2.60784316
71.53911591	2.60784316
71.54310608	2.60784316
71.54728699	2.60784316
71.55139923	2.58823538
71.55139923	2.58823538
71.55554199	2.58823538
71.55947876	2.58823538
71.56372833	2.58823538
71.56372833	2.58823538
71.56773376	2.58823538
71.57181549	2.58823538
71.57597351	2.58823538
71.57597351	2.58823538
71.57994843	2.58823538
71.58408356	2.56862736
71.58408356	2.56862736
71.58821106	2.56862736
71.59233093	2.56862736
71.59640503	2.56862736
71.59640503	2.56862736
71.60045624	2.56862736
71.60460663	2.56862736
71.60879517	2.56862736
71.60879517	2.56862736
71.61273193	2.56862736
71.61687469	2.54901958
71.62102509	2.52941179
71.62516785	2.50980401
71.62928009	2.49019599
71.62928009	2.47058821
71.63322449	2.45098042
71.63732910	2.43137264
71.64144135	2.43137264
71.64144135	2.43137264
71.64558411	2.43137264
71.64969635	2.43137264
71.65370178	2.43137264
71.65370178	2.45098042
71.65782928	2.45098042
71.66196442	2.45098042
71.66608429	2.45098042
71.67013550	2.45098042
71.67425537	2.45098042
71.67425537	2.45098042
71.67842102	2.45098042
71.68251801	2.47058821
71.68666077	2.47058821
71.68666077	2.47058821
71.69079590	2.47058821
71.69470215	2.47058821
71.69882965	2.47058821
71.69882965	2.47058821
71.70279694	2.47058821
71.70693970	2.49019599
71.70693970	2.49019599
71.71108246	2.49019599
71.71519470	2.49019599
71.71932983	2.49019599
71.71932983	2.49019599
71.72332764	2.50980401
71.72750092	2.50980401
71.73166656	2.50980401
71.73166656	2.50980401
71.73578644	2.50980401
71.73977661	2.49019599
71.74388885	2.49019599
71.74803925	2.49019599
71.75217438	2.49019599
71.75217438	2.49019599
71.75619507	2.49019599
71.76032257	2.49019599
71.76442719	2.49019599
71.76442719	2.49019599
71.76852417	2.49019599
71.77266693	2.49019599
71.77674866	2.49019599
71.77674866	2.49019599
71.78076935	2.49019599
71.78485107	2.49019599
71.78896332	2.49019599
71.79299164	2.49019599
71.79709625	2.49019599
71.79709625	2.49019599
71.80123138	2.49019599
71.80537415	2.49019599
71.80944061	2.47058821
71.80944061	2.47058821
71.81346893	2.47058821
71.81771088	2.49019599
71.82168579	2.49019599
71.82168579	2.49019599
71.82580566	2.49019599
71.82996368	2.49019599
71.82996368	2.49019599
71.83395386	2.49019599
71.83808136	2.49019599
71.84220123	2.49019599
71.84220123	2.47058821
71.84619904	2.49019599
71.85035706	2.49019599
71.85453033	2.49019599
71.85453033	2.49019599
71.85866547	2.47058821
71.86278534	2.47058821
71.86677551	2.45098042
71.86677551	2.45098042
71.87089539	2.43137264
71.87500763	2.43137264
71.87500763	2.41176462
71.87915802	2.41176462
71.88309479	2.39215684
71.88719940	2.37254906
71.88719940	2.37254906
71.89131927	2.39215684
71.89545441	2.39215684
71.89956665	2.39215684
71.89956665	2.41176462
71.90370178	2.41176462
71.90773010	2.43137264
71.91184235	2.43137264
71.91593933	2.43137264
71.91998291	2.45098042
71.91998291	2.45098042
71.92414856	2.45098042
71.92826843	2.45098042
71.93242645	2.45098042
71.93242645	2.45098042
71.93637085	2.45098042
71.94050598	2.45098042
71.94474792	2.47058821
71.94474792	2.47058821
71.94870758	2.47058821
71.95282745	2.41176462
71.95681763	1.90196073
71.96094513	1.56862748
71.96507263	1.00000000
71.96507263	0.84313726
71.96920013	0.82352942
71.97319794	0.82352942
71.97737122	0.82352942
71.97737122	0.84313726
71.98152924	0.82352942
71.98562622	0.84313726
71.98978424	0.80392158
71.98978424	0.86274511
71.99375153	0.84313726
71.99789429	0.80392158
71.99789429	0.86274511
72.00203705	0.86274511
72.00610352	1.43137252
72.01020050	2.37254906
72.01020050	3.13725495
72.01419067	3.66666675
72.01831055	4.05882359
72.02249908	4.35294104
72.02249908	4.52941179
72.02644348	4.66666651
72.03070831	4.74509811
72.03469849	4.80392170
72.03885651	4.80392170
72.04296875	4.76470566
72.04296875	4.74509811
72.04700470	4.70588255
72.05113983	4.64705896
72.05525970	4.60784292
72.05525970	4.54901981
72.05934143	4.49019623
72.06335449	4.43137264
72.06745148	4.37254906
72.06745148	4.33333349
72.07156372	4.27450991
72.07570648	4.21568632
72.07981873	4.11764717
72.08382416	4.05882359
72.08795166	4.00000000
72.08795166	3.94117641
72.09207153	3.88235283
72.09619141	3.84313726
72.10023499	3.78431368
72.10023499	3.74509811
72.10440063	3.70588231
72.10852814	3.68627453
72.11268616	3.64705873
72.11268616	3.60784316
72.11679077	3.56862736
72.12076569	3.54901958
72.12076569	3.50980401
72.12483978	3.47058821
72.12895966	3.45098042
72.13313293	3.43137264
72.13313293	3.39215684
72.13706207	3.37254906
72.14118958	3.33333325
72.14533234	3.31372547
72.14533234	3.29411769
72.14945221	3.27450991
72.15345001	3.25490189
72.15773010	3.21568632
72.15773010	3.19607854
72.16172028	3.17647052
72.16584778	3.15686274
72.16584778	3.13725495
72.16990662	3.11764717
72.17401886	3.09803915
72.17809296	3.07843137
72.17809296	3.05882359
72.18228149	3.05882359
72.18627930	3.03921580
72.19039917	3.01960778
72.19039917	3.00000000
72.19447327	2.98039222
72.19859314	2.98039222
72.20269012	2.94117641
72.20668793	2.94117641
72.21081543	2.92156863
72.21081543	2.90196085
72.21493530	2.90196085
72.21907806	2.88235283
72.22319794	2.88235283
72.22319794	2.86274505
72.22723389	2.86274505
72.23140717	2.84313726
72.23552704	2.82352948
72.23552704	2.82352948
72.23965454	2.80392146
72.24378204	2.80392146
72.24776459	2.78431368
72.25190735	2.76470590
72.25597382	2.76470590
72.25597382	2.74509811
72.25997925	2.74509811
72.26408386	2.74509811
72.26818848	2.72549009
72.26818848	2.72549009
72.27231598	2.70588231
72.27645874	2.70588231
72.28045654	2.70588231
72.28045654	2.70588231
72.28469086	2.68627453
72.28869629	2.68627453
72.28869629	2.68627453
72.29284668	2.66666675
72.29687500	2.66666675
72.30100250	2.66666675
72.30100250	2.66666675
72.30513000	2.64705873
72.30921173	2.33333325
72.31334686	1.78431368
72.31334686	1.41176474
72.31735229	0.96078432
72.32143402	0.84313726
72.32557678	0.84313726
72.32969666	0.82352942
72.33369446	0.84313726
72.33369446	0.84313726
72.33780670	0.84313726
72.34201813	0.82352942
72.34607697	0.84313726
72.34607697	0.82352942
72.35012817	0.86274511
72.35424805	0.94117647
72.35839081	1.66666663
72.35839081	2.50980401
72.36253357	3.13725495
72.36663818	3.56862736
72.37078857	4.13725471
72.37471771	4.29411745
72.37885284	4.39215708
72.37885284	4.45098019
72.38293457	4.49019623
72.38695526	4.49019623
72.39106750	4.49019623
72.39106750	4.47058821
72.39520264	4.43137264
72.39932251	4.41176462
72.40344238	4.37254906
72.40344238	4.31372547
72.40743256	4.27450991
72.41173553	4.23529434
72.41173553	4.17647076
72.41571808	4.13725471
72.41989899	4.07843161
72.42388916	4.01960802
72.42388916	3.96078420
72.42807007	3.90196085
72.43215942	3.86274505
72.43627930	3.80392146
72.43627930	3.76470590
72.44026947	3.72549009
72.44444275	3.68627453
72.44856262	3.64705873
72.44856262	3.62745094
72.45265961	3.58823538
72.45677185	3.54901958
72.45677185	3.50980401
72.46076965	3.49019599
72.46489716	3.45098042
72.46901703	3.43137264
72.46901703	3.39215684
72.47315979	3.37254906
72.47709656	3.33333325
72.48119354	3.31372547
72.48119354	3.29411769
72.48532867	3.27450991
72.48944855	3.25490189
72.49344635	3.21568632
72.49772644	3.19607854
72.50177765	3.17647052
72.50177765	3.15686274
72.50586700	3.13725495
72.50997162	3.11764717
72.51393890	3.09803915
72.51393890	3.07843137
72.51808167	3.07843137
72.52219391	3.05882359
72.52639008	3.03921580
72.52639008	3.01960778
72.53031921	3.00000000
72.53444672	2.98039222
72.53855896	2.96078420
72.54269409	2.94117641
72.54686737	2.92156863
72.54686737	2.92156863
72.55086517	2.90196085
72.55501556	2.88235283
72.55914307	2.88235283
72.55914307	2.86274505
72.56331635	2.86274505
72.56719208	2.84313726
72.57126617	2.84313726
72.57126617	2.82352948
72.57545471	2.82352948
72.57955170	2.80392146
72.57955170	2.80392146
72.58370209	2.78431368
72.58763885	2.78431368
72.59181976	2.76470590
72.59181976	2.76470590
72.59595490	2.74509811
72.59997559	2.74509811
72.60411835	2.74509811
72.60411835	2.72549009
72.60826111	2.72549009
72.61238098	2.72549009
72.61650848	2.70588231
72.62048340	2.70588231
72.62471771	2.70588231
72.62471771	2.70588231
72.62872314	2.68627453
72.63280487	2.68627453
72.63694763	2.68627453
72.63694763	2.66666675
72.64093781	2.66666675
72.64507294	2.66666675
72.64919281	2.64705873
72.64919281	2.62745094
72.65331268	2.60784316
72.65730286	2.56862736
72.66148376	2.54901958
72.66565704	2.52941179
72.66978455	2.50980401
72.66978455	2.31372547
72.67372131	2.03921580
72.67794037	1.80392158
72.68201447	1.60784316
72.68201447	1.39215684
72.68615723	1.43137252
72.69014740	1.15686274
72.69421387	0.84313726
72.69421387	0.84313726
72.69834900	1.15686274
72.70243835	1.56862748
72.70243835	1.88235295
72.70657349	2.11764717
72.71068573	2.29411769
72.71469116	2.43137264
72.71469116	2.50980401
72.71883392	2.58823538
72.72294617	2.64705873
72.72705841	2.68627453
72.72705841	2.70588231
72.73110199	2.72549009
72.73525238	2.74509811
72.73937225	2.74509811
72.73937225	2.76470590
72.74337006	2.76470590
72.74749756	2.76470590
72.74749756	2.76470590
72.75165558	2.74509811
72.75571442	2.74509811
72.75984955	2.74509811
72.75984955	2.74509811
72.76380920	2.72549009
72.76794434	2.72549009
72.77205658	2.72549009
72.77205658	2.72549009
72.77619934	2.72549009
72.78019714	2.72549009
72.78430176	2.70588231
72.78842926	2.70588231
72.79260254	2.70588231
72.79260254	2.70588231
72.79677582	2.70588231
72.80075073	2.68627453
72.80487061	2.68627453
72.80487061	2.68627453
72.80909729	2.68627453
72.81314850	2.68627453
72.81722260	2.68627453
72.81722260	2.68627453
72.82118988	2.68627453
72.82532501	2.68627453
72.82942963	2.68627453
72.83345032	2.66666675
72.83768463	2.66666675
72.83768463	2.66666675
72.84169006	2.66666675
72.84582520	2.66666675
72.84997559	2.64705873
72.84997559	2.64705873
72.85398865	2.64705873
72.85814667	2.64705873
72.86221313	2.64705873
72.86221313	2.64705873
72.86640167	2.62745094
72.87052917	2.62745094
72.87052917	2.62745094
72.87445831	2.62745094
72.87859344	2.62745094
72.88267517	2.62745094
72.88267517	2.62745094
72.88669586	2.62745094
72.89080811	2.62745094
72.89495087	2.60784316
72.89495087	2.60784316
72.89904785	2.60784316
72.90322876	2.58823538
72.90718842	2.50980401
72.91135406	2.49019599
72.91546631	2.47058821
72.91546631	2.45098042
72.91964722	2.45098042
72.92377472	2.47058821
72.92774963	2.47058821
72.92774963	2.49019599
72.93189240	2.49019599
72.93601990	2.49019599
72.94014740	2.50980401
72.94014740	2.50980401
72.94412994	2.50980401
72.94824982	2.50980401
72.95230865	2.52941179
72.95645142	2.52941179
72.96055603	2.52941179
72.96055603	2.52941179
72.96469116	2.52941179
72.96868134	2.52941179
72.97286224	2.52941179
72.97286224	2.52941179
72.97682190	2.52941179
72.98097992	2.52941179
72.98512268	2.50980401
72.98512268	2.50980401
72.98928070	2.50980401
72.99339294	2.50980401
72.99339294	2.50980401
72.99734497	2.50980401
73.00151062	2.50980401
73.00558472	2.50980401
73.00558472	2.50980401
73.00973511	2.50980401
73.01367950	2.50980401
73.01781464	2.50980401
73.01781464	2.50980401
73.02193451	2.47058821
73.02606964	2.01960778
73.03019714	1.03921568
73.03019714	0.82352942
73.03418732	0.82352942
73.03829956	0.84313726
73.03829956	0.82352942
73.04248810	0.82352942
73.04664612	0.84313726
73.05078125	0.84313726
73.05078125	0.86274511
73.05474854	1.09803927
73.05888367	1.90196073
73.06301880	2.52941179
73.06301880	2.98039222
73.06697083	3.31372547
73.07107544	3.54901958
73.07521057	3.84313726
73.07930756	3.90196085
73.08343506	3.96078420
73.08343506	3.98039222
73.08743286	3.98039222
73.09169006	3.98039222
73.09569550	3.96078420
73.09569550	3.94117641
73.09980774	3.92156863
73.10386658	3.88235283
73.10798645	3.84313726
73.10798645	3.82352948
73.11211395	3.78431368
73.11627960	3.74509811
73.12039948	3.64705873
73.12432098	3.60784316
73.12846375	3.56862736
73.12846375	3.50980401
73.13255310	3.45098042
73.13670349	3.43137264
73.14067078	3.39215684
73.14067078	3.37254906
73.14482117	3.31372547
73.14893341	3.27450991
73.15306091	3.23529410
73.15306091	3.21568632
73.15705872	3.19607854
73.16121674	3.17647052
73.16121674	3.15686274
73.16539001	3.13725495
73.16951752	3.11764717
73.17364502	3.09803915
73.17364502	3.07843137
73.17777252	3.07843137
73.18177032	3.07843137
73.18587494	3.05882359
73.18587494	3.03921580
73.19002533	3.03921580
73.19401550	3.01960778
73.19809723	3.00000000
73.20217896	3.00000000
73.20631409	2.98039222
73.20631409	2.96078420
73.21029663	2.94117641
73.21445465	2.94117641
73.21868134	2.92156863
73.21868134	2.92156863
73.22268677	2.90196085
73.22682190	2.88235283
73.23086548	2.88235283
73.23086548	2.86274505
73.23500824	2.86274505
73.23912811	2.84313726
73.24321747	2.82352948
73.24726868	2.82352948
73.25138092	2.80392146
73.25138092	2.80392146
73.25545502	2.80392146
73.25966644	2.78431368
73.26367950	2.78431368
73.26367950	2.78431368
73.26770020	2.76470590
73.27180481	2.76470590
73.27590942	2.76470590
73.27590942	2.74509811
73.28005219	2.74509811
73.28421783	2.74509811
73.28421783	2.72549009
73.28818512	2.72549009
73.29243469	2.72549009
73.29651642	2.70588231
73.29651642	2.70588231
73.30049896	2.68627453
73.30477905	2.68627453
73.30874634	2.68627453
73.30874634	2.66666675
73.31289673	2.66666675
73.31695557	2.66666675
73.32096100	2.66666675
73.32096100	2.64705873
73.32505798	2.64705873
73.32917786	2.64705873
73.32917786	2.64705873
73.33329773	2.62745094
73.33731079	2.62745094
73.34143829	2.62745094
73.34143829	2.62745094
73.34556580	2.58823538
73.34968567	2.15686274
73.35388947	1.50980389
73.35388947	0.88235295
73.35787964	0.84313726
73.36205292	0.84313726
73.36614227	0.82352942
73.37026978	0.80392158
73.37431335	0.80392158
73.37431335	0.84313726
73.37834930	0.84313726
73.38243103	0.84313726
73.38656616	0.84313726
73.38656616	0.82352942
73.39067841	0.84313726
73.39468384	0.84313726
73.39879608	0.94117647
73.39879608	1.52941179
73.40298462	2.33333325
73.40705109	3.07843137
73.41110229	4.00000000
73.41526794	4.27450991
73.41936493	4.47058821
73.41936493	4.58823538
73.42352295	4.66666651
73.42749023	4.70588255
73.43177032	4.72549009
73.43177032	4.72549009
73.43576813	4.70588255
73.43989563	4.66666651
73.44401550	4.64705896
73.44401550	4.58823538
73.44797516	4.54901981
73.45204926	4.49019623
73.45204926	4.45098019
73.45619202	4.39215708
73.46030426	4.33333349
73.46431732	4.27450991
73.46431732	4.23529434
73.46842957	4.17647076
73.47256470	4.13725471
73.47669220	4.07843161
73.47669220	4.03921556
73.48072815	3.98039222
73.48486328	3.92156863
73.48899841	3.82352948
73.49305725	3.76470590
73.49726105	3.72549009
73.49726105	3.68627453
73.50123596	3.64705873
73.50532532	3.60784316
73.50946045	3.56862736
73.50946045	3.52941179
73.51354980	3.50980401
73.51769257	3.47058821
73.52167511	3.45098042
73.52167511	3.41176462
73.52578735	3.39215684
73.52995300	3.37254906
73.53392792	3.33333325
73.53805542	3.29411769
73.54222107	3.27450991
73.54222107	3.25490189
73.54639435	3.23529410
73.55052185	3.21568632
73.55450439	3.19607854
73.55450439	3.17647052
73.55862427	3.15686274
73.56276703	3.13725495
73.56680298	3.11764717
73.56680298	3.11764717
73.57083130	3.09803915
73.57492065	3.07843137
73.57492065	3.05882359
73.57905579	3.03921580
73.58317566	3.00000000
73.58730316	2.94117641
73.58730316	2.90196085
73.59130859	2.88235283
73.59543610	2.84313726
73.59954834	2.82352948
73.59954834	2.80392146
73.60376740	2.78431368
73.60774231	2.74509811
73.61186218	2.72549009
73.61186218	2.70588231
73.61602020	2.68627453
73.62014771	2.66666675
73.62014771	2.64705873
73.62413025	2.64705873
73.62822723	2.64705873
73.63230133	2.64705873
73.63230133	2.64705873
73.63643646	2.64705873
73.64054108	2.64705873
73.64470673	2.64705873
73.64470673	2.64705873
73.64866638	2.64705873
73.65280914	2.64705873
73.65692902	2.64705873
73.66098022	2.64705873
73.66510773	2.62745094
73.66510773	2.62745094
73.66923523	2.62745094
73.67339325	2.62745094
73.67752075	2.62745094
73.67752075	2.60784316
73.68150330	2.60784316
73.68563843	2.60784316
73.68974304	2.60784316
73.68974304	2.60784316
73.69389343	2.60784316
73.69785309	2.60784316
73.70192719	2.60784316
73.70606995	2.60784316
73.71017456	2.60784316
73.71017456	2.60784316
73.71422577	2.60784316
73.71829987	2.58823538
73.72243500	2.58823538
73.72243500	2.58823538
73.72657013	2.58823538
73.73073578	2.58823538
73.73470306	2.58823538
73.73470306	2.58823538
73.73895264	2.56862736
73.74295044	2.56862736
73.74295044	2.56862736
73.74713898	2.52941179
73.75112152	2.23529410
73.75519562	1.94117641
73.75519562	1.88235295
73.75934601	2.07843137
73.76342010	2.21568632
73.76757050	2.31372547
73.76757050	2.39215684
73.77167511	2.45098042
73.77574158	2.49019599
73.77980042	2.54901958
73.78397369	2.56862736
73.78794098	2.58823538
73.78794098	2.60784316
73.79209137	2.60784316
73.79623413	2.60784316
73.80039215	2.60784316
73.80039215	2.62745094
73.80437469	2.62745094
73.80849457	2.60784316
73.81263733	2.60784316
73.81263733	2.60784316
73.81670380	2.60784316
73.82082367	2.60784316
73.82479858	2.60784316
73.82893372	2.60784316
73.83304596	2.60784316
73.83304596	2.60784316
73.83717346	2.60784316
73.84117889	2.58823538
73.84531403	2.58823538
73.84531403	2.58823538
73.84947968	2.58823538
73.85363770	2.58823538
73.85775757	2.58823538
73.85775757	2.56862736
73.86174011	2.56862736
73.86588287	2.56862736
73.86588287	2.56862736
73.87001038	2.56862736
73.87414551	2.52941179
73.87809753	2.50980401
73.87809753	2.50980401
73.88217163	2.50980401
73.88630676	2.50980401
73.89041138	2.50980401
73.89041138	2.50980401
73.89443970	2.52941179
73.89867401	2.52941179
73.90270233	2.52941179
73.90270233	2.54901958
73.90679932	2.54901958
73.91098022	2.54901958
73.91098022	2.54901958
73.91496277	2.54901958
73.91912079	2.54901958
73.92324066	2.54901958
73.92324066	2.54901958
73.92738342	2.54901958
73.93136597	2.54901958
73.93548584	2.54901958
73.93548584	2.54901958
73.93962860	2.54901958
73.94376373	2.54901958
73.94776917	2.54901958
73.95190430	2.54901958
73.95603180	2.54901958
73.95603180	2.54901958
73.96012878	2.54901958
73.96412659	2.54901958
73.96825409	2.54901958
73.96825409	2.54901958
73.97238159	2.54901958
73.97650146	2.54901958
73.98063660	2.52941179
73.98063660	2.52941179
73.98479462	2.52941179
73.98878479	2.52941179
73.99283600	2.50980401
73.99700165	2.49019599
74.00113678	2.45098042
74.00113678	2.43137264
74.00505829	2.41176462
74.00914764	2.39215684
74.01334381	2.39215684
74.01334381	2.39215684
74.01737213	2.39215684
74.02147675	2.41176462
74.02581024	2.41176462
74.02581024	2.41176462
74.02973938	2.41176462
74.03385925	2.43137264
74.03385925	2.45098042
74.03783417	2.45098042
74.04196930	2.45098042
74.04608917	2.47058821
74.04608917	2.47058821
74.05025482	2.29411769
74.05424500	2.03921580
74.05837250	1.74509799
74.05837250	1.56862748
74.06248474	1.27450979
74.06667328	0.88235295
74.07077026	0.84313726
74.07479858	0.86274511
74.07890320	0.82352942
74.07890320	0.92156863
74.08300018	1.00000000
74.08713531	0.92156863
74.09124756	0.86274511
74.09124756	0.84313726
74.09525299	0.90196079
74.09930420	1.45098042
74.10343170	1.94117641
74.10343170	2.31372547
74.10742188	2.58823538
74.11170959	2.78431368
74.11567688	3.03921580
74.11983490	3.11764717
74.12400818	3.15686274
74.12400818	3.19607854
74.12797546	3.19607854
74.13206482	3.19607854
74.13617706	3.21568632
74.13617706	3.19607854
74.14030457	3.19607854
74.14431763	3.17647052
74.14842987	3.17647052
74.14842987	3.15686274
74.15254211	3.15686274
74.15673065	3.13725495
74.15673065	3.11764717
74.16079712	3.11764717
74.16484070	3.09803915
74.16898346	3.07843137
74.16898346	3.05882359
74.17310333	3.03921580
74.17723083	3.03921580
74.18135071	3.01960778
74.18135071	3.00000000
74.18529510	2.98039222
74.18943787	2.98039222
74.19355011	2.96078420
74.19355011	2.94117641
74.19768524	2.92156863
74.20166779	2.92156863
74.20166779	2.90196085
74.20579529	2.88235283
74.20992279	2.88235283
74.21411133	2.86274505
74.21411133	2.86274505
74.21804810	2.84313726
74.22221375	2.82352948
74.22630310	2.82352948
74.22630310	2.80392146
74.23049164	2.80392146
74.23447418	2.80392146
74.23873138	2.78431368
74.24266815	2.76470590
74.24685669	2.76470590
74.24685669	2.76470590
74.25100708	2.74509811
74.25498199	2.74509811
74.25914001	2.72549009
74.25914001	2.72549009
74.26316833	2.72549009
74.26730347	2.72549009
74.27128601	2.70588231
74.27128601	2.70588231
74.27544403	2.70588231
74.27954865	2.68627453
74.28367615	2.68627453
74.28766632	2.66666675
74.29184723	2.66666675
74.29184723	2.64705873
74.29595184	2.62745094
74.30013275	2.62745094
74.30426025	2.60784316
74.30426025	2.60784316
74.30822754	2.60784316
74.31238556	2.58823538
74.31643677	2.58823538
74.31643677	2.58823538
74.32057953	2.58823538
74.32466125	2.58823538
74.32466125	2.58823538
74.32868958	2.58823538
74.33279419	2.58823538
74.33692932	2.58823538
74.33692932	2.58823538
74.34094238	2.56862736
74.34506226	2.58823538
74.34916687	2.58823538
74.34916687	2.58823538
74.35333252	2.58823538
74.35751343	2.58823538
74.36150360	2.58823538
74.36569977	2.58823538
74.36973572	2.58823538
74.36973572	2.58823538
74.37389374	2.58823538
74.37783051	2.58823538
74.38194275	2.58823538
74.38194275	2.58823538
74.38604736	2.56862736
74.39015961	2.56862736
74.39429474	2.56862736
74.39429474	2.56862736
74.39829254	2.56862736
74.40242004	2.56862736
74.40653992	1.96078432
74.41072083	1.03921568
74.41474152	0.84313726
74.41474152	0.84313726
74.41886902	0.82352942
74.42298126	0.84313726
74.42713165	0.82352942
74.42713165	0.80392158
74.43112183	0.80392158
74.43523407	0.84313726
74.43934631	0.84313726
74.43934631	0.84313726
74.44343567	0.84313726
74.44756317	0.84313726
74.44756317	0.86274511
74.45166779	0.88235295
74.45571899	1.56862748
74.45980072	2.70588231
74.45980072	3.54901958
74.46392822	4.15686274
74.46791840	4.58823538
74.47207642	4.90196085
74.47207642	4.98039198
74.47618866	4.98039198
74.48037720	4.98039198
74.48450470	4.98039198
74.48450470	4.98039198
74.48847961	4.98039198
74.49269104	4.98039198
74.49269104	4.98039198
74.49674988	4.98039198
74.50088501	4.98039198
74.50487518	4.98039198
74.50487518	4.96078444
74.50891876	4.94117641
74.51305389	4.90196085
74.51717377	4.84313726
74.51717377	4.78431368
74.52116394	4.74509811
74.52531433	4.68627453
74.52942657	4.54901981
74.53355408	4.49019623
74.53767395	4.43137264
74.53767395	4.37254906
74.54170227	4.29411745
74.54582977	4.23529434
74.55001068	4.17647076
74.55001068	4.13725471
74.55413818	4.07843161
74.55811310	4.01960802
74.56222534	3.98039222
74.56222534	3.94117641
74.56631470	3.88235283
74.57044983	3.84313726
74.57441711	3.76470590
74.57868958	3.72549009
74.58266449	3.68627453
74.58266449	3.64705873
74.58679962	3.62745094
74.59091187	3.58823538
74.59492493	3.54901958
74.59492493	3.52941179
74.59904480	3.49019599
74.60321045	3.45098042
74.60737610	3.43137264
74.60737610	3.39215684
74.61137390	3.37254906
74.61547089	3.35294127
74.61547089	3.33333325
74.61962891	3.29411769
74.62376404	3.27450991
74.62781525	3.25490189
74.62781525	3.23529410
74.63181305	3.21568632
74.63591766	3.19607854
74.64003754	3.17647052
74.64003754	3.13725495
74.64416504	3.07843137
74.64816284	3.01960778
74.65229797	2.92156863
74.65641785	2.90196085
74.66056824	2.86274505
74.66056824	2.82352948
74.66471863	2.80392146
74.66874695	2.80392146
74.67287445	2.78431368
74.67287445	2.76470590
74.67700958	2.78431368
74.68112946	2.80392146
74.68511963	2.80392146
74.68511963	2.82352948
74.68920898	2.82352948
74.69330597	2.82352948
74.69743347	2.82352948
74.70141602	2.80392146
74.70568085	2.80392146
74.70568085	2.80392146
74.70967102	2.80392146
74.71379852	2.78431368
74.71791840	2.78431368
74.71791840	2.78431368
74.72195435	2.76470590
74.72606659	2.76470590
74.73023224	2.76470590
74.73023224	2.76470590
74.73435974	2.74509811
74.73834991	2.74509811
74.73834991	2.74509811
74.74253082	2.72549009
74.74664307	2.68627453
74.75076294	2.21568632
74.75076294	1.54901958
74.75475311	0.82352942
74.75891113	0.84313726
74.76304626	0.84313726
74.76304626	0.82352942
74.76713562	0.80392158
74.77124023	0.84313726
74.77523804	0.84313726
74.77523804	0.84313726
74.77941132	0.84313726
74.78350067	0.84313726
74.78350067	0.84313726
74.78755188	0.86274511
74.79164886	0.90196079
74.79567719	1.31372547
74.79567719	2.15686274
74.79978943	2.88235283
74.80396271	3.39215684
74.80805206	3.78431368
74.80805206	4.05882359
74.81208801	4.25490189
74.81619263	4.39215708
74.82032776	4.49019623
74.82440948	4.50980377
74.82844543	4.50980377
74.82844543	4.49019623
74.83266449	4.47058821
74.83666992	4.45098019
74.84078217	4.39215708
74.84078217	4.35294104
74.84482574	4.29411745
74.84891510	4.25490189
74.85308838	4.21568632
74.85308838	4.19607830
74.85725403	4.15686274
74.86138153	4.11764717
74.86534119	4.05882359
74.86949921	4.01960802
74.87361145	3.98039222
74.87361145	3.94117641
74.87770081	3.90196085
74.88169861	3.86274505
74.88578033	3.80392146
74.88578033	3.74509811
74.88991547	3.68627453
74.89404297	3.64705873
74.89816284	3.60784316
74.89816284	3.54901958
74.90216827	3.50980401
74.90629578	3.47058821
74.90629578	3.43137264
74.91046906	3.39215684
74.91458130	3.37254906
74.91875458	3.35294127
74.91875458	3.33333325
74.92272949	3.31372547
74.92684174	3.27450991
74.93099976	3.23529410
74.93099976	3.19607854
74.93498230	3.19607854
74.93904114	3.19607854
74.94316101	3.17647052
74.94730377	3.15686274
74.95140839	3.15686274
74.95140839	3.15686274
74.95540619	3.13725495
74.95956421	3.11764717
74.96367645	3.11764717
74.96367645	3.09803915
74.96778870	3.07843137
74.97179413	3.07843137
74.97594452	3.05882359
74.97594452	3.05882359
74.98013306	3.03921580
74.98426056	3.01960778
74.98824310	3.00000000
74.99245453	2.98039222
74.99646759	2.98039222
74.99646759	2.96078420
75.00062561	2.96078420
75.00475311	2.94117641
75.00868988	2.94117641
75.00868988	2.92156863
75.01281738	2.92156863
75.01691437	2.90196085
75.02103424	2.90196085
75.02103424	2.88235283
75.02503967	2.88235283
75.02916718	2.86274505
75.02916718	2.86274505
75.03328705	2.84313726
75.03741455	2.84313726
75.04158020	2.82352948
75.04158020	2.82352948
75.04570007	2.80392146
75.04970551	2.80392146
75.05387878	2.78431368
75.05387878	2.78431368
75.05799866	2.76470590
75.06197357	2.76470590
75.06610107	2.76470590
75.06610107	2.74509811
75.07019806	2.74509811
75.07428741	2.72549009
75.07428741	2.72549009
75.07830048	2.72549009
75.08240509	2.70588231
75.08656311	2.70588231
75.08656311	2.70588231
75.09066010	2.68627453
75.09467316	2.68627453
75.09878540	2.68627453
75.09878540	2.66666675
75.10296631	2.66666675
75.10712433	2.58823538
75.11125183	1.52941179
75.11522675	0.92156863
75.11935425	0.84313726
75.11935425	0.84313726
75.12350464	0.82352942
75.12754822	0.80392158
75.13169861	0.80392158
75.13169861	0.84313726
75.13565826	0.82352942
75.13980103	0.84313726
75.14391327	0.84313726
75.14391327	0.82352942
75.14797974	0.84313726
75.15203094	0.92156863
75.15621185	2.37254906
75.16030121	2.96078420
75.16446686	3.41176462
75.16446686	3.72549009
75.16847229	3.94117641
75.17263794	4.09803915
75.17676544	4.21568632
75.17676544	4.27450991
75.18087769	4.31372547
75.18486023	4.33333349
75.18891144	4.33333349
75.18891144	4.33333349
75.19305420	4.29411745
75.19722748	4.27450991
75.19722748	4.23529434
75.20127869	4.19607830
75.20527649	4.15686274
75.20942688	4.11764717
75.20942688	4.05882359
75.21354675	4.01960802
75.21765900	3.98039222
75.22177887	3.92156863
75.22177887	3.88235283
75.22586823	3.84313726
75.23000336	3.80392146
75.23413086	3.72549009
75.23811340	3.70588231
75.24224854	3.66666675
75.24224854	3.62745094
75.24636841	3.60784316
75.25049591	3.56862736
75.25463104	3.54901958
75.25463104	3.52941179
75.25868988	3.49019599
75.26268768	3.47058821
75.26678467	3.43137264
75.26678467	3.41176462
75.27090454	3.37254906
75.27503204	3.33333325
75.27903748	3.29411769
75.28317261	3.25490189
75.28729248	3.23529410
75.28729248	3.21568632
75.29129028	3.19607854
75.29542542	3.17647052
75.29969788	3.13725495
75.29969788	3.11764717
75.30374908	3.11764717
75.30777740	3.09803915
75.31199646	3.07843137
75.31199646	3.05882359
75.31600189	3.05882359
75.32007599	3.03921580
75.32007599	3.01960778
75.32415009	3.01960778
75.32817841	3.00000000
75.33228302	2.98039222
75.33228302	2.98039222
75.33643341	2.96078420
75.34053802	2.96078420
75.34466553	2.94117641
75.34466553	2.94117641
75.34865570	2.92156863
75.35284424	2.90196085
75.35699463	2.90196085
75.35699463	2.90196085
75.36112213	2.88235283
75.36524200	2.88235283
75.36524200	2.86274505
75.36923981	2.86274505
75.37335205	2.84313726
75.37744141	2.82352948
75.37744141	2.82352948
75.38143158	2.80392146
75.38565063	2.80392146
75.38967133	2.78431368
75.38967133	2.78431368
75.39378357	2.76470590
75.39791107	2.76470590
75.40190125	2.74509811
75.40608215	2.74509811
75.41016388	2.72549009
75.41016388	2.72549009
75.41432953	2.70588231
75.41838074	2.70588231
75.42247772	2.70588231
75.42247772	2.68627453
75.42657471	2.68627453
75.43074799	2.68627453
75.43487549	2.66666675
75.43487549	2.66666675
75.43881226	2.64705873
75.44300842	2.64705873
75.44703674	2.60784316
75.45117188	2.58823538
75.45528412	2.58823538
75.45528412	2.58823538
75.45928955	2.58823538
75.46341705	2.58823538
75.46755981	2.56862736
75.46755981	2.33333325
75.47165680	1.82352936
75.47570801	1.31372547
75.47985077	0.80392158
75.47985077	0.84313726
75.48399353	0.84313726
75.48812866	0.84313726
75.48812866	0.84313726
75.49210358	0.86274511
75.49623871	0.88235295
75.50035858	1.39215684
75.50035858	1.90196073
75.50450134	2.25490189
75.50852966	2.54901958
75.51276398	2.76470590
75.51276398	2.92156863
75.51679230	3.01960778
75.52088165	3.11764717
75.52498627	3.19607854
75.52899170	3.21568632
75.53310394	3.23529410
75.53310394	3.23529410
75.53715515	3.23529410
75.54131317	3.23529410
75.54528809	3.21568632
75.54528809	3.21568632
75.54941559	3.19607854
75.55356598	3.19607854
75.55765533	3.19607854
75.55765533	3.17647052
75.56169891	3.17647052
75.56584167	3.15686274
75.56993103	3.13725495
75.57404327	3.13725495
75.57818604	3.11764717
75.57818604	3.09803915
75.58215332	3.07843137
75.58628082	3.05882359
75.59040833	3.03921580
75.59040833	3.01960778
75.59454346	3.00000000
75.59866333	3.00000000
75.60269928	2.98039222
75.60269928	2.96078420
75.60685730	2.94117641
75.61100006	2.92156863
75.61100006	2.90196085
75.61497498	2.90196085
75.61908722	2.88235283
75.62323761	2.86274505
75.62323761	2.84313726
75.62730408	2.84313726
75.63143921	2.84313726
75.63539886	2.82352948
75.63539886	2.82352948
75.63967896	2.80392146
75.64366913	2.80392146
75.64779663	2.78431368
75.64779663	2.78431368
75.65177917	2.78431368
75.65596008	2.78431368
75.65596008	2.76470590
75.66004181	2.76470590
75.66420746	2.76470590
75.66837311	2.74509811
75.66837311	2.74509811
75.67234039	2.74509811
75.67641449	2.72549009
75.68058777	2.72549009
75.68058777	2.70588231
75.68473053	2.70588231
75.68868256	2.68627453
75.69281006	2.68627453
75.69690704	2.68627453
75.70104980	2.68627453
75.70104980	2.68627453
75.70502472	2.68627453
75.70913696	2.68627453
75.71328735	2.68627453
75.71328735	2.68627453
75.71740723	2.68627453
75.72155762	2.66666675
75.72580719	2.66666675
75.72580719	2.64705873
75.72969818	2.64705873
75.73387146	2.64705873
75.73799896	2.62745094
75.74195862	2.62745094
75.74609375	2.62745094
75.74609375	2.60784316
75.75022125	2.60784316
75.75437164	2.60784316
75.75843811	2.58823538
75.75843811	2.58823538
75.76242065	2.58823538
75.76652527	2.58823538
75.77066803	2.58823538
75.77066803	2.58823538
75.77478027	2.58823538
75.77890778	2.58823538
75.77890778	2.58823538
75.78291321	2.58823538
75.78704071	2.58823538
75.79115295	2.58823538
75.79115295	2.58823538
75.79520416	2.58823538
75.79933929	2.56862736
75.80348969	2.56862736
75.80348969	2.56862736
75.80762482	2.56862736
75.81169891	2.56862736
75.81571960	2.56862736
75.81980896	2.56862736
75.82391357	2.56862736
75.82391357	2.56862736
75.82804108	2.56862736
75.83202362	2.56862736
75.83615112	2.56862736
75.83615112	2.56862736
75.84028625	2.56862736
75.84442139	2.56862736
75.84853363	2.56862736
75.84853363	2.54901958
75.85269165	2.54901958
75.85671234	2.54901958
75.86087036	2.54901958
75.86498260	2.54901958
75.86899567	2.54901958
75.86899567	2.54901958
75.87309265	2.54901958
75.87724304	2.54901958
75.88130951	2.54901958
75.88130951	2.54901958
75.88527679	2.54901958
75.88941956	2.54901958
75.89365387	2.52941179
75.89365387	2.52941179
75.89768219	2.52941179
75.90177917	2.52941179
75.90177917	2.52941179
75.90578461	2.52941179
75.90988922	2.50980401
75.91407776	2.50980401
75.91407776	2.50980401
75.91824341	2.50980401
75.92223358	2.49019599
75.92633820	2.49019599
75.92633820	2.49019599
75.93046570	2.49019599
75.93461609	2.49019599
75.93867493	2.49019599
75.93867493	2.49019599
75.94271851	2.49019599
75.94677734	2.49019599
75.94677734	2.49019599
75.95090485	2.49019599
75.95502472	2.49019599
75.95904541	2.49019599
75.95904541	2.49019599
75.96315765	2.49019599
75.96732330	2.49019599
75.97139740	2.49019599
75.97139740	2.49019599
75.97545624	2.49019599
75.97975159	2.49019599
75.98374176	2.49019599
75.98786163	2.49019599
75.99198914	2.49019599
75.99198914	2.49019599
75.99596405	2.49019599
76.00005341	2.49019599
76.00417328	2.49019599
76.00417328	2.49019599
76.00827789	2.49019599
76.01227570	2.49019599
76.01640320	2.49019599
76.01640320	2.49019599
76.02053070	2.49019599
76.02465820	2.49019599
76.02866364	2.49019599
76.03278351	2.49019599
76.03697205	2.49019599
76.03697205	2.49019599
76.04111481	2.49019599
76.04524994	2.49019599
76.04922485	2.49019599
76.04922485	2.49019599
76.05334473	2.49019599
76.05747223	2.49019599
76.06153870	2.49019599
76.06153870	2.50980401
76.06574249	2.50980401
76.06967163	2.50980401
76.06967163	2.50980401
76.07380676	2.50980401
76.07789612	2.50980401
76.08203125	2.50980401
76.08203125	2.50980401
76.08602905	2.50980401
76.09015656	2.50980401
76.09428406	2.50980401
76.09428406	2.50980401
76.09840393	2.50980401
76.10240173	2.50980401
76.10674286	2.50980401
76.11065674	2.50980401
76.11484528	2.50980401
76.11484528	2.49019599
76.11886597	2.49019599
76.12295532	2.49019599
76.12709045	2.49019599
76.12709045	2.49019599
76.13117218	2.49019599
76.13527679	2.49019599
76.13928223	2.49019599
76.13928223	2.49019599
76.14339447	2.49019599
76.14754486	2.49019599
76.15164948	2.49019599
76.15565491	2.49019599
76.15980530	2.47058821
76.15980530	2.47058821
76.16394806	2.47058821
76.16807556	2.47058821
76.17224884	2.47058821
76.17224884	2.45098042
76.17617035	2.45098042
76.18034363	2.45098042
76.18447113	2.45098042
76.18447113	2.31372547
76.18855286	1.96078432
76.19271851	1.74509799
76.19271851	1.50980389
76.19664764	1.29411769
76.20079041	1.11764705
76.20490265	0.96078432
76.20490265	0.82352942
76.20890808	0.84313726
76.21302032	1.13725495
76.21718597	1.56862748
76.21718597	1.88235295
76.22127533	2.11764717
76.22532654	2.29411769
76.22946930	2.43137264
76.22946930	2.52941179
76.23359680	2.60784316
76.23773956	2.66666675
76.23773956	2.70588231
76.24186707	2.72549009
76.24583435	2.74509811
76.24993896	2.76470590
76.24993896	2.76470590
76.25403595	2.76470590
76.25814819	2.76470590
76.26227570	2.76470590
76.26227570	2.76470590
76.26626587	2.76470590
76.27040100	2.76470590
76.27453613	2.74509811
76.27866364	2.72549009
76.28264618	2.72549009
76.28264618	2.72549009
76.28687286	2.70588231
76.29096222	2.70588231
76.29512024	2.68627453
76.29512024	2.68627453
76.29909515	2.66666675
76.30320740	2.66666675
76.30735016	2.66666675
76.30735016	2.64705873
76.31143951	2.64705873
76.31561279	2.64705873
76.31977844	2.62745094
76.32376862	2.62745094
76.32790375	2.62745094
76.32790375	2.60784316
76.33200836	2.60784316
76.33597565	2.60784316
76.34011078	2.60784316
76.34011078	2.60784316
76.34423065	2.58823538
76.34837341	2.58823538
76.35242462	2.58823538
76.35242462	2.58823538
76.35645294	2.58823538
76.36067963	2.58823538
76.36067963	2.58823538
76.36467743	2.56862736
76.36870575	2.56862736
76.37279510	2.56862736
76.37279510	2.56862736
76.37694550	2.56862736
76.38102722	2.56862736
76.38515472	2.56862736
76.38515472	2.56862736
76.38915253	2.56862736
76.39325714	2.56862736
76.39739227	2.56862736
76.40152740	2.56862736
76.40565491	2.56862736
76.40565491	2.56862736
76.40967560	2.56862736
76.41381836	2.56862736
76.41799164	2.56862736
76.41799164	2.56862736
76.42211914	2.56862736
76.42602539	2.56862736
76.43020630	2.56862736
76.43020630	2.54901958
76.43436432	2.54901958
76.43846893	2.54901958
76.44251251	2.52941179
76.44665527	2.52941179
76.45066833	2.52941179
76.45066833	2.52941179
76.45476532	2.52941179
76.45880127	2.52941179
76.46289063	2.52941179
76.46289063	2.52941179
76.46703339	2.52941179
76.47114563	2.52941179
76.47532654	2.52941179
76.47532654	2.52941179
76.47933197	2.52941179
76.48346710	2.50980401
76.48346710	2.50980401
76.48761749	2.50980401
76.49173737	2.50980401
76.49585724	2.50980401
76.49585724	2.50980401
76.49979401	2.50980401
76.50392914	2.50980401
76.50801849	2.50980401
76.50801849	2.50980401
76.51203156	2.49019599
76.51614380	2.49019599
76.52027893	2.49019599
76.52027893	2.49019599
76.52440643	2.49019599
76.52854156	2.21568632
76.52854156	1.56862748
76.53264618	0.82352942
76.53668213	0.84313726
76.54084778	0.84313726
76.54084778	0.82352942
76.54498291	0.80392158
76.54898071	0.84313726
76.55308533	0.82352942
76.55308533	0.84313726
76.55722046	0.84313726
76.56141663	0.84313726
76.56554413	0.86274511
76.56951904	0.90196079
76.57376862	1.56862748
76.57376862	2.41176462
76.57777405	3.01960778
76.58187866	3.47058821
76.58597565	3.78431368
76.58597565	4.01960802
76.59001923	4.17647076
76.59401703	4.27450991
76.59814453	4.33333349
76.59814453	4.37254906
76.60215759	4.39215708
76.60627747	4.39215708
76.61041260	4.33333349
76.61451721	4.31372547
76.61875916	4.27450991
76.61875916	4.23529434
76.62271881	4.19607830
76.62685394	4.13725471
76.63092041	4.09803915
76.63092041	4.05882359
76.63504028	4.01960802
76.63903046	3.96078420
76.64313507	3.92156863
76.64313507	3.88235283
76.64727020	3.84313726
76.65139771	3.80392146
76.65139771	3.76470590
76.65552521	3.72549009
76.65969086	3.68627453
76.66364288	3.64705873
76.66364288	3.60784316
76.66782379	3.56862736
76.67198181	3.54901958
76.67592621	3.50980401
76.67592621	3.47058821
76.68009949	3.45098042
76.68419647	3.41176462
76.68836212	3.35294127
76.69228363	3.33333325
76.69641113	3.29411769
76.69641113	3.27450991
76.70053101	3.25490189
76.70463562	3.21568632
76.70879364	3.19607854
76.70879364	3.17647052
76.71277618	3.15686274
76.71690369	3.13725495
76.72102356	3.11764717
76.72102356	3.09803915
76.72518158	3.07843137
76.72930145	3.05882359
76.73334503	3.03921580
76.73746490	3.01960778
76.74160767	3.00000000
76.74160767	2.98039222
76.74573517	2.98039222
76.74967194	2.96078420
76.75380707	2.94117641
76.75380707	2.94117641
76.75789642	2.92156863
76.76203918	2.92156863
76.76602173	2.90196085
76.76602173	2.88235283
76.77014923	2.88235283
76.77426147	2.86274505
76.77426147	2.86274505
76.77841949	2.84313726
76.78240204	2.84313726
76.78666687	2.82352948
76.78666687	2.82352948
76.79071045	2.80392146
76.79486084	2.80392146
76.79902649	2.78431368
76.79902649	2.78431368
76.80295563	2.76470590
76.80709076	2.76470590
76.81121826	2.74509811
76.81121826	2.74509811
76.81536102	2.72549009
76.81941223	2.72549009
76.81941223	2.70588231
76.82344055	2.70588231
76.82751465	2.70588231
76.83165741	2.68627453
76.83165741	2.68627453
76.83563232	2.68627453
76.83980560	2.66666675
76.84389496	2.66666675
76.84389496	2.66666675
76.84802246	2.66666675
76.85214233	2.64705873
76.85619354	2.64705873
76.86033630	2.62745094
76.86447906	2.62745094
76.86447906	2.62745094
76.86860657	2.60784316
76.87272644	2.60784316
76.87670135	2.60784316
76.87670135	2.58823538
76.88079834	2.58823538
76.88492584	2.56862736
76.88901520	2.41176462
76.88901520	1.82352936
76.89303589	1.17647064
76.89714050	0.76470590
76.90127563	0.78431374
76.90544128	0.78431374
76.90940857	0.84313726
76.90940857	1.03921568
76.91364288	1.50980389
76.91769409	1.88235295
76.92187500	2.15686274
76.92187500	2.37254906
76.92592621	2.52941179
76.92994690	2.62745094
76.93406677	2.72549009
76.93406677	2.78431368
76.93821716	2.82352948
76.94227600	2.84313726
76.94227600	2.86274505
76.94628143	2.88235283
76.95039368	2.88235283
76.95452118	2.88235283
76.95452118	2.88235283
76.95864105	2.88235283
76.96265411	2.88235283
76.96677399	2.86274505
76.96677399	2.86274505
76.97089386	2.86274505
76.97502136	2.84313726
76.97920990	2.82352948
76.98320770	2.82352948
76.98732758	2.80392146
76.98732758	2.80392146
76.99148560	2.78431368
76.99559784	2.78431368
76.99977875	2.76470590
76.99977875	2.76470590
77.00367737	2.76470590
77.00776672	2.74509811
77.01190948	2.74509811
77.01190948	2.72549009
77.01588440	2.72549009
77.02006531	2.72549009
77.02413940	2.70588231
77.02827454	2.70588231
77.03239441	2.68627453
77.03239441	2.68627453
77.03643036	2.68627453
77.04060364	2.66666675
77.04470825	2.66666675
77.04470825	2.66666675
77.04885864	2.66666675
77.05284119	2.64705873
77.05695343	2.64705873
77.05695343	2.64705873
77.06108856	2.64705873
77.06522369	2.64705873
77.06522369	2.64705873
77.06922913	2.62745094
77.07339478	2.62745094
77.07752228	2.62745094
77.07752228	2.62745094
77.08163452	2.62745094
77.08572388	2.60784316
77.08972168	2.60784316
77.08972168	2.60784316
77.09386444	2.60784316
77.09796906	2.60784316
77.10202026	2.60784316
77.10202026	2.58823538
77.10605621	2.58823538
77.11014557	2.58823538
77.11014557	2.56862736
77.11428070	2.56862736
77.11840057	2.54901958
77.12255096	2.54901958
77.12255096	2.54901958
77.12668610	2.52941179
77.13066864	2.52941179
77.13479614	2.50980401
77.13479614	2.50980401
77.13889313	2.50980401
77.14289093	2.50980401
77.14701843	2.50980401
77.15117645	2.50980401
77.15527344	2.50980401
77.15527344	2.49019599
77.15933228	2.49019599
77.16340637	2.49019599
77.16767883	2.49019599
77.16767883	2.49019599
77.17173004	2.49019599
77.17572021	2.49019599
77.17984772	2.49019599
77.17984772	2.47058821
77.18398285	2.47058821
77.18808746	2.47058821
77.19213104	2.45098042
77.19620514	2.45098042
77.20026398	2.45098042
77.20026398	2.43137264
77.20439148	2.41176462
77.20851135	2.39215684
77.21264648	2.37254906
77.21264648	2.33333325
77.21664429	2.31372547
77.22077179	2.31372547
77.22487640	2.31372547
77.22487640	2.33333325
77.22908020	2.35294127
77.23310089	2.33333325
77.23310089	2.19607854
77.23721313	2.05882359
77.24136353	1.80392158
77.24548340	1.31372547
77.24548340	0.84313726
77.24947357	0.84313726
77.25367737	0.84313726
77.25763702	0.84313726
77.25763702	0.84313726
77.26176453	0.84313726
77.26588440	1.01960790
77.26990509	1.88235295
77.27402496	2.25490189
77.27815247	2.52941179
77.27815247	2.72549009
77.28227234	2.88235283
77.28630066	3.00000000
77.29045868	3.07843137
77.29045868	3.11764717
77.29460907	3.17647052
77.29873657	3.19607854
77.30284882	3.21568632
77.30284882	3.23529410
77.30682373	3.23529410
77.31089783	3.25490189
77.31505585	3.23529410
77.31913757	3.23529410
77.32315063	3.23529410
77.32315063	3.21568632
77.32727051	3.19607854
77.33139038	3.17647052
77.33551025	3.15686274
77.33551025	3.13725495
77.33968353	3.11764717
77.34364319	3.09803915
77.34780884	3.05882359
77.34780884	3.03921580
77.35198212	3.01960778
77.35609436	3.00000000
77.35609436	3.00000000
77.36008453	2.98039222
77.36420441	2.96078420
77.36833954	2.94117641
77.36833954	2.92156863
77.37247467	2.90196085
77.37641907	2.90196085
77.38065338	2.88235283
77.38065338	2.84313726
77.38467407	2.82352948
77.38875580	2.80392146
77.39290619	2.78431368
77.39290619	2.78431368
77.39688873	2.78431368
77.40104675	2.76470590
77.40104675	2.76470590
77.40513611	2.76470590
77.40930176	2.74509811
77.41327667	2.74509811
77.41327667	2.74509811
77.41743469	2.74509811
77.42160034	2.74509811
77.42572784	2.74509811
77.42572784	2.74509811
77.42971039	2.74509811
77.43382263	2.72549009
77.43797302	2.70588231
77.44203949	2.70588231
77.44615936	2.70588231
77.44615936	2.68627453
77.45013428	2.64705873
77.45426941	2.56862736
77.45838165	2.50980401
77.45838165	2.45098042
77.46252441	2.19607854
77.46665192	2.07843137
77.47063446	1.78431368
77.47063446	1.49019611
77.47476196	1.41176474
77.47894287	1.35294116
77.48296356	1.29411769
77.48706818	1.39215684
77.49123383	1.49019611
77.49123383	1.54901958
77.49534607	1.60784316
77.49947357	1.66666663
77.50340271	1.68627453
77.50340271	1.68627453
77.50751495	1.70588231
77.51165771	1.70588231
77.51575470	1.74509799
77.51575470	1.84313726
77.51978302	1.92156863
77.52389526	1.98039210
77.52389526	2.03921580
77.52802277	2.07843137
77.53213501	2.15686274
77.53630829	2.23529410
77.53630829	2.31372547
77.54035950	2.37254906
77.54447174	2.43137264
77.54857635	2.45098042
77.54857635	2.47058821
77.55272675	2.47058821
77.55667114	2.49019599
77.56078339	2.50980401
77.56491089	2.49019599
77.56900787	2.17647052
77.56900787	1.68627453
77.57302094	1.21568632
77.57714081	0.88235295
77.58126831	0.84313726
77.58126831	0.84313726
77.58537292	0.84313726
77.58940887	0.84313726
77.59365082	0.86274511
77.59365082	0.86274511
77.59767914	1.19607842
77.60185242	1.68627453
77.60597992	2.37254906
77.60991669	2.58823538
77.61406708	2.72549009
77.61406708	2.80392146
77.61820984	2.84313726
77.62235260	2.90196085
77.62641144	2.96078420
77.62641144	3.00000000
77.63047028	3.03921580
77.63454437	3.05882359
77.63863373	3.03921580
77.63863373	3.03921580
77.64277649	3.03921580
77.64675140	3.00000000
77.64675140	2.98039222
77.65091705	3.01960778
77.65500641	3.09803915
77.65921783	3.07843137
77.65921783	3.03921580
77.66314697	2.96078420
77.66730499	2.98039222
77.67147827	2.96078420
77.67147827	2.98039222
77.67559814	3.01960778
77.67972565	3.07843137
77.68369293	3.09803915
77.68369293	3.13725495
77.68785095	3.15686274
77.69190979	3.17647052
77.69190979	3.17647052
77.69603729	3.15686274
77.70000458	3.15686274
77.70414734	3.17647052
77.70414734	3.19607854
77.70825195	3.21568632
77.71239471	3.21568632
77.71651459	3.23529410
77.71651459	3.21568632
77.72064209	3.21568632
77.72463226	3.19607854
77.72883606	3.17647052
77.73284149	3.17647052
77.73694611	3.15686274
77.73694611	3.15686274
77.74109650	3.13725495
77.74520111	3.11764717
77.74935150	3.11764717
77.74935150	3.09803915
77.75326538	3.07843137
77.75742340	3.07843137
77.76152802	3.05882359
77.76152802	3.05882359
77.76563263	3.03921580
77.76975250	3.03921580
77.77376556	3.00000000
77.77789307	3.00000000
77.78202057	2.98039222
77.78202057	2.96078420
77.78600311	2.96078420
77.79020691	2.94117641
77.79432678	2.92156863
77.79432678	2.90196085
77.79846191	2.86274505
77.80260468	2.84313726
77.80672455	2.84313726
77.80672455	2.82352948
77.81074524	2.80392146
77.81480408	2.80392146
77.81480408	2.76470590
77.81887817	2.72549009
77.82289124	2.70588231
77.82700348	2.68627453
77.82700348	2.64705873
77.83117676	2.62745094
77.83525848	2.60784316
77.83938599	2.56862736
77.83938599	2.54901958
77.84339905	2.52941179
77.84767151	2.49019599
77.85172272	2.41176462
77.85585022	2.41176462
77.85990906	2.43137264
77.85990906	2.43137264
77.86396027	2.43137264
77.86809540	2.41176462
77.87223816	2.39215684
77.87223816	2.41176462
77.87627411	2.41176462
77.88031769	2.39215684
77.88450623	2.39215684
77.88450623	2.39215684
77.88863373	2.39215684
77.89279175	2.39215684
77.89672089	2.39215684
77.90083313	2.39215684
77.90497589	2.41176462
77.90497589	2.41176462
77.90908051	2.41176462
77.91301727	2.41176462
77.91714478	2.41176462
77.91714478	2.43137264
77.92125702	2.43137264
77.92539215	2.43137264
77.92952728	2.43137264
77.92952728	2.43137264
77.93367004	2.43137264
77.93769073	2.43137264
77.93769073	2.39215684
77.94178772	2.17647052
77.94592285	1.74509799
77.95000458	1.13725495
77.95000458	0.86274511
77.95402527	0.84313726
77.95812988	0.88235295
77.96228027	1.23529410
77.96228027	1.60784316
77.96626282	1.88235295
77.97039032	2.09803915
77.97462463	2.25490189
77.97462463	2.37254906
77.97867584	2.45098042
77.98284912	2.52941179
77.98284912	2.54901958
77.98684692	2.56862736
77.99091339	2.60784316
77.99504852	2.60784316
77.99504852	2.60784316
77.99922180	2.60784316
78.00315857	2.56862736
78.00728607	2.56862736
78.00728607	2.54901958
78.01139069	2.56862736
78.01550293	2.60784316
78.01962280	2.66666675
78.02363586	2.68627453
78.02777100	2.72549009
78.02777100	2.74509811
78.03189850	2.76470590
78.03605652	2.76470590
78.04007721	2.78431368
78.04007721	2.80392146
78.04421234	2.82352948
78.04832458	2.84313726
78.05246735	2.86274505
78.05246735	2.86274505
78.05646515	2.86274505
78.06071472	2.86274505
78.06465912	2.88235283
78.06876373	2.88235283
78.07289886	2.88235283
78.07289886	2.86274505
78.07688141	2.86274505
78.08104706	2.84313726
78.08512878	2.82352948
78.08512878	2.80392146
78.08925629	2.78431368
78.09328461	2.76470590
78.09741974	2.74509811
78.09741974	2.74509811
78.10160065	2.74509811
78.10571289	2.72549009
78.10571289	2.72549009
78.10965729	2.70588231
78.11380768	2.70588231
78.11794281	2.70588231
78.11794281	2.68627453
78.12203979	2.68627453
78.12619781	2.68627453
78.13022614	2.66666675
78.13022614	2.66666675
78.13426208	2.66666675
78.13838959	2.66666675
78.14253998	2.66666675
78.14662933	2.66666675
78.15064240	2.66666675
78.15064240	2.64705873
78.15476227	2.64705873
78.15888977	2.64705873
78.16301727	2.64705873
78.16301727	2.64705873
78.16704559	2.64705873
78.17116547	2.62745094
78.17532349	2.62745094
78.17532349	2.60784316
78.17945099	2.58823538
78.18344879	2.56862736
78.18769836	2.52941179
78.19165039	2.50980401
78.19579315	2.49019599
78.19579315	2.47058821
78.19975281	2.47058821
78.20388794	2.47058821
78.20800018	2.47058821
78.20800018	2.47058821
78.21213531	2.47058821
78.21624756	2.47058821
78.22026062	2.47058821
78.22026062	2.47058821
78.22437286	2.47058821
78.22852325	2.47058821
78.22852325	2.47058821
78.23272705	2.47058821
78.23670197	2.47058821
78.24082184	2.45098042
78.24082184	2.43137264
78.24494934	2.41176462
78.24909973	2.31372547
78.25315094	1.96078432
78.25315094	1.50980389
78.25714874	1.11764705
78.26125336	0.84313726
78.26539612	0.84313726
78.26539612	0.82352942
78.26950073	0.84313726
78.27363586	0.80392158
78.27363586	0.84313726
78.27764893	0.84313726
78.28176117	0.84313726
78.28587341	0.82352942
78.28587341	0.84313726
78.28991699	0.82352942
78.29402924	0.84313726
78.29819489	1.31372547
78.29819489	2.13725495
78.30234528	2.78431368
78.30646515	3.25490189
78.31044006	3.84313726
78.31454468	4.01960802
78.31864166	4.13725471
78.31864166	4.21568632
78.32276154	4.25490189
78.32673645	4.27450991
78.33087921	4.29411745
78.33087921	4.29411745
78.33500671	4.27450991
78.33913422	4.25490189
78.34327698	4.21568632
78.34327698	4.17647076
78.34725952	4.13725471
78.35149384	4.09803915
78.35559082	4.00000000
78.35964966	3.96078420
78.36370850	3.94117641
78.36370850	3.90196085
78.36784363	3.88235283
78.37196350	3.84313726
78.37602234	3.80392146
78.37602234	3.78431368
78.38007355	3.74509811
78.38413239	3.70588231
78.38825989	3.66666675
78.38825989	3.60784316
78.39237976	3.56862736
78.39649963	3.52941179
78.39649963	3.50980401
78.40062714	3.47058821
78.40463257	3.43137264
78.40875244	3.39215684
78.40875244	3.35294127
78.41288757	3.33333325
78.41692352	3.31372547
78.42106628	3.31372547
78.42106628	3.31372547
78.42519379	3.29411769
78.42934418	3.29411769
78.43345642	3.29411769
78.43743134	3.29411769
78.44164276	3.29411769
78.44164276	3.27450991
78.44566345	3.25490189
78.44974518	3.25490189
78.45376587	3.23529410
78.45376587	3.21568632
78.45787048	3.21568632
78.46200562	3.19607854
78.46612549	3.17647052
78.46612549	3.15686274
78.47016144	3.13725495
78.47425842	3.11764717
78.47844696	3.09803915
78.48259735	3.07843137
78.48671722	3.05882359
78.48671722	3.01960778
78.49068451	3.00000000
78.49481964	2.98039222
78.49893188	2.94117641
78.49893188	2.90196085
78.50302887	2.84313726
78.50704193	2.80392146
78.51113129	2.74509811
78.51113129	2.70588231
78.51526642	2.68627453
78.51937103	2.66666675
78.51937103	2.64705873
78.52338409	2.64705873
78.52762604	2.62745094
78.53165436	2.62745094
78.53165436	2.60784316
78.53575134	2.60784316
78.53993225	2.62745094
78.54397583	2.62745094
78.54397583	2.62745094
78.54806519	2.64705873
78.55222321	2.66666675
78.55634308	2.66666675
78.55634308	2.66666675
78.56030273	2.68627453
78.56440735	2.68627453
78.56440735	2.68627453
78.56850433	2.68627453
78.57263184	2.68627453
78.57672882	2.66666675
78.57672882	2.66666675
78.58074951	2.66666675
78.58488464	2.66666675
78.58900452	2.64705873
78.58900452	2.64705873
78.59315491	2.64705873
78.59712219	2.62745094
78.60129547	2.60784316
78.60546875	2.60784316
78.60951996	2.60784316
78.60951996	2.60784316
78.61370850	2.58823538
78.61770630	2.58823538
78.62182617	2.58823538
78.62182617	2.58823538
78.62593079	2.58823538
78.63009644	2.58823538
78.63413239	2.58823538
78.63413239	2.58823538
78.63824463	2.56862736
78.64237213	2.56862736
78.64646149	1.98039210
78.65045166	1.47058821
78.65471649	1.00000000
78.65471649	0.84313726
78.65869904	0.84313726
78.66274261	0.84313726
78.66690826	0.84313726
78.66690826	0.88235295
78.67088318	1.37254906
78.67501068	1.80392158
78.67913818	2.13725495
78.67913818	2.37254906
78.68325043	2.56862736
78.68727875	2.68627453
78.68727875	2.78431368
78.69145966	2.84313726
78.69555664	2.88235283
78.69962311	2.90196085
78.69962311	2.90196085
78.70364380	2.92156863
78.70774841	2.90196085
78.71189117	2.88235283
78.71189117	2.88235283
78.71600342	2.86274505
78.72013855	2.86274505
78.72412872	2.84313726
78.72827148	2.84313726
78.73243713	2.84313726
78.73243713	2.84313726
78.73655701	2.84313726
78.74068451	2.84313726
78.74466705	2.86274505
78.74466705	2.86274505
78.74876404	2.86274505
78.75285339	2.90196085
78.75703430	2.90196085
78.75703430	2.92156863
78.76100159	2.90196085
78.76514435	2.90196085
78.76924133	2.90196085
78.77338409	2.90196085
78.77738953	2.88235283
78.77738953	2.88235283
78.78150177	2.88235283
78.78562164	2.86274505
78.78978729	2.84313726
78.78978729	2.82352948
78.79386902	2.80392146
78.79794312	2.80392146
78.80200195	2.80392146
78.80200195	2.80392146
78.80621338	2.78431368
78.81033325	2.78431368
78.81033325	2.78431368
78.81428528	2.78431368
78.81838226	2.78431368
78.82249451	2.78431368
78.82249451	2.78431368
78.82662964	2.78431368
78.83062744	2.78431368
78.83475494	2.76470590
78.83475494	2.76470590
78.83888245	2.76470590
78.84298706	2.76470590
78.84713745	2.74509811
78.84713745	2.74509811
78.85121155	2.74509811
78.85531616	2.72549009
78.85531616	2.72549009
78.85937500	2.70588231
78.86342621	2.70588231
78.86770630	2.70588231
78.86770630	2.70588231
78.87171936	2.68627453
78.87588501	2.68627453
78.87995911	2.68627453
78.87995911	2.68627453
78.88389587	2.66666675
78.88802338	2.66666675
78.89211273	2.66666675
78.89625549	2.64705873
78.90036774	2.64705873
78.90036774	2.64705873
78.90438080	2.62745094
78.90850830	2.62745094
78.91262817	2.62745094
78.91262817	2.62745094
78.91674042	2.62745094
78.92078400	2.60784316
78.92493439	2.60784316
78.92493439	2.60784316
78.92908478	2.60784316
78.93320465	2.60784316
78.93720245	2.58823538
78.94132996	2.58823538
78.94538879	2.58823538
78.94538879	2.58823538
78.94950867	2.58823538
78.95361328	2.58823538
78.95763397	2.58823538
78.95763397	2.56862736
78.96174622	2.56862736
78.96587372	2.54901958
78.97000122	2.19607854
78.97000122	1.64705884
78.97399902	1.05882359
78.97811890	0.84313726
78.97811890	0.84313726
78.98227692	0.84313726
78.98645782	0.82352942
78.99060059	0.82352942
78.99060059	0.82352942
78.99469757	0.84313726
78.99869537	0.82352942
79.00276947	0.84313726
79.00276947	0.80392158
79.00677490	0.82352942
79.01087189	0.80392158
79.01499176	1.33333337
79.01911163	2.31372547
79.02325439	3.07843137
79.02325439	3.62745094
79.02724457	4.03921556
79.03137970	4.31372547
79.03549957	4.50980377
79.03549957	4.64705896
79.03965759	4.72549009
79.04368591	4.78431368
79.04782104	4.80392170
79.04782104	4.80392170
79.05195618	4.78431368
79.05608368	4.74509811
79.06021118	4.66666651
79.06414795	4.60784292
79.06825256	4.56862736
79.06825256	4.50980377
79.07236481	4.45098019
79.07651520	4.39215708
79.08061981	4.35294104
79.08061981	4.27450991
79.08462524	4.23529434
79.08876801	4.17647076
79.09288025	4.11764717
79.09288025	4.07843161
79.09687042	4.01960802
79.10103607	3.98039222
79.10103607	3.92156863
79.10519409	3.88235283
79.10934448	3.82352948
79.11346436	3.78431368
79.11346436	3.74509811
79.11743164	3.70588231
79.12170410	3.66666675
79.12564850	3.64705873
79.12564850	3.60784316
79.12982178	3.58823538
79.13375092	3.54901958
79.13786316	3.52941179
79.13786316	3.50980401
79.14199829	3.47058821
79.14613342	3.45098042
79.14613342	3.41176462
79.15013123	3.39215684
79.15428925	3.37254906
79.15836334	3.35294127
79.15836334	3.31372547
79.16255951	3.29411769
79.16670990	3.27450991
79.17071533	3.25490189
79.17071533	3.23529410
79.17482758	3.21568632
79.17887115	3.19607854
79.18308258	3.13725495
79.18707275	3.11764717
79.19120026	3.09803915
79.19120026	3.09803915
79.19541931	3.07843137
79.19949341	3.05882359
79.20361328	3.03921580
79.20361328	3.01960778
79.20771027	3.00000000
79.21170044	2.98039222
79.21584320	2.96078420
79.21584320	2.96078420
79.21994781	2.94117641
79.22386169	2.92156863
79.22804260	2.90196085
79.23212433	2.88235283
79.23625946	2.88235283
79.23625946	2.86274505
79.24028015	2.84313726
79.24437714	2.84313726
79.24865723	2.82352948
79.24865723	2.82352948
79.25271606	2.80392146
79.25675964	2.80392146
79.26088715	2.78431368
79.26088715	2.76470590
79.26488495	2.76470590
79.26899719	2.76470590
79.26899719	2.74509811
79.27312469	2.74509811
79.27712250	2.72549009
79.28124237	2.72549009
79.28124237	2.72549009
79.28540039	2.70588231
79.28948975	2.70588231
79.29364014	2.68627453
79.29364014	2.68627453
79.29761505	2.68627453
79.30176544	2.68627453
79.30589294	2.66666675
79.31002808	2.66666675
79.31420135	2.64705873
79.31420135	2.64705873
79.31817627	2.64705873
79.32224274	2.62745094
79.32643890	2.62745094
79.32643890	2.60784316
79.33037567	2.60784316
79.33464813	2.60784316
79.33861542	2.58823538
79.33861542	2.58823538
79.34281158	2.58823538
79.34690094	2.58823538
79.35089111	2.56862736
79.35507965	2.56862736
79.35926056	2.50980401
79.35926056	2.21568632
79.36329651	1.86274505
79.36730957	1.54901958
79.37142944	1.64705884
79.37142944	1.90196073
79.37552643	2.09803915
79.37964630	2.25490189
79.38375092	2.35294127
79.38375092	2.45098042
79.38774109	2.50980401
79.39186859	2.54901958
79.39186859	2.58823538
79.39600372	2.60784316
79.40012360	2.62745094
79.40412140	2.62745094
79.40412140	2.64705873
79.40824127	2.64705873
79.41236115	2.64705873
79.41658020	2.64705873
79.41658020	2.64705873
79.42070770	2.64705873
79.42469788	2.64705873
79.42880249	2.64705873
79.42880249	2.62745094
79.43292236	2.62745094
79.43708801	2.62745094
79.43708801	2.62745094
79.44105530	2.60784316
79.44514465	2.60784316
79.44924927	2.60784316
79.44924927	2.60784316
79.45336914	2.58823538
79.45735931	2.58823538
79.46161652	2.58823538
79.46161652	2.56862736
79.46562958	2.56862736
79.46974945	2.54901958
79.47386932	2.54901958
79.47786713	2.54901958
79.48205566	2.54901958
79.48205566	2.52941179
79.48620605	2.52941179
79.49033356	2.50980401
79.49432373	2.50980401
79.49432373	2.50980401
79.49843597	2.49019599
79.50258636	2.49019599
79.50665283	2.50980401
79.50665283	2.50980401
79.51062775	2.50980401
79.51475525	2.52941179
79.51885986	2.52941179
79.52299500	2.52941179
79.52713013	2.54901958
79.52713013	2.54901958
79.53112030	2.54901958
79.53524017	2.54901958
79.53940582	2.54901958
79.53940582	2.52941179
79.54353333	2.52941179
79.54770660	2.52941179
79.55167389	2.52941179
79.55167389	2.52941179
79.55583191	2.52941179
79.55990601	2.52941179
79.55990601	2.52941179
79.56388855	2.52941179
79.56799316	2.52941179
79.57211304	2.52941179
79.57211304	2.54901958
79.57624054	2.54901958
79.58036804	2.54901958
79.58439636	2.54901958
79.58439636	2.54901958
79.58860779	2.54901958
79.59265137	2.54901958
79.59674835	2.54901958
79.60077667	2.54901958
79.60491943	2.54901958
79.60491943	2.54901958
79.60908508	2.54901958
79.61319733	2.54901958
79.61732483	2.54901958
79.61732483	2.54901958
79.62129974	2.52941179
79.62539673	2.52941179
79.62950897	2.52941179
79.62950897	2.52941179
79.63362122	2.52941179
79.63761139	2.52941179
79.64173889	2.52941179
79.64587402	2.52941179
79.64999390	2.52941179
79.64999390	2.52941179
79.65399170	2.52941179
79.65810394	2.52941179
79.66231537	2.49019599
79.66231537	2.31372547
79.66645813	2.01960778
79.67057800	1.58823526
79.67471313	1.11764705
79.67471313	0.78431374
79.67871094	0.84313726
79.68282318	0.84313726
79.68695068	0.84313726
79.69094849	0.84313726
79.69502258	0.86274511
79.69502258	0.96078432
79.69912720	1.56862748
79.70323944	2.05882359
79.70736694	2.45098042
79.70736694	2.72549009
79.71136475	2.94117641
79.71549225	3.07843137
79.71961975	3.19607854
79.71961975	3.25490189
79.72373962	3.31372547
79.72773743	3.33333325
79.72773743	3.35294127
79.73191071	3.35294127
79.73608398	3.35294127
79.74020386	3.33333325
79.74020386	3.33333325
79.74418640	3.31372547
79.74831390	3.29411769
79.75246429	3.27450991
79.75246429	3.25490189
79.75651550	3.23529410
79.76062775	3.21568632
79.76461792	3.15686274
79.76873016	3.13725495
79.77286530	3.11764717
79.77286530	3.07843137
79.77703094	3.05882359
79.78099823	3.03921580
79.78512573	3.01960778
79.78512573	3.00000000
79.78923798	2.98039222
79.79336548	2.96078420
79.79757690	2.96078420
79.79757690	2.94117641
79.80170441	2.92156863
79.80570984	2.90196085
79.80979156	2.88235283
79.81387329	2.86274505
79.81787872	2.86274505
79.81787872	2.84313726
79.82199097	2.82352948
79.82621002	2.82352948
79.83032990	2.80392146
79.83032990	2.80392146
79.83434296	2.78431368
79.83843994	2.78431368
79.84270477	2.76470590
79.84270477	2.76470590
79.84673309	2.74509811
79.85082245	2.74509811
79.85082245	2.74509811
79.85481262	2.74509811
79.85894012	2.72549009
79.86307526	2.72549009
79.86307526	2.72549009
79.86723328	2.72549009
79.87122345	2.70588231
79.87532043	2.70588231
79.87532043	2.70588231
79.87944031	2.68627453
79.88359070	2.68627453
79.88770294	2.68627453
79.88770294	2.68627453
79.89168549	2.66666675
79.89582825	2.66666675
79.89582825	2.66666675
79.89994812	2.66666675
79.90408325	2.64705873
79.90806580	2.64705873
79.90806580	2.64705873
79.91220093	2.64705873
79.91638184	2.62745094
79.92050171	2.62745094
79.92050171	2.62745094
79.92448425	2.62745094
79.92875671	2.62745094
79.93274689	2.60784316
79.93688202	2.60784316
79.94100952	2.60784316
79.94100952	2.60784316
79.94498444	2.60784316
79.94908142	2.58823538
79.95331573	2.58823538
79.95331573	2.58823538
79.95733643	2.58823538
79.96131897	2.58823538
79.96544647	2.58823538
79.96544647	2.58823538
79.96956635	2.56862736
79.97360229	2.56862736
79.97360229	2.56862736
79.97765350	2.56862736
79.98175049	2.56862736
79.98587036	2.56862736
79.98587036	2.56862736
79.99002838	2.56862736
79.99411774	2.56862736
79.99813843	2.54901958
79.99813843	2.54901958
80.00230408	2.54901958
80.00639343	2.54901958
80.01051331	2.54901958
80.01051331	2.54901958
80.01462555	2.54901958
80.01860046	2.54901958
80.01860046	4.84313726
80.02273560	5.00000000
80.02688599	5.00000000
80.03099823	5.00000000
80.03099823	5.00000000
80.03500366	5.00000000
80.03910065	5.00000000
80.04327393	5.00000000
80.04327393	5.00000000
80.04730988	5.00000000
80.05142212	5.00000000
80.05570221	5.00000000
80.05961609	5.00000000
80.06376648	5.00000000
80.06376648	5.00000000
80.06777954	5.00000000
80.07185364	5.00000000
80.07604980	5.00000000
80.07604980	5.00000000
80.08010864	5.00000000
80.08411407	5.00000000
80.08822632	5.00000000
80.08822632	5.00000000
80.09238434	5.00000000
80.09650421	5.00000000
80.10066223	5.00000000
80.10467529	5.00000000
80.10882568	5.00000000
80.10882568	5.00000000
80.11295319	5.00000000
80.11708069	5.00000000
80.12120056	5.00000000
80.12120056	5.00000000
80.12510681	5.00000000
80.12926483	5.00000000
80.13335419	5.00000000
80.13335419	5.00000000
80.13737488	5.00000000
80.14160919	5.00000000
80.14160919	5.00000000
80.14562225	5.00000000
80.14974213	5.00000000
80.15388489	5.00000000
80.15388489	5.00000000
80.15785217	5.00000000
80.16203308	5.00000000
80.16619873	5.00000000
80.16619873	5.00000000
80.17031860	5.00000000
80.17444611	5.00000000
80.17841339	4.98039198
80.18254852	5.00000000
80.18667603	5.00000000
80.18667603	5.00000000
80.19082642	5.00000000
80.19476318	4.98039198
80.19889069	4.98039198
80.19889069	5.00000000
80.20298004	5.00000000
80.20711517	5.00000000
80.21122742	5.00000000
80.21122742	5.00000000
80.21523285	5.00000000
80.21937561	5.00000000
80.22349548	5.00000000
80.22760773	5.00000000
80.23165894	5.00000000
80.23165894	5.00000000
80.23582458	5.00000000
80.23995209	5.00000000
80.24407196	5.00000000
80.24407196	5.00000000
80.24804688	5.00000000
80.25218964	5.00000000
80.25625610	5.00000000
80.25625610	5.00000000
80.26037598	5.00000000
80.26450348	5.00000000
80.26450348	5.00000000
80.26860809	5.00000000
80.27260590	5.00000000
80.27671051	5.00000000
80.27671051	5.00000000
80.28074646	5.00000000
80.28485870	5.00000000
80.28893280	5.00000000
80.28893280	5.00000000
80.29319000	5.00000000
80.29731750	5.00000000
80.30132294	5.00000000
80.30132294	5.00000000
80.30543518	4.98039198
80.30953217	4.98039198
80.30953217	4.98039198
80.31366730	4.98039198
80.31764221	4.98039198
80.32170868	4.98039198
80.32170868	4.98039198
80.32594299	5.00000000
80.32997131	5.00000000
80.33413696	5.00000000
80.33413696	5.00000000
80.33808136	5.00000000
80.34223938	5.00000000
80.34636688	5.00000000
80.35047150	5.00000000
80.35468292	5.00000000
80.35468292	5.00000000
80.35865021	5.00000000
80.36280823	5.00000000
80.36692047	5.00000000
80.36692047	5.00000000
80.37091064	5.00000000
80.37500763	5.00000000
80.37911987	5.00000000
80.37911987	5.00000000
80.38317871	5.00000000
80.38735199	5.00000000
80.39135742	5.00000000
80.39560699	5.00000000
80.39957428	5.00000000
80.39957428	5.00000000
80.40374756	5.00000000
80.40768433	5.00000000
80.41188049	5.00000000
80.41188049	5.00000000
80.41606140	5.00000000
80.42020416	5.00000000
80.42431641	5.00000000
80.42431641	5.00000000
80.42829132	5.00000000
80.43242645	5.00000000
80.43242645	5.00000000
80.43656921	5.00000000
80.44069672	5.00000000
80.44461060	5.00000000
80.44461060	5.00000000
80.44873810	5.00000000
80.45285034	5.00000000
80.45704651	5.00000000
80.45704651	5.00000000
80.46105957	5.00000000
80.46517944	5.00000000
80.46931458	5.00000000
80.47347260	5.00000000
80.47760773	5.00000000
80.47760773	5.00000000
80.48169708	5.00000000
80.48561859	5.00000000
80.48976135	5.00000000
80.48976135	5.00000000
80.49391174	5.00000000
80.49787140	5.00000000
80.50202179	5.00000000
80.50202179	5.00000000
80.50616455	5.00000000
80.51029968	5.00000000
80.51435089	5.00000000
80.51836395	5.00000000
80.52259827	5.00000000
80.52259827	5.00000000
80.52661896	5.00000000
80.53072357	5.00000000
80.53474426	5.00000000
80.53474426	5.00000000
80.53885651	5.00000000
80.54302216	5.00000000
80.54718018	5.00000000
80.54718018	5.00000000
80.55116272	5.00000000
80.55529785	5.00000000
80.55934906	5.00000000
80.56355286	5.00000000
80.56761169	5.00000000
80.56761169	5.00000000
80.57160187	5.00000000
80.57574463	5.00000000
80.57984924	5.00000000
80.57984924	5.00000000
80.58401489	5.00000000
80.58798218	5.00000000
80.59210968	5.00000000
80.59210968	5.00000000
80.59624481	5.00000000
80.60041046	5.00000000
80.60041046	5.00000000
80.60440826	5.00000000
80.60868835	5.00000000
80.61267090	5.00000000
80.61267090	5.00000000
80.61681366	5.00000000
80.62094879	5.00000000
80.62485504	5.00000000
80.62485504	5.00000000
80.62899780	5.00000000
80.63310242	5.00000000
80.63732147	5.00000000
80.64130402	4.98039198
80.64547729	5.00000000
80.64547729	5.00000000
80.64957428	5.00000000
80.65373230	5.00000000
80.65785217	5.00000000
80.65785217	4.98039198
80.66187286	4.98039198
80.66585541	4.98039198
80.67000580	5.00000000
80.67000580	4.98039198
80.67411041	5.00000000
80.67822266	5.00000000
80.68229675	4.98039198
80.68643951	4.98039198
80.69054413	4.98039198
80.69054413	4.98039198
80.69463348	4.98039198
80.69864655	4.98039198
80.70272064	4.98039198
80.70272064	4.98039198
80.70686340	5.00000000
80.71099854	5.00000000
80.71498871	5.00000000
80.71498871	5.00000000
80.71909332	5.00000000
80.72324371	5.00000000
80.72324371	5.00000000
80.72737122	5.00000000
80.73141479	5.00000000
80.73568726	5.00000000
80.73568726	5.00000000
80.73970032	5.00000000
80.74376678	5.00000000
80.74794769	5.00000000
80.74794769	5.00000000
80.75192261	5.00000000
80.75600433	5.00000000
80.76012421	5.00000000
80.76423645	5.00000000
80.76821899	5.00000000
80.76821899	5.00000000
80.77234650	5.00000000
80.77648926	5.00000000
80.78061676	5.00000000
80.78061676	5.00000000
80.78462982	5.00000000
80.78872681	5.00000000
80.79293060	5.00000000
80.79293060	5.00000000
80.79706573	5.00000000
80.80119324	5.00000000
80.80511475	5.00000000
80.80936432	5.00000000
80.81343842	5.00000000
80.81343842	5.00000000
80.81752014	5.00000000
80.82160950	5.00000000
80.82561493	5.00000000
80.82561493	5.00000000
80.82971954	5.00000000
80.83388519	5.00000000
80.83797455	5.00000000
80.83797455	5.00000000
80.84197998	5.00000000
80.84611511	5.00000000
80.84611511	5.00000000
80.85026550	5.00000000
80.85443878	5.00000000
80.85844421	5.00000000
80.85844421	5.00000000
80.86250305	5.00000000
80.86667633	5.00000000
80.87082672	5.00000000
80.87082672	5.00000000
80.87474823	5.00000000
80.87888336	5.00000000
80.88297272	5.00000000
80.88297272	5.00000000
80.88711548	5.00000000
80.89122772	5.00000000
80.89122772	5.00000000
80.89524078	5.00000000
80.89934540	5.00000000
80.90348816	5.00000000
80.90348816	5.00000000
80.90760040	5.00000000
80.91167450	5.00000000
80.91578674	5.00000000
80.91578674	5.00000000
80.91993713	5.00000000
80.92406464	5.00000000
80.92819214	5.00000000
80.93215942	5.00000000
80.93628693	5.00000000
80.93628693	5.00000000
80.94044495	5.00000000
80.94450378	5.00000000
80.94863892	5.00000000
80.94863892	5.00000000
80.95259094	5.00000000
80.95674133	5.00000000
80.96085358	5.00000000
80.96085358	5.00000000
80.96486664	5.00000000
80.96897125	5.00000000
80.97311401	5.00000000
80.97724915	5.00000000
80.98139191	5.00000000
80.98139191	5.00000000
80.98540497	5.00000000
80.98957062	5.00000000
80.99362183	5.00000000
80.99362183	5.00000000
80.99781799	5.00000000
81.00179291	5.00000000
81.00591278	5.00000000
81.00591278	5.00000000
81.01001740	5.00000000
81.01409149	5.00000000
81.01409149	5.00000000
81.01812744	5.00000000
81.02224731	5.00000000
81.02648926	5.00000000
81.02648926	5.00000000
81.03050995	5.00000000
81.03462982	5.00000000
81.03865051	5.00000000
81.03865051	5.00000000
81.04282379	5.00000000
81.04686737	5.00000000
81.05100250	5.00000000
81.05500031	5.00000000
81.05914307	5.00000000
81.05914307	5.00000000
81.06325531	5.00000000
81.06736755	5.00000000
81.07148743	5.00000000
81.07148743	5.00000000
81.07566833	5.00000000
81.07963562	5.00000000
81.08375549	5.00000000
81.08375549	5.00000000
81.08788300	5.00000000
81.09182739	5.00000000
81.09601593	5.00000000
81.10012817	5.00000000
81.10424042	5.00000000
81.10424042	5.00000000
81.10823822	5.00000000
81.11238098	5.00000000
81.11661530	5.00000000
81.11661530	5.00000000
81.12062836	5.00000000
81.12475586	5.00000000
81.12881470	4.98039198
81.12881470	4.98039198
81.13285828	4.98039198
81.13706970	4.98039198
81.14119720	4.98039198
81.14511871	4.98039198
81.14925385	4.98039198
81.14925385	4.98039198
81.15340424	5.00000000
81.15752411	5.00000000
81.16162109	4.98039198
81.16162109	4.98039198
81.16561890	4.98039198
81.16978455	4.98039198
81.17391968	5.00000000
81.17391968	5.00000000
81.17798615	5.00000000
81.18196106	5.00000000
81.18196106	5.00000000
81.18608856	5.00000000
81.19024658	4.98039198
81.19437408	4.98039198
81.19437408	5.00000000
81.19837189	5.00000000
81.20259094	5.00000000
81.20662689	5.00000000
81.20662689	5.00000000
81.21072388	5.00000000
81.21492004	5.00000000
81.21885681	5.00000000
81.22298431	5.00000000
81.22713470	5.00000000
81.22713470	5.00000000
81.23126221	5.00000000
81.23525238	5.00000000
81.23939514	5.00000000
81.23939514	5.00000000
81.24348450	5.00000000
81.24764252	5.00000000
81.25175476	5.00000000
81.25175476	5.00000000
81.25574493	5.00000000
81.25988007	5.00000000
81.26406097	5.00000000
81.26806641	5.00000000
81.27211761	5.00000000
81.27211761	5.00000000
81.27627563	5.00000000
81.28038788	5.00000000
81.28453064	5.00000000
81.28453064	5.00000000
81.28862762	5.00000000
81.29270935	5.00000000
81.29679871	5.00000000
81.29679871	5.00000000
81.30082703	5.00000000
81.30493927	5.00000000
81.30493927	5.00000000
81.30893707	5.00000000
81.31311035	5.00000000
81.31728363	5.00000000
81.31728363	5.00000000
81.32137299	5.00000000
81.32540894	5.00000000
81.32961273	5.00000000
81.32961273	5.00000000
81.33367157	5.00000000
81.33776855	5.00000000
81.34174347	5.00000000
81.34174347	5.00000000
81.34586334	5.00000000
81.34997559	4.98039198
81.34997559	5.00000000
81.35408020	5.00000000
81.35810089	5.00000000
81.36221313	5.00000000
81.36221313	5.00000000
81.36631775	5.00000000
81.37043762	4.98039198
81.37458801	5.00000000
81.37458801	5.00000000
81.37861633	4.98039198
81.38273621	5.00000000
81.38687134	4.98039198
81.39097595	4.98039198
81.39509583	4.98039198
81.39509583	4.98039198
81.39906311	4.98039198
81.40321350	4.98039198
81.40731812	4.94117641
81.40731812	4.98039198
81.41138458	4.98039198
81.41555786	4.92156839
81.41954041	4.94117641
81.41954041	4.92156839
81.42369843	4.94117641
81.42782593	4.96078444
81.43180847	4.98039198
81.43592072	4.98039198
81.44004059	4.98039198
81.44004059	1.01960790
81.44420624	0.80392158
81.44824219	0.84313726
81.45231628	0.80392158
81.45231628	4.78431368
81.45647430	2.21568632
81.46059418	1.70588231
81.46474457	3.72549009
81.46474457	4.84313726
81.46871948	2.07843137
81.47285461	2.09803915
81.47285461	4.84313726
81.47701263	0.84313726
81.48114777	2.64705873
81.48519897	2.03921580
81.48519897	4.84313726
81.48918915	1.37254906
81.49342346	1.98039210
81.49748993	1.80392158
81.49748993	1.05882359
81.50159454	1.96078432
81.50564575	2.13725495
81.50975800	1.39215684
81.51387024	2.25490189
81.51795197	1.90196073
81.51795197	2.29411769
81.52201843	2.05882359
81.52612305	1.58823526
81.53022003	2.37254906
81.53022003	4.33333349
81.53438568	2.64705873
81.53834534	2.52941179
81.54264832	2.15686274
81.54264832	5.00000000
81.54663086	5.00000000
81.55075073	5.00000000
81.55485535	5.00000000
81.55885315	5.00000000
81.56303406	5.00000000
81.56303406	5.00000000
81.56717682	5.00000000
81.57128906	5.00000000
81.57543182	5.00000000
81.57543182	5.00000000
81.57937622	5.00000000
81.58345032	5.00000000
81.58760071	5.00000000
81.58760071	5.00000000
81.59160614	5.00000000
81.59573364	5.00000000
81.59573364	5.00000000
81.59983826	5.00000000
81.60401154	5.00000000
81.60815430	5.00000000
81.60815430	5.00000000
81.61221313	5.00000000
81.61626434	5.00000000
81.62039185	5.00000000
81.62039185	5.00000000
81.62446594	5.00000000
81.62861633	5.00000000
81.63259125	5.00000000
81.63259125	5.00000000
81.63673401	5.00000000
81.64083862	5.00000000
81.64083862	5.00000000
81.64490509	5.00000000
81.64896393	5.00000000
81.65310669	5.00000000
81.65310669	5.00000000
81.65721893	5.00000000
81.66137695	5.00000000
81.66539764	5.00000000
81.66539764	5.00000000
81.66968536	5.00000000
81.67366791	5.00000000
81.67781067	5.00000000
81.68179321	5.00000000
81.68591309	5.00000000
81.68591309	5.00000000
81.69003296	5.00000000
81.69409943	5.00000000
81.69825745	5.00000000
81.69825745	5.00000000
81.70221710	5.00000000
81.70635986	5.00000000
81.71046448	5.00000000
81.71046448	5.00000000
81.71461487	5.00000000
81.71871948	5.00000000
81.72272491	5.00000000
81.72686768	5.00000000
81.73096466	5.00000000
81.73096466	5.00000000
81.73505402	5.00000000
81.73915100	5.00000000
81.74325562	5.00000000
81.74325562	5.00000000
81.74742889	5.00000000
81.75155640	5.00000000
81.75562286	5.00000000
81.75562286	5.00000000
81.75968933	5.00000000
81.76371002	5.00000000
81.76371002	5.00000000
81.76786041	5.00000000
81.77184296	5.00000000
81.77606201	5.00000000
81.77606201	5.00000000
81.78009033	5.00000000
81.78424835	5.00000000
81.78834534	5.00000000
81.78834534	5.00000000
81.79238129	5.00000000
81.79663086	4.98039198
81.80065155	5.00000000
81.80471039	5.00000000
81.80894470	5.00000000
81.80894470	5.00000000
81.81291199	5.00000000
81.81699371	5.00000000
81.82111359	5.00000000
81.82111359	5.00000000
81.82509613	5.00000000
81.82921600	5.00000000
81.83333588	5.00000000
81.83333588	5.00000000
81.83747101	5.00000000
81.84159088	5.00000000
81.84561157	5.00000000
81.84971619	5.00000000
81.85388947	5.00000000
81.85388947	5.00000000
81.85805511	5.00000000
81.86202240	5.00000000
81.86612701	5.00000000
81.86612701	5.00000000
81.87028503	5.00000000
81.87442780	5.00000000
81.87850952	5.00000000
81.87850952	5.00000000
81.88258362	5.00000000
81.88661194	5.00000000
81.88661194	5.00000000
81.89070892	5.00000000
81.89485168	5.00000000
81.89883423	5.00000000
81.89883423	5.00000000
81.90297699	5.00000000
81.90708923	5.00000000
81.91126251	5.00000000
81.91126251	5.00000000
81.91529846	5.00000000
81.91941071	5.00000000
81.92368317	5.00000000
81.92368317	5.00000000
81.92768097	4.98039198
81.93177795	5.00000000
81.93177795	5.00000000
81.93576813	5.00000000
81.93993378	5.00000000
81.94405365	5.00000000
81.94405365	5.00000000
81.94815063	5.00000000
81.95209503	5.00000000
81.95621490	5.00000000
81.95621490	5.00000000
81.96033478	4.98039198
81.96446991	5.00000000
81.96859741	5.00000000
81.97259521	5.00000000
81.97674561	5.00000000
81.97674561	4.98039198
81.98083496	4.98039198
81.98502350	5.00000000
81.98905945	5.00000000
81.98905945	4.98039198
81.99311066	4.98039198
81.99729919	4.98039198
82.00143433	5.00000000
82.00143433	4.98039198
82.00537109	4.98039198
82.00967407	5.00000000
82.01358795	4.98039198
82.01773071	4.98039198
82.02183533	4.98039198
82.02183533	4.98039198
82.02587128	4.98039198
82.02996063	4.98039198
82.03409576	4.98039198
82.03409576	4.98039198
82.03821564	4.98039198
82.04225922	4.98039198
82.04637909	4.94117641
82.04637909	4.54901981
82.05056763	4.15686274
82.05465698	4.15686274
82.05465698	4.74509811
82.05867767	4.98039198
82.06280518	4.98039198
82.06684113	4.98039198
82.06684113	4.98039198
82.07096863	4.98039198
82.07516479	4.98039198
82.07918549	4.98039198
82.07918549	4.98039198
82.08329010	4.98039198
82.08740997	4.98039198
82.09153748	4.98039198
82.09571075	4.98039198
82.09970093	4.98039198
82.09970093	4.98039198
82.10379791	4.96078444
82.10785675	2.74509811
82.11197662	0.88235295
82.11197662	0.82352942
82.11595917	0.84313726
82.12012482	0.80392158
82.12427521	0.86274511
82.12427521	0.82352942
82.12837982	0.82352942
82.13235474	0.86274511
82.13663483	1.43137252
82.14058685	2.29411769
82.14472961	2.90196085
82.14472961	2.96078420
82.14871979	2.88235283
82.15283966	2.80392146
82.15699005	2.98039222
82.15699005	2.66666675
82.16110992	1.23529410
82.16526031	0.92156863
82.16929626	0.92156863
82.16929626	0.86274511
82.17343903	0.84313726
82.17752838	0.94117647
82.17752838	1.56862748
82.18167877	2.33333325
82.18566132	2.78431368
82.18978119	3.27450991
82.18978119	4.35294104
82.19392395	4.98039198
82.19808197	4.98039198
82.20217896	4.98039198
82.20217896	4.98039198
82.20621490	4.98039198
82.21029663	4.98039198
82.21440887	4.98039198
82.21440887	4.98039198
82.21855927	4.98039198
82.22267151	4.98039198
82.22267151	4.98039198
82.22658539	4.98039198
82.23074341	4.98039198
82.23484039	4.98039198
82.23484039	4.98039198
82.23883820	4.98039198
82.24295044	4.98039198
82.24711609	4.98039198
82.24711609	4.98039198
82.25130463	4.98039198
82.25536346	4.98039198
82.25939178	4.98039198
82.26346588	4.98039198
82.26760101	4.98039198
82.26760101	4.98039198
82.27170563	4.98039198
82.27573395	4.98039198
82.27984619	4.98039198
82.27984619	4.98039198
82.28397369	4.98039198
82.28809357	4.98039198
82.29225159	4.98039198
82.29225159	4.98039198
82.29627228	4.98039198
82.30042267	4.98039198
82.30455780	4.98039198
82.30867004	4.98039198
82.31265259	4.98039198
82.31265259	4.98039198
82.31671143	4.98039198
82.32087708	4.98039198
82.32496643	4.98039198
82.32496643	4.98039198
82.32897949	4.98039198
82.33308411	4.98039198
82.33721924	4.98039198
82.33721924	4.94117641
82.34134674	4.92156839
82.34548187	4.88235283
82.34548187	4.82352924
82.34957886	4.78431368
82.35364532	4.72549009
82.35780334	4.68627453
82.35780334	4.62745094
82.36190796	4.58823538
82.36589813	4.19607830
82.37000275	3.35294127
82.37000275	2.72549009
82.37418365	2.60784316
82.37829590	3.00000000
82.38234711	2.66666675
82.38633728	1.52941179
82.39057922	0.82352942
82.39057922	0.84313726
82.39459229	0.84313726
82.39874268	0.88235295
82.40274048	0.80392158
82.40274048	0.84313726
82.40689087	0.86274511
82.41098785	0.82352942
82.41514587	0.84313726
82.41514587	0.84313726
82.41910553	0.80392158
82.42327881	0.80392158
82.42742920	0.82352942
82.43154907	0.82352942
82.43561554	0.84313726
82.43561554	0.84313726
82.43962860	0.88235295
82.44371796	0.80392158
82.44786072	0.80392158
82.44786072	0.80392158
82.45195770	0.76470590
82.45596313	0.76470590
82.46009064	0.78431374
82.46009064	0.78431374
82.46421814	0.78431374
82.46835327	0.78431374
82.46835327	0.78431374
82.47232819	0.78431374
82.47663879	0.78431374
82.48064423	0.78431374
82.48064423	0.78431374
82.48479462	0.78431374
82.48891449	0.78431374
82.49285889	0.78431374
82.49285889	0.78431374
82.49702454	0.76470590
82.50117493	0.76470590
82.50526428	0.76470590
82.50526428	1.15686274
82.50922394	1.80392158
82.51333618	4.98039198
82.51333618	5.00000000
82.51747894	4.98039198
82.52157593	4.98039198
82.52572632	4.98039198
82.52572632	4.98039198
82.52971649	4.98039198
82.53384399	5.00000000
82.53796387	5.00000000
82.53796387	5.00000000
82.54196167	5.00000000
82.54611969	4.98039198
82.55027008	5.00000000
82.55442810	5.00000000
82.55854797	5.00000000
82.55854797	4.98039198
82.56266785	5.00000000
82.56661224	5.00000000
82.57073975	5.00000000
82.57073975	5.00000000
82.57482910	5.00000000
82.57885742	5.00000000
82.58295441	5.00000000
82.58295441	4.98039198
82.58711243	4.98039198
82.59120178	5.00000000
82.59539795	5.00000000
82.59933472	5.00000000
82.60362244	4.98039198
82.60362244	4.98039198
82.60762787	4.98039198
82.61180115	4.98039198
82.61592102	4.98039198
82.61592102	4.98039198
82.61991119	4.98039198
82.62404633	4.98039198
82.62812805	4.98039198
82.62812805	4.98039198
82.63212585	4.98039198
82.63620758	4.98039198
82.63620758	4.98039198
82.64032745	4.98039198
82.64446259	4.98039198
82.64858246	4.98039198
82.64858246	4.98039198
82.65258789	4.98039198
82.65674591	4.98039198
82.66083527	4.98039198
82.66083527	4.98039198
82.66503143	4.98039198
82.66904449	4.98039198
82.67314911	4.98039198
82.67728424	4.98039198
82.68138123	4.98039198
82.68138123	4.98039198
82.68549347	4.98039198
82.68961334	4.98039198
82.69358826	4.98039198
82.69358826	4.98039198
82.69772339	4.98039198
82.70182800	4.98039198
82.70596313	4.98039198
82.70596313	4.98039198
82.70996094	4.98039198
82.71408844	4.98039198
82.71822357	4.98039198
82.72219849	4.98039198
82.72636414	4.98039198
82.72636414	4.98039198
82.73052979	4.98039198
82.73468781	4.98039198
82.73880005	4.98039198
82.73880005	4.98039198
82.74277496	4.98039198
82.74691010	4.98039198
82.75103760	4.98039198
82.75103760	4.98039198
82.75517273	4.98039198
82.75929260	4.98039198
82.75929260	4.98039198
82.76322174	4.98039198
82.76734161	4.80392170
82.77145386	4.54901981
82.77145386	4.49019623
82.77557373	4.54901981
82.77958679	4.58823538
82.78371429	4.49019623
82.78371429	3.60784316
82.78785706	2.35294127
82.79194641	1.31372547
82.79600525	0.80392158
82.79600525	0.84313726
82.80015564	0.84313726
82.80426788	0.84313726
82.80426788	0.78431374
82.80842590	0.86274511
82.81240845	0.80392158
82.81659698	0.80392158
82.81659698	0.80392158
82.82063293	0.78431374
82.82470703	0.78431374
82.82886505	0.78431374
82.82886505	0.78431374
82.83282471	0.78431374
82.83695984	0.78431374
82.84108734	0.78431374
82.84523010	0.78431374
82.84933472	0.78431374
82.84933472	0.78431374
82.85334015	0.78431374
82.85748291	0.78431374
82.86167145	0.78431374
82.86167145	0.78431374
82.86564636	0.78431374
82.86976624	1.31372547
82.87391663	2.80392146
82.87391663	4.98039198
82.87799072	4.98039198
82.88209534	5.00000000
82.88607788	4.98039198
82.89022064	4.98039198
82.89433289	4.98039198
82.89433289	5.00000000
82.89846039	5.00000000
82.90258789	5.00000000
82.90660095	5.00000000
82.90660095	4.98039198
82.91071320	5.00000000
82.91487122	5.00000000
82.91904449	5.00000000
82.91904449	5.00000000
82.92302704	5.00000000
82.92714691	5.00000000
82.92714691	5.00000000
82.93130493	4.98039198
82.93542480	5.00000000
82.93933868	5.00000000
82.93933868	5.00000000
82.94358826	5.00000000
82.94766235	5.00000000
82.95179749	5.00000000
82.95179749	4.98039198
82.95578766	5.00000000
82.95990753	5.00000000
82.96403503	5.00000000
82.96817780	4.98039198
82.97229767	4.98039198
82.97229767	4.98039198
82.97617340	4.98039198
82.98035431	5.00000000
82.98447418	4.98039198
82.98447418	4.98039198
82.98857880	4.98039198
82.99269104	4.98039198
82.99674988	4.98039198
82.99674988	4.98039198
83.00089264	4.98039198
83.00505829	5.00000000
83.00907898	4.98039198
83.01312256	4.98039198
83.01721191	4.98039198
83.01721191	4.98039198
83.02132416	4.98039198
83.02545166	4.98039198
83.02958679	4.98039198
83.02958679	4.98039198
83.03358459	4.98039198
83.03771210	4.98039198
83.04182434	4.98039198
83.04182434	4.98039198
83.04589844	4.98039198
83.05002594	4.98039198
83.05002594	4.98039198
83.05415344	4.98039198
83.05830383	4.98039198
83.06236267	4.98039198
83.06236267	4.98039198
83.06635284	4.98039198
83.07048798	4.98039198
83.07456970	4.98039198
83.07456970	4.98039198
83.07873535	4.98039198
83.08269501	4.98039198
83.08683777	4.98039198
83.08683777	4.98039198
83.09095764	4.98039198
83.09510040	4.98039198
83.09510040	4.98039198
83.09908295	4.98039198
83.10321045	4.98039198
83.10738373	4.98039198
83.10738373	4.98039198
83.11154938	4.98039198
83.11566162	4.98039198
83.11965942	4.98039198
83.11965942	4.98039198
83.12378693	4.98039198
83.12786102	4.98039198
83.13197327	4.98039198
83.13594818	4.94117641
83.14009094	4.90196085
83.14009094	4.84313726
83.14420319	4.78431368
83.14832306	4.70588255
83.15244293	4.62745094
83.15244293	4.54901981
83.15657043	4.47058821
83.16053772	4.43137264
83.16474915	4.37254906
83.16474915	4.31372547
83.16891479	4.25490189
83.17304230	4.21568632
83.17699432	4.07843161
83.18114471	3.88235283
83.18530273	3.25490189
83.18530273	2.52941179
83.18923950	1.96078432
83.19335175	1.72549021
83.19759369	1.50980389
83.19759369	1.21568632
83.20157623	0.84313726
83.20570374	0.84313726
83.20971680	0.84313726
83.20971680	1.09803927
83.21383667	1.82352936
83.21797180	2.37254906
83.21797180	2.78431368
83.22206879	3.07843137
83.22614288	3.31372547
83.23027039	3.45098042
83.23027039	3.54901958
83.23439789	3.60784316
83.23853302	3.66666675
83.24273682	3.68627453
83.24273682	3.70588231
83.24662781	3.70588231
83.25077057	3.70588231
83.25489807	3.70588231
83.25895691	3.68627453
83.26296234	3.68627453
83.26296234	3.66666675
83.26708221	3.66666675
83.27119446	3.64705873
83.27532196	3.62745094
83.27532196	3.62745094
83.27933502	3.60784316
83.28358459	3.60784316
83.28759766	3.58823538
83.28759766	3.56862736
83.29169464	3.56862736
83.29586792	3.54901958
83.29988861	3.52941179
83.30402374	3.50980401
83.30814362	3.49019599
83.30814362	3.47058821
83.31223297	3.45098042
83.31620026	3.45098042
83.32037354	3.43137264
83.32037354	3.41176462
83.32445526	3.39215684
83.32862854	3.37254906
83.33269501	3.35294127
83.33269501	3.31372547
83.33671570	3.29411769
83.34082794	3.27450991
83.34082794	3.23529410
83.34497070	3.21568632
83.34907532	3.21568632
83.35307312	3.19607854
83.35307312	3.17647052
83.35728455	3.17647052
83.36140442	3.15686274
83.36551666	3.15686274
83.36551666	3.15686274
83.36965942	3.15686274
83.37363434	3.13725495
83.37770844	3.13725495
83.37770844	3.11764717
83.38183594	3.09803915
83.38595581	3.09803915
83.38595581	3.07843137
83.38996124	3.07843137
83.39407349	3.05882359
83.39823151	3.05882359
83.39823151	3.03921580
83.40232849	3.03921580
83.40635681	3.01960778
83.41059113	3.00000000
83.41059113	3.00000000
83.41461945	2.98039222
83.41878510	2.98039222
83.42292023	2.94117641
83.42692566	2.94117641
83.43103027	2.94117641
83.43103027	2.92156863
83.43514252	2.92156863
83.43908691	2.90196085
83.44335175	2.90196085
83.44335175	2.88235283
83.44734192	2.88235283
83.45144653	2.86274505
83.45557404	2.86274505
83.45557404	2.86274505
83.45958710	2.84313726
83.46370697	2.84313726
83.46782684	2.82352948
83.47194672	2.80392146
83.47611237	2.80392146
83.47611237	2.80392146
83.48014069	2.78431368
83.48426819	2.78431368
83.48841858	2.78431368
83.48841858	2.78431368
83.49253845	2.76470590
83.49666595	2.76470590
83.50064087	2.74509811
83.50064087	2.74509811
83.50479126	2.72549009
83.50883484	2.72549009
83.50883484	2.70588231
83.51285553	2.70588231
83.51696777	2.68627453
83.52107239	2.64705873
83.52107239	2.60784316
83.52519989	2.58823538
83.52933502	2.54901958
83.53334045	2.49019599
83.53334045	2.45098042
83.53747559	2.45098042
83.54156494	2.45098042
83.54574585	2.45098042
83.54976654	2.45098042
83.55388641	2.45098042
83.55388641	2.45098042
83.55803680	2.47058821
83.56217194	2.47058821
83.56631470	2.47058821
83.56631470	2.47058821
83.57023621	2.47058821
83.57432556	2.49019599
83.57853699	2.49019599
83.57853699	2.49019599
83.58256531	2.49019599
83.58659363	2.49019599
83.59070587	2.50980401
83.59484100	2.50980401
83.59895325	2.50980401
83.59895325	2.50980401
83.60294342	2.50980401
83.60713196	2.50980401
83.61129761	2.50980401
83.61129761	2.50980401
83.61539459	2.50980401
83.61940002	2.50980401
83.62365723	2.50980401
83.62365723	2.50980401
83.62760925	2.50980401
83.63172913	2.50980401
83.63172913	2.50980401
83.63581085	2.50980401
83.63983917	2.50980401
83.64395142	2.50980401
83.64395142	2.50980401
83.64807892	2.50980401
83.65219116	2.50980401
83.65634155	2.50980401
83.65634155	2.52941179
83.66033173	2.52941179
83.66449738	2.54901958
83.66866302	2.56862736
83.66866302	2.60784316
83.67279053	2.62745094
83.67672729	2.64705873
83.67672729	2.66666675
83.68089294	2.66666675
83.68505096	2.68627453
83.68909454	2.68627453
83.68909454	2.70588231
83.69310760	2.70588231
83.69719696	2.72549009
83.70133209	2.72549009
83.70133209	2.72549009
83.70544434	2.72549009
83.70955658	2.70588231
83.71359253	2.68627453
83.71770477	2.66666675
83.72182465	2.64705873
83.72182465	2.62745094
83.72606659	2.60784316
83.72999573	2.58823538
83.73415375	2.58823538
83.73415375	2.56862736
83.73828125	2.56862736
83.74241638	2.56862736
83.74652863	2.58823538
83.74652863	2.58823538
83.75070190	2.58823538
83.75463867	2.60784316
83.75872803	2.62745094
83.76286316	2.62745094
83.76681519	2.62745094
83.76681519	2.62745094
83.77095032	2.64705873
83.77507019	2.64705873
83.77920532	2.64705873
83.77920532	2.64705873
83.78320313	2.64705873
83.78733063	2.64705873
83.79144287	2.64705873
83.79144287	2.64705873
83.79561615	2.64705873
83.79978180	2.64705873
83.79978180	2.64705873
83.80376434	2.64705873
83.80791473	2.64705873
83.81203461	2.64705873
83.81203461	2.64705873
83.81616211	2.62745094
83.82012939	2.39215684
83.82419586	1.25490201
83.82419586	0.82352942
83.82836151	0.80392158
83.83243561	0.82352942
83.83660126	0.82352942
83.84057617	0.82352942
83.84471893	0.82352942
83.84471893	0.80392158
83.84882355	0.80392158
83.85281372	0.80392158
83.85701752	0.82352942
83.85701752	0.78431374
83.86114502	0.78431374
83.86529541	0.78431374
83.86940765	0.78431374
83.86940765	0.76470590
83.87339020	0.76470590
83.87760925	0.78431374
83.88159943	0.76470590
83.88568878	0.78431374
83.88981628	0.78431374
83.88981628	0.88235295
83.89382172	0.86274511
83.89794922	0.88235295
83.90206146	0.92156863
83.90206146	1.03921568
83.90606689	1.07843137
83.91020203	1.56862748
83.91436005	2.29411769
83.91436005	3.25490189
83.91853333	4.17647076
83.92263794	4.94117641
83.92263794	4.96078444
83.92660522	4.98039198
83.93077087	4.98039198
83.93489075	4.98039198
83.93489075	4.98039198
83.93897247	4.98039198
83.94300079	4.98039198
83.94706726	4.98039198
83.94706726	4.98039198
83.95121765	4.98039198
83.95532227	5.00000000
83.95955658	4.98039198
83.95955658	4.98039198
83.96356201	4.98039198
83.96759033	4.98039198
83.96759033	4.98039198
83.97169495	4.98039198
83.97585297	5.00000000
83.98003387	4.98039198
83.98003387	4.98039198
83.98403168	4.98039198
83.98813629	4.98039198
83.99227905	4.98039198
83.99227905	4.98039198
83.99625397	4.98039198
84.00035858	4.98039198
84.00451660	4.98039198
84.00859833	4.98039198
84.01272583	4.98039198
84.01272583	4.98039198
84.01668549	4.98039198
84.02082825	4.98039198
84.02494049	4.98039198
84.02494049	4.98039198
84.02906799	4.98039198
84.03305817	4.98039198
84.03723145	4.98039198
84.03723145	4.98039198
84.04132080	4.98039198
84.04549408	4.98039198
84.04965973	4.98039198
84.05363464	4.98039198
84.05776215	4.98039198
84.05776215	4.98039198
84.06190491	4.98039198
84.06603241	4.98039198
84.07010651	4.98039198
84.07010651	4.98039198
84.07408142	4.98039198
84.07822418	4.98039198
84.08231354	4.98039198
84.08231354	4.98039198
84.08631897	4.98039198
84.09057617	4.98039198
84.09057617	4.98039198
84.09458923	4.98039198
84.09871674	4.96078444
84.10281372	4.92156839
84.10281372	4.88235283
84.10686493	4.84313726
84.11103821	4.78431368
84.11511993	4.72549009
84.11511993	4.66666651
84.11927795	4.60784292
84.12327576	4.54901981
84.12736511	4.45098019
84.13147736	4.39215708
84.13555908	4.33333349
84.13555908	4.27450991
84.13957977	4.23529434
84.14368439	4.17647076
84.14785767	4.13725471
84.14785767	4.07843161
84.15193939	4.03921556
84.15607452	3.98039222
84.16014862	3.94117641
84.16014862	3.90196085
84.16419220	3.84313726
84.16841125	3.80392146
84.17253876	3.72549009
84.17657471	3.68627453
84.18063354	3.64705873
84.18063354	3.60784316
84.18476105	3.58823538
84.18884277	3.54901958
84.19302368	3.52941179
84.19302368	3.49019599
84.19694519	3.47058821
84.20108795	3.45098042
84.20519257	3.41176462
84.20519257	3.39215684
84.20941162	3.37254906
84.21343994	3.35294127
84.21343994	3.33333325
84.21756744	3.31372547
84.22156525	3.27450991
84.22573090	3.25490189
84.22573090	3.23529410
84.22975159	3.19607854
84.23387909	3.17647052
84.23799896	3.13725495
84.23799896	3.11764717
84.24216461	3.09803915
84.24628448	3.07843137
84.25041199	3.05882359
84.25041199	3.03921580
84.25439453	3.01960778
84.25846863	3.00000000
84.25846863	2.98039222
84.26259613	2.98039222
84.26655579	2.96078420
84.27070618	2.94117641
84.27070618	2.92156863
84.27481842	2.90196085
84.27895355	2.90196085
84.28305817	2.88235283
84.28305817	2.88235283
84.28710175	2.86274505
84.29119110	2.86274505
84.29537201	2.84313726
84.29953003	2.82352948
84.30364990	2.80392146
84.30364990	2.80392146
84.30756378	2.78431368
84.31177521	2.78431368
84.31590271	2.76470590
84.31590271	2.76470590
84.31983185	2.76470590
84.32395935	2.74509811
84.32807159	2.74509811
84.32807159	2.74509811
84.33220673	2.74509811
84.33631134	2.72549009
84.34031677	2.72549009
84.34455872	2.70588231
84.34859467	2.70588231
84.34859467	2.70588231
84.35269165	2.68627453
84.35672760	2.68627453
84.36085510	2.68627453
84.36085510	2.66666675
84.36499786	2.66666675
84.36915588	2.66666675
84.37328339	2.64705873
84.37328339	2.64705873
84.37725830	2.64705873
84.38133240	2.64705873
84.38133240	2.64705873
84.38541412	2.64705873
84.38957977	2.62745094
84.39356995	2.62745094
84.39356995	2.62745094
84.39772034	2.62745094
84.40177917	2.62745094
84.40594482	2.60784316
84.40594482	2.60784316
84.40995789	2.60784316
84.41403198	2.60784316
84.41828918	2.60784316
84.42240906	2.60784316
84.42646027	2.60784316
84.42646027	2.58823538
84.43064880	2.58823538
84.43463898	2.58823538
84.43871307	2.58823538
84.43871307	2.58823538
84.44289398	2.58823538
84.44681549	2.58823538
84.45095062	2.58823538
84.45095062	2.58823538
84.45506287	2.58823538
84.45919037	2.56862736
84.46318817	2.56862736
84.46731567	2.56862736
84.47157288	2.56862736
84.47157288	2.56862736
84.47560120	2.56862736
84.47972107	2.56862736
84.48372650	2.56862736
84.48372650	2.56862736
84.48787689	2.56862736
84.49202728	2.54901958
84.49615479	2.54901958
84.49615479	2.54901958
84.50012970	2.54901958
84.50425720	2.54901958
84.50425720	2.54901958
84.50843811	2.54901958
84.51255798	2.54901958
84.51669312	2.54901958
84.51669312	2.54901958
84.52066040	2.54901958
84.52477264	2.54901958
84.52890015	2.54901958
84.52890015	2.54901958
84.53302002	2.54901958
84.53701782	2.54901958
84.54105377	2.54901958
84.54105377	2.54901958
84.54519653	2.54901958
84.54930115	2.54901958
84.54930115	2.54901958
84.55334473	2.54901958
84.55754089	2.54901958
84.56161499	2.54901958
84.56161499	2.54901958
84.56568909	2.54901958
84.56970978	2.52941179
84.57384491	2.52941179
84.57384491	2.52941179
84.57794189	2.50980401
84.58207703	2.50980401
84.58618164	2.29411769
84.59018707	2.05882359
84.59432220	1.86274505
84.59432220	1.76470590
84.59848022	1.58823526
84.60256195	1.31372547
84.60672760	0.98039216
84.60672760	1.19607842
84.61077118	1.31372547
84.61484528	1.58823526
84.61901093	1.84313726
84.61901093	2.05882359
84.62315369	2.19607854
84.62712860	2.31372547
84.63122559	2.43137264
84.63531494	2.45098042
84.63943481	2.49019599
84.63943481	2.50980401
84.64356232	2.52941179
84.64760590	2.54901958
84.65168762	2.58823538
84.65168762	2.60784316
84.65581512	2.60784316
84.65997314	2.62745094
84.66393280	2.62745094
84.66393280	2.62745094
84.66813660	2.62745094
84.67224884	2.62745094
84.67224884	2.62745094
84.67633820	2.62745094
84.68037415	2.62745094
84.68465424	2.62745094
84.68465424	2.62745094
84.68858337	2.62745094
84.69277191	2.62745094
84.69681549	2.62745094
84.69681549	2.62745094
84.70082092	2.62745094
84.70493317	2.60784316
84.70906830	2.60784316
84.71318817	2.60784316
84.71719360	2.60784316
84.71719360	2.60784316
84.72131348	2.58823538
84.72543335	2.58823538
84.72962952	2.58823538
84.72962952	2.56862736
84.73363495	2.56862736
84.73774719	2.56862736
84.74190521	2.56862736
84.74190521	2.56862736
84.74601746	2.58823538
84.75009155	2.58823538
84.75408936	2.58823538
84.75819397	2.60784316
84.76232147	2.60784316
84.76232147	2.60784316
84.76643372	2.60784316
84.77056885	2.60784316
84.77455139	2.62745094
84.77455139	2.62745094
84.77873993	2.62745094
84.78280640	2.62745094
84.78698730	2.62745094
84.78698730	2.62745094
84.79100037	2.62745094
84.79511261	2.60784316
84.79511261	2.60784316
84.79927826	2.60784316
84.80339050	2.60784316
84.80738831	2.60784316
84.80738831	2.60784316
84.81152344	2.60784316
84.81565094	2.60784316
84.81973267	2.60784316
84.81973267	2.60784316
84.82372284	2.58823538
84.82782745	2.58823538
84.83194733	2.58823538
84.83194733	2.58823538
84.83605957	2.58823538
84.84021759	2.58823538
84.84021759	2.58823538
84.84418488	2.58823538
84.84835052	2.58823538
84.85243225	2.56862736
84.85243225	2.56862736
84.85660553	2.56862736
84.86068726	2.54901958
84.86474609	2.52941179
84.86474609	2.52941179
84.86889648	2.50980401
84.87301636	2.49019599
84.87715912	2.47058821
84.88108826	2.47058821
84.88519287	2.47058821
84.88519287	2.47058821
84.88931274	2.47058821
84.89343262	2.45098042
84.89755249	2.45098042
84.89755249	2.45098042
84.90156555	2.45098042
84.90568542	2.45098042
84.90982819	2.45098042
84.90982819	2.43137264
84.91381073	2.43137264
84.91797638	2.41176462
84.92212677	2.35294127
84.92622375	2.31372547
84.93038177	2.31372547
84.93038177	2.31372547
84.93437958	2.33333325
84.93845367	2.35294127
84.94258881	2.25490189
84.94258881	1.90196073
84.94669342	1.47058821
84.95069885	0.78431374
84.95480347	0.82352942
84.95480347	0.84313726
84.95896149	0.82352942
84.96306610	0.82352942
84.96306610	0.82352942
84.96707153	0.84313726
84.97119904	0.80392158
84.97530365	1.00000000
84.97530365	1.66666663
84.97947693	2.23529410
84.98365021	2.64705873
84.98763275	2.96078420
84.98763275	3.17647052
84.99177551	3.33333325
84.99588776	3.45098042
84.99996185	3.58823538
85.00394440	3.62745094
85.00806427	3.64705873
85.00806427	3.64705873
85.01218414	3.64705873
85.01630402	3.60784316
85.02046967	3.58823538
85.02046967	3.54901958
85.02455139	3.52941179
85.02858734	3.50980401
85.03268433	3.49019599
85.03268433	3.47058821
85.03672028	3.45098042
85.04087830	3.43137264
85.04501343	3.39215684
85.04914856	3.37254906
85.05326080	3.33333325
85.05326080	3.31372547
85.05725861	3.29411769
85.06139374	3.27450991
85.06549835	3.25490189
85.06549835	3.21568632
85.06958771	3.19607854
85.07359314	3.17647052
85.07768250	3.15686274
85.07768250	3.13725495
85.08182526	3.11764717
85.08592987	3.09803915
85.08592987	3.07843137
85.09008026	3.05882359
85.09405518	3.03921580
85.09819031	3.01960778
85.09819031	3.00000000
85.10230255	2.98039222
85.10647583	2.96078420
85.11068726	2.94117641
85.11068726	2.94117641
85.11463928	2.92156863
85.11871338	2.92156863
85.12287903	2.92156863
85.12287903	2.92156863
85.12702179	2.90196085
85.13095856	2.90196085
85.13095856	2.88235283
85.13506317	2.88235283
85.13918304	2.86274505
85.14330292	2.86274505
85.14330292	2.84313726
85.14730072	2.84313726
85.15156555	2.82352948
85.15557098	2.80392146
85.15557098	2.80392146
85.15969849	2.80392146
85.16368866	2.78431368
85.16785431	2.78431368
85.17201996	2.78431368
85.17614746	2.78431368
85.17614746	2.76470590
85.18026733	2.76470590
85.18424988	2.76470590
85.18850708	2.76470590
85.18850708	2.74509811
85.19246674	2.74509811
85.19656372	2.74509811
85.20056915	2.74509811
85.20056915	2.72549009
85.20467377	2.72549009
85.20881653	2.72549009
85.21293640	2.70588231
85.21693420	2.70588231
85.22106934	2.68627453
85.22106934	2.68627453
85.22517395	2.66666675
85.22937775	2.66666675
85.23351288	2.64705873
85.23351288	2.64705873
85.23764801	2.62745094
85.24162292	2.62745094
85.24577332	2.60784316
85.24577332	2.60784316
85.24983215	2.60784316
85.25396729	2.58823538
85.25396729	2.56862736
85.25792694	2.54901958
85.26207733	2.54901958
85.26617432	2.54901958
85.26617432	2.52941179
85.27033234	2.50980401
85.27430725	2.50980401
85.27857971	2.47058821
85.27857971	2.43137264
85.28255463	2.41176462
85.28672028	2.41176462
85.29076385	2.43137264
85.29488373	2.45098042
85.29901886	2.45098042
85.29901886	2.47058821
85.30314636	2.39215684
85.30714417	2.13725495
85.31125641	1.98039210
85.31125641	2.07843137
85.31539917	2.19607854
85.31952667	2.27450991
85.32363892	2.35294127
85.32363892	2.39215684
85.32769012	2.43137264
85.33178711	2.47058821
85.33588409	2.49019599
85.34001923	2.49019599
85.34413910	2.49019599
85.34413910	2.49019599
85.34813690	2.49019599
85.35218811	2.50980401
85.35635376	2.50980401
85.35635376	2.50980401
85.36032867	2.50980401
85.36457825	2.50980401
85.36856842	2.50980401
85.36856842	2.50980401
85.37268829	2.50980401
85.37680054	2.50980401
85.37680054	2.50980401
85.38079834	2.50980401
85.38494873	2.50980401
85.38909912	2.50980401
85.38909912	2.50980401
85.39316559	2.50980401
85.39718628	2.50980401
85.40130615	2.50980401
85.40130615	2.50980401
85.40542603	2.50980401
85.40961456	2.50980401
85.41368103	2.50980401
85.41368103	2.50980401
85.41773224	2.50980401
85.42185974	2.50980401
85.42185974	2.50980401
85.42609406	2.50980401
85.43009949	2.49019599
85.43411255	2.49019599
85.43411255	2.49019599
85.43828583	2.49019599
85.44231415	2.49019599
85.44644165	2.49019599
85.44644165	2.49019599
85.45056152	2.49019599
85.45454407	2.49019599
85.45867920	2.49019599
85.46281433	2.49019599
85.46694183	2.49019599
85.46694183	2.50980401
85.47093201	2.50980401
85.47505188	2.50980401
85.47928619	2.50980401
85.47928619	2.52941179
85.48339844	2.54901958
85.48738098	2.56862736
85.49163818	2.56862736
85.49163818	2.56862736
85.49563599	2.58823538
85.49971008	2.58823538
85.50371552	2.58823538
85.50780487	2.58823538
85.51193237	2.56862736
85.51193237	2.56862736
85.51605225	2.54901958
85.52021027	2.54901958
85.52417755	2.52941179
85.52417755	2.52941179
85.52835846	2.52941179
85.53242493	2.52941179
85.53659821	2.52941179
85.53659821	2.52941179
85.54063416	2.52941179
85.54474640	2.52941179
85.54474640	2.50980401
85.54888916	2.50980401
85.55302429	2.49019599
85.55714417	2.49019599
85.55714417	2.49019599
85.56111908	2.50980401
85.56525421	2.50980401
85.56932068	2.50980401
85.56932068	2.50980401
85.57346344	2.52941179
85.57755280	2.52941179
85.58157349	2.52941179
85.58567047	2.52941179
85.58983612	2.52941179
85.58983612	2.52941179
85.59381104	2.52941179
85.59793854	2.52941179
85.60205841	2.52941179
85.60205841	2.52941179
85.60621643	2.54901958
85.61034393	2.54901958
85.61437225	2.54901958
85.61437225	2.54901958
85.61861420	2.54901958
85.62261963	2.52941179
85.62672424	2.52941179
85.63070679	2.52941179
85.63481140	2.52941179
85.63481140	2.52941179
85.63892365	2.52941179
85.64306641	2.50980401
85.64717102	2.50980401
85.64717102	2.50980401
85.65125275	2.50980401
85.65529633	2.50980401
85.65946198	2.50980401
85.65946198	2.50980401
85.66357422	2.50980401
85.66759491	2.50980401
85.66759491	2.50980401
85.67176056	2.47058821
85.67590332	2.47058821
85.68002319	2.37254906
85.68002319	2.03921580
85.68401337	1.37254906
85.68811798	0.84313726
85.69219208	0.84313726
85.69219208	0.84313726
85.69631195	0.82352942
85.70044708	0.82352942
85.70453644	0.82352942
85.70453644	1.01960790
85.70855713	1.52941179
85.71268463	1.96078432
85.71268463	2.27450991
85.71681213	2.50980401
85.72082520	2.68627453
85.72492218	2.80392146
85.72492218	2.90196085
85.72911072	2.96078420
85.73326874	3.00000000
85.73738861	3.03921580
85.73738861	3.05882359
85.74137115	3.05882359
85.74563599	3.05882359
85.74958038	3.05882359
85.75370789	3.03921580
85.75767517	3.01960778
85.75767517	3.00000000
85.76182556	2.98039222
85.76592255	2.96078420
85.77008057	2.94117641
85.77008057	2.92156863
85.77404022	2.88235283
85.77820587	2.86274505
85.78229523	2.86274505
85.78229523	2.86274505
85.78646851	2.86274505
85.79064941	2.86274505
85.79460907	2.84313726
85.79873657	2.84313726
85.80286407	2.84313726
85.80286407	2.84313726
85.80701447	2.82352948
85.81098175	2.82352948
85.81511688	2.80392146
85.81511688	2.80392146
85.81919098	2.78431368
85.82334900	2.76470590
85.82742310	2.76470590
85.82742310	2.76470590
85.83155060	2.74509811
85.83554840	2.74509811
85.83554840	2.74509811
85.83969879	2.72549009
85.84381104	2.72549009
85.84780884	2.70588231
85.84780884	2.68627453
85.85192108	2.68627453
85.85604095	2.68627453
85.86022186	2.68627453
85.86022186	2.68627453
85.86425018	2.68627453
85.86838531	2.68627453
85.87250519	2.68627453
85.87654877	2.68627453
85.88069916	2.68627453
85.88069916	2.68627453
85.88470459	2.68627453
85.88879395	2.68627453
85.89294434	2.68627453
85.89294434	2.68627453
85.89704895	2.68627453
85.90108490	2.66666675
85.90516663	2.66666675
85.90516663	2.66666675
85.90931702	2.66666675
85.91344452	2.64705873
85.91755676	2.64705873
85.92157745	2.64705873
85.92574310	2.64705873
85.92574310	2.64705873
85.92989349	2.62745094
85.93401337	2.62745094
85.93801880	2.62745094
85.93801880	2.62745094
85.94206238	2.62745094
85.94619751	2.62745094
85.95025635	2.62745094
85.95025635	2.62745094
85.95429230	2.62745094
85.95858765	2.62745094
85.95858765	2.60784316
85.96256256	2.60784316
85.96668243	2.60784316
85.97083282	2.60784316
85.97083282	2.60784316
85.97479248	2.60784316
85.97897339	2.58823538
85.98311615	2.58823538
85.98311615	2.58823538
85.98725891	2.58823538
85.99124908	2.58823538
85.99535370	2.56862736
85.99535370	2.56862736
85.99945068	2.56862736
86.00358582	2.54901958
86.00358582	2.54901958
86.00754547	2.54901958
86.01171875	2.52941179
86.01580048	2.50980401
86.01580048	2.50980401
86.01995850	2.49019599
86.02404785	2.47058821
86.02806854	2.41176462
86.02806854	2.37254906
86.03217316	2.25490189
86.03634644	2.23529410
86.04051208	1.92156863
86.04463959	1.66666663
86.04856873	1.64705884
86.04856873	1.54901958
86.05277252	1.60784316
86.05689240	1.82352936
86.06101227	2.00000000
86.06101227	2.11764717
86.06497955	2.17647052
86.06916809	2.25490189
86.07329559	2.33333325
86.07329559	2.39215684
86.07743073	2.43137264
86.08140564	2.47058821
86.08550262	2.49019599
86.08963013	2.50980401
86.09378052	2.50980401
86.09378052	2.50980401
86.09774780	2.50980401
86.10179138	2.50980401
86.10594940	2.50980401
86.10594940	2.50980401
86.11001587	2.50980401
86.11406708	2.50980401
86.11817169	2.50980401
86.11817169	2.50980401
86.12233734	2.52941179
86.12642670	2.52941179
86.12642670	2.52941179
86.13054657	2.52941179
86.13456726	2.50980401
86.13866425	2.50980401
86.13866425	2.50980401
86.14280701	2.50980401
86.14693451	2.49019599
86.15105438	2.49019599
86.15105438	2.49019599
86.15504456	2.49019599
86.15919495	2.50980401
86.16331482	2.50980401
86.16746521	2.52941179
86.17160797	2.52941179
86.17160797	2.52941179
86.17560577	2.52941179
86.17973328	2.52941179
86.18385315	2.52941179
86.18385315	2.52941179
86.18785095	2.52941179
86.19193268	2.52941179
86.19606781	2.52941179
86.19606781	2.50980401
86.20018768	2.50980401
86.20428467	2.50980401
86.20829773	2.49019599
86.21242523	2.49019599
86.21655273	2.49019599
86.21655273	2.49019599
86.22054291	2.50980401
86.22470856	2.50980401
86.22882843	2.50980401
86.22882843	2.52941179
86.23295593	2.54901958
86.23709869	2.56862736
86.24123383	2.56862736
86.24123383	2.56862736
86.24528503	2.58823538
86.24929047	2.58823538
86.24929047	2.58823538
86.25342560	2.58823538
86.25753784	2.60784316
86.26156616	2.60784316
86.26156616	2.60784316
86.26567078	2.60784316
86.26980591	2.60784316
86.27392578	2.60784316
86.27392578	2.60784316
86.27794647	2.62745094
86.28205109	2.62745094
86.28617096	2.62745094
86.28617096	2.62745094
86.29038239	2.60784316
86.29451752	2.60784316
86.29451752	2.60784316
86.29863739	2.60784316
86.30261230	2.58823538
86.30673218	2.58823538
86.30673218	2.58823538
86.31074524	2.58823538
86.31485748	2.58823538
86.31891632	2.58823538
86.31891632	2.58823538
86.32305908	2.58823538
86.32717133	2.58823538
86.33118439	2.56862736
86.33528900	2.56862736
86.33955383	2.56862736
86.33955383	2.56862736
86.34355164	2.56862736
86.34755707	2.56862736
86.35166931	2.54901958
86.35166931	2.54901958
86.35578918	2.54901958
86.35999298	2.52941179
86.36412811	2.52941179
86.36412811	2.50980401
86.36810303	2.49019599
86.37223053	2.49019599
86.37631989	2.47058821
86.38045502	2.47058821
86.38458252	2.47058821
86.38458252	2.47058821
86.38854218	2.47058821
86.39275360	2.49019599
86.39679718	2.49019599
86.39679718	2.49019599
86.40081024	2.49019599
86.40491486	2.49019599
86.40904999	2.49019599
86.40904999	2.49019599
86.41319275	2.49019599
86.41735077	2.49019599
86.41735077	2.49019599
86.42135620	2.49019599
86.42563629	2.49019599
86.42964172	2.49019599
86.42964172	2.49019599
86.43376160	2.49019599
86.43775177	2.49019599
86.44179535	2.47058821
86.44179535	2.47058821
86.44595337	2.43137264
86.45005035	2.43137264
86.45416260	2.45098042
86.45816040	2.47058821
86.46231079	2.47058821
86.46231079	2.47058821
86.46643066	2.47058821
86.47057343	2.47058821
86.47467041	2.47058821
86.47467041	2.47058821
86.47874451	2.47058821
86.48281860	2.47058821
86.48699188	2.47058821
86.48699188	2.49019599
86.49113464	2.49019599
86.49511719	2.49019599
86.49919128	2.50980401
86.50332642	2.50980401
86.50741577	2.50980401
86.50741577	2.50980401
86.51157379	2.50980401
86.51554108	2.50980401
86.51967621	2.50980401
86.51967621	2.50980401
86.52379608	2.50980401
86.52780914	2.50980401
86.53192139	2.49019599
86.53192139	2.49019599
86.53608704	2.49019599
86.54025269	2.49019599
86.54025269	2.49019599
86.54433441	2.49019599
86.54833221	2.49019599
86.55261230	2.50980401
86.55261230	2.50980401
86.55661774	2.50980401
86.56073761	2.50980401
86.56486511	2.52941179
86.56486511	2.52941179
86.56886292	2.52941179
86.57295990	2.52941179
86.57704926	2.52941179
86.57704926	2.52941179
86.58106232	2.52941179
86.58516693	2.52941179
86.58516693	2.52941179
86.58931732	2.52941179
86.59342194	2.52941179
86.59754944	2.52941179
86.59754944	2.52941179
86.60156250	2.52941179
86.60565948	2.52941179
86.60986328	2.52941179
86.60986328	2.52941179
86.61399078	2.52941179
86.61797333	2.52941179
86.62210846	2.52941179
86.62618256	2.52941179
86.63029480	2.52941179
86.63029480	2.52941179
86.63430023	2.52941179
86.63853455	2.52941179
86.64263916	2.52941179
86.64263916	2.52941179
86.64674377	2.52941179
86.65086365	2.52941179
86.65486908	2.52941179
86.65486908	2.52941179
86.65904236	2.50980401
86.66316223	2.52941179
86.66724396	2.50980401
86.67117310	2.50980401
86.67531586	2.50980401
86.67531586	2.50980401
86.67944336	2.50980401
86.68354797	2.50980401
86.68770599	2.50980401
86.68770599	2.50980401
86.69171143	2.50980401
86.69586182	2.50980401
86.69992828	2.50980401
86.69992828	2.50980401
86.70407104	2.49019599
86.70817566	2.49019599
86.70817566	2.49019599
86.71219635	2.49019599
86.71631622	2.47058821
86.72042847	2.47058821
86.72042847	2.45098042
86.72456360	2.45098042
86.72859192	2.45098042
86.73265839	2.43137264
86.73265839	2.43137264
86.73683167	2.41176462
86.74099731	2.41176462
86.74499512	2.41176462
86.74904633	2.43137264
86.75318146	2.43137264
86.75318146	2.43137264
86.75728607	2.43137264
86.76131439	2.43137264
86.76553345	2.45098042
86.76553345	2.37254906
86.76954651	2.21568632
86.77366638	2.11764717
86.77780914	2.15686274
86.77780914	2.23529410
86.78179932	2.25490189
86.78591156	1.78431368
86.79010010	0.90196079
86.79418945	1.17647064
86.79824829	1.56862748
86.79824829	1.84313726
86.80237579	2.05882359
86.80648041	2.21568632
86.81062317	2.33333325
86.81062317	2.43137264
86.81462860	2.49019599
86.81874084	2.54901958
86.82282257	2.58823538
86.82282257	2.60784316
86.82692719	2.62745094
86.83105469	2.64705873
86.83105469	2.64705873
86.83503723	2.66666675
86.83916473	2.66666675
86.84329224	2.66666675
86.84329224	2.66666675
86.84741974	2.66666675
86.85155487	2.66666675
86.85552979	2.66666675
86.85552979	2.64705873
86.85966492	2.64705873
86.86383057	2.64705873
86.86801147	2.64705873
86.86801147	2.64705873
86.87197113	2.62745094
86.87619019	2.62745094
86.87619019	2.62745094
86.88019562	2.62745094
86.88431549	2.62745094
86.88828278	2.62745094
86.88828278	2.62745094
86.89255524	2.62745094
86.89654541	2.62745094
86.90069580	2.62745094
86.90069580	2.60784316
86.90466309	2.60784316
86.90879822	2.60784316
86.91292572	2.60784316
86.91707611	2.60784316
86.92123413	2.58823538
86.92123413	2.58823538
86.92523193	2.58823538
86.92934418	2.58823538
86.93349457	2.58823538
86.93349457	2.58823538
86.93762970	2.58823538
86.94156647	2.58823538
86.94570160	2.58823538
86.94570160	2.58823538
86.94979095	2.56862736
86.95391083	2.56862736
86.95790863	2.56862736
86.96205902	2.56862736
86.96615601	2.56862736
86.96615601	2.56862736
86.97031403	2.56862736
86.97441864	2.56862736
86.97859192	2.56862736
86.97859192	2.56862736
86.98260498	2.56862736
86.98672485	2.56862736
86.99088287	2.56862736
86.99088287	2.56862736
86.99486542	2.54901958
86.99898529	2.54901958
86.99898529	2.54901958
87.00308228	2.54901958
87.00715637	2.54901958
87.01132202	2.54901958
87.01132202	2.54901958
87.01528168	2.54901958
87.01943207	2.52941179
87.02354431	2.52941179
87.02354431	2.52941179
87.02767944	2.52941179
87.03166962	2.52941179
87.03578186	2.52941179
87.04000854	2.52941179
87.04415894	2.52941179
87.04415894	2.50980401
87.04811096	2.50980401
87.05224609	2.50980401
87.05638123	2.50980401
87.05638123	2.50980401
87.06051636	2.50980401
87.06463623	2.50980401
87.06860352	2.50980401
87.06860352	2.50980401
87.07270813	2.50980401
87.07679749	2.50980401
87.08091736	2.50980401
87.08490753	2.50980401
87.08903503	2.50980401
87.08903503	2.50980401
87.09316254	2.50980401
87.09729767	2.50980401
87.10144043	2.50980401
87.10144043	2.50980401
87.10553741	2.50980401
87.10956573	2.50980401
87.11373138	2.50980401
87.11373138	2.50980401
87.11787415	2.50980401
87.12187195	2.50980401
87.12187195	2.49019599
87.12598419	2.49019599
87.13007355	2.49019599
87.13420105	2.49019599
87.13420105	2.49019599
87.13816833	2.49019599
87.14230347	2.49019599
87.14654541	2.39215684
87.14654541	2.03921580
87.15055847	1.58823526
87.15466309	1.13725495
87.15866852	0.84313726
87.15866852	0.84313726
87.16279602	0.86274511
87.16695404	0.88235295
87.16695404	1.31372547
87.17112732	1.72549021
87.17510986	2.03921580
87.17924500	2.27450991
87.17924500	2.45098042
87.18336487	2.58823538
87.18750000	2.66666675
87.19155884	2.72549009
87.19155884	2.78431368
87.19557953	2.80392146
87.19965363	2.82352948
87.20379639	2.84313726
87.20790100	2.84313726
87.21192169	2.84313726
87.21192169	2.84313726
87.21602631	2.82352948
87.22018433	2.82352948
87.22428894	2.80392146
87.22428894	2.78431368
87.22833252	2.78431368
87.23262787	2.78431368
87.23660278	2.76470590
87.23660278	2.76470590
87.24075317	2.76470590
87.24487305	2.76470590
87.24884796	2.76470590
87.25294495	2.74509811
87.25704956	2.74509811
87.25704956	2.74509811
87.26118469	2.72549009
87.26515961	2.72549009
87.26928711	2.70588231
87.26928711	2.70588231
87.27341461	2.68627453
87.27754211	2.68627453
87.28166199	2.66666675
87.28166199	2.64705873
87.28565979	2.64705873
87.28984070	2.62745094
87.28984070	2.62745094
87.29398346	2.62745094
87.29811859	2.60784316
87.30210876	2.60784316
87.30210876	2.60784316
87.30622864	2.60784316
87.31037140	2.60784316
87.31449890	2.60784316
87.31449890	2.60784316
87.31862640	2.60784316
87.32256317	2.60784316
87.32669830	2.60784316
87.33078766	2.60784316
87.33490753	2.60784316
87.33490753	2.60784316
87.33889771	2.60784316
87.34305573	2.60784316
87.34716034	2.60784316
87.34716034	2.62745094
87.35133362	2.62745094
87.35527802	2.62745094
87.35952759	2.62745094
87.35952759	2.62745094
87.36362457	2.62745094
87.36774445	2.62745094
87.37174225	2.60784316
87.37586212	2.60784316
87.37994385	2.60784316
87.37994385	2.60784316
87.38406372	2.60784316
87.38815308	2.60784316
87.39216614	2.60784316
87.39216614	2.60784316
87.39627838	2.58823538
87.40040588	2.58823538
87.40453339	2.58823538
87.40453339	2.58823538
87.40853882	2.58823538
87.41267395	2.58823538
87.41267395	2.58823538
87.41679382	2.56862736
87.42100525	2.56862736
87.42513275	2.56862736
87.42513275	2.56862736
87.42909241	2.56862736
87.43323517	2.56862736
87.43737793	2.54901958
87.43737793	2.54901958
87.44142914	2.54901958
87.44558716	2.52941179
87.44955444	2.52941179
87.44955444	2.50980401
87.45367432	2.50980401
87.45778656	2.49019599
87.45778656	2.49019599
87.46183014	2.47058821
87.46591187	2.21568632
87.47003937	1.76470590
87.47003937	1.23529410
87.47415924	0.78431374
87.47820282	0.84313726
87.48235321	0.84313726
87.48235321	0.82352942
87.48647308	0.82352942
87.49063110	0.82352942
87.49474335	0.82352942
87.49871063	0.82352942
87.50279236	0.82352942
87.50279236	0.84313726
87.50693512	0.84313726
87.51112366	0.90196079
87.51524353	1.62745094
87.51524353	2.49019599
87.51923370	3.13725495
87.52336121	3.58823538
87.52745819	3.92156863
87.52745819	4.15686274
87.53165436	4.31372547
87.53562164	4.41176462
87.53974152	4.50980377
87.54381561	4.52941179
87.54793549	4.52941179
87.54793549	4.50980377
87.55191040	4.47058821
87.55606079	4.43137264
87.56022644	4.39215708
87.56022644	4.35294104
87.56436920	4.29411745
87.56835938	4.25490189
87.57256317	4.19607830
87.57256317	4.13725471
87.57658386	4.09803915
87.58065796	4.03921556
87.58065796	4.00000000
87.58479309	3.94117641
87.58878326	3.90196085
87.59295654	3.86274505
87.59295654	3.82352948
87.59702301	3.78431368
87.60119629	3.76470590
87.60515594	3.72549009
87.60515594	3.68627453
87.60932159	3.64705873
87.61349487	3.60784316
87.61761475	3.54901958
87.62161255	3.50980401
87.62573242	3.49019599
87.62573242	3.45098042
87.62987518	3.43137264
87.63393402	3.39215684
87.63803101	3.37254906
87.63803101	3.35294127
87.64203644	3.33333325
87.64614868	3.29411769
87.65032196	3.27450991
87.65032196	3.25490189
87.65441132	3.23529410
87.65853882	3.19607854
87.66254425	3.15686274
87.66664886	3.13725495
87.67087555	3.11764717
87.67087555	3.09803915
87.67499542	3.07843137
87.67899323	3.05882359
87.68309784	3.03921580
87.68309784	3.03921580
87.68722534	3.01960778
87.69130707	3.00000000
87.69533539	2.98039222
87.69533539	2.98039222
87.69949341	2.96078420
87.70352173	2.96078420
87.70352173	2.94117641
87.70765686	2.92156863
87.71166229	2.90196085
87.71572876	2.88235283
87.71572876	2.86274505
87.71990967	2.84313726
87.72399902	2.82352948
87.72821045	2.80392146
87.72821045	2.80392146
87.73218536	2.78431368
87.73637390	2.78431368
87.74050140	2.78431368
87.74050140	2.76470590
87.74462128	2.76470590
87.74874878	2.74509811
87.74874878	2.74509811
87.75268555	2.72549009
87.75682831	2.72549009
87.76091003	2.72549009
87.76091003	2.70588231
87.76491547	2.70588231
87.76902771	2.70588231
87.77320099	2.68627453
87.77320099	2.68627453
87.77729034	2.68627453
87.78141022	2.66666675
87.78553009	2.66666675
87.78958130	2.64705873
87.79367828	2.64705873
87.79367828	2.64705873
87.79787445	2.64705873
87.80186462	2.62745094
87.80597687	2.62745094
87.80597687	2.62745094
87.81002808	2.62745094
87.81424713	2.60784316
87.81837463	2.60784316
87.81837463	2.60784316
87.82231903	2.60784316
87.82656097	2.21568632
87.83052063	0.84313726
87.83466339	0.82352942
87.83877563	0.80392158
87.83877563	0.82352942
87.84286499	0.84313726
87.84689331	0.82352942
87.85106659	0.80392158
87.85106659	0.80392158
87.85503387	0.84313726
87.85919189	0.84313726
87.86333466	0.80392158
87.86333466	0.84313726
87.86749268	0.86274511
87.87161255	0.82352942
87.87161255	0.86274511
87.87559509	1.15686274
87.87973785	1.72549021
87.88382721	2.62745094
87.88382721	3.56862736
87.88790131	4.23529434
87.89191437	4.72549009
87.89602661	4.98039198
87.89602661	4.98039198
87.90019226	4.98039198
87.90428162	4.98039198
87.90840912	4.98039198
87.91253662	4.98039198
87.91651917	4.98039198
87.91651917	4.98039198
87.92070770	4.98039198
87.92486572	4.98039198
87.92885590	4.98039198
87.92885590	4.98039198
87.93297577	4.98039198
87.93708801	4.96078444
87.94117737	4.92156839
87.94117737	4.86274529
87.94518280	4.80392170
87.94927979	4.74509811
87.95341492	4.60784292
87.95752716	4.54901981
87.96170044	4.49019623
87.96170044	4.43137264
87.96562195	4.37254906
87.96975708	4.31372547
87.97385406	4.27450991
87.97385406	4.21568632
87.97805023	4.15686274
87.98206329	4.11764717
87.98620605	4.05882359
87.98620605	4.00000000
87.99034119	3.96078420
87.99449921	3.90196085
87.99449921	3.86274505
87.99861145	3.82352948
88.00254822	3.78431368
88.00666046	3.74509811
88.00666046	3.70588231
88.01078033	3.66666675
88.01491547	3.64705873
88.01890564	3.60784316
88.01890564	3.56862736
88.02306366	3.54901958
88.02715302	3.50980401
88.03131866	3.49019599
88.03131866	3.45098042
88.03527832	3.43137264
88.03957367	3.39215684
88.03957367	3.37254906
88.04355621	3.35294127
88.04772186	3.33333325
88.05185699	3.31372547
88.05185699	3.27450991
88.05581665	3.25490189
88.05992889	3.23529410
88.06404114	3.21568632
88.06404114	3.19607854
88.06815338	3.17647052
88.07216644	3.15686274
88.07626343	3.11764717
88.08044434	3.09803915
88.08452606	3.09803915
88.08452606	3.07843137
88.08852386	3.05882359
88.09265900	3.03921580
88.09677887	3.01960778
88.09677887	3.00000000
88.10096741	2.98039222
88.10511780	2.96078420
88.10910797	2.94117641
88.10910797	2.92156863
88.11325073	2.90196085
88.11737061	2.88235283
88.12144470	2.84313726
88.12561035	2.84313726
88.12959290	2.84313726
88.12959290	2.82352948
88.13368225	2.82352948
88.13778687	2.82352948
88.14190674	2.80392146
88.14190674	2.78431368
88.14589691	2.76470590
88.15002441	2.74509811
88.15415192	2.70588231
88.15415192	2.66666675
88.15834045	2.64705873
88.16240692	2.64705873
88.16240692	2.52941179
88.16651917	2.15686274
88.17058563	1.70588231
88.17473602	1.29411769
88.17473602	0.80392158
88.17873383	0.84313726
88.18283844	0.82352942
88.18698883	0.80392158
88.18698883	0.80392158
88.19104767	0.84313726
88.19520569	0.80392158
88.19914246	0.82352942
88.20328522	0.80392158
88.20738983	0.84313726
88.20738983	0.84313726
88.21154022	0.92156863
88.21552277	1.43137252
88.21965790	2.19607854
88.21965790	2.98039222
88.22379303	3.56862736
88.22789764	3.98039222
88.23207855	4.27450991
88.23207855	4.49019623
88.23610687	4.62745094
88.24021912	4.70588255
88.24436188	4.78431368
88.24846649	4.78431368
88.25255585	4.76470566
88.25255585	4.72549009
88.25655365	4.68627453
88.26068115	4.64705896
88.26479340	4.60784292
88.26479340	4.54901981
88.26877594	4.49019623
88.27290344	4.45098019
88.27702332	4.39215708
88.27702332	4.33333349
88.28115845	4.29411745
88.28527069	4.23529434
88.28527069	4.19607830
88.28931427	4.13725471
88.29342651	4.09803915
88.29758453	4.03921556
88.29758453	4.00000000
88.30173492	3.96078420
88.30570984	3.92156863
88.30982208	3.86274505
88.30982208	3.82352948
88.31389618	3.80392146
88.31804657	3.76470590
88.32215118	3.72549009
88.32215118	3.68627453
88.32613373	3.64705873
88.33027649	3.60784316
88.33027649	3.58823538
88.33441162	3.54901958
88.33852386	3.50980401
88.34255981	3.47058821
88.34255981	3.45098042
88.34666443	3.41176462
88.35084534	3.39215684
88.35498810	3.37254906
88.35498810	3.33333325
88.35897064	3.31372547
88.36309052	3.29411769
88.36720276	3.23529410
88.37134552	3.21568632
88.37546539	3.19607854
88.37546539	3.17647052
88.37958527	3.15686274
88.38362885	3.13725495
88.38774109	3.11764717
88.38774109	3.09803915
88.39189148	3.07843137
88.39585114	3.05882359
88.39997864	3.03921580
88.39997864	3.03921580
88.40411377	3.01960778
88.40822601	3.00000000
88.41216278	2.98039222
88.41629791	2.96078420
88.42059326	2.94117641
88.42059326	2.94117641
88.42453766	2.92156863
88.42858124	2.90196085
88.43280029	2.90196085
88.43280029	2.88235283
88.43679810	2.88235283
88.44094086	2.86274505
88.44506836	2.86274505
88.44506836	2.84313726
88.44909668	2.84313726
88.45322418	2.82352948
88.45322418	2.82352948
88.45733643	2.80392146
88.46148682	2.80392146
88.46562195	2.78431368
88.46562195	2.78431368
88.46958923	2.76470590
88.47377014	2.76470590
88.47792053	2.76470590
88.47792053	2.74509811
88.48204803	2.74509811
88.48603058	2.72549009
88.49014282	2.72549009
88.49430084	2.70588231
88.49841309	2.70588231
88.49841309	2.70588231
88.50239563	2.68627453
88.50663757	2.68627453
88.51065063	2.66666675
88.51065063	2.66666675
88.51474762	2.64705873
88.51885223	2.64705873
88.52287292	2.62745094
88.52287292	2.62745094
88.52698517	2.62745094
88.53112793	2.62745094
88.53516388	2.60784316
88.53919220	2.60784316
88.54327393	2.60784316
88.54327393	2.45098042
88.54740906	2.05882359
88.55163574	1.49019611
88.55567932	0.82352942
88.55567932	0.82352942
88.55963135	0.82352942
88.56382751	0.78431374
88.56799316	0.80392158
88.56799316	0.80392158
88.57212067	0.84313726
88.57618713	0.80392158
88.57618713	0.80392158
88.58021545	0.84313726
88.58436584	0.84313726
88.58849335	0.86274511
88.58849335	0.86274511
88.59267426	0.98039216
88.59664917	1.64705884
88.60076904	2.64705873
88.60076904	3.50980401
88.60491943	4.11764717
88.60890961	4.56862736
88.61302185	4.88235283
88.61302185	4.98039198
88.61712646	4.98039198
88.62133789	4.98039198
88.62133789	4.98039198
88.62541199	4.98039198
88.62938690	4.98039198
88.63364410	4.98039198
88.63364410	4.98039198
88.63764954	4.98039198
88.64177704	4.98039198
88.64585876	4.98039198
88.64585876	4.94117641
88.64984894	4.90196085
88.65390778	4.84313726
88.65802002	4.74509811
88.66215515	4.68627453
88.66614532	4.62745094
88.66614532	4.56862736
88.67028046	4.50980377
88.67439270	4.45098019
88.67855072	4.39215708
88.67855072	4.33333349
88.68260193	4.29411745
88.68672943	4.23529434
88.69084167	4.17647076
88.69084167	4.13725471
88.69494629	4.07843161
88.69902039	4.01960802
88.70303345	3.94117641
88.70713806	3.88235283
88.71132660	3.84313726
88.71132660	3.80392146
88.71539307	3.76470590
88.71952057	3.72549009
88.72354126	3.68627453
88.72354126	3.64705873
88.72765350	3.60784316
88.73185730	3.56862736
88.73598480	3.54901958
88.73598480	3.50980401
88.73998260	3.47058821
88.74409485	3.45098042
88.74409485	3.43137264
88.74822998	3.39215684
88.75216675	3.37254906
88.75633240	3.35294127
88.75633240	3.33333325
88.76039124	3.29411769
88.76454926	3.27450991
88.76863861	3.25490189
88.76863861	3.21568632
88.77266693	3.19607854
88.77677917	3.17647052
88.78090668	3.13725495
88.78506470	3.11764717
88.78913879	3.09803915
88.78913879	3.07843137
88.79322815	3.05882359
88.79735565	3.03921580
88.80147552	3.01960778
88.80147552	3.00000000
88.80560303	3.00000000
88.80960846	2.98039222
88.81371307	2.96078420
88.81371307	2.94117641
88.81780243	2.94117641
88.82189178	2.92156863
88.82591248	2.90196085
88.83002472	2.88235283
88.83415985	2.86274505
88.83415985	2.86274505
88.83826447	2.84313726
88.84227753	2.84313726
88.84653473	2.82352948
88.84653473	2.82352948
88.85057068	2.80392146
88.85473633	2.80392146
88.85886383	2.78431368
88.85886383	2.78431368
88.86285400	2.76470590
88.86695862	2.76470590
88.86695862	2.74509811
88.87108612	2.74509811
88.87523651	2.74509811
88.87935638	2.72549009
88.87935638	2.72549009
88.88330078	2.72549009
88.88742828	2.70588231
88.89151764	2.52941179
88.89151764	2.29411769
88.89553833	1.98039210
88.89964294	1.41176474
88.90377808	0.84313726
88.90377808	0.82352942
88.90789032	0.80392158
88.91205597	0.82352942
88.91205597	0.84313726
88.91601563	0.84313726
88.92018890	0.84313726
88.92435455	0.84313726
88.92435455	0.84313726
88.92840576	0.82352942
88.93261719	1.05882359
88.93657684	1.82352936
88.93657684	2.50980401
88.94071960	3.01960778
88.94480133	3.39215684
88.94895172	3.84313726
88.95288849	3.96078420
88.95702362	4.05882359
88.95702362	4.09803915
88.96114349	4.13725471
88.96528625	4.13725471
88.96942139	4.13725471
88.96942139	4.11764717
88.97351837	4.09803915
88.97753143	4.05882359
88.98171997	4.01960802
88.98171997	3.98039222
88.98572540	3.94117641
88.98983002	3.90196085
88.99390411	3.82352948
88.99810791	3.78431368
89.00219727	3.74509811
89.00219727	3.70588231
89.00617981	3.66666675
89.01027679	3.64705873
89.01440430	3.60784316
89.01440430	3.56862736
89.01850891	3.54901958
89.02255249	3.50980401
89.02664948	3.47058821
89.02664948	3.45098042
89.03076935	3.41176462
89.03490448	3.39215684
89.03490448	3.37254906
89.03887939	3.33333325
89.04304504	3.31372547
89.04720306	3.29411769
89.04720306	3.27450991
89.05133057	3.23529410
89.05547333	3.21568632
89.05957031	3.19607854
89.05957031	3.17647052
89.06354523	3.15686274
89.06766510	3.13725495
89.07176971	3.09803915
89.07577515	3.07843137
89.07989502	3.05882359
89.07989502	3.03921580
89.08401489	3.01960778
89.08814240	3.00000000
89.09227753	3.00000000
89.09227753	2.98039222
89.09628296	2.96078420
89.10055542	2.94117641
89.10459900	2.94117641
89.10459900	2.92156863
89.10872650	2.90196085
89.11283875	2.90196085
89.11685181	2.88235283
89.12095642	2.86274505
89.12508392	2.84313726
89.12508392	2.84313726
89.12908936	2.84313726
89.13326263	2.82352948
89.13738251	2.80392146
89.13738251	2.80392146
89.14151764	2.78431368
89.14562225	2.78431368
89.14959717	2.76470590
89.14959717	2.76470590
89.15372467	2.74509811
89.15784454	2.74509811
89.15784454	2.72549009
89.16196442	2.72549009
89.16596985	2.70588231
89.17013550	2.70588231
89.17013550	2.70588231
89.17426300	2.68627453
89.17836761	2.68627453
89.18247223	2.68627453
89.18247223	2.66666675
89.18659210	2.66666675
89.19060516	2.66666675
89.19467926	2.64705873
89.19467926	2.64705873
89.19875336	2.64705873
89.20295715	2.64705873
89.20295715	2.62745094
89.20695496	2.62745094
89.21111298	2.62745094
89.21522522	2.62745094
89.21522522	2.60784316
89.21920776	2.60784316
89.22332001	2.60784316
89.22760010	2.60784316
89.22760010	2.60784316
89.23159790	2.58823538
89.23573303	2.58823538
89.23971558	2.58823538
89.24385071	2.58823538
89.24795532	2.56862736
89.24795532	2.56862736
89.25212097	2.56862736
89.25614166	2.56862736
89.26026154	2.56862736
89.26026154	2.54901958
89.26438141	2.54901958
89.26847076	2.54901958
89.27259064	2.54901958
89.27259064	2.54901958
89.27661133	2.52941179
89.28071594	2.52941179
89.28476715	2.05882359
89.28891754	1.88235295
89.29306793	1.96078432
89.29306793	2.11764717
89.29703522	2.23529410
89.30113983	2.31372547
89.30529022	2.39215684
89.30529022	2.43137264
89.30923462	2.47058821
89.31354523	2.49019599
89.31754303	2.49019599
89.31754303	2.50980401
89.32164764	2.50980401
89.32579803	2.50980401
89.32579803	2.52941179
89.32975769	2.50980401
89.33393860	2.50980401
89.33803558	2.52941179
89.33803558	2.52941179
89.34217834	2.52941179
89.34616852	2.52941179
89.35027313	2.52941179
89.35027313	2.54901958
89.35440826	2.54901958
89.35853577	2.52941179
89.36271667	2.54901958
89.36669159	2.54901958
89.37084198	2.54901958
89.37084198	2.54901958
89.37497711	2.54901958
89.37910461	2.54901958
89.38304138	2.54901958
89.38304138	2.54901958
89.38717651	2.54901958
89.39125824	2.54901958
89.39540100	2.54901958
89.39540100	2.54901958
89.39950562	2.54901958
89.40351868	2.54901958
89.40764618	2.52941179
89.41177368	2.52941179
89.41593170	2.52941179
89.41593170	2.52941179
89.41988373	2.52941179
89.42404938	2.52941179
89.42823029	2.52941179
89.42823029	2.52941179
89.43235016	2.52941179
89.43632507	2.52941179
89.44059753	2.52941179
89.44059753	2.52941179
89.44454956	2.52941179
89.44866180	2.52941179
89.44866180	2.50980401
89.45263672	2.50980401
89.45676422	2.52941179
89.46088409	2.52941179
89.46088409	2.52941179
89.46504211	2.52941179
89.46913147	2.52941179
89.47317505	2.52941179
89.47317505	2.52941179
89.47727203	2.52941179
89.48143005	2.52941179
89.48557281	2.52941179
89.48557281	2.52941179
89.48958588	2.52941179
89.49376678	2.52941179
89.49376678	2.52941179
89.49782562	2.52941179
89.50197601	2.52941179
89.50601959	2.52941179
89.50601959	2.52941179
89.51002502	2.52941179
89.51412964	2.52941179
89.51828003	2.52941179
89.51828003	2.50980401
89.52237701	2.50980401
89.52652740	2.50980401
89.53050232	2.49019599
89.53466797	2.49019599
89.53876495	2.50980401
89.53876495	2.50980401
89.54277039	2.49019599
89.54696655	2.49019599
89.55110168	2.47058821
89.55110168	2.45098042
89.55522156	2.41176462
89.55935669	2.31372547
89.56327057	2.03921580
89.56327057	1.43137252
89.56739807	0.84313726
89.57151031	0.84313726
89.57572937	0.84313726
89.57971954	0.82352942
89.58383942	0.84313726
89.58383942	0.84313726
89.58796692	0.80392158
89.59212494	0.80392158
89.59625244	0.82352942
89.59625244	0.82352942
89.60021973	0.84313726
89.60426331	0.84313726
89.60840607	0.84313726
89.60840607	0.82352942
89.61253357	1.03921568
89.61651611	1.68627453
89.61651611	2.49019599
89.62066650	3.21568632
89.62479401	3.74509811
89.62894440	4.13725471
89.62894440	4.41176462
89.63287354	4.58823538
89.63700867	4.70588255
89.64112854	4.76470566
89.64112854	4.80392170
89.64529419	4.80392170
89.64938354	4.78431368
89.65351868	4.72549009
89.65750885	4.68627453
89.66168213	4.64705896
89.66168213	4.58823538
89.66582489	4.52941179
89.66982269	4.47058821
89.67395020	4.41176462
89.67395020	4.33333349
89.67810059	4.29411745
89.68222046	4.23529434
89.68635559	4.17647076
89.68635559	4.11764717
89.69032288	4.07843161
89.69451904	4.03921556
89.69860077	3.98039222
89.70276642	3.96078420
89.70672607	3.94117641
89.70672607	3.92156863
89.71083832	3.90196085
89.71497345	3.86274505
89.71908569	3.84313726
89.71908569	3.82352948
89.72302246	3.78431368
89.72715759	3.74509811
89.73130798	3.72549009
89.73130798	3.68627453
89.73540497	3.66666675
89.73953247	3.62745094
89.74359894	3.56862736
89.74765778	3.54901958
89.75177765	3.50980401
89.75177765	3.47058821
89.75592041	3.45098042
89.75988770	3.41176462
89.76403046	3.39215684
89.76403046	3.37254906
89.76813507	3.33333325
89.77225494	3.31372547
89.77635956	3.29411769
89.77635956	3.27450991
89.78050995	3.25490189
89.78456116	3.23529410
89.78456116	3.19607854
89.78862762	3.17647052
89.79286194	3.15686274
89.79683685	3.15686274
89.79683685	3.13725495
89.80095673	3.11764717
89.80509949	3.09803915
89.80922699	3.07843137
89.80922699	3.05882359
89.81317902	3.05882359
89.81731415	3.03921580
89.82138062	3.00000000
89.82552338	3.00000000
89.82962799	2.98039222
89.82962799	2.98039222
89.83363342	2.96078420
89.83775330	2.94117641
89.84189606	2.94117641
89.84189606	2.92156863
89.84602356	2.90196085
89.85001373	2.90196085
89.85419464	2.88235283
89.85419464	2.86274505
89.85834503	2.86274505
89.86250305	2.84313726
89.86660004	2.82352948
89.87058258	2.80392146
89.87464142	2.80392146
89.87464142	2.78431368
89.87882996	2.78431368
89.88289642	2.76470590
89.88687897	2.76470590
89.88687897	2.76470590
89.89100647	2.74509811
89.89511108	2.74509811
89.89924622	2.72549009
89.89924622	2.72549009
89.90328979	2.70588231
89.90747833	2.70588231
89.90747833	2.68627453
89.91156006	2.66666675
89.91567230	2.66666675
89.91984558	2.66666675
89.91984558	2.64705873
89.92383575	2.64705873
89.92796326	2.64705873
89.93209839	2.62745094
89.93209839	2.62745094
89.93621826	2.60784316
89.94018555	2.60784316
89.94427490	2.58823538
89.94427490	2.56862736
89.94841766	2.52941179
89.95249939	2.47058821
89.95249939	2.41176462
89.95652771	2.37254906
89.96067047	2.27450991
89.96479034	1.88235295
89.96479034	1.27450979
89.96887970	0.84313726
89.97290039	0.84313726
89.97702026	0.94117647
89.97702026	1.23529410
89.98117065	1.58823526
89.98535156	1.86274505
89.98947144	2.21568632
89.99349976	2.33333325
89.99756622	2.41176462
89.99756622	2.49019599
90.00170135	2.52941179
90.00576019	2.56862736
90.00991821	2.58823538
90.00991821	2.60784316
90.01387787	2.60784316
90.01801300	2.62745094
90.02212524	2.62745094
90.02212524	2.62745094
90.02629852	2.62745094
90.03025055	2.62745094
90.03025055	2.62745094
90.03438568	2.62745094
90.03851318	2.62745094
90.04267120	2.60784316
90.04267120	2.60784316
90.04669189	2.60784316
90.05082703	2.60784316
90.05496216	2.60784316
90.05496216	2.60784316
90.05909729	2.60784316
90.06307983	2.60784316
90.06717682	2.60784316
90.06717682	2.60784316
90.07125092	2.60784316
90.07540131	2.60784316
90.07540131	2.60784316
90.07950592	2.60784316
90.08351898	2.60784316
90.08763123	2.60784316
90.08763123	2.60784316
90.09176636	2.60784316
90.09589386	2.60784316
90.09999847	2.58823538
90.09999847	2.58823538
90.10408020	2.58823538
90.10820007	2.58823538
90.11234283	2.58823538
90.11631775	2.56862736
90.12059021	2.56862736
90.12059021	2.56862736
90.12453461	2.56862736
90.12872314	2.54901958
90.13275146	2.54901958
90.13275146	2.54901958
90.13676453	2.54901958
90.14087677	2.54901958
90.14501190	2.54901958
90.14501190	2.54901958
90.14912415	2.56862736
90.15328979	2.56862736
90.15724945	2.56862736
90.16143036	2.56862736
90.16555023	2.56862736
90.16555023	2.58823538
90.16960144	2.58823538
90.17369080	2.58823538
90.17782593	2.58823538
90.17782593	2.58823538
90.18196869	2.58823538
90.18609619	2.58823538
90.19009399	2.58823538
90.19009399	2.58823538
90.19416809	2.58823538
90.19828796	2.58823538
90.19828796	2.58823538
90.20237732	2.58823538
90.20650482	2.56862736
90.21051025	2.56862736
90.21051025	2.56862736
90.21466064	2.56862736
90.21875000	2.56862736
90.22288513	2.56862736
90.22288513	2.56862736
90.22694397	2.56862736
90.23101807	2.54901958
90.23516083	2.54901958
90.23516083	2.54901958
90.23934174	2.54901958
90.24341583	2.54901958
90.24341583	2.54901958
90.24759674	2.54901958
90.25159454	2.54901958
90.25565338	2.54901958
90.25565338	2.54901958
90.25966644	2.52941179
90.26374817	2.52941179
90.26789093	2.52941179
90.26789093	2.47058821
90.27199554	2.37254906
90.27622223	2.21568632
90.28012085	1.07843137
90.28428650	0.82352942
90.28838348	0.82352942
90.28838348	0.82352942
90.29254150	0.80392158
90.29653168	0.80392158
90.30070496	0.82352942
90.30070496	0.80392158
90.30482483	0.84313726
90.30895996	0.82352942
90.31310272	0.84313726
90.31310272	0.84313726
90.31703949	0.82352942
90.32112885	1.00000000
90.32112885	1.33333337
90.32525635	1.98039210
90.32937622	2.80392146
90.33350372	3.41176462
90.33350372	3.82352948
90.33751678	4.13725471
90.34163666	4.35294104
90.34578705	4.49019623
90.34578705	4.58823538
90.34974670	4.62745094
90.35391998	4.64705896
90.35807037	4.64705896
90.35807037	4.64705896
90.36222839	4.62745094
90.36634064	4.60784292
90.36634064	4.58823538
90.37032318	4.54901981
90.37452698	4.50980377
90.37861633	4.47058821
90.37861633	4.43137264
90.38262177	4.39215708
90.38664246	4.37254906
90.39074707	4.33333349
90.39074707	4.29411745
90.39488983	4.23529434
90.39900208	4.19607830
90.40313721	4.11764717
90.40712738	4.05882359
90.41127777	4.01960802
90.41127777	3.98039222
90.41540527	3.94117641
90.41958618	3.90196085
90.42357635	3.86274505
90.42357635	3.82352948
90.42771149	3.76470590
90.43183899	3.72549009
90.43597412	3.66666675
90.43597412	3.62745094
90.43995667	3.58823538
90.44412994	3.56862736
90.44824982	3.49019599
90.45238495	3.45098042
90.45646667	3.41176462
90.45646667	3.39215684
90.46057892	3.35294127
90.46458435	3.33333325
90.46871948	3.31372547
90.46871948	3.29411769
90.47282410	3.27450991
90.47675323	3.25490189
90.48089600	3.21568632
90.48089600	3.19607854
90.48500824	3.17647052
90.48913574	3.15686274
90.48913574	3.13725495
90.49313354	3.11764717
90.49725342	3.11764717
90.50154114	3.09803915
90.50154114	3.07843137
90.50552368	3.05882359
90.50963593	3.05882359
90.51362610	3.03921580
90.51362610	3.01960778
90.51776886	3.01960778
90.52187347	3.00000000
90.52604675	2.98039222
90.52604675	2.98039222
90.53000641	2.96078420
90.53415680	2.94117641
90.53415680	2.94117641
90.53825378	2.92156863
90.54243469	2.90196085
90.54658508	2.88235283
90.54658508	2.86274505
90.55056000	2.84313726
90.55469513	2.84313726
90.55882263	2.82352948
90.55882263	2.82352948
90.56295013	2.82352948
90.56703949	2.80392146
90.57099915	2.78431368
90.57513428	2.78431368
90.57924652	2.76470590
90.57924652	2.74509811
90.58325958	2.74509811
90.58750153	2.72549009
90.59149933	2.72549009
90.59149933	2.72549009
90.59564209	2.72549009
90.59974670	2.72549009
90.60381317	2.70588231
90.60381317	2.68627453
90.60794067	2.66666675
90.61207581	2.64705873
90.61621094	2.52941179
90.62019348	2.45098042
90.62426758	2.39215684
90.62426758	2.35294127
90.62842560	2.33333325
90.63249207	2.33333325
90.63664246	2.33333325
90.63664246	2.33333325
90.64062500	2.33333325
90.64476013	2.35294127
90.64887238	2.35294127
90.64887238	2.35294127
90.65300751	2.37254906
90.65700531	2.37254906
90.65700531	2.37254906
90.66117859	2.37254906
90.66530609	2.39215684
90.66944122	2.39215684
90.66944122	2.39215684
90.67356873	2.37254906
90.67757416	2.37254906
90.68169403	2.37254906
90.68169403	2.19607854
90.68584442	2.07843137
90.68996429	2.15686274
90.69390106	2.27450991
90.69804382	2.33333325
90.70211792	2.35294127
90.70211792	2.37254906
90.70626068	2.39215684
90.71025085	2.39215684
90.71453094	2.41176462
90.71453094	2.41176462
90.71850586	2.41176462
90.72263336	2.43137264
90.72676849	2.43137264
90.72676849	2.45098042
90.73074341	2.45098042
90.73496246	2.43137264
90.73906708	2.43137264
90.74315643	2.43137264
90.74720764	2.43137264
90.74720764	2.43137264
90.75133514	2.43137264
90.75540161	2.43137264
90.75968170	2.45098042
90.75968170	2.47058821
90.76350403	2.49019599
90.76763916	2.50980401
90.77174377	2.52941179
90.77174377	2.54901958
90.77587891	2.56862736
90.77999878	2.58823538
90.77999878	2.58823538
90.78400421	2.60784316
90.78812408	2.62745094
90.79225922	2.62745094
90.79225922	2.64705873
90.79640961	2.64705873
90.80053711	2.64705873
90.80455780	2.64705873
90.80455780	2.64705873
90.80871582	2.64705873
90.81283569	2.64705873
90.81689453	2.62745094
90.82087708	2.62745094
90.82499695	2.62745094
90.82499695	2.62745094
90.82911682	2.60784316
90.83325195	2.60784316
90.83725739	2.60784316
90.83725739	2.60784316
90.84140015	2.60784316
90.84552002	2.58823538
90.84961700	2.58823538
90.84961700	2.58823538
90.85369873	2.58823538
90.85781097	2.58823538
90.86194611	2.58823538
90.86608124	2.58823538
90.87021637	2.58823538
90.87021637	2.58823538
90.87414551	2.58823538
90.87830353	2.58823538
90.88237000	2.58823538
90.88237000	2.58823538
90.88651276	2.58823538
90.89048767	2.58823538
90.89464569	2.58823538
90.89464569	2.58823538
90.89875031	2.58823538
90.90287781	2.58823538
90.90287781	2.56862736
90.90690613	2.56862736
90.91099548	2.54901958
90.91518402	2.54901958
90.91518402	2.52941179
90.91933441	2.50980401
90.92346954	2.49019599
90.92758942	2.45098042
90.92758942	2.43137264
90.93158722	2.43137264
90.93571472	2.43137264
90.93983459	2.43137264
90.93983459	2.43137264
90.94382477	2.43137264
90.94791412	2.43137264
90.94791412	2.43137264
90.95198822	2.43137264
90.95612335	2.43137264
90.96024323	2.43137264
90.96024323	2.45098042
90.96427917	2.45098042
90.96837616	2.45098042
90.97250366	2.47058821
90.97250366	2.47058821
90.97662354	2.47058821
90.98062134	2.49019599
90.98478699	2.27450991
90.98895264	2.01960778
90.99301910	1.84313726
90.99301910	1.78431368
90.99706268	1.76470590
91.00119019	1.82352936
91.00527191	1.49019611
91.00527191	0.96078432
91.00939178	0.84313726
91.01349640	0.84313726
91.01750946	0.80392158
91.01750946	0.82352942
91.02161407	0.90196079
91.02577972	1.03921568
91.02988434	1.90196073
91.03390503	2.19607854
91.03800201	2.41176462
91.03800201	2.58823538
91.04212952	2.70588231
91.04627991	2.78431368
91.05040741	2.84313726
91.05040741	2.88235283
91.05458832	2.92156863
91.05856323	2.94117641
91.06270599	2.94117641
91.06270599	2.96078420
91.06664276	2.94117641
91.07077026	2.94117641
91.07077026	2.94117641
91.07488251	2.92156863
91.07899475	2.92156863
91.08312225	2.90196085
91.08312225	2.86274505
91.08712769	2.86274505
91.09123993	2.84313726
91.09541321	2.84313726
91.09541321	2.84313726
91.09948730	2.84313726
91.10355377	2.84313726
91.10769653	2.84313726
91.10769653	2.84313726
91.11183929	2.84313726
91.11593628	2.84313726
91.11593628	2.84313726
91.12008667	2.84313726
91.12406921	2.82352948
91.12820435	2.82352948
91.12820435	2.82352948
91.13224792	2.82352948
91.13636780	2.82352948
91.14048767	2.82352948
91.14048767	2.80392146
91.14453888	2.80392146
91.14862061	2.80392146
91.15275574	2.78431368
91.15689850	2.78431368
91.16087341	2.78431368
91.16087341	2.76470590
91.16503906	2.76470590
91.16920471	2.74509811
91.17333221	2.74509811
91.17333221	2.74509811
91.17726898	2.72549009
91.18158722	2.72549009
91.18556213	2.72549009
91.18556213	2.72549009
91.18970490	2.72549009
91.19383240	2.72549009
91.19786835	2.70588231
91.20199585	2.70588231
91.20611572	2.70588231
91.20611572	2.68627453
91.21020508	2.68627453
91.21419525	2.66666675
91.21834564	2.66666675
91.21834564	2.64705873
91.22245026	2.64705873
91.22649384	2.62745094
91.23065186	2.60784316
91.23065186	2.58823538
91.23461151	2.56862736
91.23875427	2.52941179
91.23875427	2.50980401
91.24290466	2.47058821
91.24687958	2.43137264
91.25105286	2.39215684
91.25105286	2.35294127
91.25511932	2.33333325
91.25925446	2.31372547
91.26337433	2.31372547
91.26337433	2.31372547
91.26750946	2.31372547
91.27149200	2.31372547
91.27564240	2.31372547
91.27975464	2.33333325
91.28388214	2.33333325
91.28388214	2.33333325
91.28787231	2.33333325
91.29198456	2.35294127
91.29618835	2.35294127
91.29618835	2.35294127
91.30020905	2.35294127
91.30429840	2.35294127
91.30858612	2.35294127
91.30858612	2.35294127
91.31257629	2.37254906
91.31665039	2.37254906
91.32066345	2.39215684
91.32473755	2.39215684
91.32888794	2.39215684
91.32888794	2.39215684
91.33299255	2.41176462
91.33703613	2.41176462
91.34111023	2.41176462
91.34111023	2.41176462
91.34531403	2.41176462
91.34936523	2.41176462
91.35354614	2.41176462
91.35354614	2.41176462
91.35755157	2.41176462
91.36167908	2.41176462
91.36167908	2.39215684
91.36583710	2.27450991
91.36996460	2.07843137
91.37413025	1.84313726
91.37413025	1.64705884
91.37801361	1.35294116
91.38208771	1.15686274
91.38626099	1.03921568
91.38626099	1.33333337
91.39022827	1.66666663
91.39452362	1.92156863
91.39846039	2.11764717
91.39846039	2.27450991
91.40262604	2.37254906
91.40672302	2.47058821
91.40672302	2.52941179
91.41074371	2.56862736
91.41493988	2.62745094
91.41906738	2.66666675
91.41906738	2.70588231
91.42320251	2.72549009
91.42723083	2.74509811
91.43129730	2.76470590
91.43129730	2.78431368
91.43544769	2.78431368
91.43958282	2.80392146
91.44369507	2.80392146
91.44764709	2.80392146
91.45174408	2.80392146
91.45174408	2.80392146
91.45587158	2.80392146
91.45998383	2.80392146
91.46398926	2.80392146
91.46398926	2.80392146
91.46811676	2.80392146
91.47230530	2.80392146
91.47639465	2.78431368
91.47639465	2.78431368
91.48049927	2.76470590
91.48454285	2.76470590
91.48869324	2.74509811
91.49287415	2.72549009
91.49695587	2.72549009
91.49695587	2.70588231
91.50093079	2.70588231
91.50502014	2.68627453
91.50915527	2.68627453
91.50915527	2.66666675
91.51325226	2.64705873
91.51725769	2.64705873
91.52149200	2.64705873
91.52149200	2.62745094
91.52550507	2.62745094
91.52961731	2.62745094
91.52961731	2.62745094
91.53362274	2.62745094
91.53775024	2.62745094
91.54186249	2.60784316
91.54186249	2.60784316
91.54602814	2.60784316
91.55020142	2.60784316
91.55420685	2.60784316
91.55420685	2.60784316
91.55831909	2.60784316
91.56245422	2.60784316
91.56652069	2.60784316
91.57049561	2.60784316
91.57461548	2.60784316
91.57461548	2.60784316
91.57874298	2.60784316
91.58285522	2.60784316
91.58702087	2.60784316
91.58702087	2.60784316
91.59098053	2.60784316
91.59513855	2.60784316
91.59923553	2.60784316
91.59923553	2.58823538
91.60341644	2.58823538
91.60757446	2.58823538
91.61157227	2.56862736
91.61569977	2.56862736
91.61981201	2.54901958
91.61981201	2.54901958
91.62380219	2.54901958
91.62789917	2.54901958
91.63200378	2.54901958
91.63200378	2.54901958
91.63612366	2.54901958
91.64023590	2.54901958
91.64424133	2.52941179
91.64424133	2.52941179
91.64849091	2.49019599
91.65249634	2.45098042
91.65249634	2.37254906
91.65663910	2.29411769
91.66061401	2.25490189
91.66481781	2.23529410
91.66481781	2.23529410
91.66893005	2.25490189
91.67308044	2.25490189
91.67723083	2.27450991
91.67723083	2.27450991
91.68115234	2.15686274
91.68533325	1.62745094
91.68943787	0.94117647
91.68943787	0.84313726
91.69351196	0.84313726
91.69749451	0.80392158
91.69749451	0.82352942
91.70162201	0.84313726
91.70574188	0.82352942
91.70985413	0.84313726
91.70985413	0.80392158
91.71386719	0.82352942
91.71799469	0.86274511
91.72210693	0.84313726
91.72210693	0.82352942
91.72628784	0.84313726
91.73037720	0.86274511
91.73454285	1.47058821
91.73855591	2.27450991
91.74267578	3.17647052
91.74267578	3.86274505
91.74682617	4.33333349
91.75080872	4.66666651
91.75491333	4.90196085
91.75491333	4.98039198
91.75901031	4.98039198
91.76312256	4.98039198
91.76725006	4.98039198
91.76725006	4.98039198
91.77123260	4.98039198
91.77548218	4.98039198
91.77949524	4.96078444
91.78361511	4.94117641
91.78761292	4.90196085
91.78761292	4.86274529
91.79172516	4.82352924
91.79591370	4.78431368
91.80008698	4.74509811
91.80008698	4.68627453
91.80406952	4.64705896
91.80819702	4.60784292
91.81230164	4.56862736
91.81230164	4.52941179
91.81639099	4.49019623
91.82052612	4.45098019
91.82052612	4.39215708
91.82448578	4.35294104
91.82863617	4.29411745
91.83274078	4.25490189
91.83274078	4.19607830
91.83690643	4.15686274
91.84084320	4.11764717
91.84500885	4.05882359
91.84500885	4.01960802
91.84911346	3.96078420
91.85328674	3.92156863
91.85742950	3.84313726
91.86159515	3.78431368
91.86554718	3.74509811
91.86554718	3.70588231
91.86969757	3.66666675
91.87382507	3.62745094
91.87777710	3.58823538
91.87777710	3.56862736
91.88187408	3.52941179
91.88599396	3.49019599
91.89010620	3.47058821
91.89010620	3.43137264
91.89411926	3.41176462
91.89823151	3.39215684
91.90236664	3.33333325
91.90651703	3.31372547
91.91061401	3.29411769
91.91061401	3.27450991
91.91467285	3.25490189
91.91880035	3.23529410
91.92293549	3.19607854
91.92293549	3.17647052
91.92700195	3.15686274
91.93106079	3.13725495
91.93518066	3.11764717
91.93518066	3.07843137
91.93933105	3.05882359
91.94339752	3.03921580
91.94339752	3.01960778
91.94761658	2.98039222
91.95157623	2.96078420
91.95571136	2.94117641
91.95571136	2.90196085
91.95980835	2.82352948
91.96394348	2.78431368
91.96794891	2.76470590
91.96794891	2.74509811
91.97206116	2.72549009
91.97612762	2.72549009
91.98026276	2.72549009
91.98026276	2.72549009
91.98429108	2.70588231
91.98851013	2.70588231
91.98851013	2.70588231
91.99251556	2.70588231
91.99667358	2.68627453
92.00076294	2.68627453
92.00076294	2.68627453
92.00478363	2.68627453
92.00889587	2.66666675
92.01306915	2.66666675
92.01306915	2.66666675
92.01719666	2.64705873
92.02120209	2.64705873
92.02529907	2.64705873
92.02944183	2.60784316
92.03358459	2.43137264
92.03358459	1.98039210
92.03762054	1.03921568
92.04172516	0.82352942
92.04588318	0.82352942
92.04588318	0.82352942
92.05000305	0.80392158
92.05413818	0.82352942
92.05812073	0.82352942
92.05812073	0.80392158
92.06223297	0.82352942
92.06632233	0.80392158
92.07043457	0.84313726
92.07458496	0.84313726
92.07858276	0.84313726
92.07858276	0.88235295
92.08269501	0.88235295
92.08681488	0.80392158
92.09095764	1.07843137
92.09095764	1.76470590
92.09497070	2.76470590
92.09898376	3.78431368
92.10312653	4.54901981
92.10312653	4.98039198
92.10722351	4.98039198
92.11125183	4.98039198
92.11125183	4.98039198
92.11548615	4.98039198
92.11952209	4.98039198
92.12368774	4.98039198
92.12368774	4.98039198
92.12763977	4.98039198
92.13175964	4.98039198
92.13586426	4.98039198
92.13586426	4.98039198
92.13997650	4.98039198
92.14413452	4.98039198
92.14810181	4.98039198
92.15224457	4.98039198
92.15637970	4.98039198
92.15637970	4.98039198
92.16049194	4.98039198
92.16452026	4.98039198
92.16867065	4.96078444
92.16867065	4.92156839
92.17280579	4.86274529
92.17688751	4.80392170
92.18106842	4.74509811
92.18106842	4.68627453
92.18507385	4.62745094
92.18915558	4.54901981
92.19320679	4.39215708
92.19737244	4.33333349
92.20147705	4.27450991
92.20147705	4.23529434
92.20550537	4.17647076
92.20961761	4.13725471
92.21373749	4.07843161
92.21373749	4.03921556
92.21778107	3.98039222
92.22185516	3.94117641
92.22604370	3.90196085
92.22604370	3.86274505
92.23019409	3.82352948
92.23432922	3.78431368
92.23432922	3.74509811
92.23828888	3.70588231
92.24243164	3.68627453
92.24655151	3.64705873
92.24655151	3.62745094
92.25070190	3.58823538
92.25468445	3.56862736
92.25873566	3.52941179
92.25873566	3.50980401
92.26285553	3.47058821
92.26699829	3.45098042
92.27110291	3.41176462
92.27110291	3.39215684
92.27513885	3.35294127
92.27923584	3.33333325
92.27923584	3.31372547
92.28336334	3.27450991
92.28750610	3.25490189
92.29147339	3.21568632
92.29147339	3.19607854
92.29566956	3.17647052
92.29981995	3.15686274
92.30394745	3.11764717
92.30394745	3.09803915
92.30792236	3.07843137
92.31205750	3.05882359
92.31613922	2.98039222
92.32026672	2.96078420
92.32435608	2.92156863
92.32435608	2.88235283
92.32849884	2.86274505
92.33248138	2.80392146
92.33665466	2.76470590
92.33665466	2.74509811
92.34072876	2.74509811
92.34474945	2.74509811
92.34889221	2.74509811
92.34889221	2.74509811
92.35298157	2.74509811
92.35714722	2.74509811
92.36116791	2.74509811
92.36523438	2.74509811
92.36943054	2.72549009
92.36943054	2.72549009
92.37356567	2.72549009
92.37751770	2.72549009
92.38162994	2.70588231
92.38162994	2.70588231
92.38571930	2.70588231
92.38986969	2.70588231
92.39398956	2.68627453
92.39398956	2.68627453
92.39797974	2.68627453
92.40209961	2.50980401
92.40209961	1.94117641
92.40626526	1.23529410
92.41043091	0.84313726
92.41452789	0.84313726
92.41452789	0.84313726
92.41854858	0.82352942
92.42267609	0.82352942
92.42675781	0.84313726
92.42675781	0.84313726
92.43096161	0.84313726
92.43492889	0.84313726
92.43901825	0.84313726
92.44308472	0.84313726
92.44725037	0.82352942
92.44725037	1.00000000
92.45122528	1.64705884
92.45547485	2.37254906
92.45948792	2.92156863
92.45948792	3.31372547
92.46362305	3.60784316
92.46761322	3.80392146
92.47173309	3.94117641
92.47173309	4.03921556
92.47590637	4.09803915
92.48007202	4.11764717
92.48419189	4.11764717
92.48817444	4.09803915
92.49230957	4.07843161
92.49230957	4.03921556
92.49644470	4.00000000
92.50057983	3.98039222
92.50469208	3.96078420
92.50469208	3.92156863
92.50861359	3.88235283
92.51277924	3.86274505
92.51686096	3.82352948
92.51686096	3.78431368
92.52085114	3.76470590
92.52497864	3.74509811
92.52497864	3.72549009
92.52913666	3.68627453
92.53321838	3.66666675
92.53736115	3.62745094
92.53736115	3.60784316
92.54147339	3.58823538
92.54553223	3.54901958
92.54968262	3.50980401
92.54968262	3.49019599
92.55382538	3.47058821
92.55780029	3.43137264
92.56192780	3.39215684
92.56192780	3.37254906
92.56600952	3.35294127
92.57015228	3.33333325
92.57015228	3.29411769
92.57422638	3.27450991
92.57826233	3.25490189
92.58246613	3.23529410
92.58246613	3.21568632
92.58647919	3.19607854
92.59061432	3.15686274
92.59474945	3.13725495
92.59474945	3.11764717
92.59875488	3.09803915
92.60285187	3.09803915
92.60704041	3.05882359
92.61099243	3.03921580
92.61518097	3.01960778
92.61518097	3.01960778
92.61932373	3.00000000
92.62344360	2.98039222
92.62751770	2.96078420
92.62751770	2.96078420
92.63150024	2.94117641
92.63562012	2.92156863
92.63973999	2.90196085
92.63973999	2.88235283
92.64385986	2.86274505
92.64798737	2.84313726
92.65196991	2.76470590
92.65614319	2.70588231
92.66030121	2.66666675
92.66030121	2.64705873
92.66426849	2.62745094
92.66856384	2.62745094
92.67255402	2.62745094
92.67255402	2.62745094
92.67662811	2.62745094
92.68082428	2.62745094
92.68482208	2.62745094
92.68482208	2.62745094
92.68887329	2.62745094
92.69308472	2.62745094
92.69308472	2.62745094
92.69713593	2.62745094
92.70109558	2.62745094
92.70522308	2.62745094
92.70522308	2.60784316
92.70938110	2.60784316
92.71347809	2.60784316
92.71764374	2.60784316
92.71764374	2.60784316
92.72160339	2.60784316
92.72577667	2.60784316
92.72988129	2.58823538
92.73401642	2.58823538
92.73818970	2.58823538
92.73818970	2.58823538
92.74218750	2.56862736
92.74629211	2.56862736
92.75041962	2.56862736
92.75041962	2.56862736
92.75457764	2.54901958
92.75858307	2.54901958
92.76271057	2.54901958
92.76271057	2.29411769
92.76680756	1.78431368
92.77092743	1.19607842
92.77492523	0.84313726
92.77906799	0.84313726
92.78318024	0.80392158
92.78318024	0.82352942
92.78722382	0.82352942
92.79122925	0.80392158
92.79547882	0.82352942
92.79547882	0.84313726
92.79948425	0.82352942
92.80360413	0.80392158
92.80771637	0.84313726
92.80771637	0.82352942
92.81177521	1.07843137
92.81588745	1.84313726
92.81588745	2.64705873
92.82002258	3.23529410
92.82410431	3.64705873
92.82826996	3.96078420
92.82826996	4.17647076
92.83222961	4.31372547
92.83638000	4.41176462
92.84048462	4.49019623
92.84048462	4.52941179
92.84449768	4.54901981
92.84862518	4.54901981
92.85272217	4.52941179
92.85272217	4.50980377
92.85689545	4.47058821
92.86100006	4.43137264
92.86100006	4.39215708
92.86503601	4.35294104
92.86915588	4.29411745
92.87328339	4.25490189
92.87328339	4.19607830
92.87738800	4.15686274
92.88150024	4.11764717
92.88546753	4.07843161
92.88546753	4.01960802
92.88961029	3.98039222
92.89372253	3.94117641
92.89786530	3.84313726
92.90184021	3.80392146
92.90599060	3.74509811
92.90599060	3.70588231
92.91008759	3.66666675
92.91426849	3.62745094
92.91828156	3.58823538
92.91828156	3.56862736
92.92253876	3.52941179
92.92643738	3.49019599
92.93060303	3.47058821
92.93060303	3.43137264
92.93465424	3.41176462
92.93872833	3.39215684
92.94286346	3.33333325
92.94700623	3.31372547
92.95109558	3.29411769
92.95109558	3.27450991
92.95510101	3.25490189
92.95925140	3.23529410
92.96334839	3.21568632
92.96334839	3.19607854
92.96747589	3.19607854
92.97147369	3.17647052
92.97565460	3.15686274
92.97565460	3.11764717
92.97979736	3.11764717
92.98394012	3.09803915
92.98394012	3.07843137
92.98793030	3.05882359
92.99205780	3.01960778
92.99616241	3.00000000
92.99616241	2.98039222
93.00032043	2.94117641
93.00444031	2.92156863
93.00849915	2.90196085
93.00849915	2.86274505
93.01251984	2.84313726
93.01659393	2.82352948
93.02073669	2.74509811
93.02471924	2.68627453
93.02889252	2.66666675
93.02889252	2.64705873
93.03296661	2.64705873
93.03713989	2.62745094
93.04122925	2.62745094
93.04122925	2.62745094
93.04528046	2.62745094
93.04940796	2.62745094
93.05355835	2.62745094
93.05355835	2.60784316
93.05768585	2.60784316
93.06167603	2.58823538
93.06580353	2.58823538
93.06987762	2.56862736
93.07397461	2.56862736
93.07397461	2.56862736
93.07800293	2.56862736
93.08209229	2.56862736
93.08625031	2.56862736
93.08625031	2.56862736
93.09035492	2.56862736
93.09452057	2.56862736
93.09847260	2.56862736
93.09847260	2.54901958
93.10259247	2.23529410
93.10678101	1.56862748
93.10678101	0.78431374
93.11097717	0.84313726
93.11492157	0.82352942
93.11903381	0.82352942
93.11903381	0.82352942
93.12316895	0.80392158
93.12728119	0.82352942
93.13138580	0.80392158
93.13138580	0.82352942
93.13546753	0.80392158
93.13948822	0.84313726
93.14360046	0.84313726
93.14360046	0.84313726
93.14773560	0.84313726
93.15171814	0.92156863
93.15171814	1.74509799
93.15585327	2.90196085
93.15995789	3.74509811
93.16413879	4.37254906
93.16413879	4.80392170
93.16817474	4.98039198
93.17229462	4.98039198
93.17636871	4.98039198
93.17636871	4.98039198
93.18055725	4.98039198
93.18470001	4.98039198
93.18862915	4.98039198
93.19274902	4.98039198
93.19685364	4.98039198
93.19685364	4.98039198
93.20098114	4.98039198
93.20497131	4.98039198
93.20912933	4.98039198
93.20912933	4.98039198
93.21321869	4.98039198
93.21736145	4.94117641
93.22148132	4.90196085
93.22148132	4.86274529
93.22551727	4.80392170
93.22966003	4.74509811
93.23381042	4.60784292
93.23793793	4.54901981
93.24193573	4.49019623
93.24193573	4.41176462
93.24607849	4.35294104
93.25016785	4.29411745
93.25431061	4.23529434
93.25431061	4.19607830
93.25825500	4.13725471
93.26249695	4.09803915
93.26647186	4.03921556
93.26647186	4.00000000
93.27060699	3.96078420
93.27471924	3.92156863
93.27471924	3.88235283
93.27873230	3.84313726
93.28284454	3.80392146
93.28700256	3.76470590
93.28700256	3.72549009
93.29109192	3.68627453
93.29515076	3.66666675
93.29927826	3.62745094
93.29927826	3.58823538
93.30343628	3.54901958
93.30755615	3.50980401
93.31169128	3.45098042
93.31567383	3.43137264
93.31977081	3.39215684
93.31977081	3.37254906
93.32384491	3.33333325
93.32801056	3.31372547
93.33197021	3.29411769
93.33197021	3.27450991
93.33612061	3.23529410
93.34024048	3.21568632
93.34439087	3.17647052
93.34439087	3.13725495
93.34849548	3.11764717
93.35247803	3.09803915
93.35665131	3.03921580
93.36079407	2.98039222
93.36493683	2.90196085
93.36493683	2.82352948
93.36893463	2.78431368
93.37304688	2.76470590
93.37713623	2.76470590
93.37713623	2.74509811
93.38125610	2.74509811
93.38522339	2.74509811
93.38948822	2.74509811
93.38948822	2.74509811
93.39347839	2.72549009
93.39762878	2.72549009
93.39762878	2.70588231
93.40159607	2.68627453
93.40573120	2.68627453
93.40988922	2.68627453
93.40988922	2.66666675
93.41396332	2.66666675
93.41813660	2.64705873
93.42212677	2.64705873
93.42212677	2.64705873
93.42633820	2.64705873
93.43044281	2.62745094
93.43454742	2.62745094
93.43454742	2.60784316
93.43849945	2.60784316
93.44260406	2.60784316
93.44260406	2.60784316
93.44671631	2.58823538
93.45085144	2.58823538
93.45496368	2.58823538
93.45496368	2.58823538
93.45900726	2.58823538
93.46309662	2.56862736
93.46725464	2.56862736
93.46725464	2.56862736
93.47134399	2.56862736
93.47550964	2.56862736
93.47947693	2.50980401
93.48362732	2.13725495
93.48781586	1.64705884
93.48781586	1.13725495
93.49179077	0.78431374
93.49591827	0.86274511
93.50003815	0.84313726
93.50003815	0.86274511
93.50418091	0.84313726
93.50822449	0.94117647
93.51231384	1.45098042
93.51231384	1.88235295
93.51659393	2.21568632
93.52056122	2.47058821
93.52467346	2.78431368
93.52868652	2.90196085
93.53279877	2.98039222
93.53279877	3.03921580
93.53683472	3.09803915
93.54096985	3.13725495
93.54509735	3.15686274
93.54509735	3.15686274
93.54910278	3.17647052
93.55323029	3.17647052
93.55734253	3.17647052
93.55734253	3.17647052
93.56152344	3.15686274
93.56549835	3.13725495
93.56549835	3.07843137
93.56961823	3.00000000
93.57372284	2.94117641
93.57787323	2.90196085
93.57787323	2.86274505
93.58184814	2.84313726
93.58596802	2.80392146
93.59010315	2.78431368
93.59010315	2.78431368
93.59423828	2.76470590
93.59836578	2.76470590
93.60247040	2.74509811
93.60646057	2.74509811
93.61066437	2.72549009
93.61066437	2.72549009
93.61476898	2.70588231
93.61876678	2.70588231
93.62288666	2.70588231
93.62288666	2.70588231
93.62696838	2.68627453
93.63112640	2.68627453
93.63521576	2.68627453
93.63521576	2.68627453
93.63922882	2.68627453
93.64334106	2.68627453
93.64746857	2.66666675
93.65158844	2.64705873
93.65561676	2.64705873
93.65561676	2.64705873
93.65977478	2.64705873
93.66389465	2.64705873
93.66799164	2.66666675
93.66799164	2.66666675
93.67202759	2.66666675
93.67616272	2.66666675
93.68028259	2.66666675
93.68028259	2.64705873
93.68440247	2.64705873
93.68844604	2.62745094
93.68844604	2.62745094
93.69249725	2.60784316
93.69659424	2.60784316
93.70072937	2.58823538
93.70072937	2.58823538
93.70484161	2.58823538
93.70884705	2.58823538
93.71299744	2.60784316
93.71299744	2.60784316
93.71711731	2.60784316
93.72121429	2.62745094
93.72526550	2.62745094
93.72526550	2.62745094
93.72953033	2.60784316
93.73347473	2.60784316
93.73347473	2.56862736
93.73760986	2.54901958
93.74160767	2.50980401
93.74573517	2.43137264
93.74573517	2.35294127
93.74990082	2.29411769
93.75402069	2.23529410
93.75817871	2.19607854
93.75817871	2.21568632
93.76211548	2.25490189
93.76622772	2.31372547
93.77035522	2.39215684
93.77445984	2.41176462
93.77860260	2.43137264
93.77860260	2.45098042
93.78259277	2.47058821
93.78672791	2.49019599
93.79084778	2.49019599
93.79084778	2.50980401
93.79489136	2.50980401
93.79904938	2.47058821
93.80316925	2.07843137
93.80316925	1.41176474
93.80731201	0.82352942
93.81143188	0.84313726
93.81555939	0.84313726
93.81950378	0.84313726
93.82363129	0.80392158
93.82363129	0.84313726
93.82775879	0.82352942
93.83173370	0.82352942
93.83583832	0.84313726
93.83583832	0.84313726
93.83998108	0.86274511
93.84409332	0.84313726
93.84825134	1.19607842
93.84825134	2.00000000
93.85221100	2.62745094
93.85650635	3.07843137
93.85650635	3.41176462
93.86047363	3.64705873
93.86466980	3.82352948
93.86880493	3.94117641
93.86880493	4.03921556
93.87280273	4.09803915
93.87686920	4.13725471
93.88100433	4.17647076
93.88100433	4.19607830
93.88496399	4.19607830
93.88909912	4.19607830
93.89321136	4.17647076
93.89739227	4.13725471
93.90146637	4.11764717
93.90146637	4.07843161
93.90547180	4.03921556
93.90964508	4.00000000
93.91371155	3.94117641
93.91371155	3.90196085
93.91793060	3.86274505
93.92193604	3.84313726
93.92604065	3.80392146
93.92604065	3.76470590
93.93017578	3.72549009
93.93431091	3.68627453
93.93836975	3.62745094
93.94249725	3.58823538
93.94647217	3.54901958
93.94647217	3.50980401
93.95060730	3.49019599
93.95471191	3.45098042
93.95884705	3.43137264
93.95884705	3.41176462
93.96283722	3.37254906
93.96700287	3.35294127
93.97108459	3.33333325
93.97108459	3.31372547
93.97514343	3.27450991
93.97933960	3.25490189
93.97933960	3.23529410
93.98342133	3.21568632
93.98755646	3.19607854
93.99167633	3.17647052
93.99167633	3.15686274
93.99563599	3.13725495
93.99978638	3.11764717
94.00390625	3.09803915
94.00390625	3.07843137
94.00799561	3.07843137
94.01200104	3.05882359
94.01608276	3.03921580
94.01608276	3.01960778
94.02023315	3.01960778
94.02433777	3.00000000
94.02433777	3.00000000
94.02847290	2.98039222
94.03246307	2.98039222
94.03663635	2.96078420
94.03663635	2.94117641
94.04072571	2.94117641
94.04489136	2.92156863
94.04887390	2.92156863
94.04887390	2.90196085
94.05304718	2.88235283
94.05718231	2.88235283
94.06130219	2.86274505
94.06528473	2.84313726
94.06948853	2.84313726
94.06948853	2.82352948
94.07347107	2.82352948
94.07762909	2.80392146
94.08171082	2.80392146
94.08171082	2.80392146
94.08570862	2.78431368
94.08984375	2.78431368
94.09398651	2.76470590
94.09398651	2.76470590
94.09811401	2.74509811
94.10208893	2.74509811
94.10626984	2.72549009
94.11035156	2.70588231
94.11455536	2.70588231
94.11455536	2.68627453
94.11853790	2.68627453
94.12265015	2.66666675
94.12674713	2.64705873
94.12674713	2.64705873
94.13088989	2.62745094
94.13495636	2.62745094
94.13898468	2.60784316
94.13898468	2.58823538
94.14308167	2.58823538
94.14722443	2.56862736
94.14722443	2.56862736
94.15134430	2.54901958
94.15547180	2.50980401
94.15946198	2.49019599
94.15946198	2.47058821
94.16363525	2.45098042
94.16780090	2.41176462
94.17192078	2.27450991
94.17192078	2.17647052
94.17590332	2.09803915
94.18004608	2.11764717
94.18415070	2.09803915
94.18824005	2.03921580
94.19237518	1.92156863
94.19237518	1.60784316
94.19649506	1.01960790
94.20047760	0.82352942
94.20458221	0.82352942
94.20458221	0.82352942
94.20862579	0.84313726
94.21270752	0.84313726
94.21687317	1.09803927
94.21687317	1.41176474
94.22097015	1.66666663
94.22512817	1.86274505
94.22911835	2.15686274
94.23328400	2.23529410
94.23742676	2.31372547
94.23742676	2.37254906
94.24154663	2.41176462
94.24552917	2.54901958
94.24965668	2.72549009
94.24965668	2.84313726
94.25379944	2.94117641
94.25791931	3.01960778
94.26203918	3.09803915
94.26203918	3.19607854
94.26606750	3.25490189
94.27019501	3.29411769
94.27019501	3.33333325
94.27429962	3.33333325
94.27841949	3.33333325
94.28256226	3.33333325
94.28256226	3.33333325
94.28657532	3.33333325
94.29058075	3.33333325
94.29473877	3.33333325
94.29473877	3.33333325
94.29871368	3.33333325
94.30284882	3.33333325
94.30696106	3.35294127
94.30696106	3.35294127
94.31113434	3.35294127
94.31523895	3.33333325
94.31523895	3.33333325
94.31923676	3.31372547
94.32347107	3.31372547
94.32746124	3.29411769
94.32746124	3.27450991
94.33160400	3.25490189
94.33557892	3.23529410
94.33974457	3.21568632
94.33974457	3.19607854
94.34384155	3.17647052
94.34799957	3.15686274
94.35208130	3.11764717
94.35613251	3.09803915
94.36023712	3.07843137
94.36023712	3.05882359
94.36441803	3.05882359
94.36854553	3.03921580
94.37254333	3.01960778
94.37254333	3.00000000
94.37664795	2.98039222
94.38072968	2.96078420
94.38484192	2.96078420
94.38484192	2.94117641
94.38884735	2.94117641
94.39299774	2.92156863
94.39708710	2.90196085
94.40121460	2.88235283
94.40534210	2.88235283
94.40534210	2.86274505
94.40946960	2.86274505
94.41345978	2.86274505
94.41767120	2.84313726
94.41767120	2.84313726
94.42180634	2.82352948
94.42578888	2.82352948
94.42989349	2.80392146
94.42989349	2.80392146
94.43402863	2.80392146
94.43811035	2.78431368
94.43811035	2.78431368
94.44211578	2.76470590
94.44621277	2.76470590
94.45046997	2.76470590
94.45046997	2.74509811
94.45445251	2.74509811
94.45861053	2.74509811
94.46258545	2.72549009
94.46258545	2.72549009
94.46672058	2.70588231
94.47083282	2.70588231
94.47499847	2.68627453
94.47898865	2.68627453
94.48316193	2.66666675
94.48316193	2.66666675
94.48723602	2.64705873
94.49142456	2.64705873
94.49554443	2.62745094
94.49554443	2.62745094
94.49953461	2.39215684
94.50367737	1.78431368
94.50773621	1.03921568
94.50773621	0.84313726
94.51186371	0.84313726
94.51583099	0.84313726
94.51996613	0.84313726
94.52407837	0.82352942
94.52824402	0.82352942
94.52824402	0.80392158
94.53220367	0.84313726
94.53646851	0.84313726
94.54046631	0.84313726
94.54046631	0.84313726
94.54463196	0.86274511
94.54875183	1.31372547
94.55279541	1.90196073
94.55279541	2.33333325
94.55690765	2.58823538
94.56105042	2.76470590
94.56105042	2.88235283
94.56517029	3.01960778
94.56911469	3.11764717
94.57324219	3.17647052
94.57324219	3.23529410
94.57733917	3.27450991
94.58147430	3.29411769
94.58557892	3.33333325
94.58557892	3.35294127
94.58961487	3.39215684
94.59370422	3.43137264
94.59786987	3.43137264
94.59786987	3.37254906
94.60195160	3.35294127
94.60601807	3.37254906
94.60601807	3.41176462
94.61011505	3.47058821
94.61429596	3.52941179
94.61841583	3.58823538
94.61841583	3.62745094
94.62255096	3.66666675
94.62648010	3.68627453
94.63061523	3.70588231
94.63061523	3.70588231
94.63471985	3.70588231
94.63883209	3.68627453
94.64282990	3.62745094
94.64695740	3.60784316
94.65109253	3.54901958
94.65109253	3.50980401
94.65521240	3.49019599
94.65921021	3.47058821
94.66345978	3.43137264
94.66345978	3.39215684
94.66751862	3.37254906
94.67167664	3.33333325
94.67580414	3.33333325
94.67580414	3.31372547
94.67978668	3.29411769
94.68390656	3.29411769
94.68806458	3.29411769
94.69211578	3.27450991
94.69609070	3.25490189
94.69609070	3.23529410
94.70021820	3.21568632
94.70433044	3.19607854
94.70846558	3.19607854
94.70846558	3.17647052
94.71245575	3.15686274
94.71658325	3.15686274
94.72071075	3.13725495
94.72071075	3.11764717
94.72483063	3.09803915
94.72898865	3.09803915
94.72898865	3.07843137
94.73301697	3.05882359
94.73715210	3.03921580
94.74128723	3.03921580
94.74128723	3.01960778
94.74535370	3.00000000
94.74954987	3.00000000
94.75352478	2.98039222
94.75352478	2.96078420
94.75763702	2.94117641
94.76170349	2.92156863
94.76583099	2.88235283
94.76983643	2.86274505
94.77395630	2.84313726
94.77395630	2.84313726
94.77809143	2.82352948
94.78205109	2.80392146
94.78621674	2.78431368
94.78621674	2.76470590
94.79030609	2.74509811
94.79445648	2.74509811
94.79865265	2.72549009
94.79865265	2.70588231
94.80265808	2.68627453
94.80677032	2.66666675
94.81089783	2.56862736
94.81504059	2.50980401
94.81911469	2.47058821
94.81911469	2.47058821
94.82308960	2.47058821
94.82719421	2.47058821
94.83132935	2.41176462
94.83132935	2.29411769
94.83545685	2.21568632
94.83946228	2.15686274
94.84357452	1.74509799
94.84357452	1.03921568
94.84774780	0.84313726
94.85179901	0.84313726
94.85179901	0.82352942
94.85587311	0.84313726
94.85998535	0.84313726
94.86417389	0.82352942
94.86417389	0.80392158
94.86830139	0.84313726
94.87229156	0.80392158
94.87647247	0.80392158
94.87647247	0.80392158
94.88049316	0.86274511
94.88457489	0.88235295
94.88868713	0.84313726
94.88868713	0.88235295
94.89267731	0.80392158
94.89683533	0.84313726
94.89683533	1.39215684
94.90093231	1.86274505
94.90513611	2.21568632
94.90918732	2.64705873
94.90918732	3.31372547
94.91317749	4.23529434
94.91739655	4.98039198
94.92152405	4.98039198
94.92152405	4.98039198
94.92566681	4.98039198
94.92963409	4.98039198
94.93376923	4.98039198
94.93785095	4.98039198
94.94199371	4.98039198
94.94199371	4.98039198
94.94596100	4.98039198
94.95009613	4.98039198
94.95420074	4.98039198
94.95420074	4.98039198
94.95836639	4.98039198
94.96245575	4.98039198
94.96646118	4.98039198
94.96646118	4.98039198
94.97058868	4.98039198
94.97470856	4.98039198
94.97886658	4.98039198
94.98288727	4.98039198
94.98701477	4.98039198
94.98701477	4.98039198
94.99116516	4.98039198
94.99533081	4.96078444
94.99935913	4.94117641
94.99935913	4.90196085
95.00348663	4.84313726
95.00744629	4.80392170
95.01160431	4.74509811
95.01160431	4.68627453
95.01557922	4.62745094
95.01973724	4.56862736
95.01973724	4.50980377
95.02382660	4.45098019
95.02797699	4.39215708
95.03207397	4.33333349
95.03207397	4.25490189
95.03614044	4.19607830
95.04029083	4.13725471
95.04441071	4.09803915
95.04441071	4.03921556
95.04854584	4.00000000
95.05253601	3.94117641
95.05664063	3.86274505
95.06079865	3.82352948
95.06488800	3.78431368
95.06488800	3.74509811
95.06907654	3.70588231
95.07307434	3.66666675
95.07720947	3.62745094
95.07720947	3.60784316
95.08131409	3.56862736
95.08540344	3.52941179
95.08953857	3.50980401
95.08953857	3.47058821
95.09353638	3.45098042
95.09769440	3.43137264
95.10169983	3.37254906
95.10570526	3.35294127
95.10981750	3.33333325
95.10981750	3.31372547
95.11397552	3.29411769
95.11805725	3.25490189
95.12224579	3.23529410
95.12224579	3.21568632
95.12626648	3.19607854
95.13047028	3.17647052
95.13447571	3.15686274
95.13447571	3.13725495
95.13857269	3.11764717
95.14271545	3.09803915
95.14271545	3.07843137
95.14672089	3.05882359
95.15083313	3.03921580
95.15497589	3.01960778
95.15497589	3.00000000
95.15895844	2.98039222
95.16308594	2.98039222
95.16724396	2.96078420
95.16724396	2.94117641
95.17140961	2.94117641
95.17555237	2.92156863
95.17962646	2.92156863
95.17962646	2.90196085
95.18366241	2.88235283
95.18782806	2.88235283
95.18782806	2.86274505
95.19186401	2.84313726
95.19583130	2.84313726
95.19996643	2.82352948
95.19996643	2.80392146
95.20407104	2.80392146
95.20821381	2.78431368
95.21233368	2.76470590
95.21233368	2.76470590
95.21646118	2.74509811
95.22046661	2.72549009
95.22457123	2.70588231
95.22874451	2.68627453
95.23291779	2.66666675
95.23291779	2.64705873
95.23691559	2.60784316
95.24102020	2.56862736
95.24516296	2.54901958
95.24516296	2.52941179
95.24910736	2.50980401
95.25324249	2.47058821
95.25745392	2.43137264
95.25745392	2.41176462
95.26147461	2.41176462
95.26557922	2.41176462
95.26958466	2.43137264
95.27369690	2.45098042
95.27787018	2.45098042
95.27787018	2.45098042
95.28194427	2.45098042
95.28601074	2.47058821
95.29013062	2.47058821
95.29013062	2.47058821
95.29428864	2.47058821
95.29841614	2.47058821
95.30254364	2.47058821
95.30254364	2.47058821
95.30652618	2.47058821
95.31064606	2.47058821
95.31064606	2.47058821
95.31476593	2.49019599
95.31885529	2.49019599
95.32298279	2.49019599
95.32298279	2.49019599
95.32694244	2.49019599
95.33109283	2.47058821
95.33520508	2.47058821
95.33520508	2.47058821
95.33926392	2.45098042
95.34345245	2.45098042
95.34745789	2.45098042
95.35157776	2.43137264
95.35574341	2.41176462
95.35574341	2.41176462
95.35980225	2.39215684
95.36391449	2.39215684
95.36801910	2.37254906
95.36801910	2.37254906
95.37215424	2.37254906
95.37615204	2.37254906
95.38022614	2.37254906
95.38022614	2.37254906
95.38434601	2.39215684
95.38844299	2.39215684
95.39257813	2.39215684
95.39657593	2.39215684
95.40070343	2.39215684
95.40070343	2.39215684
95.40481567	2.39215684
95.40897369	2.39215684
95.41296387	2.39215684
95.41296387	2.39215684
95.41711426	2.37254906
95.42129517	2.35294127
95.42539978	2.33333325
95.42539978	2.33333325
95.42951965	2.31372547
95.43352509	2.31372547
95.43352509	2.31372547
95.43766785	2.31372547
95.44174194	2.31372547
95.44583893	2.31372547
95.44583893	2.33333325
95.44983673	2.33333325
95.45394897	2.35294127
95.45810699	2.37254906
95.45810699	2.39215684
95.46221161	2.41176462
95.46620941	2.41176462
95.47045135	2.43137264
95.47045135	2.43137264
95.47444153	2.45098042
95.47862244	2.45098042
95.47862244	2.45098042
95.48262024	2.47058821
95.48675537	2.47058821
95.49088287	2.47058821
95.49088287	2.47058821
95.49503326	2.49019599
95.49909973	2.49019599
95.50310516	2.49019599
95.50310516	2.49019599
95.50719452	2.49019599
95.51133728	2.49019599
95.51544189	2.50980401
95.51944733	2.50980401
95.52356720	2.50980401
95.52356720	2.52941179
95.52772522	2.52941179
95.53182983	2.52941179
95.53598785	2.50980401
95.53598785	2.49019599
95.54003906	2.47058821
95.54410553	2.47058821
95.54830933	2.45098042
95.54830933	2.43137264
95.55241394	2.43137264
95.55654144	2.45098042
95.56052399	2.45098042
95.56466675	2.39215684
95.56872559	2.31372547
95.56872559	2.21568632
95.57273865	2.05882359
95.57682800	1.90196073
95.58094788	1.78431368
95.58094788	1.78431368
95.58506775	1.82352936
95.58920288	1.86274505
95.59332275	1.90196073
95.59332275	1.94117641
95.59732819	1.98039210
95.60147095	2.00000000
95.60147095	2.03921580
95.60556793	2.03921580
95.60960388	2.05882359
95.61376190	2.07843137
95.61376190	2.09803915
95.61789703	2.11764717
95.62204742	2.13725495
95.62616730	2.15686274
95.62616730	2.15686274
95.63009644	2.15686274
95.63422394	2.15686274
95.63835144	2.17647052
95.64246368	2.17647052
95.64644623	2.19607854
95.64644623	2.19607854
95.65058136	2.19607854
95.65469360	2.21568632
95.65885925	2.21568632
95.65885925	2.21568632
95.66284180	2.21568632
95.66698456	2.21568632
95.67115021	2.21568632
95.67115021	2.21568632
95.67528534	2.23529410
95.67935181	2.25490189
95.68353271	2.19607854
95.68753815	2.23529410
95.69160461	2.27450991
95.69160461	2.27450991
95.69572449	2.29411769
95.69970703	2.31372547
95.70381927	2.35294127
95.70381927	2.41176462
95.70794678	2.47058821
95.71208191	2.50980401
95.71620178	2.56862736
95.71620178	2.62745094
95.72019196	2.66666675
95.72444916	2.70588231
95.72444916	2.74509811
95.72850800	2.76470590
95.73259735	2.78431368
95.73664856	2.80392146
95.73664856	2.80392146
95.74077606	2.82352948
95.74491882	2.82352948
95.74900818	2.84313726
95.74900818	2.86274505
95.75298309	2.88235283
95.75706482	2.90196085
95.76122284	2.92156863
95.76122284	2.92156863
95.76531219	2.92156863
95.76948547	2.90196085
95.76948547	2.88235283
95.77344513	2.86274505
95.77759552	2.84313726
95.78170013	2.86274505
95.78170013	2.86274505
95.78585815	2.86274505
95.78988647	2.84313726
95.79405212	2.84313726
95.79405212	2.82352948
95.79814148	2.80392146
95.80228424	2.80392146
95.80628204	2.80392146
95.81051636	2.80392146
95.81452179	2.82352948
95.81452179	2.82352948
95.81871796	2.82352948
95.82269287	2.82352948
95.82679749	2.82352948
95.82679749	2.82352948
95.83094025	2.82352948
95.83502197	2.82352948
95.83914948	2.82352948
95.83914948	2.80392146
95.84315491	2.80392146
95.84726715	2.80392146
95.85131073	2.78431368
95.85546112	2.78431368
95.85958099	2.78431368
95.85958099	2.76470590
95.86361694	2.76470590
95.86770630	2.76470590
95.87181854	2.76470590
95.87181854	2.74509811
95.87598419	2.74509811
95.87998199	2.74509811
95.88410950	2.72549009
95.88410950	2.72549009
95.88818359	2.72549009
95.89233398	2.72549009
95.89233398	2.72549009
95.89646149	2.70588231
95.90045929	2.43137264
95.90456390	1.78431368
95.90456390	1.05882359
95.90872955	0.84313726
95.91283417	0.84313726
95.91689301	0.84313726
95.91689301	0.82352942
95.92100525	0.82352942
95.92509460	0.80392158
95.92921448	0.84313726
95.93320465	0.84313726
95.93745422	0.84313726
95.93745422	0.82352942
95.94147491	0.86274511
95.94563293	0.82352942
95.94969940	0.98039216
95.94969940	1.19607842
95.95368958	1.29411769
95.95781708	0.92156863
95.96195984	1.01960790
95.96195984	1.62745094
95.96607971	2.68627453
95.97007751	3.52941179
95.97423553	4.56862736
95.97837830	4.86274529
95.98249817	4.98039198
95.98249817	4.98039198
95.98649597	4.98039198
95.99063110	4.98039198
95.99475098	4.98039198
95.99475098	4.98039198
95.99887848	4.98039198
96.00285339	4.98039198
96.00693512	4.98039198
96.00693512	4.94117641
96.01108551	4.90196085
96.01519012	4.84313726
96.01519012	4.76470566
96.01934814	4.70588255
96.02344513	4.62745094
96.02746582	4.56862736
96.02746582	4.50980377
96.03157806	4.45098019
96.03573608	4.39215708
96.03990173	4.33333349
96.03990173	4.27450991
96.04381561	4.21568632
96.04803467	4.15686274
96.05216217	4.09803915
96.05216217	4.05882359
96.05628204	4.00000000
96.06019592	3.96078420
96.06019592	3.92156863
96.06440735	3.86274505
96.06854248	3.82352948
96.07261658	3.78431368
96.07261658	3.74509811
96.07656860	3.70588231
96.08071136	3.66666675
96.08480835	3.62745094
96.08480835	3.60784316
96.08895874	3.56862736
96.09303284	3.52941179
96.09707642	3.47058821
96.10121155	3.43137264
96.10532379	3.41176462
96.10532379	3.37254906
96.10952759	3.33333325
96.11350250	3.29411769
96.11765289	3.25490189
96.11765289	3.21568632
96.12178040	3.19607854
96.12590790	3.17647052
96.12997437	3.15686274
96.12997437	3.13725495
96.13397217	3.11764717
96.13806915	3.09803915
96.14220428	3.05882359
96.14619446	3.03921580
96.15044403	3.03921580
96.15044403	3.01960778
96.15444183	3.00000000
96.15857697	2.98039222
96.16271210	2.98039222
96.16271210	2.96078420
96.16673279	2.94117641
96.17089081	2.94117641
96.17501068	2.92156863
96.17501068	2.90196085
96.17910767	2.90196085
96.18328094	2.88235283
96.18328094	2.86274505
96.18728638	2.84313726
96.19133759	2.84313726
96.19551849	2.82352948
96.19551849	2.80392146
96.19955444	2.80392146
96.20358276	2.78431368
96.20769501	2.78431368
96.20769501	2.76470590
96.21183014	2.76470590
96.21595001	2.74509811
96.21997070	2.74509811
96.22406769	2.72549009
96.22824097	2.72549009
96.22824097	2.72549009
96.23239899	2.72549009
96.23653412	2.72549009
96.24051666	2.70588231
96.24051666	2.70588231
96.24462891	2.70588231
96.24877167	2.70588231
96.25283813	2.70588231
96.25283813	2.68627453
96.25685120	2.68627453
96.26094818	2.66666675
96.26503754	2.58823538
96.26921082	2.56862736
96.27329254	2.52941179
96.27329254	2.50980401
96.27751923	2.49019599
96.28141022	2.49019599
96.28551483	2.49019599
96.28551483	2.45098042
96.28963470	2.41176462
96.29371643	2.43137264
96.29787445	2.45098042
96.29787445	2.29411769
96.30203247	1.88235295
96.30616760	1.43137252
96.30616760	0.94117647
96.31009674	0.84313726
96.31427765	0.80392158
96.31838989	0.94117647
96.31838989	1.27450979
96.32246399	1.66666663
96.32653809	1.96078432
96.33057404	2.19607854
96.33057404	2.35294127
96.33469391	2.47058821
96.33881378	2.56862736
96.34297180	2.62745094
96.34297180	2.66666675
96.34693146	2.70588231
96.35108185	2.72549009
96.35108185	2.72549009
96.35518646	2.72549009
96.35937500	2.72549009
96.36347198	2.74509811
96.36347198	2.74509811
96.36749268	2.74509811
96.37165833	2.76470590
96.37578583	2.78431368
96.37578583	2.82352948
96.37971497	2.84313726
96.38383484	2.86274505
96.38793182	2.86274505
96.39207458	2.86274505
96.39617920	2.86274505
96.39617920	2.86274505
96.40022278	2.84313726
96.40444946	2.84313726
96.40844727	2.82352948
96.40844727	2.82352948
96.41258240	2.82352948
96.41657257	2.82352948
96.42074585	2.80392146
96.42074585	2.80392146
96.42488098	2.80392146
96.42900848	2.82352948
96.43315125	2.82352948
96.43713379	2.82352948
96.44121552	2.82352948
96.44121552	2.82352948
96.44536591	2.82352948
96.44944000	2.82352948
96.45345306	2.82352948
96.45345306	2.80392146
96.45756531	2.80392146
96.46170044	2.80392146
96.46580505	2.78431368
96.46580505	2.78431368
96.46984863	2.76470590
96.47393799	2.74509811
96.47393799	2.72549009
96.47811890	2.70588231
96.48223114	2.70588231
96.48639679	2.68627453
96.48639679	2.68627453
96.49053192	2.68627453
96.49450684	2.66666675
96.49863434	2.66666675
96.49863434	2.66666675
96.50272369	2.64705873
96.50670624	2.64705873
96.51082611	2.64705873
96.51493073	2.64705873
96.51905823	2.64705873
96.51905823	2.64705873
96.52307892	2.64705873
96.52722168	2.64705873
96.53147125	2.62745094
96.53147125	2.62745094
96.53543854	2.62745094
96.53957367	2.62745094
96.54358673	2.62745094
96.54358673	2.62745094
96.54776001	2.62745094
96.55188751	2.60784316
96.55603027	2.60784316
96.55995941	2.60784316
96.56414032	2.60784316
96.56414032	2.60784316
96.56826782	2.60784316
96.57244110	2.58823538
96.57656097	2.58823538
96.57656097	2.58823538
96.58053589	2.58823538
96.58467102	2.58823538
96.58876801	2.58823538
96.58876801	2.58823538
96.59290314	2.58823538
96.59701538	2.58823538
96.59701538	2.58823538
96.60092926	2.58823538
96.60509491	2.58823538
96.60919189	2.58823538
96.60919189	2.58823538
96.61321259	2.58823538
96.61746216	2.58823538
96.62142944	2.58823538
96.62142944	2.56862736
96.62561798	2.45098042
96.62974548	2.27450991
96.63372803	2.17647052
96.63372803	2.03921580
96.63780975	1.76470590
96.64192963	1.29411769
96.64192963	0.84313726
96.64606476	0.84313726
96.65007782	0.84313726
96.65419006	0.84313726
96.65419006	0.84313726
96.65831757	0.84313726
96.66245270	0.84313726
96.66661072	0.84313726
96.66661072	0.84313726
96.67054749	0.84313726
96.67475128	0.84313726
96.67887115	1.74509799
96.68299103	2.25490189
96.68708038	2.62745094
96.68708038	2.92156863
96.69109344	3.11764717
96.69522858	3.25490189
96.69930267	3.31372547
96.69930267	3.37254906
96.70343781	3.37254906
96.70743561	3.39215684
96.71157074	3.37254906
96.71157074	3.37254906
96.71569061	3.37254906
96.71981812	3.37254906
96.72380066	3.35294127
96.72798157	3.33333325
96.73211670	3.31372547
96.73211670	3.29411769
96.73621368	3.27450991
96.74024200	3.25490189
96.74449921	3.23529410
96.74449921	3.21568632
96.74849701	3.19607854
96.75263214	3.17647052
96.75675964	3.15686274
96.75675964	3.13725495
96.76068115	3.13725495
96.76483917	3.11764717
96.76483917	3.09803915
96.76894379	3.09803915
96.77307129	3.07843137
96.77706146	3.07843137
96.77706146	3.05882359
96.78120422	3.03921580
96.78530884	3.03921580
96.78948975	3.01960778
96.78948975	3.01960778
96.79349518	3.00000000
96.79758453	2.98039222
96.80174255	2.94117641
96.80587006	2.94117641
96.80991364	2.92156863
96.80991364	2.90196085
96.81396484	2.88235283
96.81813049	2.88235283
96.82221222	2.86274505
96.82221222	2.84313726
96.82639313	2.84313726
96.83042908	2.82352948
96.83444214	2.82352948
96.83444214	2.80392146
96.83855438	2.80392146
96.84269714	2.78431368
96.84669495	2.76470590
96.85085297	2.76470590
96.85493469	2.76470590
96.85493469	2.74509811
96.85913086	2.74509811
96.86329651	2.74509811
96.86725616	2.72549009
96.86725616	2.72549009
96.87139893	2.72549009
96.87551880	2.72549009
96.87966156	2.72549009
96.87966156	2.72549009
96.88359833	2.72549009
96.88768768	2.72549009
96.88768768	2.72549009
96.89182281	2.72549009
96.89592743	2.70588231
96.90006256	2.70588231
96.90006256	2.70588231
96.90406036	2.70588231
96.90818787	2.68627453
96.91232300	2.68627453
96.91232300	2.68627453
96.91642761	2.68627453
96.92050171	2.68627453
96.92462158	2.66666675
96.92462158	2.66666675
96.92876434	2.66666675
96.93289948	2.66666675
96.93289948	2.64705873
96.93688965	2.64705873
96.94095612	2.64705873
96.94511414	2.64705873
96.94511414	2.62745094
96.94918060	2.62745094
96.95333099	2.62745094
96.95743561	2.62745094
96.95743561	2.60784316
96.96144867	2.60784316
96.96555328	2.60784316
96.96969604	2.58823538
96.97368622	2.58823538
96.97785950	2.58823538
96.97785950	2.58823538
96.98196411	2.58823538
96.98614502	2.45098042
96.99025726	2.29411769
96.99025726	2.17647052
96.99424744	1.98039210
96.99837494	1.58823526
97.00246429	1.01960790
97.00246429	0.84313726
97.00659180	0.84313726
97.01055908	0.82352942
97.01470184	0.80392158
97.01880646	0.82352942
97.02295685	0.84313726
97.02295685	0.84313726
97.02692413	1.47058821
97.03110504	2.19607854
97.03517914	2.74509811
97.03517914	3.13725495
97.03935242	3.41176462
97.04345703	3.60784316
97.04750061	3.74509811
97.04750061	3.82352948
97.05165863	3.86274505
97.05577850	3.88235283
97.05577850	3.88235283
97.05983734	3.88235283
97.06381989	3.84313726
97.06793213	3.82352948
97.06793213	3.80392146
97.07204437	3.76470590
97.07617188	3.72549009
97.08034515	3.68627453
97.08034515	3.66666675
97.08441162	3.64705873
97.08837891	3.62745094
97.09259033	3.56862736
97.09666443	3.52941179
97.10070038	3.50980401
97.10070038	3.47058821
97.10487366	3.43137264
97.10902405	3.41176462
97.11315155	3.37254906
97.11315155	3.35294127
97.11714172	3.33333325
97.12121582	3.33333325
97.12540436	3.31372547
97.12540436	3.29411769
97.12952423	3.29411769
97.13356781	3.27450991
97.13756561	3.25490189
97.14168549	3.25490189
97.14580536	3.23529410
97.14580536	3.21568632
97.14992523	3.19607854
97.15393066	3.19607854
97.15806580	3.17647052
97.15806580	3.15686274
97.16221619	3.15686274
97.16630554	3.13725495
97.17049408	3.13725495
97.17049408	3.11764717
97.17451477	3.11764717
97.17864227	3.09803915
97.17864227	3.07843137
97.18275452	3.07843137
97.18677521	3.05882359
97.19082642	3.05882359
97.19082642	3.03921580
97.19498444	3.01960778
97.19905853	3.00000000
97.20320129	3.00000000
97.20320129	2.98039222
97.20717621	2.98039222
97.21144104	2.96078420
97.21543121	2.94117641
97.21543121	2.94117641
97.21956635	2.92156863
97.22367859	2.92156863
97.22367859	2.90196085
97.22770691	2.88235283
97.23184967	2.88235283
97.23601532	2.86274505
97.23601532	2.86274505
97.24014282	2.84313726
97.24407196	2.82352948
97.24824524	2.82352948
97.24824524	2.80392146
97.25233459	2.80392146
97.25646210	2.78431368
97.26042938	2.78431368
97.26457214	2.76470590
97.26867676	2.76470590
97.26867676	2.74509811
97.27284241	2.74509811
97.27679443	2.74509811
97.28097534	2.72549009
97.28097534	2.72549009
97.28505707	2.70588231
97.28923035	2.70588231
97.29332733	2.70588231
97.29332733	2.70588231
97.29752350	2.68627453
97.30149841	2.60784316
97.30562592	1.72549021
97.30984497	1.25490201
97.31383514	0.94117647
97.31383514	0.86274511
97.31784058	0.84313726
97.32194519	0.84313726
97.32604980	0.84313726
97.32604980	0.84313726
97.33018494	0.84313726
97.33419800	0.84313726
97.33848572	0.84313726
97.33848572	0.84313726
97.34246063	0.82352942
97.34657288	0.84313726
97.34657288	0.84313726
97.35059357	0.86274511
97.35475922	1.21568632
97.35888672	1.90196073
97.35888672	2.56862736
97.36297607	3.03921580
97.36701202	3.39215684
97.37112427	3.64705873
97.37112427	3.82352948
97.37526703	3.96078420
97.37938690	4.03921556
97.38355255	4.09803915
97.38755035	4.11764717
97.39164734	4.09803915
97.39164734	4.07843161
97.39578247	4.05882359
97.39987946	4.01960802
97.40402222	3.98039222
97.40402222	3.94117641
97.40800476	3.92156863
97.41204834	3.88235283
97.41618347	3.84313726
97.41618347	3.80392146
97.42018127	3.76470590
97.42443085	3.72549009
97.42844391	3.66666675
97.43254852	3.62745094
97.43672943	3.58823538
97.43672943	3.54901958
97.44071198	3.52941179
97.44485474	3.49019599
97.44892120	3.45098042
97.44892120	3.43137264
97.45307159	3.39215684
97.45704651	3.37254906
97.46121216	3.35294127
97.46121216	3.31372547
97.46530151	3.29411769
97.46942902	3.27450991
97.46942902	3.25490189
97.47354889	3.23529410
97.47757721	3.21568632
97.48173523	3.19607854
97.48173523	3.17647052
97.48586273	3.15686274
97.48998260	3.13725495
97.49407959	3.11764717
97.49407959	3.09803915
97.49811554	3.07843137
97.50217438	3.05882359
97.50634003	3.03921580
97.50634003	3.01960778
97.51050568	3.00000000
97.51445007	2.98039222
97.51445007	2.98039222
97.51855469	2.96078420
97.52269745	2.94117641
97.52680206	2.92156863
97.52680206	2.92156863
97.53082275	2.90196085
97.53492737	2.90196085
97.53910828	2.88235283
97.53910828	2.88235283
97.54317474	2.86274505
97.54723358	2.86274505
97.55151367	2.84313726
97.55551147	2.82352948
97.55963898	2.82352948
97.55963898	2.80392146
97.56359100	2.80392146
97.56768799	2.78431368
97.57180786	2.78431368
97.57180786	2.78431368
97.57592010	2.76470590
97.58005524	2.76470590
97.58418274	2.74509811
97.58418274	2.74509811
97.58824158	2.72549009
97.59245300	2.72549009
97.59642792	2.70588231
97.60047913	2.70588231
97.60461426	2.70588231
97.60461426	2.68627453
97.60877228	2.68627453
97.61289215	2.68627453
97.61701965	2.66666675
97.61701965	2.66666675
97.62092590	2.66666675
97.62512970	2.64705873
97.62924194	2.64705873
97.62924194	2.64705873
97.63333130	2.64705873
97.63745117	2.62745094
97.63745117	2.62745094
97.64142609	2.62745094
97.64556885	2.60784316
97.64967346	2.60784316
97.64967346	2.60784316
97.65370941	2.60784316
97.65779114	2.60784316
97.66194916	2.60784316
97.66194916	2.35294127
97.66604614	1.78431368
97.67021942	1.03921568
97.67426300	0.84313726
97.67851257	0.82352942
97.68249512	0.82352942
97.68249512	0.80392158
97.68664551	0.82352942
97.69064331	0.80392158
97.69469452	0.84313726
97.69469452	0.82352942
97.69880676	0.82352942
97.70293427	0.84313726
97.70703888	0.82352942
97.70703888	0.84313726
97.71109009	0.96078432
97.71518707	1.60784316
97.71930695	3.50980401
97.72344971	4.15686274
97.72755432	4.60784292
97.72755432	4.92156839
97.73162842	4.98039198
97.73576355	4.98039198
97.73989105	4.98039198
97.73989105	4.98039198
97.74404144	4.98039198
97.74800873	4.98039198
97.75208282	4.98039198
97.75208282	4.98039198
97.75620270	4.98039198
97.76029205	4.98039198
97.76029205	4.98039198
97.76444244	4.98039198
97.76841736	4.96078444
97.77255249	4.94117641
97.77255249	4.90196085
97.77667999	4.86274529
97.78067780	4.80392170
97.78484344	4.76470566
97.78484344	4.70588255
97.78891754	4.64705896
97.79313660	4.58823538
97.79726410	4.54901981
97.79726410	4.49019623
97.80126953	4.43137264
97.80551147	4.37254906
97.80551147	4.31372547
97.80953217	4.27450991
97.81358337	4.21568632
97.81772614	4.17647076
97.81772614	4.11764717
97.82167053	4.07843161
97.82580566	4.01960802
97.82992554	3.98039222
97.82992554	3.92156863
97.83396149	3.88235283
97.83803558	3.84313726
97.84218597	3.76470590
97.84632111	3.74509811
97.85046387	3.70588231
97.85046387	3.66666675
97.85445404	3.62745094
97.85862732	3.60784316
97.86276245	3.56862736
97.86276245	3.54901958
97.86689758	3.50980401
97.87087250	3.47058821
97.87499237	3.45098042
97.87499237	3.41176462
97.87911224	3.39215684
97.88320160	3.35294127
97.88719940	3.31372547
97.89140320	3.29411769
97.89543915	3.27450991
97.89543915	3.23529410
97.89954376	3.21568632
97.90370941	3.19607854
97.90766907	3.17647052
97.90766907	3.15686274
97.91182709	3.13725495
97.91592407	3.11764717
97.92008972	3.09803915
97.92008972	3.09803915
97.92411804	3.07843137
97.92823792	3.05882359
97.92823792	3.03921580
97.93238831	3.01960778
97.93651581	3.00000000
97.94064331	3.00000000
97.94064331	2.98039222
97.94460297	2.96078420
97.94872284	2.94117641
97.95278931	2.94117641
97.95278931	2.92156863
97.95693207	2.90196085
97.96092987	2.88235283
97.96505737	2.84313726
97.96916962	2.82352948
97.97331238	2.82352948
97.97331238	2.80392146
97.97743225	2.78431368
97.98147583	2.76470590
97.98563385	2.74509811
97.98563385	2.74509811
97.98976135	2.72549009
97.99371338	2.70588231
97.99787903	2.70588231
97.99787903	2.68627453
98.00194550	2.66666675
98.00608063	2.66666675
98.01015472	2.49019599
98.01419067	2.11764717
98.01840973	1.39215684
98.01840973	0.82352942
98.02243805	0.82352942
98.02654266	0.82352942
98.03068542	0.80392158
98.03068542	0.80392158
98.03468323	0.80392158
98.03879547	0.82352942
98.04299164	0.84313726
98.04299164	0.84313726
98.04713440	0.84313726
98.05113983	0.88235295
98.05113983	0.88235295
98.05525208	0.88235295
98.05938721	0.86274511
98.06346130	0.86274511
98.06346130	0.88235295
98.06745148	0.82352942
98.07157135	1.13725495
98.07568359	1.68627453
98.07568359	2.11764717
98.07980347	2.50980401
98.08394623	3.00000000
98.08792114	3.78431368
98.08792114	4.78431368
98.09208679	4.98039198
98.09618378	4.98039198
98.09618378	4.98039198
98.10034180	4.98039198
98.10450745	4.98039198
98.10848999	4.98039198
98.10848999	4.98039198
98.11268616	4.98039198
98.11675262	4.98039198
98.12089539	4.98039198
98.12089539	4.98039198
98.12485504	4.98039198
98.12895966	4.98039198
98.13317108	4.98039198
98.13726044	4.98039198
98.14129639	4.98039198
98.14129639	4.98039198
98.14552307	4.98039198
98.14949799	4.98039198
98.15363312	4.98039198
98.15363312	4.98039198
98.15762329	4.98039198
98.16171265	4.98039198
98.16581726	4.98039198
98.16581726	4.98039198
98.16995239	4.98039198
98.17407227	4.98039198
98.17807007	4.92156839
98.18223572	4.88235283
98.18632507	4.82352924
98.18632507	4.78431368
98.19044495	4.72549009
98.19451141	4.66666651
98.19857788	4.62745094
98.19857788	4.56862736
98.20276642	4.50980377
98.20688629	4.45098019
98.21101379	4.41176462
98.21101379	4.35294104
98.21498108	4.29411745
98.21913147	4.25490189
98.21913147	4.19607830
98.22332001	4.13725471
98.22743988	4.09803915
98.23155975	4.03921556
98.23155975	4.00000000
98.23557281	3.96078420
98.23969269	3.90196085
98.24381256	3.86274505
98.24381256	3.82352948
98.24778748	3.78431368
98.25196075	3.74509811
98.25604248	3.66666675
98.26016998	3.62745094
98.26428986	3.60784316
98.26428986	3.56862736
98.26824951	3.52941179
98.27236938	3.49019599
98.27657318	3.45098042
98.27657318	3.41176462
98.28061676	3.37254906
98.28457642	3.33333325
98.28869629	3.29411769
98.28869629	3.25490189
98.29283905	3.21568632
98.29694366	3.19607854
98.30094910	3.09803915
98.30507660	3.05882359
98.30919647	3.01960778
98.30919647	3.00000000
98.31332397	2.94117641
98.31750488	2.92156863
98.32150269	2.88235283
98.32150269	2.86274505
98.32563782	2.86274505
98.32975769	2.86274505
98.33388519	2.84313726
98.33388519	2.84313726
98.33786774	2.82352948
98.34202576	2.82352948
98.34202576	2.82352948
98.34619141	2.80392146
98.35031128	2.80392146
98.35437775	2.80392146
98.35437775	2.78431368
98.35849762	2.78431368
98.36256409	2.78431368
98.36667633	2.76470590
98.36667633	2.76470590
98.37081146	2.76470590
98.37478638	2.74509811
98.37890625	2.74509811
98.37890625	2.74509811
98.38304138	2.50980401
98.38716888	2.03921580
98.38716888	1.37254906
98.39118195	0.84313726
98.39525604	0.82352942
98.39949036	0.80392158
98.39949036	0.82352942
98.40342712	0.82352942
98.40753937	0.78431374
98.41155243	0.80392158
98.41155243	0.86274511
98.41567993	0.88235295
98.41979218	0.84313726
98.42396545	0.84313726
98.42794800	0.86274511
98.43210602	0.86274511
98.43210602	0.82352942
98.43625641	0.86274511
98.44039154	0.84313726
98.44445801	0.88235295
98.44445801	0.84313726
98.44843292	0.88235295
98.45253754	1.21568632
98.45668030	1.90196073
98.45668030	2.98039222
98.46080780	4.23529434
98.46479034	4.98039198
98.46893311	4.98039198
98.47307587	4.98039198
98.47713470	4.98039198
98.47713470	4.98039198
98.48122406	4.98039198
98.48550415	4.98039198
98.48949432	4.98039198
98.48949432	4.98039198
98.49354553	4.98039198
98.49759674	4.98039198
98.50170898	4.98039198
98.50170898	4.98039198
98.50584412	4.98039198
98.50992584	4.98039198
98.50992584	4.98039198
98.51407623	4.98039198
98.51804352	4.98039198
98.52216339	4.98039198
98.52216339	4.98039198
98.52629852	4.98039198
98.53043365	4.98039198
98.53456116	4.98039198
98.53456116	4.98039198
98.53853607	4.98039198
98.54276276	4.98039198
98.54688263	4.92156839
98.55100250	4.88235283
98.55498505	4.82352924
98.55498505	4.76470566
98.55910492	4.70588255
98.56319427	4.64705896
98.56731415	4.58823538
98.56731415	4.52941179
98.57141113	4.47058821
98.57542419	4.39215708
98.57954407	4.33333349
98.57954407	4.25490189
98.58370209	4.19607830
98.58779907	4.11764717
98.59180450	4.00000000
98.59593964	3.96078420
98.60008240	3.90196085
98.60008240	3.86274505
98.60425568	3.84313726
98.60822296	3.80392146
98.61244965	3.76470590
98.61244965	3.72549009
98.61651611	3.70588231
98.62063599	3.66666675
98.62475586	3.64705873
98.62475586	3.60784316
98.62879944	3.58823538
98.63291931	3.54901958
98.63291931	3.52941179
98.63703918	3.49019599
98.64104462	3.47058821
98.64514923	3.45098042
98.64514923	3.41176462
98.64924622	3.39215684
98.65337372	3.37254906
98.65750885	3.35294127
98.65750885	3.33333325
98.66149902	3.29411769
98.66554260	3.27450991
98.66970062	3.25490189
98.66970062	3.23529410
98.67379761	3.21568632
98.67794037	3.17647052
98.67794037	3.15686274
98.68192291	3.13725495
98.68605042	3.11764717
98.69026184	3.09803915
98.69026184	3.07843137
98.69420624	3.05882359
98.69842529	3.01960778
98.70240784	2.98039222
98.70240784	2.96078420
98.70655823	2.94117641
98.71067810	2.92156863
98.71466827	2.88235283
98.71878815	2.84313726
98.72295380	2.70588231
98.72295380	2.45098042
98.72703552	2.15686274
98.73107910	1.90196073
98.73522949	1.66666663
98.73522949	1.27450979
98.73937988	0.84313726
98.74341583	0.84313726
98.74760437	0.80392158
98.74760437	0.82352942
98.75160217	0.84313726
98.75566864	0.82352942
98.75981140	0.84313726
98.76396942	0.82352942
98.76807404	0.84313726
98.76807404	0.84313726
98.77204132	0.84313726
98.77618408	1.11764705
98.78028107	1.68627453
98.78028107	2.50980401
98.78441620	3.13725495
98.78841400	3.60784316
98.79259491	3.94117641
98.79259491	4.17647076
98.79676056	4.33333349
98.80088806	4.45098019
98.80088806	4.50980377
98.80485535	4.52941179
98.80899048	4.54901981
98.81306458	4.52941179
98.81306458	4.50980377
98.81720734	4.47058821
98.82115936	4.43137264
98.82543182	4.39215708
98.82543182	4.35294104
98.82940674	4.29411745
98.83358765	4.25490189
98.83766174	4.13725471
98.84167480	4.07843161
98.84580994	4.03921556
98.84580994	3.98039222
98.84992218	3.92156863
98.85410309	3.88235283
98.85825348	3.84313726
98.85825348	3.80392146
98.86224365	3.78431368
98.86635590	3.74509811
98.87048340	3.72549009
98.87048340	3.70588231
98.87443542	3.66666675
98.87858582	3.64705873
98.88265991	3.58823538
98.88680267	3.54901958
98.89090729	3.52941179
98.89090729	3.49019599
98.89492035	3.47058821
98.89903259	3.43137264
98.90320587	3.41176462
98.90320587	3.37254906
98.90729523	3.35294127
98.91146088	3.33333325
98.91546631	3.31372547
98.91546631	3.29411769
98.91963196	3.27450991
98.92375946	3.25490189
98.92375946	3.23529410
98.92787933	3.21568632
98.93184662	3.19607854
98.93599701	3.19607854
98.93599701	3.17647052
98.94013214	3.15686274
98.94416046	3.13725495
98.94830322	3.11764717
98.94830322	3.09803915
98.95241547	3.07843137
98.95643616	3.07843137
98.96054077	3.05882359
98.96054077	3.03921580
98.96456909	3.01960778
98.96866608	3.00000000
98.96866608	3.00000000
98.97279358	2.98039222
98.97689819	2.96078420
98.98107147	2.96078420
98.98107147	2.94117641
98.98509979	2.94117641
98.98925018	2.92156863
98.99331665	2.92156863
98.99331665	2.90196085
98.99750519	2.90196085
99.00151062	2.88235283
99.00556183	2.86274505
99.00968933	2.86274505
99.01378632	2.84313726
99.01378632	2.84313726
99.01779938	2.82352948
99.02191162	2.82352948
99.02603912	2.80392146
99.02603912	2.80392146
99.03015900	2.78431368
99.03430176	2.78431368
99.03841400	2.76470590
99.03841400	2.76470590
99.04244995	2.76470590
99.04663086	2.74509811
99.05073547	2.72549009
99.05474854	2.72549009
99.05886841	2.70588231
99.05886841	2.70588231
99.06301880	2.68627453
99.06707764	2.68627453
99.07116699	2.68627453
99.07116699	2.68627453
99.07517242	2.66666675
99.07928467	2.66666675
99.08344269	2.66666675
99.08344269	2.64705873
99.08753967	2.64705873
99.09166718	2.64705873
99.09166718	2.64705873
99.09567261	2.62745094
99.09977722	2.62745094
99.10395813	2.62745094
99.10395813	2.60784316
99.10799408	2.60784316
99.11209869	2.60784316
99.11622620	2.58823538
99.11622620	2.58823538
99.12037659	2.58823538
99.12441254	2.56862736
99.12844849	2.56862736
99.13253021	2.54901958
99.13667297	2.54901958
99.13667297	2.54901958
99.14077759	2.54901958
99.14479065	2.54901958
99.14890289	2.52941179
99.14890289	2.52941179
99.15306091	2.52941179
99.15716553	2.52941179
99.16133881	2.52941179
99.16133881	2.52941179
99.16543579	2.52941179
99.16949463	2.52941179
99.17362213	2.52941179
99.17773438	2.52941179
99.18187714	2.52941179
99.18187714	2.52941179
99.18586731	2.52941179
99.18997955	2.52941179
99.19403839	2.50980401
99.19403839	2.50980401
99.19804382	2.50980401
99.20216370	2.50980401
99.20650482	2.50980401
99.20650482	2.50980401
99.21050262	2.50980401
99.21461487	2.50980401
99.21461487	2.50980401
99.21861267	2.50980401
99.22274017	2.50980401
99.22708130	2.50980401
99.22708130	2.49019599
99.23102570	2.49019599
99.23490906	2.49019599
99.23905182	2.49019599
99.23905182	2.49019599
99.24317932	2.49019599
99.24729156	2.49019599
99.25143433	2.49019599
99.25143433	2.49019599
99.25542450	2.49019599
99.25954437	2.49019599
99.25954437	2.49019599
99.26367188	2.47058821
99.26780701	2.47058821
99.27178955	2.47058821
99.27178955	2.45098042
99.27591705	2.45098042
99.28005981	2.45098042
99.28417206	2.45098042
99.28417206	2.45098042
99.28817749	2.45098042
99.29240417	2.45098042
99.29646301	2.45098042
99.30062866	2.45098042
99.30474854	2.47058821
99.30474854	2.47058821
99.30871582	2.47058821
99.31283569	2.47058821
99.31696320	2.47058821
99.31696320	2.49019599
99.32104492	2.49019599
99.32503510	2.49019599
99.32917023	2.49019599
99.32917023	2.49019599
99.33329010	2.49019599
99.33744812	2.47058821
99.34140015	2.47058821
99.34558868	2.47058821
99.34965515	2.47058821
99.34965515	2.47058821
99.35377502	2.47058821
99.35790253	2.47058821
99.36191559	2.47058821
99.36191559	2.47058821
99.36602020	2.47058821
99.37015533	2.47058821
99.37430573	2.47058821
99.37430573	2.47058821
99.37846375	2.47058821
99.38240051	2.47058821
99.38240051	2.47058821
99.38655090	2.47058821
99.39065552	2.47058821
99.39480591	2.47058821
99.39480591	2.47058821
99.39878082	2.47058821
99.40291595	2.47058821
99.40702820	2.47058821
99.40702820	2.47058821
99.41120148	2.47058821
99.41519928	2.47058821
99.41947937	2.47058821
99.42340851	2.47058821
99.42758179	2.45098042
99.42758179	2.45098042
99.43158722	2.45098042
99.43570709	2.45098042
99.43983459	2.45098042
99.43983459	2.45098042
99.44401550	2.45098042
99.44815063	2.43137264
99.45216370	2.43137264
99.45216370	2.43137264
99.45626068	2.43137264
99.46035767	2.43137264
99.46448517	2.43137264
99.46850586	2.43137264
99.47261047	2.45098042
99.47261047	2.45098042
99.47668457	2.45098042
99.48081970	2.45098042
99.48496246	2.45098042
99.48496246	2.45098042
99.48892212	2.45098042
99.49307251	2.45098042
99.49720764	2.47058821
99.49720764	2.47058821
99.50130463	2.47058821
99.50544739	2.47058821
99.50544739	2.47058821
99.50949097	2.47058821
99.51359558	2.47058821
99.51774597	2.47058821
99.51774597	2.47058821
99.52174377	2.47058821
99.52586365	2.47058821
99.52999878	2.47058821
99.52999878	2.47058821
99.53417969	2.47058821
99.53830719	2.47058821
99.54228973	2.47058821
99.54228973	2.49019599
99.54641724	2.49019599
99.55053711	2.49019599
99.55053711	2.49019599
99.55467224	2.49019599
99.55865479	2.49019599
99.56277466	2.49019599
99.56277466	2.49019599
99.56690216	2.49019599
99.57102966	2.49019599
99.57514954	2.49019599
99.57514954	2.49019599
99.57911682	2.49019599
99.58324432	2.49019599
99.58738708	2.49019599
99.59147644	2.49019599
99.59542847	2.47058821
99.59542847	2.47058821
99.59958649	2.49019599
99.60367584	2.49019599
99.60780334	2.49019599
99.60780334	2.49019599
99.61183167	2.47058821
99.61596680	2.47058821
99.62006378	2.47058821
99.62006378	2.47058821
99.62416840	2.47058821
99.62837982	2.47058821
99.63249207	2.47058821
99.63647461	2.47058821
99.64060211	2.47058821
99.64060211	2.47058821
99.64474487	2.47058821
99.64872742	2.47058821
99.65284729	2.47058821
99.65284729	2.47058821
99.65705872	2.47058821
99.66117859	2.47058821
99.66529846	2.47058821
99.66529846	2.47058821
99.66928864	2.47058821
99.67352295	2.47058821
99.67352295	2.47058821
99.67755127	2.47058821
99.68167114	2.47058821
99.68566895	2.47058821
99.68566895	2.47058821
99.68978119	2.47058821
99.69390106	2.47058821
99.69802094	2.45098042
99.69802094	2.45098042
99.70203400	2.45098042
99.70615387	2.45098042
99.71024323	2.45098042
99.71427917	2.45098042
99.71842194	2.45098042
99.71842194	2.45098042
99.72241211	2.45098042
99.72763824	2.45098042
99.73065948	2.45098042
99.73065948	2.45098042
99.73478699	2.45098042
99.73880768	2.45098042
99.74291992	2.47058821
99.74291992	2.47058821
99.74706268	2.47058821
99.75125122	2.47058821
99.75514984	2.47058821
99.75941467	2.47058821
99.76342010	2.47058821
99.76342010	2.47058821
99.76753998	2.47058821
99.77153015	2.47058821
99.77577972	2.47058821
99.77577972	2.47058821
99.77977753	2.47058821
99.78391266	2.47058821
99.78803253	2.45098042
99.78803253	2.45098042
99.79206848	2.45098042
99.79618073	2.45098042
99.80037689	2.47058821
99.80449677	2.47058821
99.80861664	2.47058821
99.80861664	2.47058821
99.81259918	2.47058821
99.81665802	2.47058821
99.82079315	2.47058821
99.82079315	2.47058821
99.82477570	2.47058821
99.82890320	2.47058821
99.83303070	2.47058821
99.83303070	2.47058821
99.83715820	2.47058821
99.84128571	2.47058821
99.84128571	2.49019599
99.84541321	2.49019599
99.84939575	2.49019599
99.85359955	2.49019599
99.85359955	2.49019599
99.85774231	2.49019599
99.86173248	2.47058821
99.86585236	2.47058821
99.86585236	2.47058821
99.86997223	2.47058821
99.87403107	2.47058821
99.87819672	2.47058821
99.88215637	2.47058821
99.88642120	2.47058821
99.88642120	2.47058821
99.89039612	2.47058821
99.89456940	2.47058821
99.89865112	2.47058821
99.89865112	2.47058821
99.90266418	2.47058821
99.90678406	2.47058821
99.91090393	2.47058821
99.91090393	2.47058821
99.91493988	2.47058821
99.91909027	2.47058821
99.92322540	2.47058821
99.92734528	2.47058821
99.93149567	2.47058821
99.93149567	2.47058821
99.93547821	2.47058821
99.93961334	2.47058821
99.94366455	2.47058821
99.94366455	2.47058821
99.94781494	2.47058821
99.95178223	2.47058821
99.95591736	2.47058821
99.95591736	2.47058821
99.96002197	2.45098042
99.96417999	2.45098042
99.96417999	2.45098042
99.96828461	2.45098042
99.97240448	2.45098042
99.97650146	2.45098042
99.97650146	2.45098042
99.98052216	2.45098042
99.98469543	2.45098042
99.98886871	2.43137264
99.98886871	2.43137264
99.99283600	2.41176462
99.99699402	2.41176462
100.00110626	2.41176462
100.00110626	2.41176462
100.00505066	2.41176462
100.00917816	2.41176462
100.00917816	2.41176462
100.01328278	2.41176462
100.01741791	2.41176462
100.02153015	2.41176462
100.02153015	2.41176462
100.02553558	2.41176462
100.02965546	2.41176462
100.03378296	2.41176462
100.03378296	2.41176462
100.03790283	2.41176462
100.04193878	2.41176462
100.04614258	2.41176462
100.05023956	2.43137264
100.05435181	2.43137264
100.05435181	2.43137264
100.05850220	2.43137264
100.06243134	2.43137264
100.06655884	2.43137264
100.06655884	2.43137264
100.07067871	2.43137264
100.07478333	2.43137264
100.07877350	2.43137264
100.07877350	2.43137264
100.08290100	2.43137264
100.08702850	2.43137264
100.08702850	2.43137264
100.09115601	2.43137264
100.09516907	2.43137264
100.09940338	2.43137264
100.09940338	2.41176462
100.10345459	2.41176462
100.10760498	2.41176462
100.11174774	2.41176462
100.11174774	2.41176462
100.11571503	2.41176462
100.11985016	2.41176462
100.12393951	2.41176462
100.12393951	2.41176462
100.12807465	2.41176462
100.13214874	2.41176462
100.13214874	2.41176462
100.13617706	2.41176462
100.14026642	2.41176462
100.14443970	2.43137264
100.14443970	2.43137264
100.14852905	2.43137264
100.15254211	2.43137264
100.15665436	2.43137264
100.15665436	2.43137264
100.16078186	2.43137264
100.16497803	2.43137264
100.16898346	2.43137264
100.17311096	2.43137264
100.17718506	2.43137264
100.17718506	2.43137264
100.18135834	2.43137264
100.18544006	2.43137264
100.18943787	2.43137264
100.18943787	2.43137264
100.19356537	2.43137264
100.19769287	2.43137264
100.20183563	2.43137264
100.20183563	2.43137264
100.20581818	2.43137264
100.20990753	2.43137264
100.21402740	2.43137264
100.21816254	2.43137264
100.22238922	2.43137264
100.22238922	2.43137264
100.22646332	2.43137264
100.23042297	2.43137264
100.23456573	2.43137264
100.23456573	2.43137264
100.23860931	2.43137264
100.24269867	2.43137264
100.24686432	2.43137264
100.24686432	2.43137264
100.25099182	2.43137264
100.25505829	2.43137264
100.25505829	2.43137264
100.25905609	2.43137264
100.26316071	2.43137264
100.26729584	2.43137264
100.26729584	2.43137264
100.27140045	2.43137264
100.27540588	2.43137264
100.27952576	2.43137264
100.27952576	2.43137264
100.28366089	2.43137264
100.28777313	2.43137264
100.29193878	2.43137264
100.29193878	2.43137264
100.29593658	2.43137264
100.30010223	2.45098042
100.30010223	2.45098042
100.30423737	2.45098042
100.30837250	2.45098042
100.31244659	2.45098042
100.31244659	2.45098042
100.31642914	2.45098042
100.32054138	2.45098042
100.32465363	2.45098042
100.32465363	2.45098042
100.32865143	2.45098042
100.33277130	2.45098042
100.33689880	2.45098042
100.34107971	2.45098042
100.34516907	2.45098042
100.34516907	2.45098042
100.34914398	2.45098042
100.35331726	2.45098042
100.35749054	2.45098042
100.35749054	2.45098042
100.36161041	2.45098042
100.36561584	2.45098042
100.36970520	2.45098042
100.36970520	2.45098042
100.37385559	2.45098042
100.37796783	2.45098042
100.37796783	2.45098042
100.38191223	2.45098042
100.38606262	2.45098042
100.39016724	2.45098042
100.39016724	2.45098042
100.39433289	2.45098042
100.39840698	2.45098042
100.40238953	2.45098042
100.40238953	2.45098042
100.40655518	2.45098042
100.41064453	2.45098042
100.41482544	2.45098042
100.41482544	2.45098042
100.41884613	2.45098042
100.42296600	2.45098042
100.42296600	2.45098042
100.42703247	2.45098042
100.43120575	2.45098042
100.43536377	2.45098042
100.43536377	2.45098042
100.43949127	2.43137264
100.44339752	2.45098042
100.44754028	2.43137264
100.44754028	2.43137264
100.45164490	2.43137264
100.45567322	2.43137264
100.45981598	2.43137264
100.46393585	2.43137264
100.46802521	2.43137264
100.46802521	2.43137264
100.47203827	2.43137264
100.47617340	2.45098042
100.48040771	2.43137264
100.48040771	2.43137264
100.48446655	2.43137264
100.48860931	2.43137264
100.49259949	2.43137264
100.49259949	2.43137264
100.49669647	2.43137264
100.50083923	2.43137264
100.50492096	2.43137264
100.50892639	2.43137264
100.51305389	2.41176462
100.51305389	2.41176462
100.51716614	2.43137264
100.52127075	2.41176462
100.52542114	2.43137264
100.52542114	2.43137264
100.52941895	2.43137264
100.53358459	2.43137264
100.53767395	2.43137264
100.53767395	2.43137264
100.54174042	2.43137264
100.54578400	2.43137264
100.54578400	2.43137264
100.54992676	2.43137264
100.55411530	2.43137264
100.55816650	2.43137264
100.55816650	2.43137264
100.56223297	2.43137264
100.56643677	2.43137264
100.57042694	2.43137264
100.57042694	2.43137264
100.57454681	2.43137264
100.57865906	2.43137264
100.58265686	2.43137264
100.58265686	2.43137264
100.58677673	2.43137264
100.59089661	2.43137264
100.59089661	2.45098042
100.59506989	2.45098042
100.59901428	2.45098042
100.60316467	2.45098042
100.60316467	2.45098042
100.60733032	2.45098042
100.61146545	2.45098042
100.61557007	2.45098042
100.61557007	2.45098042
100.61956787	2.43137264
100.62377930	2.43137264
100.62783051	2.43137264
100.63190460	2.43137264
100.63591003	2.43137264
100.63591003	2.43137264
100.64001465	2.43137264
100.64419556	2.43137264
100.64827728	2.43137264
100.64827728	2.43137264
100.65239716	2.43137264
100.65641785	2.43137264
100.66065979	2.43137264
100.66065979	2.43137264
100.66469574	2.43137264
100.66886139	2.43137264
100.66886139	2.43137264
100.67282867	2.43137264
100.67690277	2.45098042
100.68107605	2.45098042
100.68107605	2.45098042
100.68523407	2.45098042
100.68920898	2.45098042
100.69338989	2.45098042
100.69338989	2.45098042
100.69744110	2.45098042
100.70152283	2.45098042
100.70565796	2.45098042
100.70565796	2.45098042
100.70963287	2.45098042
100.71377563	2.45098042
100.71377563	2.45098042
100.71789551	2.45098042
100.72203064	2.45098042
100.72602081	2.45098042
100.72602081	2.45098042
100.73014832	2.45098042
100.73435211	2.45098042
100.73847961	2.45098042
100.73847961	2.47058821
100.74246216	2.47058821
100.74658966	2.47058821
100.75073242	2.47058821
100.75479126	2.47058821
100.75892639	2.47058821
100.75892639	2.47058821
100.76290131	2.47058821
100.76702881	2.47058821
100.77114868	2.47058821
100.77114868	2.47058821
100.77531433	2.47058821
100.77940369	2.47058821
100.78340912	2.47058821
100.78340912	2.47058821
100.78753662	2.47058821
100.79164124	2.47058821
100.79573059	2.49019599
100.79985046	2.49019599
100.80392456	2.49019599
100.80392456	2.49019599
100.80810547	2.49019599
100.81217957	2.49019599
100.81617737	2.49019599
100.81617737	2.49019599
100.82041931	2.49019599
100.82439423	2.49019599
100.82852936	2.49019599
100.82852936	2.49019599
100.83251953	2.49019599
100.83664703	2.49019599
100.83664703	2.49019599
100.84076691	2.49019599
100.84495544	2.49019599
100.84901428	2.49019599
100.84901428	2.49019599
100.85307312	2.49019599
100.85720825	2.49019599
100.86135864	2.47058821
100.86135864	2.49019599
100.86548615	2.49019599
100.86944580	2.49019599
100.87360382	2.49019599
100.87360382	2.49019599
100.87770081	2.49019599
100.88178253	2.49019599
100.88178253	2.49019599
100.88574219	2.49019599
100.88988495	2.49019599
100.89401245	2.49019599
100.89401245	2.49019599
100.89814758	2.49019599
100.90227509	2.49019599
100.90641022	2.49019599
100.90641022	2.49019599
100.91039276	2.49019599
100.91455841	2.49019599
100.91873169	2.49019599
100.92269897	2.49019599
100.92677307	2.49019599
100.92677307	2.49019599
100.93096161	2.49019599
100.93510437	2.49019599
100.93922424	2.49019599
100.93922424	2.49019599
100.94326782	2.49019599
100.94729614	2.49019599
100.95140839	2.49019599
100.95140839	2.49019599
100.95552826	2.49019599
100.95951080	2.49019599
100.96364594	2.49019599
100.96777344	2.49019599
100.97190857	2.49019599
100.97190857	2.49019599
100.97592163	2.49019599
100.98004150	2.49019599
100.98418427	2.49019599
100.98418427	2.49019599
100.98836517	2.49019599
100.99247742	2.49019599
100.99644470	2.49019599
100.99644470	2.49019599
101.00060272	2.49019599
101.00467682	2.49019599
101.00467682	2.49019599
101.00880432	2.49019599
101.01277161	2.47058821
101.01691437	2.49019599
101.01691437	2.49019599
101.02101898	2.49019599
101.02517700	2.49019599
101.02926636	2.47058821
101.02926636	2.49019599
101.03340149	2.47058821
101.03739929	2.49019599
101.04152679	2.49019599
101.04557037	2.49019599
101.04972076	2.49019599
101.04972076	2.47058821
101.05375671	2.47058821
101.05798340	2.47058821
101.06208801	2.47058821
101.06208801	2.47058821
101.06604767	2.47058821
101.07017517	2.47058821
101.07425690	2.47058821
101.07425690	2.47058821
101.07840729	2.47058821
101.08251953	2.47058821
101.08655548	2.47058821
101.09062958	2.47058821
101.09479523	2.47058821
101.09479523	2.47058821
101.09889221	2.47058821
101.10294342	2.47058821
101.10709381	2.47058821
101.10709381	2.47058821
101.11122894	2.47058821
101.11535645	2.47058821
101.11947632	2.47058821
101.11947632	2.47058821
101.12347412	2.47058821
101.12758636	2.47058821
101.12758636	2.47058821
101.13165283	2.47058821
101.13564301	2.47058821
101.13976288	2.47058821
101.13976288	2.47058821
101.14393616	2.47058821
101.14801788	2.47058821
101.15214539	2.47058821
101.15214539	2.47058821
101.15618134	2.47058821
101.16049957	2.47058821
101.16448975	2.47058821
101.16448975	2.47058821
101.16860962	2.47058821
101.17272949	2.47058821
101.17272949	2.47058821
101.17665863	2.47058821
101.18080902	2.47058821
101.18496704	2.47058821
101.18496704	2.47058821
101.18910217	2.47058821
101.19306946	2.47058821
101.19715118	2.47058821
101.19715118	2.47058821
101.20128632	2.47058821
101.20539093	2.47058821
101.20938110	2.47058821
101.21351624	2.47058821
101.21765900	2.47058821
101.21765900	2.47058821
101.22176361	2.47058821
101.22580719	2.47058821
101.22990417	2.47058821
101.22990417	2.47058821
101.23403931	2.47058821
101.23822784	2.47058821
101.24236298	2.47058821
101.24236298	2.47058821
101.24641418	2.47058821
101.25045776	2.47058821
101.25455475	2.47058821
101.25866699	2.47058821
101.26277161	2.47058821
101.26277161	2.47058821
101.26677704	2.47058821
101.27091980	2.47058821
101.27502441	2.47058821
101.27502441	2.47058821
101.27901459	2.47058821
101.28314209	2.47058821
101.28739166	2.47058821
101.28739166	2.47058821
101.29138184	2.47058821
101.29556274	2.47058821
101.29556274	2.47058821
101.29956818	2.47058821
101.30373383	2.47058821
101.30782318	2.47058821
101.30782318	2.47058821
101.31198120	2.45098042
101.31591797	2.45098042
101.32006836	2.45098042
101.32006836	2.45098042
101.32413483	2.47058821
101.32828522	2.47058821
101.33238220	2.47058821
101.33641815	2.47058821
101.34051514	2.47058821
101.34051514	2.47058821
101.34465790	2.47058821
101.34876251	2.47058821
101.35295105	2.47058821
101.35295105	2.47058821
101.35695648	2.47058821
101.36107635	2.47058821
101.36522675	2.47058821
101.36522675	2.47058821
101.36923218	2.47058821
101.37347412	2.47058821
101.37744904	2.45098042
101.38150787	2.45098042
101.38564301	2.47058821
101.38564301	2.47058821
101.38963318	2.47058821
101.39377594	2.47058821
101.39786530	2.47058821
101.39786530	2.47058821
101.40199280	2.47058821
101.40600586	2.47058821
101.41011047	2.47058821
101.41011047	2.47058821
101.41430664	2.47058821
101.41844940	2.47058821
101.41844940	2.47058821
101.42260742	2.47058821
101.42668915	2.47058821
101.43069458	2.47058821
101.43069458	2.47058821
101.43486023	2.47058821
101.43898010	2.47058821
101.44297791	2.47058821
101.44297791	2.47058821
101.44705200	2.47058821
101.45111847	2.47058821
101.45523071	2.47058821
101.45523071	2.47058821
101.45937347	2.47058821
101.46339417	2.47058821
101.46339417	2.47058821
101.46749878	2.47058821
101.47158051	2.47058821
101.47581482	2.47058821
101.47581482	2.47058821
101.47974396	2.47058821
101.48393250	2.47058821
101.48809814	2.47058821
101.48809814	2.47058821
101.49222565	2.47058821
101.49616241	2.47058821
101.50047302	2.47058821
101.50443268	2.47058821
101.50850677	2.47058821
101.50850677	2.47058821
101.51249695	2.47058821
101.51660156	2.47058821
101.52075195	2.47058821
101.52075195	2.47058821
101.52491760	2.47058821
101.52898407	2.47058821
101.53301239	2.47058821
101.53301239	2.47058821
101.53713989	2.47058821
101.54120636	2.47058821
101.54543304	2.47058821
101.54945374	2.47058821
101.55355072	2.47058821
101.55355072	2.47058821
101.55771637	2.47058821
101.56185150	2.47058821
101.56591797	2.47058821
101.56591797	2.47058821
101.56988525	2.47058821
101.57406616	2.47058821
101.57816315	2.47058821
101.57816315	2.47058821
101.58226013	2.47058821
101.58638763	2.47058821
101.58638763	2.47058821
101.59033203	2.47058821
101.59453583	2.47058821
101.59860992	2.47058821
101.59860992	2.47058821
101.60262299	2.47058821
101.60679626	2.47058821
101.61088562	2.47058821
101.61088562	2.47058821
101.61507416	2.47058821
101.61920166	2.47058821
101.62317657	2.47058821
101.62729645	2.47058821
101.63137817	2.47058821
101.63137817	2.47058821
101.63551331	2.47058821
101.63950348	2.47058821
101.64366913	2.47058821
101.64366913	2.47058821
101.64775848	2.47058821
101.65189362	2.47058821
101.65602112	2.47058821
101.65602112	2.47058821
101.65998077	2.47058821
