16.41950417	2.45098042
16.48094368	2.45098042
16.50965691	2.45098042
16.57106400	2.45098042
16.59972763	2.45098042
16.66121674	2.45098042
16.68978310	2.45098042
16.71856117	2.45098042
16.75128746	2.45098042
16.77996826	2.45098042
16.80868149	2.45098042
16.84148216	2.47058821
16.87002373	2.45098042
16.89886665	2.47058821
16.93152809	2.47058821
16.96033096	2.47058821
16.98889732	2.47058821
17.02173996	2.47058821
17.05032921	2.47058821
17.07910728	2.47058821
17.11185837	2.47058821
17.14044189	2.47058821
17.16923523	2.47058821
17.20201302	2.47058821
17.23059464	2.47058821
17.25940514	2.47058821
17.29212379	2.47058821
17.32079697	2.47058821
17.34950066	2.47058821
17.38219452	2.47058821
17.41080093	2.47058821
17.43943214	2.47058821
17.47224998	2.47058821
17.50089645	2.47058821
17.52950287	2.47058821
17.56238556	2.47058821
17.59100151	2.47058821
17.61962318	2.47058821
17.65252304	2.47058821
17.68119431	2.47058821
17.70981026	2.47058821
17.74270058	2.47058821
17.77137184	2.47058821
17.79993057	2.47058821
17.83275604	2.47058821
17.86150169	2.47058821
17.89005852	2.47058821
17.92286682	2.47058821
17.95158768	2.47058821
17.98037529	2.47058821
18.01292992	2.47058821
18.04170036	2.47058821
18.07028961	2.47058821
18.10309029	2.47058821
18.13188553	2.47058821
18.16045189	2.47058821
18.19338417	2.47058821
18.22198105	2.47058821
18.25056267	2.47058821
18.28334045	2.47058821
18.31199455	2.47058821
18.34072495	2.47058821
18.37336922	2.49019599
18.40222168	2.49019599
18.43073845	2.49019599
18.46358871	2.49019599
18.49224472	2.49019599
18.52097321	2.49019599
18.58247948	2.49019599
18.61104393	2.49019599
18.67256546	2.49019599
18.70118904	2.49019599
18.76271057	2.49019599
18.79128456	2.49019599
18.85285568	2.49019599
18.88149452	2.49019599
18.91018295	2.49019599
18.94278717	2.49019599
18.97153282	2.49019599
19.00027084	2.49019599
19.03311348	2.49019599
19.06162071	2.49019599
19.09035873	2.49019599
19.12313461	2.49019599
19.15185547	2.49019599
19.18048668	2.49019599
19.21333694	2.49019599
19.24199295	2.49019599
19.27052498	2.49019599
19.30329323	2.49019599
19.33212852	2.49019599
19.36064529	2.49019599
19.39350319	2.49019599
19.42219925	2.49019599
19.45084763	2.49019599
19.48357391	2.49019599
19.51231194	2.49019599
19.54095840	2.49019599
19.57371140	2.49019599
19.60245705	2.49019599
19.63105392	2.49019599
19.66381454	2.49019599
19.69254494	2.49019599
19.72119141	2.49019599
19.75390244	2.49019599
19.78272247	2.49019599
19.81125450	2.49019599
19.84406281	2.49019599
19.87275887	2.49019599
19.90144730	2.49019599
19.93424034	2.49019599
19.96297073	2.49019599
19.99159241	2.49019599
20.02434540	2.49019599
20.05310631	2.49019599
20.08162308	2.49019599
20.11444092	2.49019599
20.14325905	2.49019599
20.17181778	2.49019599
20.20462608	2.49019599
20.23334694	2.49019599
20.26192093	2.49019599
20.29475403	2.49019599
20.32332802	2.50980401
20.35209846	2.50980401
20.38479233	2.49019599
20.41344833	2.50980401
20.44216919	2.50980401
20.47493744	2.50980401
20.50353622	2.50980401
20.53234673	2.50980401
20.56500816	2.50980401
20.59365654	2.50980401
20.62255669	2.50980401
20.65533257	2.50980401
20.68384171	2.50980401
20.71262741	2.50980401
20.74539566	2.50980401
20.77400208	2.50980401
20.80265808	2.50980401
20.86403275	2.50980401
20.89281082	2.50980401
20.95440674	2.50980401
20.98295593	2.50980401
21.04428864	2.50980401
21.07304382	2.50980401
21.10169029	2.50980401
21.13448334	2.50980401
21.16320419	2.50980401
21.19182777	2.50980401
21.22455406	2.50980401
21.25326729	2.50980401
21.28192329	2.50980401
21.31462479	2.50980401
21.34351921	2.50980401
21.37191963	2.50980401
21.40481186	2.50980401
21.43336105	2.50980401
21.46219635	2.50980401
21.49494743	2.50980401
21.52352905	2.50980401
21.55226707	2.50980401
21.58505249	2.50980401
21.61368179	2.50980401
21.64238739	2.50980401
21.67517090	2.50980401
21.70381165	2.50980401
21.73253250	2.50980401
21.76530075	2.50980401
21.79384995	2.50980401
21.82264328	2.50980401
21.85542107	2.50980401
21.88409233	2.50980401
21.91281319	2.50980401
21.94560623	2.50980401
21.97432709	2.50980401
22.00295067	2.50980401
22.03575134	2.50980401
22.06423378	2.50980401
22.09307098	2.50980401
22.12584686	2.50980401
22.15437889	2.50980401
22.18311691	2.50980401
22.21594238	2.50980401
22.24455643	2.50980401
22.27329445	2.49019599
22.30598068	2.49019599
22.33467674	2.49019599
22.36345482	2.49019599
22.39615059	2.49019599
22.42479706	2.49019599
22.45352745	2.49019599
22.48628616	2.49019599
22.51491737	2.49019599
22.54353142	2.49019599
22.57641411	2.47058821
22.60500526	2.47058821
22.63361168	2.47058821
22.66656685	2.47058821
22.69526482	2.47058821
22.72381401	2.47058821
22.75663948	2.47058821
22.78528595	2.45098042
22.81387711	2.45098042
22.84679985	2.45098042
22.87534904	2.45098042
22.90403748	2.45098042
22.96549416	2.45098042
22.99420738	2.45098042
23.05567169	2.45098042
23.08424568	2.45098042
23.14577484	2.43137264
23.17439842	2.43137264
23.20314407	2.43137264
23.23589516	2.43137264
23.26446915	2.43137264
23.29327965	2.43137264
23.32603264	2.43137264
23.35461426	2.43137264
23.38336754	2.43137264
23.41615295	2.43137264
23.44475937	2.43137264
23.47356987	2.43137264
23.50626373	2.43137264
23.53497696	2.43137264
23.56360817	2.41176462
23.59632683	2.41176462
23.62499046	2.41176462
23.65362930	2.41176462
23.68651199	2.41176462
23.71517563	2.41176462
23.74375916	2.41176462
23.77662468	2.41176462
23.80525589	2.43137264
23.83388710	2.43137264
23.86681938	2.43137264
23.89534378	2.43137264
23.92399025	2.43137264
23.95693016	2.43137264
23.98554611	2.43137264
24.01424217	2.43137264
24.04701805	2.43137264
24.07562447	2.43137264
24.10426331	2.43137264
24.13699150	2.43137264
24.16573715	2.43137264
24.19437599	2.43137264
24.22726631	2.43137264
24.25586510	2.43137264
24.28461075	2.43137264
24.31728935	2.43137264
24.34607506	2.43137264
24.37477112	2.43137264
24.40746689	2.43137264
24.43616295	2.43137264
24.46480942	2.43137264
24.49753761	2.43137264
24.52625084	2.43137264
24.55487251	2.45098042
24.58761597	2.45098042
24.61640358	2.45098042
24.64497757	2.45098042
24.67778587	2.45098042
24.70646667	2.45098042
24.73527718	2.45098042
24.76787376	2.45098042
24.79670143	2.45098042
24.82522583	2.45098042
24.85800171	2.45098042
24.88673973	2.45098042
24.91536903	2.45098042
24.94820404	2.45098042
24.97694969	2.45098042
25.00553131	2.45098042
25.03825760	2.45098042
25.06696320	2.45098042
25.09565926	2.45098042
25.15710831	2.45098042
25.18571472	2.45098042
25.24728584	2.45098042
25.27585030	2.45098042
25.33740616	2.45098042
25.36603737	2.45098042
25.42732811	2.47058821
25.45614815	2.47058821
25.48484421	2.47058821
25.51748276	2.47058821
25.54624367	2.47058821
25.57487488	2.47058821
25.60762596	2.47058821
25.63632393	2.47058821
25.66500282	2.47058821
25.69768906	2.47058821
25.72652626	2.47058821
25.75523758	2.47058821
25.78787613	2.47058821
25.81658745	2.47058821
25.84527588	2.47058821
25.87801933	2.47058821
25.90683174	2.47058821
25.93538094	2.47058821
25.96830368	2.47058821
25.99687004	2.47058821
26.02553368	2.47058821
26.05824471	2.47058821
26.08700562	2.47058821
26.11566162	2.47058821
26.14840508	2.47058821
26.17715073	2.47058821
26.20578957	2.47058821
26.23846817	2.47058821
26.26727104	2.47058821
26.29599190	2.47058821
26.32856369	2.47058821
26.35739136	2.47058821
26.38599014	2.47058821
26.41874123	2.47058821
26.44731522	2.47058821
26.47622490	2.47058821
26.50877190	2.47058821
26.53752518	2.47058821
26.56618881	2.47058821
26.59908867	2.47058821
26.62761307	2.47058821
26.65633392	2.47058821
26.68914223	2.47058821
26.71770859	2.47058821
26.74642944	2.47058821
26.77924728	2.47058821
26.80787849	2.47058821
26.83674622	2.47058821
26.86930084	2.47058821
26.89798927	2.47058821
26.92677689	2.47058821
26.95947075	2.47058821
26.98821640	2.47058821
27.01687241	2.49019599
27.04964066	2.49019599
27.07827187	2.49019599
27.10710716	2.49019599
27.13976097	2.49019599
27.16835022	2.49019599
27.19708824	2.47058821
27.22988892	2.49019599
27.25843811	2.47058821
27.28733063	2.47058821
27.34862328	2.47058821
27.37727928	2.47058821
27.43870354	2.47058821
27.46759605	2.47058821
27.52888107	2.47058821
27.55742073	2.47058821
27.58626556	2.47058821
27.61899185	2.47058821
27.64779472	2.47058821
27.67639351	2.47058821
27.70908737	2.47058821
27.73777580	2.47058821
27.76646423	2.47058821
27.79928970	2.47058821
27.82784653	2.47058821
27.85661697	2.47058821
27.88930321	2.47058821
27.91795921	2.47058821
27.94669724	2.47058821
27.97944069	2.47058821
28.00829315	2.47058821
28.03693199	2.47058821
28.06965828	2.47058821
28.09825706	2.47058821
28.12705231	2.47058821
28.15974617	2.47058821
28.18837738	2.47058821
28.21724510	2.47058821
28.24989891	2.45098042
28.27866173	2.45098042
28.30719376	2.45098042
28.34001160	2.45098042
28.36861801	2.45098042
28.39730644	2.45098042
28.43006516	2.47058821
28.45870399	2.47058821
28.48750877	2.47058821
28.52025223	2.47058821
28.54880142	2.47058821
28.57754707	2.47058821
28.61046982	2.47058821
28.63900185	2.47058821
28.66774750	2.47058821
28.70053291	2.47058821
28.72922897	2.47058821
28.75782013	2.47058821
28.79060364	2.47058821
28.81917000	2.47058821
28.84785843	2.47058821
28.88074112	2.47058821
28.90930557	2.47058821
28.93793678	2.47058821
28.97076988	2.47058821
28.99937630	2.47058821
29.02822113	2.47058821
29.06097221	2.47058821
29.08963585	2.47058821
29.11829185	2.47058821
29.15106010	2.47058821
29.17973137	2.47058821
29.20830536	2.47058821
29.24114799	2.47058821
29.26986885	2.47058821
29.29843330	2.47058821
29.33121109	2.47058821
29.35997963	2.47058821
29.38854599	2.47058821
29.42135429	2.47058821
29.45006752	2.47058821
29.47871590	2.47058821
29.54017258	2.47058821
29.56884384	2.47058821
29.63033295	2.47058821
29.65898895	2.47058821
29.72046089	2.47058821
29.74915695	2.47058821
29.77785492	2.47058821
29.81058884	2.47058821
29.83915520	2.47058821
29.86793327	2.47058821
29.90074348	2.47058821
29.92936516	2.47058821
29.95807076	2.49019599
29.99078941	2.49019599
30.01946068	2.49019599
30.04819107	2.49019599
30.08094215	2.47058821
30.10954094	2.47058821
30.13819504	2.47058821
30.17112732	2.47058821
30.19975853	2.47058821
30.22827530	2.47058821
30.26117516	2.47058821
30.28982162	2.47058821
30.31841087	2.47058821
30.35136032	2.47058821
30.37998199	2.47058821
30.40857315	2.47058821
30.44136620	2.47058821
30.47002029	2.47058821
30.49864388	2.47058821
30.53146172	2.47058821
30.56022263	2.47058821
30.58880424	2.47058821
30.62154770	2.47058821
30.65033531	2.47058821
30.67895889	2.47058821
30.71173477	2.47058821
30.74045563	2.45098042
30.76916885	2.45098042
30.80174065	2.45098042
30.83063316	2.45098042
30.85916519	2.45098042
30.89196587	2.45098042
30.92067909	2.45098042
30.94932747	2.45098042
30.98217583	2.45098042
31.01081657	2.45098042
31.03943825	2.45098042
31.07216644	2.45098042
31.10096169	2.45098042
31.12953377	2.45098042
31.16231918	2.45098042
31.19104767	2.45098042
31.21972847	2.45098042
31.25244713	2.45098042
31.28116798	2.45098042
31.30979156	2.45098042
31.34259224	2.45098042
31.37133026	2.45098042
31.39986229	2.43137264
31.43267059	2.43137264
31.46138382	2.43137264
31.49007988	2.43137264
31.52280045	2.43137264
31.55156898	2.43137264
31.58014297	2.43137264
31.61285400	2.43137264
31.64156723	2.43137264
31.67030525	2.43137264
31.73172760	2.41176462
31.76054764	2.41176462
31.82179070	2.41176462
31.85055351	2.41176462
31.91193581	2.41176462
31.94065666	2.41176462
31.96930504	2.41176462
32.00217819	2.41176462
32.03075409	2.41176462
32.05939102	2.41176462
32.09218597	2.41176462
32.12096405	2.41176462
32.14952087	2.41176462
32.18223190	2.41176462
32.21100998	2.41176462
32.23970795	2.41176462
32.27241516	2.41176462
32.30120468	2.41176462
32.32975388	2.41176462
32.36250305	2.41176462
32.39131546	2.41176462
32.41992188	2.41176462
32.45268250	2.41176462
32.48147583	2.41176462
32.51010895	2.41176462
32.54283524	2.41176462
32.57151413	2.41176462
32.60021210	2.41176462
32.63290405	2.41176462
32.66170120	2.41176462
32.69027328	2.41176462
32.72320557	2.41176462
32.75176239	2.41176462
32.78041840	2.41176462
32.81317139	2.41176462
32.84177780	2.41176462
32.87051392	2.41176462
32.90331650	2.41176462
32.93195343	2.41176462
32.96062851	2.41176462
32.99340439	2.41176462
33.02221298	2.41176462
33.05081940	2.41176462
33.08350754	2.41176462
33.11214447	2.41176462
33.14089966	2.41176462
33.17371750	2.41176462
33.20225143	2.41176462
33.23106766	2.41176462
33.26378632	2.41176462
33.29236984	2.41176462
33.32114792	2.41176462
33.35391617	2.41176462
33.38252258	2.41176462
33.41130829	2.41176462
33.44404602	2.41176462
33.47266006	2.41176462
33.50138855	2.41176462
33.53420639	2.43137264
33.56279755	2.43137264
33.59156799	2.43137264
33.62435913	2.43137264
33.65290833	2.43137264
33.68163681	2.43137264
33.71444702	2.43137264
33.74317551	2.43137264
33.77177429	2.43137264
33.80454254	2.43137264
33.83314133	2.43137264
33.86190414	2.43137264
33.92325211	2.43137264
33.95188141	2.43137264
34.01339722	2.43137264
34.04219055	2.43137264
34.10351563	2.43137264
34.13210678	2.43137264
34.16086960	2.43137264
34.19365311	2.43137264
34.22228622	2.43137264
34.25105667	2.43137264
34.28384781	2.43137264
34.31239700	2.43137264
34.34111786	2.43137264
34.37387085	2.43137264
34.40250778	2.43137264
34.43130493	2.43137264
34.46408844	2.43137264
34.49279404	2.45098042
34.52138138	2.45098042
34.55414963	2.45098042
34.58275604	2.45098042
34.61152649	2.45098042
34.64423752	2.45098042
34.67290115	2.45098042
34.70165634	2.45098042
34.73439789	2.45098042
34.76311874	2.45098042
34.79175949	2.45098042
34.82450485	2.45098042
34.85311127	2.45098042
34.88185501	2.45098042
34.91467285	2.45098042
34.94321442	2.45098042
34.97210693	2.45098042
35.00481033	2.45098042
35.03335190	2.45098042
35.06207275	2.45098042
35.09489822	2.45098042
35.12346268	2.45098042
35.15216827	2.45098042
35.18498230	2.45098042
35.21360779	2.45098042
35.24219513	2.45098042
35.27517700	2.45098042
35.30379105	2.45098042
35.33239746	2.45098042
35.36525726	2.45098042
35.39400482	2.45098042
35.42256927	2.43137264
35.45543289	2.43137264
35.48405075	2.43137264
35.51259995	2.43137264
35.54555511	2.43137264
35.57414627	2.43137264
35.60273361	2.43137264
35.63555145	2.43137264
35.66429138	2.43137264
35.69287109	2.43137264
35.72568130	2.43137264
35.75441742	2.43137264
35.78316498	2.43137264
35.81571960	2.43137264
35.84447098	2.43137264
35.87313843	2.43137264
35.90584564	2.43137264
35.93455887	2.43137264
35.96329117	2.43137264
35.99610519	2.43137264
36.02478790	2.43137264
36.05333710	2.43137264
36.11492538	2.43137264
36.14354706	2.43137264
36.20503616	2.43137264
36.23366547	2.43137264
36.29520416	2.43137264
36.32371140	2.43137264
36.35238647	2.43137264
36.38528442	2.43137264
36.41384888	2.43137264
36.44242477	2.43137264
36.47542191	2.43137264
36.50405884	2.43137264
36.53263474	2.43137264
36.56546021	2.43137264
36.59409714	2.43137264
36.62278748	2.43137264
36.65566254	2.43137264
36.68417740	2.43137264
36.71287537	2.43137264
36.74554443	2.43137264
36.77442169	2.43137264
36.80304337	2.43137264
36.83573914	2.43137264
36.86441040	2.43137264
36.89313126	2.43137264
36.92585754	2.43137264
36.95469284	2.43137264
36.98332596	2.43137264
37.01617432	2.43137264
37.04490280	2.45098042
37.07335663	2.45098042
37.10616302	2.45098042
37.13480377	2.45098042
37.16347504	2.45098042
37.19627762	2.45098042
37.22502899	2.45098042
37.25357819	2.45098042
37.28637314	2.45098042
37.31516647	2.45098042
37.34371567	2.45098042
37.37646866	2.45098042
37.40527725	2.45098042
37.43386841	2.45098042
37.46660233	2.45098042
37.49531555	2.45098042
37.52403641	2.43137264
37.55667496	2.43137264
37.58553314	2.43137264
37.61415100	2.43137264
37.64688492	2.43137264
37.67570496	2.43137264
37.70426941	2.43137264
37.73714447	2.43137264
37.76576614	2.43137264
37.79437256	2.43137264
37.82709122	2.43137264
37.85588074	2.43137264
37.88444519	2.43137264
37.91722870	2.43137264
37.94581985	2.43137264
37.97458267	2.43137264
38.00739670	2.43137264
38.03625870	2.43137264
38.06475830	2.43137264
38.09756851	2.43137264
38.12615967	2.43137264
38.15484619	2.43137264
38.18754959	2.43137264
38.21624374	2.43137264
38.24491882	2.43137264
38.30639648	2.43137264
38.33509445	2.43137264
38.39649200	2.43137264
38.42514801	2.43137264
38.48662186	2.43137264
38.51542664	2.43137264
38.54411316	2.43137264
38.57677460	2.43137264
38.60551453	2.43137264
38.63407898	2.43137264
38.66687012	2.43137264
38.69556046	2.43137264
38.72423172	2.43137264
38.75711441	2.43137264
38.78570557	2.43137264
38.81431961	2.43137264
38.84710312	2.43137264
38.87589645	2.43137264
38.90455246	2.43137264
38.93730545	2.43137264
38.96599197	2.43137264
38.99455261	2.43137264
39.02743530	2.43137264
39.05604172	2.43137264
39.08473587	2.43137264
39.11738968	2.43137264
39.14603806	2.43137264
39.17480850	2.43137264
39.20761490	2.41176462
39.23620605	2.41176462
39.26492691	2.43137264
39.29771042	2.43137264
39.32633591	2.43137264
39.35517883	2.43137264
39.38784790	2.43137264
39.41648865	2.43137264
39.44522476	2.43137264
39.47813416	2.43137264
39.50663376	2.43137264
39.53542709	2.43137264
39.56813049	2.43137264
39.59679413	2.43137264
39.62548065	2.43137264
39.65837479	2.43137264
39.68681717	2.43137264
39.71562576	2.43137264
39.74832153	2.43137264
39.77705002	2.43137264
39.80565643	2.43137264
39.83849716	2.43137264
39.86701584	2.43137264
39.89585114	2.43137264
39.92854691	2.43137264
39.95721817	2.43137264
39.98602676	2.43137264
40.01874924	2.43137264
40.04736328	2.43137264
40.07603455	2.43137264
40.10886002	2.43137264
40.13753128	2.43137264
40.16623688	2.43137264
40.19889832	2.43137264
40.22756195	2.43137264
40.25617599	2.43137264
40.28907394	2.43137264
40.31766510	2.43137264
40.34635544	2.43137264
40.37923813	2.43137264
40.40784454	2.43137264
40.43641663	2.43137264
40.49796295	2.43137264
40.52654648	2.43137264
40.58812332	2.43137264
40.61664963	2.43137264
40.67813110	2.43137264
40.70681000	2.43137264
40.73559570	2.43137264
40.76834106	2.43137264
40.79706955	2.43137264
40.82577515	2.43137264
40.85852432	2.43137264
40.88711548	2.43137264
40.91588593	2.43137264
40.94861221	2.43137264
40.97724533	2.43137264
41.00596619	2.45098042
41.03870773	2.45098042
41.06734848	2.45098042
41.09616089	2.45098042
41.12884521	2.45098042
41.15743637	2.45098042
41.18616486	2.45098042
41.21892548	2.45098042
41.24761200	2.45098042
41.27628326	2.45098042
41.30904388	2.45098042
41.33773422	2.45098042
41.36641312	2.45098042
41.39921570	2.45098042
41.42775345	2.45098042
41.45647430	2.45098042
41.48925400	2.45098042
41.51798248	2.45098042
41.54652405	2.45098042
41.57942200	2.45098042
41.60807800	2.45098042
41.63666916	2.45098042
41.66961670	2.45098042
41.69818115	2.45098042
41.72678757	2.45098042
41.75964737	2.45098042
41.78833389	2.45098042
41.81711197	2.45098042
41.84980774	2.45098042
41.87838745	2.45098042
41.90707779	2.45098042
41.93997574	2.45098042
41.96857452	2.45098042
41.99714661	2.45098042
42.03007126	2.45098042
42.05869293	2.45098042
42.08729935	2.45098042
42.12000275	2.45098042
42.14878845	2.45098042
42.17738724	2.45098042
42.21022034	2.45098042
42.23886871	2.45098042
42.26756668	2.45098042
42.30033493	2.45098042
42.32911301	2.45098042
42.35772705	2.45098042
42.39040375	2.45098042
42.41920853	2.45098042
42.44774246	2.45098042
42.48053360	2.45098042
42.50929642	2.45098042
42.53806686	2.45098042
42.57069397	2.45098042
42.59944153	2.45098042
42.62799835	2.45098042
42.68955994	2.45098042
42.71815872	2.45098042
42.77971268	2.45098042
42.80833817	2.45098042
42.86974335	2.45098042
42.89846420	2.45098042
42.92696381	2.45098042
42.95996857	2.45098042
42.98850250	2.45098042
43.01718140	2.45098042
43.05004883	2.45098042
43.07867050	2.45098042
43.10728073	2.45098042
43.14003754	2.45098042
43.16881561	2.45098042
43.19737625	2.45098042
43.23018265	2.45098042
43.25896072	2.45098042
43.28771591	2.45098042
43.32032776	2.45098042
43.34911346	2.45098042
43.37766266	2.45098042
43.41043091	2.45098042
43.43917084	2.45098042
43.46782684	2.45098042
43.50063324	2.45098042
43.52927399	2.45098042
43.55800247	2.45098042
43.59067917	2.45098042
43.61939240	2.45098042
43.64802551	2.45098042
43.68074417	2.45098042
43.70958710	2.45098042
43.73812866	2.45098042
43.77109146	2.45098042
43.79963303	2.45098042
43.82829666	2.45098042
43.86102295	2.45098042
43.88972855	2.45098042
43.91847610	2.45098042
43.95118713	2.45098042
43.97999573	2.45098042
44.00849533	2.45098042
44.04133224	2.45098042
44.07001114	2.45098042
44.09867477	2.45098042
44.13140869	2.45098042
44.16014862	2.45098042
44.18877029	2.45098042
44.22157288	2.45098042
44.25032425	2.45098042
44.27886581	2.45098042
44.31165695	2.45098042
44.34031296	2.45098042
44.36905289	2.45098042
44.40175247	2.45098042
44.43039322	2.45098042
44.45921326	2.45098042
44.49185944	2.45098042
44.52055359	2.45098042
44.54930878	2.45098042
44.58206940	2.45098042
44.61074066	2.45098042
44.63938904	2.45098042
44.67220306	2.45098042
44.70075226	2.45098042
44.72951508	2.45098042
44.76226044	2.45098042
44.79104614	2.45098042
44.81970978	2.45098042
44.88095474	2.45098042
44.90981293	2.45098042
44.97116470	2.45098042
44.99987793	2.45098042
45.06124115	2.45098042
45.09006882	2.45098042
45.11862946	2.45098042
45.15142822	2.45098042
45.18011856	2.45098042
45.20877075	2.45098042
45.24148178	2.45098042
45.27032852	2.45098042
45.29885864	2.45098042
45.33166885	2.45098042
45.36034775	2.45098042
45.38903809	2.45098042
45.42182159	2.45098042
45.45037842	2.45098042
45.47911835	2.45098042
45.51192474	2.45098042
45.54055023	2.45098042
45.56927872	2.45098042
45.60202026	2.45098042
45.63067627	2.45098042
45.65938187	2.45098042
45.69210815	2.45098042
45.72077942	2.45098042
45.74950027	2.45098042
45.78230286	2.45098042
45.81095123	2.45098042
45.83967972	2.45098042
45.87236404	2.45098042
45.90102768	2.45098042
45.92975998	2.45098042
45.96256638	2.45098042
45.99112320	2.45098042
46.01987076	2.45098042
46.05258942	2.45098042
46.08126068	2.45098042
46.11000824	2.45098042
46.14279938	2.45098042
46.17131805	2.45098042
46.20013428	2.45098042
46.23290253	2.45098042
46.26155090	2.45098042
46.29030609	2.45098042
46.32297516	2.45098042
46.35163879	2.45098042
46.38041687	2.45098042
46.41318512	2.45098042
46.44169235	2.45098042
46.47056198	2.45098042
46.50320816	2.45098042
46.53204346	2.45098042
46.56060791	2.45098042
46.59343338	2.45098042
46.62196732	2.45098042
46.65067291	2.45098042
46.68344879	2.45098042
46.71216202	2.45098042
46.74074936	2.45098042
46.77367401	2.45098042
46.80218887	2.45098042
46.83101654	2.45098042
46.86371994	2.45098042
46.89242554	2.45098042
46.92099762	2.45098042
46.95381546	2.45098042
46.98251343	2.45098042
47.01116943	2.45098042
47.07259369	2.45098042
47.10123825	2.45098042
47.16279221	2.45098042
47.19136810	2.45098042
47.25285721	2.45098042
47.28151321	2.45098042
47.31022644	2.45098042
47.34304428	2.45098042
47.37160110	2.45098042
47.40042877	2.45098042
47.43317032	2.45098042
47.46175385	2.45098042
47.49049759	2.45098042
47.52323532	2.45098042
47.55199432	2.45098042
47.58061218	2.45098042
47.61331940	2.45098042
47.64204407	2.45098042
47.67075348	2.45098042
47.70354843	2.45098042
47.73211288	2.45098042
47.76102448	2.45098042
47.79366684	2.45098042
47.82220840	2.45098042
47.85104370	2.45098042
47.88381195	2.45098042
47.91245270	2.45098042
47.94115829	2.45098042
47.97392654	2.45098042
48.00246429	2.45098042
48.03116989	2.45098042
48.06394577	2.45098042
48.09265900	2.45098042
48.12122345	2.45098042
48.15415573	2.45098042
48.18272400	2.45098042
48.21131134	2.45098042
48.24424362	2.45098042
48.27289200	2.45098042
48.30147552	2.45098042
48.33427429	2.45098042
48.36298752	2.45098042
48.39163589	2.45098042
48.42429733	2.45098042
48.45315552	2.45098042
48.48170471	2.45098042
48.51445770	2.45098042
48.54326248	2.45098042
48.57201385	2.45098042
48.60462570	2.45098042
48.63334656	2.45098042
48.66202164	2.45098042
48.69477081	2.45098042
48.72349930	2.45098042
48.75206757	2.45098042
48.78503799	2.45098042
48.81357956	2.45098042
48.84226990	2.45098042
48.87496185	2.45098042
48.90377426	2.45098042
48.93233871	2.45098042
48.96509171	2.45098042
48.99391174	2.45098042
49.02245331	2.45098042
49.05516052	2.45098042
49.08396530	2.45098042
49.11256409	2.45098042
49.14538193	2.45098042
49.17419052	2.45098042
49.20278931	2.45098042
49.26430511	2.45098042
49.29294968	2.45098042
49.35435867	2.45098042
49.38294983	2.45098042
49.44439697	2.45098042
49.47314453	2.45098042
49.50170898	2.45098042
49.53452682	2.45098042
49.56320572	2.47058821
49.59202576	2.45098042
49.62457275	2.47058821
49.65340042	2.47058821
49.68194199	2.47058821
49.71474838	2.47058821
49.74348831	2.47058821
49.77206802	2.47058821
49.80495071	2.47058821
49.83362198	2.47058821
49.86219788	2.47058821
49.89498901	2.47058821
49.92372894	2.47058821
49.95231628	2.47058821
49.98506165	2.47058821
50.01391220	2.47058821
50.04252625	2.47058821
50.07519913	2.47058821
50.10399246	2.47058821
50.13262177	2.47058821
50.16535187	2.47058821
50.19409561	2.47058821
50.22276688	2.47058821
50.25554276	2.47058821
50.28425598	2.47058821
50.31273270	2.47058821
50.34559250	2.47058821
50.37432098	2.47058821
50.40299225	2.47058821
50.43570328	2.47058821
50.46446609	2.47058821
50.49306488	2.47058821
50.52602768	2.47058821
50.55461884	2.47058821
50.58323288	2.47058821
50.61596680	2.47058821
50.64459229	2.47058821
50.67332077	2.47058821
50.70606995	2.47058821
50.73470306	2.47058821
50.76341629	2.47058821
50.79621506	2.47058821
50.82503510	2.47058821
50.85361099	2.47058821
50.88633728	2.47058821
50.91495132	2.47058821
50.94377136	2.47058821
50.97648239	2.47058821
51.00508118	2.47058821
51.03385162	2.47058821
51.06660080	2.47058821
51.09522247	2.47058821
51.12401962	2.47058821
51.15673065	2.47058821
51.18528748	2.47058821
51.21417236	2.47058821
51.24677658	2.47058821
51.27546310	2.47058821
51.30416107	2.47058821
51.33699417	2.47058821
51.36554337	2.47058821
51.39438629	2.47058821
51.45573044	2.47058821
51.48445892	2.47058821
51.54595566	2.47058821
51.57456207	2.47058821
51.63602066	2.47058821
51.66457748	2.47058821
51.69329834	2.47058821
51.72612381	2.47058821
51.75469589	2.47058821
51.78350067	2.49019599
51.81616211	2.49019599
51.84491348	2.49019599
51.87351990	2.49019599
51.90636444	2.49019599
51.93489456	2.49019599
51.96373367	2.49019599
51.99645233	2.49019599
52.02509689	2.49019599
52.05377197	2.49019599
52.08659744	2.49019599
52.11521912	2.49019599
52.14396286	2.49019599
52.17667389	2.49019599
52.20536423	2.49019599
52.23410034	2.49019599
52.26686859	2.49019599
52.29545975	2.49019599
52.32425308	2.49019599
52.35703659	2.49019599
52.38558578	2.49019599
52.41434097	2.49019599
52.44703674	2.49019599
52.47573853	2.49019599
52.50443649	2.49019599
52.53720474	2.49019599
52.56593323	2.49019599
52.59450912	2.49019599
52.62731552	2.49019599
52.65596390	2.49019599
52.68461227	2.49019599
52.71749496	2.49019599
52.74598694	2.49019599
52.77486420	2.49019599
52.80754089	2.49019599
52.83621216	2.49019599
52.86489105	2.49019599
52.89765167	2.49019599
52.92629242	2.49019599
52.95507813	2.49019599
52.98786163	2.49019599
53.01645279	2.49019599
53.04502869	2.49019599
53.07798386	2.49019599
53.10667801	2.49019599
53.13526154	2.49019599
53.16809464	2.49019599
53.19662857	2.49019599
53.22532272	2.49019599
53.25825500	2.49019599
53.28685379	2.49019599
53.31539536	2.49019599
53.34834290	2.49019599
53.37692642	2.49019599
53.40558243	2.49019599
53.43828201	2.49019599
53.46707916	2.49019599
53.49559402	2.49019599
53.52852631	2.49019599
53.55714035	2.49019599
53.58591843	2.49019599
53.61850739	2.49019599
53.64740753	2.49019599
53.67594147	2.49019599
53.73744583	2.49019599
53.76612091	2.49019599
53.82757568	2.49019599
53.85617447	2.49019599
53.91772842	2.49019599
53.94626236	2.49019599
53.97508240	2.49019599
54.00775909	2.49019599
54.03643799	2.49019599
54.06515884	2.49019599
54.09796143	2.49019599
54.12651825	2.49019599
54.15514755	2.49019599
54.18799973	2.49019599
54.21675491	2.49019599
54.24526215	2.49019599
54.27812576	2.49019599
54.30674362	2.49019599
54.33538055	2.49019599
54.36827087	2.49019599
54.39686966	2.49019599
54.42546844	2.49019599
54.45847321	2.49019599
54.48703003	2.49019599
54.51570511	2.49019599
54.54844666	2.49019599
54.57719421	2.49019599
54.60592270	2.49019599
54.63869095	2.49019599
54.66728210	2.49019599
54.69587708	2.49019599
54.72868729	2.49019599
54.75745010	2.49019599
54.78606415	2.49019599
54.81891251	2.49019599
54.84757996	2.50980401
54.87615967	2.50980401
54.90894318	2.50980401
54.93765640	2.50980401
54.96631241	2.50980401
54.99897385	2.50980401
55.02787399	2.50980401
55.05635834	2.50980401
55.08919144	2.50980401
55.11783981	2.50980401
55.14662552	2.50980401
55.17931366	2.50980401
55.20807648	2.50980401
55.23666382	2.50980401
55.26940918	2.50980401
55.29816437	2.50980401
55.32698059	2.50980401
55.35955429	2.50980401
55.38831711	2.50980401
55.41689682	2.50980401
55.44973755	2.50980401
55.47837067	2.50980401
55.50708389	2.50980401
55.53995895	2.50980401
55.56850052	2.50980401
55.59722137	2.50980401
55.62989807	2.50980401
55.65871048	2.50980401
55.68727493	2.50980401
55.72006607	2.50980401
55.74872971	2.50980401
55.77742767	2.50980401
55.81012344	2.50980401
55.83892441	2.50980401
55.86747360	2.50980401
55.92883301	2.50980401
55.95769882	2.50980401
56.01905823	2.50980401
56.04776382	2.50980401
56.10916138	2.50980401
56.13789368	2.50980401
56.16653824	2.50980401
56.19927597	2.50980401
56.22802734	2.50980401
56.25660324	2.50980401
56.28942108	2.50980401
56.31816483	2.50980401
56.34694290	2.50980401
56.37947464	2.50980401
56.40831757	2.50980401
56.43686676	2.50980401
56.46965790	2.50980401
56.49838257	2.50980401
56.52703476	2.50980401
56.55981445	2.50980401
56.58855820	2.50980401
56.61707306	2.50980401
56.64990997	2.50980401
56.67855453	2.50980401
56.70729446	2.50980401
56.73997116	2.50980401
56.76879120	2.50980401
56.79738998	2.50980401
56.83019638	2.50980401
56.85891724	2.50980401
56.88751602	2.50980401
56.92026138	2.50980401
56.94903946	2.50980401
56.97766113	2.50980401
57.01037216	2.50980401
57.03902817	2.50980401
57.06779099	2.50980401
57.10054016	2.50980401
57.12905121	2.50980401
57.15793610	2.52941179
57.19070435	2.50980401
57.21929169	2.52941179
57.24799728	2.52941179
57.28078079	2.52941179
57.30940628	2.52941179
57.33820724	2.52941179
57.37095261	2.52941179
57.39955139	2.52941179
57.42821503	2.52941179
57.46104050	2.52941179
57.48959732	2.52941179
57.51842499	2.52941179
57.55106735	2.52941179
57.57993698	2.52941179
57.60850143	2.52941179
57.64132690	2.52941179
57.66989517	2.52941179
57.69860077	2.52941179
57.73139954	2.52941179
57.76002121	2.52941179
57.78881073	2.52941179
57.82151031	2.52941179
57.85011673	2.52941179
57.87892151	2.52941179
57.91159821	2.52941179
57.94023895	2.52941179
57.96905136	2.52941179
58.03039932	2.52941179
58.05919266	2.52941179
58.12052155	2.52941179
58.14907837	2.52941179
58.21065521	2.52941179
58.23926163	2.52941179
58.30081558	2.52941179
58.32940674	2.52941179
58.35811996	2.52941179
58.39080811	2.52941179
58.41952133	2.52941179
58.44821548	2.52941179
58.48109818	2.52941179
58.50959778	2.52941179
58.53845215	2.52941179
58.57106400	2.52941179
58.59989166	2.52941179
58.62848282	2.52941179
58.66133118	2.52941179
58.68981552	2.52941179
58.71865082	2.52941179
58.75131989	2.52941179
58.78001022	2.52941179
58.80870438	2.52941179
58.84152222	2.52941179
58.87014389	2.52941179
58.89891434	2.52941179
58.93157578	2.52941179
58.96028900	2.52941179
58.98896027	2.50980401
59.02169037	2.50980401
59.05034256	2.50980401
59.07913971	2.50980401
59.11191559	2.50980401
59.14047241	2.50980401
59.16932678	2.50980401
59.20195389	2.50980401
59.23068237	2.50980401
59.25946045	2.49019599
59.29215622	2.49019599
59.32072067	2.49019599
59.34941864	2.49019599
59.38223648	2.49019599
59.41085815	2.49019599
59.43946457	2.49019599
59.47238159	2.49019599
59.50095367	2.49019599
59.52963257	2.49019599
59.56246567	2.49019599
59.59112930	2.49019599
59.61983490	2.47058821
59.65265274	2.47058821
59.68127441	2.47058821
59.70991516	2.47058821
59.74262619	2.47058821
59.77138901	2.47058821
59.79999542	2.47058821
59.83285904	2.47058821
59.86144257	2.47058821
59.89015579	2.47058821
59.92290878	2.47058821
59.95157242	2.47058821
59.98023605	2.45098042
60.01295471	2.45098042
60.04177475	2.45098042
60.07036209	2.45098042
60.10312271	2.45098042
60.13177872	2.45098042
60.16049194	2.45098042
60.19330215	2.45098042
60.22201157	2.45098042
60.25057220	2.45098042
60.31206131	2.45098042
60.34093857	2.45098042
60.40227890	2.45098042
60.43083572	2.45098042
60.49235916	2.45098042
60.52100372	2.45098042
60.54957199	2.43137264
60.58243561	2.43137264
60.61111832	2.43137264
60.63986969	2.43137264
60.67267227	2.43137264
60.70126343	2.43137264
60.72986984	2.43137264
60.76271057	2.43137264
60.79134750	2.43137264
60.82001495	2.43137264
60.85289764	2.43137264
60.88147736	2.43137264
60.91011047	2.43137264
60.94285202	2.43137264
60.97161484	2.43137264
61.00017929	2.43137264
61.03303909	2.45098042
61.06175995	2.45098042
61.09038925	2.45098042
61.12309265	2.45098042
61.15189743	2.45098042
61.18039703	2.45098042
61.21320343	2.45098042
61.24195099	2.45098042
61.27065659	2.45098042
61.30332565	2.45098042
61.33210373	2.45098042
61.36083984	2.45098042
61.39344406	2.45098042
61.42227173	2.45098042
61.45085526	2.45098042
61.48368073	2.45098042
61.51234436	2.45098042
61.54100800	2.45098042
61.57382584	2.45098042
61.60251999	2.45098042
61.63111877	2.45098042
61.66387177	2.45098042
61.69264221	2.45098042
61.72122192	2.45098042
61.75399780	2.45098042
61.78286743	2.45098042
61.81131744	2.45098042
61.84412766	2.45098042
61.87282562	2.45098042
61.90148926	2.45098042
61.93417358	2.45098042
61.96300888	2.45098042
61.99158478	2.45098042
62.02429581	2.45098042
62.05313110	2.45098042
62.08172989	2.45098042
62.11448669	2.45098042
62.14316177	2.45098042
62.17193222	2.45098042
62.20459366	2.47058821
62.23324585	2.47058821
62.26197052	2.47058821
62.29471970	2.47058821
62.32336807	2.47058821
62.35210419	2.47058821
62.38479996	2.47058821
62.41349792	2.47058821
62.44227600	2.47058821
62.50355911	2.47058821
62.53236389	2.47058821
62.59386826	2.47058821
62.62241745	2.47058821
62.68385696	2.47058821
62.71263504	2.47058821
62.74116135	2.47058821
62.77396011	2.47058821
62.80270767	2.47058821
62.83138657	2.47058821
62.86413193	2.47058821
62.89281082	2.47058821
62.92144775	2.47058821
62.95425034	2.47058821
62.98299408	2.47058821
63.01154327	2.47058821
63.04434586	2.47058821
63.07306671	2.47058821
63.10173798	2.47058821
63.13439941	2.49019599
63.16324615	2.49019599
63.19189072	2.49019599
63.22459412	2.49019599
63.25327301	2.49019599
63.28196335	2.49019599
63.31473923	2.49019599
63.34335327	2.49019599
63.37203217	2.49019599
63.40485764	2.49019599
63.43339157	2.49019599
63.46217728	2.49019599
63.49492264	2.49019599
63.52360916	2.49019599
63.55234909	2.49019599
63.58511734	2.49019599
63.61385345	2.49019599
63.64244461	2.49019599
63.67526245	2.49019599
63.70389938	2.49019599
63.73260498	2.49019599
63.76539612	2.49019599
63.79401398	2.49019599
63.82276535	2.49019599
63.85546875	2.49019599
63.88405991	2.49019599
63.91285324	2.49019599
63.94552994	2.49019599
63.97417831	2.49019599
64.00299072	2.49019599
64.03572083	2.49019599
64.06436157	2.49019599
64.09315491	2.49019599
64.12589264	2.49019599
64.15454102	2.47058821
64.18315887	2.47058821
64.21600342	2.47058821
64.24457550	2.47058821
64.27336121	2.47058821
64.30603790	2.47058821
64.33484650	2.47058821
64.36347198	2.47058821
64.39622498	2.47058821
64.42479706	2.47058821
64.45360565	2.47058821
64.48635864	2.47058821
64.51493073	2.47058821
64.54354858	2.47058821
64.57649231	2.47058821
64.60508728	2.47058821
64.63377380	2.47058821
64.69517517	2.47058821
64.72385406	2.47058821
64.78531647	2.47058821
64.81391144	2.47058821
64.87537384	2.45098042
64.90407562	2.45098042
64.93273926	2.45098042
64.96559143	2.45098042
64.99411774	2.45098042
65.02297974	2.45098042
65.05567169	2.45098042
65.08432007	2.45098042
65.11309814	2.45098042
65.14580536	2.45098042
65.17442322	2.45098042
65.20315552	2.45098042
65.23595428	2.45098042
65.26464844	2.45098042
65.29334259	2.45098042
65.32603455	2.45098042
65.35482025	2.45098042
65.38344574	2.45098042
65.41622162	2.45098042
65.44477844	2.45098042
65.47359467	2.47058821
65.50631714	2.47058821
65.53493500	2.47058821
65.56366730	2.47058821
65.59645844	2.47058821
65.62505341	2.47058821
65.65379333	2.47058821
65.68653870	2.47058821
65.71521759	2.47058821
65.74381256	2.47058821
65.77664948	2.47058821
65.80533600	2.47058821
65.83390045	2.47058821
65.86683655	2.47058821
65.89540100	2.47058821
65.92404175	2.47058821
65.95693970	2.47058821
65.98551941	2.47058821
66.01414490	2.47058821
66.04711151	2.47058821
66.07562256	2.47058821
66.10427094	2.47058821
66.13701630	2.47058821
66.16582489	2.47058821
66.19439697	2.47058821
66.22721100	2.47058821
66.25599670	2.47058821
66.28454590	2.47058821
66.31733704	2.47058821
66.34619904	2.47058821
66.37485504	2.47058821
66.40746307	2.47058821
66.43623352	2.47058821
66.46482849	2.47058821
66.49761963	2.47058821
66.52632904	2.47058821
66.55498505	2.47058821
66.58778381	2.47058821
66.61637115	2.47058821
66.64501190	2.49019599
66.67781067	2.49019599
66.70649719	2.49019599
66.73516846	2.49019599
66.76790619	2.49019599
66.79665375	2.49019599
66.82532501	2.49019599
66.88676453	2.49019599
66.91539001	2.49019599
66.97695160	2.49019599
67.00548553	2.49019599
67.06707001	2.49019599
67.09572601	2.49019599
67.12427521	2.49019599
67.15721130	2.49019599
67.18583679	2.49019599
67.21440125	2.49019599
67.24723053	2.49019599
67.27594757	2.49019599
67.30451202	2.49019599
67.33724213	2.49019599
67.36596680	2.49019599
67.39498138	2.49019599
67.42745972	2.49019599
67.45615387	2.49019599
67.48477936	2.49019599
67.51759338	2.49019599
67.54628754	2.49019599
67.57489777	2.49019599
67.60778809	2.49019599
67.63636017	2.49019599
67.66507721	2.49019599
67.69776917	2.49019599
67.72656250	2.49019599
67.75515747	2.49019599
67.78795624	2.49019599
67.81666565	2.49019599
67.84529877	2.49019599
67.87802124	2.49019599
67.90681458	2.49019599
67.93535614	2.49019599
67.96815491	2.47058821
67.99694061	2.47058821
68.02551270	2.47058821
68.05822754	2.47058821
68.08705902	2.47058821
68.11565399	2.47058821
68.14839935	2.47058821
68.17719269	2.47058821
68.20572662	2.47058821
68.23853302	2.47058821
68.26730347	2.47058821
68.29589081	2.47058821
68.32872009	2.47058821
68.35738373	2.47058821
68.38597107	2.47058821
68.41876984	2.47058821
68.44753265	2.47058821
68.47613525	2.47058821
68.50888824	2.47058821
68.53769684	2.47058821
68.56626892	2.47058821
68.59904480	2.47058821
68.62781525	2.47058821
68.65635681	2.47058821
68.68914032	2.47058821
68.71778107	2.47058821
68.74655914	2.47058821
68.77928925	2.47058821
68.80786133	2.47058821
68.83668518	2.47058821
68.86940002	2.47058821
68.89797974	2.47058821
68.92671204	2.47058821
68.95954895	2.47058821
68.98809052	2.47058821
69.01683807	2.47058821
69.07824707	2.47058821
69.10700989	2.47058821
69.16835785	2.47058821
69.19709778	2.47058821
69.25848389	2.47058821
69.28730774	2.47058821
69.31580353	2.47058821
69.34878540	2.47058821
69.37737274	2.47058821
69.40599823	2.47058821
69.43872833	2.47058821
69.46754456	2.47058821
69.49616241	2.47058821
69.52893829	2.47058821
69.55768585	2.47058821
69.58621979	2.47058821
69.61899567	2.49019599
69.64780426	2.49019599
69.67646027	2.49019599
69.70909119	2.49019599
69.73778534	2.49019599
69.76647949	2.49019599
69.79925537	2.49019599
69.82783508	2.49019599
69.85662842	2.49019599
69.88932037	2.49019599
69.91801453	2.49019599
69.94673920	2.49019599
69.97951508	2.49019599
70.00810242	2.49019599
70.03689575	2.49019599
70.06970215	2.49019599
70.09828949	2.49019599
70.12698364	2.49019599
70.15981293	2.49019599
70.18841553	2.49019599
70.21708679	2.49019599
70.24983215	2.49019599
70.27847290	2.49019599
70.30727386	2.49019599
70.33995056	2.49019599
70.36872864	2.49019599
70.39740753	2.49019599
70.43013763	2.49019599
70.45872498	2.49019599
70.48747253	2.49019599
70.52029419	2.49019599
70.54888916	2.49019599
70.57757568	2.49019599
70.61038971	2.49019599
70.63896942	2.49019599
70.66775513	2.49019599
70.70045471	2.49019599
70.72911835	2.49019599
70.75785828	2.49019599
70.79063416	2.49019599
70.81924438	2.49019599
70.84796143	2.49019599
70.88072968	2.49019599
70.90938568	2.49019599
70.93796539	2.49019599
70.97090912	2.49019599
70.99944305	2.49019599
71.02819061	2.49019599
71.06093597	2.49019599
71.08964539	2.49019599
71.11827087	2.49019599
71.15113068	2.47058821
71.17972565	2.47058821
71.20838165	2.47058821
71.26982117	2.47058821
71.29845428	2.45098042
71.36003876	2.45098042
71.38871765	2.45098042
71.45006561	2.43137264
71.47866821	2.43137264
71.50747681	2.43137264
71.54026031	2.41176462
71.56881714	2.41176462
71.59756470	2.41176462
71.63030243	2.41176462
71.65901947	2.41176462
71.68769073	2.41176462
71.72051239	2.41176462
71.74909210	2.39215684
71.77792358	2.39215684
71.81062317	2.39215684
71.83930206	2.39215684
71.86805725	2.39215684
71.90076447	2.39215684
71.92939758	2.39215684
71.95809174	2.39215684
71.99087524	2.39215684
72.01951599	2.39215684
72.04806519	2.39215684
72.08094788	2.39215684
72.10960388	2.39215684
72.13822937	2.39215684
72.17112732	2.39215684
72.19968414	2.39215684
72.22830963	2.39215684
72.26116180	2.37254906
72.28986359	2.37254906
72.31851959	2.37254906
72.35144043	2.37254906
72.37995148	2.37254906
72.40875244	2.37254906
72.44150543	2.37254906
72.47016907	2.37254906
72.49880219	2.37254906
72.53153992	2.37254906
72.56024933	2.37254906
72.58898926	2.37254906
72.62171173	2.37254906
72.65032959	2.37254906
72.67893219	2.37254906
72.71172333	2.37254906
72.74051666	2.37254906
72.76908875	2.37254906
72.80180359	2.35294127
72.83063507	2.35294127
72.85919952	2.35294127
72.89196777	2.35294127
72.92070770	2.35294127
72.94936371	2.35294127
72.98207092	2.35294127
73.01088715	2.35294127
73.03950500	2.35294127
73.07228851	2.35294127
73.10102844	2.35294127
73.12972260	2.35294127
73.16229248	2.35294127
73.19111633	2.35294127
73.21971893	2.35294127
73.25249481	2.35294127
73.28132629	2.35294127
73.30992889	2.35294127
73.34280396	2.35294127
73.37142181	2.35294127
73.40001678	2.35294127
73.46151733	2.35294127
73.49011993	2.35294127
73.55166626	2.35294127
73.58023834	2.35294127
73.64176941	2.35294127
73.67036438	2.35294127
73.69905090	2.35294127
73.73175812	2.35294127
73.76057434	2.35294127
73.78912354	2.35294127
73.82192230	2.35294127
73.85064697	2.35294127
73.87929535	2.37254906
73.91200256	2.37254906
73.94074249	2.37254906
73.96934509	2.37254906
74.00212860	2.37254906
74.03092194	2.37254906
74.05949402	2.37254906
74.09223938	2.37254906
74.12100220	2.37254906
74.14974976	2.37254906
74.18235779	2.37254906
74.21117401	2.37254906
74.23974609	2.37254906
74.27247620	2.37254906
74.30116272	2.37254906
74.32986450	2.37254906
74.36277008	2.37254906
74.39137268	2.37254906
74.42001343	2.37254906
74.45278931	2.37254906
74.48149109	2.37254906
74.51016235	2.39215684
74.54286194	2.39215684
74.57169342	2.39215684
74.60023499	2.39215684
74.63305664	2.39215684
74.66178131	2.39215684
74.69036865	2.39215684
74.72308350	2.39215684
74.75187683	2.39215684
74.78048706	2.39215684
74.81322479	2.39215684
74.84196472	2.39215684
74.87060547	2.39215684
74.90335083	2.39215684
74.93207550	2.39215684
74.96073151	2.41176462
74.99348450	2.41176462
75.02211761	2.41176462
75.05088043	2.41176462
75.08361816	2.41176462
75.11222839	2.41176462
75.14101410	2.41176462
75.17374420	2.41176462
75.20234680	2.41176462
75.23112488	2.41176462
75.26390076	2.41176462
75.29248047	2.41176462
75.32128906	2.41176462
75.35398865	2.41176462
75.38280487	2.41176462
75.41136932	2.41176462
75.44419098	2.41176462
75.47272491	2.41176462
75.50148773	2.41176462
75.53424835	2.41176462
75.56285095	2.41176462
75.59161377	2.41176462
75.65295410	2.41176462
75.68173981	2.41176462
75.74306488	2.41176462
75.77184296	2.41176462
75.83321381	2.41176462
75.86196899	2.41176462
75.89057922	2.41176462
75.92336273	2.41176462
75.95211792	2.41176462
75.98072815	2.41176462
76.01352692	2.41176462
76.04223633	2.41176462
76.07090759	2.41176462
76.10359955	2.41176462
76.13227081	2.41176462
76.16096497	2.41176462
76.19377899	2.41176462
76.22236633	2.41176462
76.25110626	2.41176462
76.28385162	2.41176462
76.31250000	2.43137264
76.34122467	2.43137264
76.37393951	2.43137264
76.40272522	2.43137264
76.43139648	2.43137264
76.46409607	2.43137264
76.49270630	2.43137264
76.52153778	2.43137264
76.55418396	2.43137264
76.58283234	2.43137264
76.61161041	2.43137264
76.64435577	2.43137264
76.67295837	2.43137264
76.70173645	2.43137264
76.73448944	2.43137264
76.76313782	2.43137264
76.79185486	2.43137264
76.82466125	2.43137264
76.85321045	2.43137264
76.88201904	2.43137264
76.91481018	2.43137264
76.94333649	2.43137264
76.97204590	2.43137264
77.00487518	2.43137264
77.03347015	2.43137264
77.06221771	2.43137264
77.09491730	2.43137264
77.12372589	2.43137264
77.15234375	2.43137264
77.18505859	2.43137264
77.21369934	2.43137264
77.24249268	2.43137264
77.27528381	2.43137264
77.30386353	2.43137264
77.33247375	2.43137264
77.36535645	2.43137264
77.39395905	2.43137264
77.42272949	2.43137264
77.45552063	2.43137264
77.48407745	2.43137264
77.51269531	2.43137264
77.54557800	2.43137264
77.57426453	2.43137264
77.60282898	2.43137264
77.63577271	2.43137264
77.66435242	2.43137264
77.69300079	2.43137264
77.72573090	2.43137264
77.75450134	2.43137264
77.78308105	2.43137264
77.84458160	2.43137264
77.87325287	2.43137264
77.93467712	2.43137264
77.96331787	2.43137264
78.02481842	2.43137264
78.05346680	2.43137264
78.08221436	2.43137264
78.11495972	2.43137264
78.14371490	2.43137264
78.17234039	2.43137264
78.20509338	2.43137264
78.23368073	2.43137264
78.26245117	2.43137264
78.29519653	2.43137264
78.32388306	2.43137264
78.35259247	2.43137264
78.38537598	2.43137264
78.41397858	2.43137264
78.44277954	2.43137264
78.47548676	2.43137264
78.50408936	2.43137264
78.53271484	2.45098042
78.56558990	2.45098042
78.59419250	2.47058821
78.62284088	2.47058821
78.65570831	2.58823538
78.68433380	2.56862736
78.71292877	2.54901958
78.74581909	2.50980401
78.77445221	2.49019599
78.80307770	2.50980401
78.83595276	2.49019599
78.86456299	2.49019599
78.89319611	2.49019599
78.92608643	2.47058821
78.95468903	2.47058821
78.98330688	2.45098042
79.01602173	2.45098042
79.04471588	2.47058821
79.07340240	2.47058821
79.10615540	2.47058821
79.13500214	2.47058821
79.16371155	2.45098042
79.19637299	2.45098042
79.22506714	2.45098042
79.25376892	2.45098042
79.28642273	2.45098042
79.31522369	2.45098042
79.34381866	2.45098042
79.37669373	2.45098042
79.40531921	2.45098042
79.43395996	2.45098042
79.46666718	2.45098042
79.49544525	2.45098042
79.52405548	2.45098042
79.55682373	2.45098042
79.58556366	2.47058821
79.61418915	2.47058821
79.64698029	2.47058821
79.67569733	2.47058821
79.70436859	2.47058821
79.73709869	2.47058821
79.76582336	2.47058821
79.79444885	2.47058821
79.82725525	2.47058821
79.85594940	2.47058821
79.88467407	2.47058821
79.91728210	2.47058821
79.94610596	2.47058821
79.97467041	2.47058821
80.03613281	2.45098042
80.06480408	2.45098042
80.12622070	2.45098042
80.15493774	2.45098042
80.21630859	2.45098042
80.24506378	2.45098042
80.27365875	2.43137264
80.30642700	2.43137264
80.33524323	2.43137264
80.36379242	2.43137264
80.39672852	2.43137264
80.42529297	2.41176462
80.45399475	2.41176462
80.48667145	2.41176462
80.51549530	2.41176462
80.54405212	2.41176462
80.57682800	2.39215684
80.60556793	2.39215684
80.63423920	2.39215684
80.66690826	2.37254906
80.69577789	2.37254906
80.72426605	2.37254906
80.75708771	2.37254906
80.78576660	2.35294127
80.81438446	2.35294127
80.84715271	2.35294127
80.87603760	2.35294127
80.90451813	2.35294127
80.93733215	2.33333325
80.96604919	2.33333325
80.99469757	2.33333325
81.02741241	2.33333325
81.05618286	2.33333325
81.08479309	2.33333325
81.11757660	2.31372547
81.14631653	2.31372547
81.17491150	2.31372547
81.20774841	2.31372547
81.23643494	2.31372547
81.26510620	2.31372547
81.29779053	2.31372547
81.32661438	2.31372547
81.35518646	2.31372547
81.38797760	2.33333325
81.41668701	2.33333325
81.44536591	2.33333325
81.47802734	2.33333325
81.50679016	2.33333325
81.53545380	2.33333325
81.56826019	2.33333325
81.59677887	2.33333325
81.62556458	2.33333325
81.65827942	2.33333325
81.68692017	2.33333325
81.71567535	2.33333325
81.74842834	2.33333325
81.77702332	2.33333325
81.80583191	2.33333325
81.83854675	2.33333325
81.86719513	2.33333325
81.89585876	2.33333325
81.92867279	2.33333325
81.95732880	2.33333325
81.98606110	2.33333325
82.01885223	2.33333325
82.04739380	2.33333325
82.07623291	2.33333325
82.10894012	2.35294127
82.13774109	2.35294127
82.16630554	2.35294127
82.22760010	2.35294127
82.25644684	2.35294127
82.31790161	2.35294127
82.34654236	2.35294127
82.40786743	2.35294127
82.43669128	2.35294127
82.46529388	2.35294127
82.49806976	2.35294127
82.52664948	2.35294127
82.55545044	2.35294127
82.58814240	2.35294127
82.61678314	2.35294127
82.64556885	2.35294127
82.67830658	2.35294127
82.70690155	2.35294127
82.73567200	2.35294127
82.76845551	2.35294127
82.79703522	2.35294127
82.82582855	2.35294127
82.85854340	2.35294127
82.88720703	2.35294127
82.91591644	2.35294127
82.94870758	2.35294127
82.97726440	2.35294127
83.00598145	2.35294127
83.03878021	2.35294127
83.06742859	2.33333325
83.09608459	2.33333325
83.12899017	2.33333325
83.15763855	2.33333325
83.18627167	2.33333325
83.21903229	2.31372547
83.24764252	2.31372547
83.27640533	2.31372547
83.30918121	2.31372547
83.33780670	2.31372547
83.36656952	2.31372547
83.39927673	2.29411769
83.42794037	2.29411769
83.45665741	2.29411769
83.48941040	2.29411769
83.51807404	2.29411769
83.54678345	2.29411769
83.57956696	2.29411769
83.60813141	2.29411769
83.63697052	2.29411769
83.66969299	2.29411769
83.69827271	2.29411769
83.72686005	2.29411769
83.75987244	2.29411769
83.78837585	2.29411769
83.81697845	2.29411769
83.84990692	2.27450991
83.87855530	2.27450991
83.90718842	2.27450991
83.94012451	2.27450991
83.96862030	2.27450991
83.99729156	2.27450991
84.03014374	2.27450991
84.05879211	2.27450991
84.08736420	2.27450991
84.12030792	2.29411769
84.14887238	2.29411769
84.17767334	2.29411769
84.21031952	2.29411769
84.23905945	2.29411769
84.26761627	2.29411769
84.30039215	2.29411769
84.32918549	2.29411769
84.35774231	2.29411769
84.41925812	2.29411769
84.44789886	2.29411769
84.50946045	2.31372547
84.53799438	2.31372547
84.59950256	2.31372547
84.62812042	2.31372547
84.65689087	2.31372547
84.68966675	2.31372547
84.71824646	2.31372547
84.74704742	2.31372547
84.77975464	2.31372547
84.80841827	2.31372547
84.83706665	2.31372547
84.86992645	2.31372547
84.89856720	2.31372547
84.92711639	2.31372547
84.96000671	2.31372547
84.98866272	2.31372547
85.01725769	2.31372547
85.05014038	2.31372547
85.07884216	2.31372547
85.10736847	2.31372547
85.14033508	2.31372547
85.16887665	2.31372547
85.19770050	2.31372547
85.23043060	2.31372547
85.25898743	2.31372547
85.28760529	2.31372547
85.32036591	2.31372547
85.34918976	2.31372547
85.37774658	2.31372547
85.41063690	2.31372547
85.43924713	2.31372547
85.46784973	2.31372547
85.50064850	2.31372547
85.52934265	2.31372547
85.55796051	2.31372547
85.59072876	2.31372547
85.61949921	2.31372547
85.64812469	2.31372547
85.68088531	2.31372547
85.70962524	2.31372547
85.73824310	2.31372547
85.77103424	2.31372547
85.79973602	2.31372547
85.82836151	2.31372547
85.86111450	2.31372547
85.88993073	2.31372547
85.91864014	2.31372547
85.95128632	2.31372547
85.97995758	2.31372547
86.00868225	2.31372547
86.04129791	2.31372547
86.07018280	2.31372547
86.09870911	2.31372547
86.13158417	2.31372547
86.16024780	2.31372547
86.18884277	2.31372547
86.22167206	2.31372547
86.25038147	2.31372547
86.27896881	2.31372547
86.31169891	2.31372547
86.34046936	2.31372547
86.36910248	2.31372547
86.40192413	2.31372547
86.43059540	2.31372547
86.45927429	2.29411769
86.49201965	2.29411769
86.52066803	2.29411769
86.54934692	2.29411769
86.61074066	2.29411769
86.63954926	2.29411769
86.70092010	2.29411769
86.72948456	2.27450991
86.79096222	2.27450991
86.81973267	2.27450991
86.84828186	2.27450991
86.88117981	2.27450991
86.90984344	2.27450991
86.93861389	2.27450991
86.97122955	2.27450991
86.99993896	2.27450991
87.02864838	2.27450991
87.06135559	2.27450991
87.09011078	2.27450991
87.11873627	2.27450991
87.15159607	2.27450991
87.18021393	2.27450991
87.20890808	2.27450991
87.24160767	2.27450991
87.27039337	2.27450991
87.29897308	2.27450991
87.33174896	2.27450991
87.36047363	2.27450991
87.38916016	2.27450991
87.42186737	2.27450991
87.45067596	2.27450991
87.47914124	2.27450991
87.51210022	2.27450991
87.54069519	2.27450991
87.56938171	2.27450991
87.60205841	2.27450991
87.63089752	2.27450991
87.65943146	2.27450991
87.69222260	2.27450991
87.72089386	2.29411769
87.74963379	2.29411769
87.78235626	2.29411769
87.81096649	2.29411769
87.83972931	2.29411769
87.87247467	2.29411769
87.90110016	2.29411769
87.92984772	2.29411769
87.96264648	2.29411769
87.99121094	2.29411769
88.02003479	2.31372547
88.05271912	2.31372547
88.08135986	2.31372547
88.11010742	2.31372547
88.14289093	2.31372547
88.17160034	2.31372547
88.20030212	2.31372547
88.23296356	2.31372547
88.26160431	2.31372547
88.29030609	2.31372547
88.32312775	2.31372547
88.35167694	2.31372547
88.38044739	2.31372547
88.41323090	2.31372547
88.44184875	2.31372547
88.47060394	2.31372547
88.50333405	2.31372547
88.53196716	2.31372547
88.56072998	2.31372547
88.59350586	2.31372547
88.62207031	2.31372547
88.65084076	2.31372547
88.68358612	2.29411769
88.71214294	2.29411769
88.74098206	2.29411769
88.80233002	2.29411769
88.83119202	2.29411769
88.89265442	2.27450991
88.92109680	2.27450991
88.98257446	2.27450991
89.01120758	2.27450991
89.07265472	2.25490189
89.10125732	2.25490189
89.13012695	2.25490189
89.16272736	2.27450991
89.19165802	2.25490189
89.22017670	2.27450991
89.25298309	2.23529410
89.28162384	2.23529410
89.31033325	2.23529410
89.34308624	2.23529410
89.37167358	2.23529410
89.40052795	2.23529410
89.43323517	2.23529410
89.46180725	2.23529410
89.49058533	2.23529410
89.52339172	2.23529410
89.55192566	2.23529410
89.58075714	2.23529410
89.61344910	2.23529410
89.64211273	2.25490189
89.67084503	2.25490189
89.70364380	2.25490189
89.73221588	2.27450991
89.76103210	2.25490189
89.79371643	2.25490189
89.82238770	2.27450991
89.85104370	2.27450991
89.88389587	2.29411769
89.91259766	2.29411769
89.94121552	2.29411769
89.97391510	2.29411769
90.00257874	2.27450991
90.03121185	2.27450991
90.06408691	2.25490189
90.09267426	2.25490189
90.12133026	2.27450991
90.15412903	2.27450991
90.18282318	2.27450991
90.21157837	2.27450991
90.24430847	2.29411769
90.27298737	2.29411769
90.30155182	2.31372547
90.33451080	2.31372547
90.36309052	2.33333325
90.39168549	2.29411769
90.42452240	2.25490189
90.45317841	2.25490189
90.48181915	2.27450991
90.51461029	2.27450991
90.54328156	2.27450991
90.57199860	2.27450991
90.60466003	2.27450991
90.63345337	2.27450991
90.66199493	2.27450991
90.69489288	2.27450991
90.72353363	2.29411769
90.75230408	2.29411769
90.78489685	2.47058821
90.81369019	2.64705873
90.84230042	2.74509811
90.87504578	2.60784316
90.90382385	2.50980401
90.93257141	2.45098042
90.96517944	2.41176462
90.99394989	2.37254906
91.02256012	2.35294127
91.08412170	2.35294127
91.11267853	2.33333325
91.17420197	2.31372547
91.20285797	2.31372547
91.26435089	2.35294127
91.29293060	2.35294127
91.32167816	2.35294127
91.35443115	2.33333325
91.38311768	2.33333325
91.41162872	2.31372547
91.44461060	2.39215684
91.47314453	2.43137264
91.50191498	2.45098042
91.53468323	2.47058821
91.56331635	2.49019599
91.59191895	2.50980401
91.62480927	2.52941179
91.65344238	2.52941179
91.68207550	2.54901958
91.71476746	2.54901958
91.74355316	2.56862736
91.77215576	2.56862736
91.80493164	2.54901958
91.83373260	2.56862736
91.86228180	2.56862736
91.89511108	2.54901958
91.92381287	2.52941179
91.95260620	2.52941179
91.98520660	2.50980401
92.01396942	2.50980401
92.04255676	2.50980401
92.07536316	2.49019599
92.10401917	2.47058821
92.13275146	2.49019599
92.16554260	2.45098042
92.19425201	2.41176462
92.22277069	2.37254906
92.25559998	2.35294127
92.28426361	2.33333325
92.31291962	2.31372547
92.34564972	2.31372547
92.37445068	2.29411769
92.40303040	2.29411769
92.43580627	2.29411769
92.46456146	2.29411769
92.49320221	2.27450991
92.52594757	2.39215684
92.55468750	2.49019599
92.58330536	2.43137264
92.61605072	2.39215684
92.64486694	2.35294127
92.67336273	2.35294127
92.70620728	2.37254906
92.73487854	2.33333325
92.76359558	2.33333325
92.79623413	2.31372547
92.82511902	2.37254906
92.85363007	2.47058821
92.88655853	2.47058821
92.91497803	2.47058821
92.94382477	2.39215684
92.97652435	2.35294127
93.00525665	2.33333325
93.03389740	2.31372547
93.06665802	2.29411769
93.09529877	2.29411769
93.12404633	2.29411769
93.15683746	2.29411769
93.18553925	2.27450991
93.21420288	2.27450991
93.27557373	2.27450991
93.30430603	2.27450991
93.36561584	2.27450991
93.39448547	2.25490189
93.45581818	2.27450991
93.48449707	2.27450991
93.51321411	2.25490189
93.54586792	2.29411769
93.57466888	2.27450991
93.60330963	2.27450991
93.63610077	2.27450991
93.66481781	2.27450991
93.69341278	2.29411769
93.72612762	2.27450991
93.75488281	2.27450991
93.78354645	2.27450991
93.81636047	2.27450991
93.84498596	2.27450991
93.87370300	2.27450991
93.90659332	2.27450991
93.93517303	2.27450991
93.96381378	2.27450991
93.99649811	2.27450991
94.02533722	2.25490189
94.05391693	2.25490189
94.08671570	2.29411769
94.11541748	2.27450991
94.14410400	2.27450991
94.17671967	2.27450991
94.20558929	2.25490189
94.23410034	2.25490189
94.26695251	2.25490189
94.29554749	2.25490189
94.32434845	2.27450991
94.35697174	2.29411769
94.38570404	2.27450991
94.41441345	2.27450991
94.44719696	2.27450991
94.47570801	2.27450991
94.50453186	2.25490189
94.53725433	2.25490189
94.56590271	2.25490189
94.59466553	2.25490189
94.62741852	2.25490189
94.65596008	2.23529410
94.68481445	2.23529410
94.71758270	2.23529410
94.74617004	2.23529410
94.77496338	2.23529410
94.80765533	2.23529410
94.83630371	2.21568632
94.86506653	2.21568632
94.89783478	2.21568632
94.92652893	2.21568632
94.95520020	2.21568632
94.98786163	2.21568632
95.01655579	2.21568632
95.04522705	2.21568632
95.07808685	2.21568632
95.10663605	2.21568632
95.13539124	2.21568632
95.16810608	2.21568632
95.19688416	2.21568632
95.22549438	2.21568632
95.25834656	2.21568632
95.28684998	2.21568632
95.31555176	2.21568632
95.34841156	2.21568632
95.37710571	2.21568632
95.40567780	2.21568632
95.46718597	2.21568632
95.49576569	2.21568632
95.55729675	2.21568632
95.58593750	2.21568632
95.64743042	2.21568632
95.67599487	2.21568632
95.70483398	2.21568632
95.73745728	2.21568632
95.76616669	2.21568632
95.79484558	2.21568632
95.82767487	2.21568632
95.85618591	2.21568632
95.88508606	2.21568632
95.91772461	2.21568632
95.94655609	2.21568632
95.97509766	2.21568632
96.00788116	2.21568632
96.03647614	2.21568632
96.06521606	2.21568632
96.09800720	2.21568632
96.12661743	2.19607854
96.15544128	2.19607854
96.18821716	2.19607854
96.21674347	2.19607854
96.24553680	2.19607854
96.27831268	2.19607854
96.30692291	2.17647052
96.33568573	2.17647052
96.36838531	2.17647052
96.39704132	2.17647052
96.42581177	2.15686274
96.45856476	2.15686274
96.48712921	2.15686274
96.51580811	2.15686274
96.54859161	2.15686274
96.57731628	2.15686274
96.60583496	2.13725495
96.63881683	2.13725495
96.66738892	2.13725495
96.69602966	2.13725495
96.72883606	2.13725495
96.75749969	2.13725495
96.78610992	2.13725495
96.81896210	2.13725495
96.84762573	2.13725495
96.87627411	2.13725495
96.90913391	2.13725495
96.93774414	2.13725495
96.96649170	2.13725495
96.99913788	2.13725495
97.02793121	2.13725495
97.05650330	2.13725495
97.08930969	2.13725495
97.11804199	2.13725495
97.14666748	2.13725495
97.17951965	2.13725495
97.20819092	2.13725495
97.23673248	2.13725495
97.26953125	2.13725495
97.29820251	2.13725495
97.32694244	2.13725495
97.35955811	2.13725495
97.38845062	2.13725495
97.41699982	2.15686274
97.44979095	2.15686274
97.47845459	2.15686274
97.50718689	2.15686274
97.53979492	2.15686274
97.56864166	2.15686274
97.59723663	2.15686274
97.65873718	2.15686274
97.68733215	2.17647052
97.74889374	2.17647052
97.77748871	2.17647052
97.83905029	2.17647052
97.86763763	2.17647052
97.89627075	2.17647052
97.92917633	2.17647052
97.95779419	2.17647052
97.98648071	2.19607854
98.01931000	2.19607854
98.04787445	2.19607854
98.07652283	2.19607854
98.10918427	2.19607854
98.13803864	2.19607854
98.16655731	2.19607854
98.19955444	2.21568632
98.22809601	2.21568632
98.25677490	2.21568632
98.28944397	2.21568632
98.31821442	2.21568632
98.34685516	2.21568632
98.37960052	2.21568632
98.40840149	2.21568632
98.43698883	2.21568632
98.46971893	2.21568632
98.49848175	2.21568632
98.52708435	2.21568632
98.55989075	2.23529410
98.58867645	2.23529410
98.61721802	2.23529410
98.65001678	2.23529410
98.67870331	2.23529410
98.70753479	2.23529410
98.74011230	2.23529410
98.76885223	2.23529410
98.79747009	2.23529410
98.83027649	2.23529410
98.85893250	2.23529410
98.88768005	2.23529410
98.92044067	2.23529410
98.94915771	2.23529410
98.97766876	2.23529410
99.01051331	2.23529410
99.03913116	2.23529410
99.06777954	2.23529410
99.10053253	2.23529410
99.12932587	2.23529410
99.15797424	2.23529410
99.19075775	2.25490189
99.21948242	2.25490189
99.24810028	2.25490189
99.28091431	2.25490189
99.30942535	2.25490189
99.33821869	2.25490189
99.37101746	2.25490189
99.39963531	2.25490189
99.42834473	2.25490189
99.46114349	2.25490189
99.48973846	2.25490189
99.51853180	2.25490189
99.55123901	2.25490189
99.57987976	2.25490189
99.60861206	2.25490189
99.64139557	2.25490189
99.66991425	2.25490189
99.69878387	2.25490189
99.73143005	2.25490189
99.76012421	2.25490189
99.78889465	2.25490189
99.85019684	2.25490189
99.87900543	2.25490189
99.94046783	2.25490189
99.96913910	2.25490189
100.03050232	2.25490189
100.05917358	2.25490189
100.08787537	2.25490189
100.12059021	2.25490189
100.14934540	2.25490189
100.17790985	2.25490189
100.21071625	2.25490189
100.23945618	2.25490189
100.26813507	2.25490189
100.30083466	2.25490189
100.32958221	2.25490189
100.35816956	2.25490189
100.39102936	2.25490189
100.41972351	2.25490189
100.44837189	2.25490189
100.48107910	2.25490189
100.50969696	2.25490189
100.53841400	2.25490189
100.57125092	2.25490189
100.59983063	2.25490189
100.62861633	2.25490189
100.66139221	2.25490189
100.68991852	2.25490189
100.71875763	2.25490189
100.75145721	2.25490189
100.78009796	2.25490189
100.80884552	2.25490189
100.84162140	2.25490189
100.87019348	2.25490189
100.89900970	2.25490189
100.93170166	2.25490189
100.96047211	2.25490189
100.98904419	2.25490189
101.02184296	2.25490189
101.05045319	2.25490189
101.07927704	2.25490189
101.11193085	2.25490189
101.14054871	2.25490189
101.16928864	2.25490189
101.20212555	2.25490189
101.23068237	2.25490189
101.25952148	2.25490189
101.29222107	2.25490189
101.32084656	2.25490189
101.34959412	2.25490189
101.38225555	2.25490189
101.41094971	2.25490189
101.43972015	2.25490189
101.47250366	2.25490189
101.50107574	2.25490189
101.52994537	2.25490189
101.56254578	2.25490189
101.59123993	2.25490189
101.61995697	2.25490189
101.65275574	2.25490189
101.68141937	2.25490189
101.71013641	2.25490189
101.74279785	2.25490189
101.77145386	2.25490189
101.80001831	2.25490189
101.83289337	2.25490189
101.86158752	2.25490189
101.89024353	2.25490189
101.92308044	2.25490189
101.95169067	2.25490189
101.98040771	2.25490189
102.04183197	2.25490189
102.07049561	2.25490189
102.13193512	2.25490189
102.16049957	2.25490189
102.22212982	2.25490189
102.25072479	2.25490189
102.27956390	2.25490189
102.31214905	2.25490189
102.34084320	2.25490189
102.36959076	2.25490189
102.40235901	2.25490189
102.43091583	2.25490189
102.45975494	2.25490189
102.49243164	2.25490189
102.52109528	2.25490189
102.54976654	2.25490189
102.58257294	2.25490189
102.61112213	2.25490189
102.64000702	2.25490189
102.67270660	2.25490189
102.70150757	2.25490189
102.72997284	2.25490189
102.76277924	2.25490189
102.79137421	2.25490189
102.82025909	2.25490189
102.85295105	2.25490189
102.88156891	2.25490189
102.91017914	2.25490189
102.94306183	2.25490189
102.97164917	2.25490189
103.00043488	2.25490189
103.03324127	2.25490189
103.06180573	2.25490189
103.09046936	2.25490189
103.12334442	2.25490189
103.15196228	2.25490189
103.18056488	2.25490189
103.21343994	2.25490189
103.24204254	2.25490189
103.27072144	2.25490189
103.30342102	2.25490189
103.33221436	2.25490189
103.36073303	2.25490189
103.39348602	2.25490189
103.42228699	2.25490189
103.45095825	2.25490189
103.48367310	2.25490189
103.51255798	2.25490189
103.54098511	2.25490189
103.57377625	2.25490189
103.60256195	2.25490189
103.63116455	2.25490189
103.66392517	2.25490189
103.69274902	2.25490189
103.72138977	2.25490189
103.75401306	2.25490189
103.78285980	2.25490189
103.81142426	2.25490189
103.84420013	2.25490189
103.87292480	2.25490189
103.90158844	2.25490189
103.93434143	2.25490189
103.96298218	2.25490189
103.99160004	2.25490189
104.02445984	2.25490189
104.05319214	2.25490189
104.08183289	2.25490189
104.11452484	2.25490189
104.14335632	2.25490189
104.17186737	2.25490189
104.23338318	2.25490189
104.26209259	2.25490189
104.32358551	2.25490189
104.35211182	2.25490189
104.41362000	2.25490189
104.44233704	2.25490189
104.47091675	2.25490189
104.50366211	2.25490189
104.53241730	2.25490189
104.56106567	2.25490189
104.59384918	2.25490189
104.62252808	2.25490189
104.65122223	2.25490189
104.68395233	2.25490189
104.71273041	2.25490189
104.74143982	2.25490189
104.77410889	2.25490189
104.80278778	2.25490189
104.83145905	2.25490189
104.86410522	2.25490189
104.89297485	2.25490189
104.92147064	2.25490189
104.95445251	2.25490189
104.98300171	2.25490189
105.01172638	2.25490189
105.04433441	2.25490189
105.07320404	2.25490189
105.10174561	2.25490189
105.13457489	2.25490189
105.16316986	2.25490189
105.19200897	2.25490189
105.22460938	2.25490189
105.25345612	2.25490189
105.28202057	2.25490189
105.31476593	2.25490189
105.34358215	2.25490189
105.37216187	2.25490189
105.40492249	2.25490189
105.43366241	2.25490189
105.46234131	2.25490189
105.49507141	2.25490189
105.52378082	2.25490189
105.55239868	2.25490189
105.58521271	2.25490189
105.61386871	2.25490189
105.64258575	2.25490189
105.67524719	2.25490189
105.70408630	2.25490189
105.73258209	2.25490189
105.76544189	2.25490189
105.79399109	2.25490189
105.82284546	2.25490189
105.85552216	2.25490189
105.88418579	2.25490189
105.91281128	2.25490189
105.94566345	2.25490189
105.97436523	2.25490189
106.00302124	2.25490189
106.03581238	2.25490189
106.06440735	2.25490189
106.09320068	2.25490189
106.12593079	2.25490189
106.15455627	2.25490189
106.18328094	2.25490189
106.21608734	2.25490189
106.24464417	2.25490189
106.27342987	2.25490189
106.30615997	2.25490189
106.33480072	2.25490189
106.36354065	2.25490189
106.42481995	2.25490189
106.45371246	2.25490189
106.51501465	2.25490189
106.54373932	2.25490189
106.60511017	2.25490189
106.63385773	2.25490189
106.66260529	2.25490189
106.69542694	2.25490189
106.72402954	2.25490189
106.75260162	2.25490189
106.78544617	2.25490189
106.81423950	2.25490189
106.84277344	2.25490189
106.87552643	2.25490189
106.90426636	2.25490189
106.93291473	2.25490189
106.96564484	2.25490189
106.99442291	2.25490189
107.02299500	2.25490189
107.05579376	2.25490189
107.08438873	2.25490189
107.11312866	2.25490189
107.14595795	2.25490189
107.17449951	2.25490189
107.20327759	2.25490189
107.23600006	2.25490189
107.26462555	2.25490189
107.29339600	2.25490189
107.32614136	2.25490189
107.35474396	2.25490189
107.38350677	2.25490189
107.41632080	2.25490189
107.44493866	2.25490189
107.47369385	2.25490189
107.50647736	2.25490189
107.53501129	2.25490189
107.56375122	2.25490189
107.59661865	2.25490189
107.62517548	2.25490189
107.65393829	2.25490189
107.68663025	2.25490189
107.71536255	2.25490189
107.74404144	2.25490189
107.77674103	2.25490189
107.80541992	2.25490189
107.83412933	2.25490189
107.86691284	2.25490189
107.89548492	2.25490189
107.92427063	2.25490189
107.95701599	2.25490189
107.98562622	2.25490189
108.01437378	2.25490189
108.04714203	2.25490189
108.07572174	2.25490189
108.10443115	2.25490189
108.13725281	2.25490189
108.16586304	2.25490189
108.19449615	2.25490189
108.22743988	2.25490189
108.25605011	2.25490189
108.28468323	2.25490189
108.31761932	2.25490189
108.34611511	2.25490189
108.37471771	2.25490189
108.40767670	2.25490189
108.43626404	2.25490189
108.46485901	2.25490189
108.49774170	2.25490189
108.52635193	2.25490189
108.55503082	2.25490189
108.61643219	2.25490189
108.64508820	2.25490189
108.70663452	2.25490189
108.73538208	2.25490189
108.79675293	2.25490189
108.82535553	2.25490189
108.85413361	2.25490189
108.88688660	2.25490189
108.91548157	2.25490189
108.94426727	2.25490189
108.97704315	2.25490189
109.00559998	2.25490189
109.03430939	2.25490189
109.06703949	2.25490189
109.09564209	2.25490189
109.12452698	2.25490189
109.15724945	2.25490189
109.18589020	2.25490189
109.21459961	2.25490189
109.24739838	2.25490189
109.27598572	2.25490189
109.30476379	2.25490189
109.33749390	2.25490189
109.36612701	2.25490189
109.39468384	2.25490189
109.42764282	2.25490189
109.45622253	2.25490189
109.48487091	2.25490189
109.51775360	2.25490189
109.54631042	2.25490189
109.57499695	2.25490189
109.60788727	2.25490189
109.63652802	2.25490189
109.66510010	2.25490189
109.69784546	2.25490189
109.72662354	2.25490189
109.75534821	2.25490189
109.78817749	2.25490189
109.81669617	2.25490189
109.84538269	2.25490189
109.87815857	2.25490189
109.90688324	2.25490189
109.93547821	2.25490189
109.96841431	2.25490189
109.99696350	2.25490189
110.02558136	2.25490189
110.05839539	2.25490189
110.08710480	2.25490189
110.11579132	2.25490189
110.14859009	2.25490189
110.17726135	2.25490189
110.20584869	2.25490189
110.23859406	2.25490189
110.26735687	2.25490189
110.29602814	2.25490189
110.32871246	2.25490189
110.35749054	2.25490189
110.38609314	2.25490189
110.41885376	2.25490189
110.44759369	2.25490189
110.47621918	2.25490189
110.50904846	2.25490189
110.53778839	2.25490189
110.56645203	2.25490189
110.59914398	2.25490189
110.62783813	2.25490189
110.65646362	2.25490189
110.68936157	2.25490189
110.71799469	2.25490189
110.74656677	2.25490189
110.80812836	2.25490189
110.83670044	2.25490189
110.89820099	2.25490189
110.92682648	2.25490189
110.98834991	2.25490189
111.01696014	2.25490189
111.07834625	2.25490189
111.10710144	2.25490189
111.13569641	2.25490189
111.16848755	2.25490189
111.19726563	2.25490189
111.22582245	2.25490189
111.25859070	2.23529410
111.28735352	2.23529410
111.31597137	2.23529410
111.34880829	2.23529410
111.37748718	2.23529410
111.40619659	2.23529410
111.43889618	2.23529410
111.46756744	2.25490189
111.49634552	2.25490189
111.52895355	2.25490189
111.55767822	2.25490189
111.58633423	2.25490189
111.61909485	2.25490189
111.64782715	2.25490189
111.67644501	2.25490189
111.70934296	2.25490189
111.73797607	2.25490189
111.76657867	2.25490189
111.79933929	2.25490189
111.82810211	2.25490189
111.85670471	2.25490189
111.88944244	2.25490189
111.91822052	2.25490189
111.94682312	2.25490189
111.97955322	2.25490189
112.00833130	2.25490189
112.03697205	2.25490189
112.06970215	2.25490189
112.09851837	2.25490189
112.12709808	2.25490189
112.15986633	2.25490189
112.18845367	2.25490189
112.21717072	2.25490189
112.24996185	2.25490189
112.27857971	2.25490189
112.30731964	2.25490189
112.34006500	2.25490189
112.36870575	2.25490189
112.39744568	2.25490189
112.43023682	2.25490189
112.45881653	2.25490189
112.48757172	2.25490189
112.52032471	2.25490189
112.54894257	2.25490189
112.57771301	2.25490189
112.61044312	2.25490189
112.63906097	2.25490189
112.66783905	2.25490189
112.70056915	2.25490189
112.72933960	2.25490189
112.75801086	2.25490189
112.79071808	2.25490189
112.81930542	2.25490189
112.84808350	2.25490189
112.88085175	2.25490189
112.90949249	2.25490189
112.93820190	2.25490189
112.97099304	2.25490189
112.99952698	2.25490189
113.02836609	2.25490189
113.08972168	2.25490189
113.11838531	2.25490189
113.17978668	2.25490189
113.20857239	2.25490189
113.26999664	2.25490189
113.29867554	2.25490189
113.32738495	2.25490189
113.36007690	2.25490189
113.38874817	2.25490189
113.41744232	2.25490189
113.45020294	2.25490189
113.47869873	2.25490189
113.50758362	2.25490189
113.54031372	2.25490189
113.56896973	2.25490189
113.59774780	2.25490189
113.63043976	2.25490189
113.65904999	2.25490189
113.68782043	2.25490189
113.72055054	2.25490189
113.74930573	2.25490189
113.77795410	2.25490189
113.81072998	2.25490189
113.83928680	2.25490189
113.86807251	2.25490189
113.90080261	2.25490189
113.92951965	2.23529410
113.95819855	2.23529410
113.99089813	2.23529410
114.01951599	2.23529410
114.04831696	2.23529410
114.08104706	2.21568632
114.10966492	2.21568632
114.13848114	2.21568632
114.17119598	2.19607854
114.19985962	2.19607854
114.22851563	2.19607854
114.26137543	2.17647052
114.28995514	2.17647052
114.31869507	2.17647052
114.35144806	2.15686274
114.38011169	2.15686274
114.40881348	2.15686274
114.44152069	2.13725495
114.47030640	2.13725495
114.49893188	2.13725495
114.53168488	2.13725495
114.56030273	2.11764717
114.58893585	2.11764717
114.62181091	2.11764717
114.65043640	2.11764717
114.67904663	2.09803915
114.71194458	2.09803915
114.74050903	2.09803915
114.76931000	2.09803915
114.80215454	2.09803915
114.83072662	2.07843137
114.85929108	2.07843137
114.89218903	2.07843137
114.92080688	2.07843137
114.94946289	2.05882359
114.98233032	2.05882359
115.01095581	2.05882359
115.03955078	2.03921580
115.07250214	2.03921580
115.10106659	2.01960778
115.12968445	2.01960778
115.16242218	2.01960778
115.19120026	2.00000000
115.21977234	2.00000000
115.28129578	1.98039210
115.30992126	1.98039210
115.37141418	1.96078432
115.40003967	1.96078432
115.46154785	1.96078432
115.49031067	1.94117641
115.51892853	1.94117641
115.55162811	1.94117641
115.58028412	1.94117641
115.60906219	1.94117641
115.64179993	1.94117641
115.67041779	1.92156863
115.69919586	1.92156863
115.73193359	1.92156863
115.76058960	1.92156863
115.78931427	1.92156863
115.82210541	1.92156863
115.85070038	1.92156863
115.87928009	1.90196073
115.91216278	1.90196073
115.94079590	1.90196073
115.96940613	1.90196073
116.00226593	1.90196073
116.03090668	1.88235295
116.05954742	1.88235295
116.09244537	1.88235295
116.12104797	1.88235295
116.14963531	1.88235295
116.18242645	1.88235295
116.21116638	1.86274505
116.23976898	1.86274505
116.27266693	1.86274505
116.30129242	1.86274505
116.32987213	1.86274505
116.36266327	1.86274505
116.39147186	1.86274505
116.42001343	1.84313726
116.45283508	1.84313726
116.48154449	1.84313726
116.51031494	1.84313726
116.54291534	1.84313726
116.57170868	1.84313726
116.60029602	1.82352936
116.63307190	1.82352936
116.66178894	1.82352936
116.69049072	1.82352936
116.72331238	1.82352936
116.75190735	1.80392158
116.78054047	1.80392158
116.81328583	1.80392158
116.84204102	1.80392158
116.87065125	1.78431368
116.90340424	1.78431368
116.93218994	1.78431368
116.96076202	1.78431368
116.99352264	1.76470590
117.02227020	1.76470590
117.05089569	1.76470590
117.08363342	1.74509799
117.11240387	1.74509799
117.14103699	1.74509799
117.17379761	1.72549021
117.20253754	1.72549021
117.23115540	1.72549021
117.26396179	1.70588231
117.29266357	1.70588231
117.32135010	1.68627453
117.35405731	1.68627453
117.38285065	1.66666663
117.41136932	1.66666663
117.47278595	1.64705884
117.50153351	1.64705884
117.56299591	1.62745094
117.59165192	1.60784316
117.65300751	1.58823526
117.68180847	1.56862748
117.71039581	1.56862748
117.74326324	1.54901958
117.77189636	1.54901958
117.80049896	1.52941179
117.83325958	1.50980389
117.86202240	1.50980389
117.89064789	1.49019611
117.92337799	1.49019611
117.95220947	1.47058821
117.98081207	1.45098042
118.01351166	1.45098042
118.04228210	1.43137252
118.07099152	1.43137252
118.10365295	1.41176474
118.13246918	1.41176474
118.16101837	1.39215684
118.19381714	1.39215684
118.22252655	1.37254906
118.25109863	1.37254906
118.28395081	1.35294116
118.31263733	1.35294116
118.34127045	1.33333337
118.37402344	1.33333337
118.40276337	1.31372547
118.43142700	1.31372547
118.46427917	1.31372547
118.49288177	1.29411769
118.52154541	1.29411769
118.55424500	1.27450979
118.58301544	1.27450979
118.61169434	1.27450979
118.64438629	1.25490201
118.67301178	1.25490201
118.70176697	1.23529410
118.73450470	1.23529410
118.76321411	1.21568632
118.79192352	1.21568632
118.82468414	1.21568632
118.85324860	1.19607842
118.88202667	1.19607842
118.91481781	1.19607842
118.94347382	1.17647064
118.97212982	1.17647064
119.00486755	1.17647064
119.03352356	1.15686274
119.06215668	1.15686274
119.09500122	1.15686274
119.12353516	1.15686274
119.15243530	1.13725495
119.18512726	1.13725495
119.21370697	1.13725495
119.24253082	1.13725495
119.27526093	1.13725495
119.30385590	1.11764705
119.33263397	1.11764705
119.36538696	1.11764705
119.39398956	1.11764705
119.42276001	1.11764705
119.45556641	1.11764705
119.48426056	1.11764705
119.51293945	1.11764705
119.54556274	1.11764705
119.57431030	1.11764705
119.60301208	1.11764705
119.66436005	1.11764705
119.69312286	1.11764705
119.75458527	1.13725495
119.78328705	1.13725495
119.84456635	1.13725495
119.87325287	1.13725495
119.90199280	1.13725495
119.93475342	1.13725495
119.96334839	1.13725495
119.99216461	1.13725495
120.02482605	1.13725495
120.05355072	1.15686274
120.08219147	1.15686274
120.11500549	1.15686274
120.14366913	1.15686274
120.17237854	1.15686274
120.20517731	1.15686274
120.23371887	1.15686274
120.26255798	1.15686274
120.29524994	1.15686274
120.32391357	1.17647064
120.35263062	1.17647064
120.38546753	1.17647064
120.41393280	1.17647064
120.44276428	1.17647064
120.47555542	1.17647064
120.50428009	1.17647064
120.53283691	1.19607842
120.56571960	1.19607842
120.59419250	1.19607842
120.62302399	1.19607842
120.65573883	1.19607842
120.68440247	1.19607842
120.71308136	1.19607842
120.74587250	1.19607842
120.77447510	1.19607842
120.80327606	1.19607842
120.83599091	1.19607842
120.86463928	1.21568632
120.89336395	1.21568632
120.92612457	1.21568632
120.95479584	1.21568632
120.98336029	1.21568632
121.01629639	1.21568632
121.04485321	1.21568632
121.07355499	1.21568632
121.10637665	1.21568632
121.13504791	1.21568632
121.16361237	1.23529410
121.19661713	1.23529410
121.22505188	1.23529410
121.25376892	1.23529410
121.28661346	1.23529410
121.31525421	1.23529410
121.34383392	1.23529410
121.37684631	1.23529410
121.40533447	1.23529410
121.43401337	1.23529410
121.46678925	1.23529410
121.49550629	1.23529410
121.52422333	1.23529410
121.55687714	1.23529410
121.58558655	1.23529410
121.61416626	1.23529410
121.64709473	1.23529410
121.67574310	1.23529410
121.70439148	1.23529410
121.73724365	1.21568632
121.76592255	1.21568632
121.79449463	1.21568632
121.85599518	1.19607842
121.88462830	1.19607842
121.94612885	1.19607842
121.97472382	1.19607842
122.03620911	1.19607842
122.06495667	1.17647064
122.09359741	1.17647064
122.12635803	1.17647064
122.15498352	1.17647064
122.18357849	1.17647064
122.21648407	1.17647064
122.24515533	1.17647064
122.27372742	1.17647064
122.30661774	1.17647064
122.33523560	1.17647064
122.36380005	1.17647064
122.39667511	1.17647064
122.42538452	1.17647064
122.45393372	1.17647064
122.48684692	1.17647064
122.51554871	1.15686274
122.54422760	1.15686274
122.57703400	1.15686274
122.60561371	1.15686274
122.63425446	1.15686274
122.66696930	1.15686274
122.69576263	1.15686274
122.72432709	1.13725495
122.75720978	1.13725495
122.78582764	1.13725495
122.81449127	1.13725495
122.84715271	1.13725495
122.87599182	1.13725495
122.90457153	1.11764705
122.93737793	1.11764705
122.96606445	1.11764705
122.99469757	1.11764705
123.02745056	1.11764705
123.05623627	1.11764705
123.08480835	1.09803927
123.11763000	1.09803927
123.14659119	1.09803927
123.17494965	1.09803927
123.20768738	1.09803927
123.23646545	1.09803927
123.26525116	1.09803927
123.29782104	1.09803927
123.32666016	1.09803927
123.35522461	1.09803927
123.38799286	1.09803927
123.41672516	1.09803927
123.44537354	1.09803927
123.47821808	1.09803927
123.50683594	1.09803927
123.53546906	1.09803927
123.56822968	1.09803927
123.59707642	1.11764705
123.62555695	1.11764705
123.65832520	1.11764705
123.68704224	1.11764705
123.71569061	1.11764705
123.74848175	1.11764705
123.77722168	1.11764705
123.80581665	1.11764705
123.83856201	1.11764705
123.86722565	1.11764705
123.89596558	1.13725495
123.92871857	1.13725495
123.95732117	1.13725495
123.98606873	1.13725495
124.04744720	1.13725495
124.07627106	1.13725495
124.13763428	1.15686274
124.16635895	1.15686274
124.22762299	1.15686274
124.25651550	1.17647064
124.28520966	1.17647064
124.31784821	1.17647064
124.34660339	1.17647064
124.37516785	1.17647064
124.40792847	1.17647064
124.43669891	1.19607842
124.46531677	1.19607842
124.49829865	1.19607842
124.52682495	1.19607842
124.55545044	1.19607842
124.58817291	1.19607842
124.61693573	1.21568632
124.64556122	1.21568632
124.67831421	1.21568632
124.70713043	1.21568632
124.73568726	1.21568632
124.76844788	1.21568632
124.79724121	1.21568632
124.82589722	1.23529410
124.85857391	1.23529410
124.88738251	1.23529410
124.91596222	1.23529410
124.94873047	1.23529410
124.97744751	1.23529410
125.00614166	1.23529410
125.03881836	1.23529410
125.06743622	1.25490201
125.09618378	1.25490201
125.12894440	1.25490201
125.15755463	1.25490201
125.18631744	1.25490201
125.21906281	1.25490201
125.24767303	1.25490201
125.27641296	1.25490201
125.30919647	1.25490201
125.33781433	1.25490201
125.36653137	1.25490201
125.39931488	1.25490201
125.42792511	1.27450979
125.45664978	1.27450979
125.48947144	1.27450979
125.51818085	1.27450979
125.54672241	1.27450979
125.57961273	1.27450979
125.60817719	1.27450979
125.63697815	1.27450979
125.66967773	1.27450979
125.69835663	1.27450979
125.72705841	1.27450979
125.75981903	1.27450979
125.78844452	1.27450979
125.81726074	1.27450979
125.84994507	1.27450979
125.87858582	1.27450979
125.90727997	1.27450979
125.94005585	1.27450979
125.96865082	1.27450979
125.99739075	1.27450979
126.03010559	1.27450979
126.05877686	1.27450979
126.08753204	1.27450979
126.12033844	1.27450979
126.14888000	1.29411769
126.17754364	1.29411769
126.21044159	1.29411769
126.23905945	1.29411769
126.26770782	1.29411769
126.32916260	1.29411769
126.35778046	1.29411769
126.41931152	1.29411769
126.44796753	1.29411769
126.50942993	1.29411769
126.53808594	1.29411769
126.56684113	1.29411769
126.59951019	1.29411769
126.62821960	1.29411769
126.65692139	1.29411769
126.68964386	1.29411769
126.71836853	1.29411769
126.74704742	1.29411769
126.77985382	1.29411769
126.80841064	1.29411769
126.83717346	1.31372547
126.86990356	1.31372547
126.89860535	1.31372547
126.92729950	1.31372547
126.96011353	1.31372547
126.98865509	1.31372547
127.01747894	1.31372547
127.05017090	1.31372547
127.07882690	1.31372547
127.10755157	1.31372547
127.14036560	1.31372547
127.16888428	1.31372547
127.19770813	1.31372547
127.23036957	1.31372547
127.25921631	1.31372547
127.28779602	1.31372547
127.32060242	1.31372547
127.34914398	1.31372547
127.37779999	1.33333337
127.41066742	1.33333337
127.43933105	1.33333337
127.46791077	1.33333337
127.50079346	1.33333337
127.52940369	1.33333337
127.55817413	1.33333337
127.59090424	1.33333337
127.61952972	1.33333337
127.64815521	1.33333337
127.68101501	1.33333337
127.70970917	1.33333337
127.73827362	1.33333337
127.77122498	1.33333337
127.79981995	1.33333337
127.82846069	1.33333337
127.86116028	1.33333337
127.88994598	1.33333337
127.91852570	1.33333337
127.95133972	1.33333337
127.97994232	1.35294116
128.00869751	1.35294116
128.04138184	1.35294116
128.07019043	1.35294116
128.09870911	1.35294116
128.13156128	1.35294116
128.16021729	1.35294116
128.18891907	1.35294116
128.22164917	1.35294116
128.25042725	1.35294116
128.27915955	1.35294116
128.31178284	1.35294116
128.34059143	1.35294116
128.36917114	1.35294116
128.40187073	1.35294116
128.43063354	1.35294116
128.45932007	1.35294116
128.52084351	1.35294116
128.54940796	1.35294116
128.61085510	1.35294116
128.63957214	1.37254906
128.70106506	1.37254906
128.72958374	1.37254906
128.75836182	1.37254906
128.79110718	1.37254906
128.81987000	1.37254906
128.84838867	1.37254906
128.88131714	1.37254906
128.90986633	1.37254906
128.93855286	1.37254906
128.97138977	1.37254906
129.00004578	1.37254906
129.02861023	1.37254906
129.06130981	1.37254906
129.09011841	1.37254906
129.11866760	1.37254906
129.15167236	1.37254906
129.18026733	1.37254906
129.20893860	1.37254906
129.24172974	1.37254906
129.27046204	1.37254906
129.29914856	1.35294116
129.33181763	1.35294116
129.36056519	1.35294116
129.38912964	1.35294116
129.42181396	1.35294116
129.45071411	1.35294116
129.47926331	1.33333337
129.51222229	1.33333337
129.54074097	1.33333337
129.56944275	1.33333337
129.60209656	1.33333337
129.63093567	1.31372547
129.65946960	1.31372547
129.69230652	1.31372547
129.72094727	1.31372547
129.74966431	1.31372547
129.78237915	1.29411769
129.81115723	1.29411769
129.83981323	1.29411769
129.87252808	1.29411769
129.90132141	1.29411769
129.93003845	1.29411769
129.96261597	1.29411769
129.99139404	1.29411769
130.02005005	1.29411769
130.05274963	1.29411769
130.08155823	1.29411769
130.11013794	1.29411769
130.14289856	1.29411769
130.17164612	1.29411769
130.20030212	1.29411769
130.23298645	1.29411769
130.26176453	1.29411769
130.29032898	1.29411769
130.32318115	1.29411769
130.35171509	1.29411769
130.38061523	1.29411769
130.41325378	1.29411769
130.44192505	1.29411769
130.47059631	1.29411769
130.50341797	1.29411769
130.53219604	1.29411769
130.56076050	1.29411769
130.59346008	1.29411769
130.62213135	1.29411769
130.65087891	1.29411769
130.71223450	1.29411769
130.74101257	1.29411769
130.80235291	1.29411769
130.83117676	1.29411769
130.89254761	1.29411769
130.92131042	1.29411769
130.94985962	1.27450979
130.98254395	1.27450979
131.01147461	1.27450979
131.03994751	1.27450979
131.07279968	1.27450979
131.10145569	1.25490201
131.13006592	1.25490201
131.16284180	1.25490201
131.19168091	1.25490201
131.22021484	1.25490201
131.25315857	1.25490201
131.28170776	1.23529410
131.31039429	1.23529410
131.34310913	1.23529410
131.37188721	1.23529410
131.40048218	1.23529410
131.43327332	1.23529410
131.46192932	1.23529410
131.49064636	1.23529410
131.52343750	1.23529410
131.55212402	1.23529410
131.58079529	1.23529410
131.61344910	1.23529410
131.64216614	1.23529410
131.67088318	1.23529410
131.70365906	1.23529410
131.73223877	1.23529410
131.76104736	1.23529410
131.79374695	1.23529410
131.82238770	1.23529410
131.85110474	1.23529410
131.88391113	1.23529410
131.91242981	1.23529410
131.94125366	1.23529410
131.97399902	1.23529410
132.00271606	1.23529410
132.03132629	1.23529410
132.06410217	1.23529410
132.09271240	1.23529410
132.12153625	1.23529410
132.15423584	1.23529410
132.18289185	1.25490201
132.21160889	1.25490201
132.24436951	1.25490201
132.27311707	1.25490201
132.30174255	1.25490201
132.33454895	1.25490201
132.36311340	1.25490201
132.39190674	1.25490201
132.42462158	1.25490201
132.45329285	1.25490201
132.48202515	1.25490201
132.51472473	1.25490201
132.54328918	1.25490201
132.57212830	1.25490201
132.60485840	1.25490201
132.63356018	1.25490201
132.66206360	1.25490201
132.69505310	1.25490201
132.72354126	1.25490201
132.75218201	1.25490201
132.78512573	1.25490201
132.81381226	1.25490201
132.84231567	1.25490201
132.90383911	1.25490201
132.93249512	1.25490201
132.99401855	1.25490201
133.02264404	1.25490201
133.08407593	1.25490201
133.11271667	1.25490201
133.14154053	1.25490201
133.17420959	1.25490201
133.20291138	1.25490201
133.23161316	1.25490201
133.26440430	1.25490201
133.29310608	1.25490201
133.32179260	1.25490201
133.35443115	1.25490201
133.38308716	1.25490201
133.41184998	1.25490201
133.44470215	1.25490201
133.47315979	1.25490201
133.50192261	1.25490201
133.53479004	1.25490201
133.56343079	1.25490201
133.59210205	1.25490201
133.62487793	1.25490201
133.65351868	1.25490201
133.68222046	1.25490201
133.71502686	1.25490201
133.74360657	1.25490201
133.77239990	1.23529410
133.80511475	1.23529410
133.83377075	1.23529410
133.86248779	1.23529410
133.89527893	1.23529410
133.92379761	1.23529410
133.95252991	1.23529410
133.98530579	1.23529410
134.01402283	1.23529410
134.04258728	1.23529410
134.07551575	1.23529410
134.10403442	1.21568632
134.13269043	1.21568632
134.16558838	1.21568632
134.19421387	1.21568632
134.22280884	1.21568632
134.25555420	1.21568632
134.28431702	1.21568632
134.31304932	1.21568632
134.34584045	1.21568632
134.37446594	1.21568632
134.40306091	1.21568632
134.43585205	1.21568632
134.46463013	1.21568632
134.49322510	1.21568632
134.52615356	1.21568632
134.55476379	1.21568632
134.58338928	1.19607842
134.61610413	1.19607842
134.64489746	1.19607842
134.67344666	1.19607842
134.70625305	1.19607842
134.73492432	1.19607842
134.76359558	1.19607842
134.79627991	1.19607842
134.82513428	1.21568632
134.85371399	1.21568632
134.88648987	1.21568632
134.91516113	1.21568632
134.94378662	1.21568632
134.97656250	1.21568632
135.00529480	1.21568632
135.03407288	1.21568632
135.09545898	1.21568632
135.12406921	1.21568632
135.18560791	1.21568632
135.21424866	1.21568632
135.27577209	1.21568632
135.30436707	1.21568632
135.33312988	1.21568632
135.36587524	1.21568632
135.39448547	1.23529410
135.42306519	1.23529410
135.45588684	1.23529410
135.48451233	1.23529410
135.51324463	1.23529410
135.54608154	1.23529410
135.57475281	1.23529410
135.60330200	1.23529410
135.63607788	1.23529410
135.66484070	1.23529410
135.69348145	1.23529410
135.72619629	1.23529410
135.75495911	1.25490201
135.78356934	1.25490201
135.81631470	1.25490201
135.84507751	1.25490201
135.87370300	1.25490201
135.90643311	1.25490201
135.93518066	1.25490201
135.96379089	1.25490201
135.99658203	1.25490201
136.02536011	1.25490201
136.05406189	1.27450979
136.08671570	1.27450979
136.11543274	1.27450979
136.14404297	1.27450979
136.17675781	1.27450979
136.20562744	1.27450979
136.23417664	1.27450979
136.26713562	1.27450979
136.29565430	1.27450979
136.32437134	1.27450979
136.35700989	1.27450979
136.38587952	1.27450979
136.41433716	1.27450979
136.44721985	1.27450979
136.47589111	1.27450979
136.50459290	1.27450979
136.53736877	1.27450979
136.56608582	1.27450979
136.59469604	1.27450979
136.62744141	1.27450979
136.65623474	1.27450979
136.68484497	1.27450979
136.71754456	1.27450979
136.74617004	1.27450979
136.77499390	1.29411769
136.80770874	1.29411769
136.83638000	1.29411769
136.86505127	1.29411769
136.89784241	1.29411769
136.92639160	1.29411769
136.95524597	1.29411769
136.98793030	1.29411769
137.01660156	1.29411769
137.04527283	1.29411769
137.07810974	1.29411769
137.10664368	1.29411769
137.13546753	1.29411769
137.16813660	1.29411769
137.19696045	1.29411769
137.22550964	1.29411769
137.28701782	1.29411769
137.31567383	1.29411769
137.37705994	1.29411769
137.40580750	1.29411769
137.46716309	1.29411769
137.49592590	1.29411769
137.52459717	1.29411769
137.55728149	1.29411769
137.58610535	1.29411769
137.61468506	1.29411769
137.64747620	1.29411769
137.67620850	1.29411769
137.70477295	1.29411769
137.73750305	1.31372547
137.76631165	1.31372547
137.79492188	1.31372547
137.82774353	1.31372547
137.85621643	1.31372547
137.88511658	1.31372547
137.91775513	1.31372547
137.94647217	1.31372547
137.97515869	1.31372547
138.00796509	1.31372547
138.03646851	1.31372547
138.06529236	1.31372547
138.09808350	1.31372547
138.12661743	1.31372547
138.15545654	1.31372547
138.18818665	1.31372547
138.21682739	1.31372547
138.24554443	1.31372547
138.27827454	1.31372547
138.30702209	1.31372547
138.33573914	1.31372547
138.36840820	1.31372547
138.39706421	1.31372547
138.42579651	1.31372547
138.45860291	1.31372547
138.48715210	1.31372547
138.51608276	1.31372547
138.54866028	1.31372547
138.57736206	1.31372547
138.60600281	1.31372547
138.63885498	1.31372547
138.66740417	1.31372547
138.69621277	1.29411769
138.72889709	1.29411769
138.75758362	1.29411769
138.78625488	1.29411769
138.81903076	1.29411769
138.84764099	1.27450979
138.87641907	1.27450979
138.90914917	1.27450979
138.93778992	1.27450979
138.96652222	1.27450979
138.99928284	1.25490201
139.02798462	1.25490201
139.05661011	1.25490201
139.08934021	1.25490201
139.11793518	1.23529410
139.14669800	1.23529410
139.17951965	1.23529410
139.20820618	1.23529410
139.23681641	1.21568632
139.26965332	1.21568632
139.29826355	1.21568632
139.32707214	1.21568632
139.35978699	1.21568632
139.38847351	1.21568632
139.41697693	1.21568632
139.47845459	1.19607842
139.50720215	1.19607842
139.56861877	1.19607842
139.59719849	1.19607842
139.65884399	1.19607842
139.68742371	1.19607842
139.74891663	1.19607842
139.77755737	1.19607842
139.80630493	1.19607842
139.83909607	1.19607842
139.86763000	1.19607842
139.89646912	1.19607842
139.92915344	1.19607842
139.95782471	1.19607842
139.98648071	1.19607842
140.01928711	1.19607842
140.04798889	1.19607842
140.07670593	1.19607842
140.10942078	1.19607842
140.13807678	1.19607842
140.16662598	1.19607842
140.19947815	1.21568632
140.22810364	1.21568632
140.25683594	1.21568632
140.28964233	1.21568632
140.31828308	1.21568632
140.34692383	1.21568632
140.37980652	1.21568632
140.40843201	1.23529410
140.43702698	1.23529410
140.46995544	1.23529410
140.49847412	1.23529410
140.52717590	1.23529410
140.56002808	1.23529410
140.58868408	1.23529410
140.61726379	1.23529410
140.65014648	1.25490201
140.67872620	1.25490201
140.70742798	1.25490201
140.74020386	1.25490201
140.76893616	1.25490201
140.79748535	1.25490201
140.83038330	1.25490201
140.85897827	1.25490201
140.88768005	1.27450979
140.92037964	1.27450979
140.94915771	1.27450979
140.97770691	1.27450979
141.01051331	1.27450979
141.03923035	1.27450979
141.06800842	1.29411769
141.10066223	1.29411769
141.12937927	1.29411769
141.15802002	1.29411769
141.19079590	1.29411769
141.21957397	1.29411769
141.24813843	1.29411769
141.28100586	1.29411769
141.30972290	1.31372547
141.33830261	1.31372547
141.37103271	1.31372547
141.39976501	1.31372547
141.42839050	1.31372547
141.46116638	1.31372547
141.48989868	1.31372547
141.51856995	1.31372547
141.55125427	1.31372547
141.58007813	1.31372547
141.60858154	1.31372547
141.64135742	1.33333337
141.67008972	1.33333337
141.69877625	1.33333337
141.76029968	1.33333337
141.78884888	1.33333337
141.85041809	1.33333337
141.87905884	1.33333337
141.94053650	1.35294116
141.96917725	1.35294116
141.99778748	1.35294116
142.03062439	1.35294116
142.05923462	1.35294116
142.08805847	1.35294116
142.12063599	1.35294116
142.14942932	1.35294116
142.17797852	1.35294116
142.21080017	1.35294116
142.23951721	1.35294116
142.26815796	1.35294116
142.30096436	1.35294116
142.32968140	1.35294116
142.35824585	1.35294116
142.39099121	1.35294116
142.41975403	1.35294116
142.44842529	1.35294116
142.48104858	1.35294116
142.50994873	1.35294116
142.53846741	1.35294116
142.57128906	1.35294116
142.59996033	1.37254906
142.62863159	1.37254906
142.66133118	1.37254906
142.69018555	1.37254906
142.71873474	1.37254906
142.75151062	1.37254906
142.78039551	1.37254906
142.80891418	1.37254906
142.84164429	1.37254906
142.87037659	1.37254906
142.89898682	1.37254906
142.93179321	1.37254906
142.96046448	1.37254906
142.98912048	1.37254906
143.02204895	1.37254906
143.05056763	1.37254906
143.07931519	1.37254906
143.11195374	1.37254906
143.14080811	1.37254906
143.16931152	1.37254906
143.20216370	1.37254906
143.23068237	1.37254906
143.25949097	1.37254906
143.29223633	1.37254906
143.32107544	1.37254906
143.34959412	1.37254906
143.38241577	1.37254906
143.41096497	1.37254906
143.43981934	1.37254906
143.47245789	1.37254906
143.50112915	1.39215684
143.52990723	1.39215684
143.56262207	1.39215684
143.59126282	1.39215684
143.62001038	1.39215684
143.65280151	1.39215684
143.68141174	1.39215684
143.71017456	1.39215684
143.74287415	1.39215684
143.77151489	1.39215684
143.80017090	1.39215684
143.83299255	1.39215684
143.86154175	1.39215684
143.89039612	1.39215684
143.95176697	1.39215684
143.98040771	1.39215684
144.04194641	1.39215684
144.07060242	1.39215684
144.13201904	1.39215684
144.16069031	1.39215684
144.18939209	1.39215684
144.22209167	1.39215684
144.25090027	1.39215684
144.27944946	1.39215684
144.31222534	1.39215684
144.34103394	1.39215684
144.36962891	1.39215684
144.40238953	1.39215684
144.43101501	1.39215684
144.45973206	1.39215684
144.49240112	1.39215684
144.52110291	1.39215684
144.54985046	1.39215684
144.58264160	1.39215684
144.61116028	1.39215684
144.64004517	1.39215684
144.67266846	1.39215684
144.70138550	1.39215684
144.73005676	1.39215684
144.76292419	1.39215684
144.79142761	1.39215684
144.82017517	1.39215684
144.85298157	1.39215684
144.88159180	1.39215684
144.91035461	1.39215684
144.94308472	1.39215684
144.97175598	1.39215684
145.00045776	1.39215684
145.03320313	1.39215684
145.06198120	1.39215684
145.09065247	1.39215684
145.12338257	1.39215684
145.15199280	1.39215684
145.18072510	1.39215684
145.21351624	1.39215684
145.24212646	1.39215684
145.27090454	1.39215684
145.30360413	1.39215684
145.33226013	1.39215684
145.36093140	1.39215684
145.39376831	1.39215684
145.42230225	1.39215684
145.45114136	1.39215684
145.48381042	1.39215684
145.51252747	1.39215684
145.54110718	1.39215684
145.57402039	1.39215684
145.60253906	1.39215684
145.63122559	1.39215684
145.66401672	1.39215684
145.69274902	1.39215684
145.72134399	1.39215684
145.75416565	1.39215684
145.78283691	1.39215684
145.81144714	1.39215684
145.84432983	1.39215684
145.87298584	1.39215684
145.90162659	1.39215684
145.93449402	1.39215684
145.96313477	1.39215684
145.99176025	1.39215684
146.02445984	1.41176474
146.05325317	1.39215684
146.08193970	1.41176474
146.14335632	1.41176474
146.17195129	1.41176474
146.23344421	1.41176474
146.26206970	1.41176474
146.32359314	1.41176474
146.35218811	1.41176474
146.38098145	1.41176474
146.41384888	1.41176474
146.44233704	1.41176474
146.47114563	1.41176474
146.50379944	1.41176474
146.53248596	1.41176474
146.56118774	1.41176474
146.59400940	1.41176474
146.62260437	1.41176474
146.65133667	1.41176474
146.68409729	1.41176474
146.71269226	1.41176474
146.74128723	1.41176474
146.77421570	1.41176474
146.80278015	1.41176474
146.83149719	1.41176474
146.86431885	1.41176474
146.89297485	1.41176474
146.92158508	1.41176474
146.95439148	1.41176474
146.98310852	1.41176474
147.01165771	1.41176474
147.04460144	1.41176474
147.07319641	1.41176474
147.10195923	1.41176474
147.13468933	1.41176474
147.16337585	1.41176474
147.19194031	1.41176474
147.22476196	1.41176474
147.25343323	1.41176474
147.28210449	1.39215684
147.31497192	1.39215684
147.34361267	1.39215684
147.37219238	1.39215684
147.40498352	1.41176474
147.43371582	1.41176474
147.46229553	1.41176474
147.49508667	1.41176474
147.52380371	1.41176474
147.55242920	1.41176474
147.58525085	1.39215684
147.61395264	1.39215684
147.64254761	1.39215684
147.67529297	1.39215684
147.70408630	1.39215684
147.73268127	1.39215684
147.76542664	1.39215684
147.79421997	1.39215684
147.82293701	1.39215684
147.85554504	1.39215684
147.88432312	1.41176474
147.91294861	1.39215684
147.94572449	1.41176474
147.97450256	1.39215684
148.00309753	1.41176474
148.03599548	1.41176474
148.06457520	1.41176474
148.09324646	1.41176474
148.12596130	1.41176474
148.15472412	1.41176474
148.18328857	1.41176474
148.21607971	1.41176474
148.24482727	1.41176474
148.27342224	1.41176474
148.33493042	1.41176474
148.36354065	1.41176474
148.42494202	1.41176474
148.45368958	1.41176474
148.51504517	1.41176474
148.54379272	1.41176474
148.57243347	1.41176474
148.60522461	1.41176474
148.63394165	1.41176474
148.66259766	1.41176474
148.69532776	1.41176474
148.72412109	1.43137252
148.75271606	1.43137252
148.78547668	1.43137252
148.81414795	1.43137252
148.84297180	1.43137252
148.87559509	1.43137252
148.90435791	1.43137252
148.93292236	1.43137252
148.96569824	1.43137252
148.99441528	1.43137252
149.02304077	1.43137252
149.05590820	1.43137252
149.08447266	1.43137252
149.11314392	1.43137252
149.14587402	1.43137252
149.17466736	1.43137252
149.20330811	1.43137252
149.23602295	1.43137252
149.26480103	1.43137252
149.29342651	1.43137252
149.32617188	1.43137252
149.35493469	1.43137252
149.38356018	1.43137252
149.41627502	1.43137252
149.44505310	1.43137252
149.47367859	1.43137252
149.50637817	1.43137252
149.53523254	1.43137252
149.56390381	1.43137252
149.59660339	1.43137252
149.62533569	1.43137252
149.65397644	1.43137252
149.68664551	1.45098042
149.71534729	1.45098042
149.74401855	1.45098042
149.77677917	1.45098042
149.80540466	1.45098042
149.83419800	1.45098042
149.86692810	1.45098042
149.89552307	1.45098042
149.92428589	1.45098042
149.95704651	1.45098042
149.98564148	1.45098042
150.01446533	1.45098042
150.04727173	1.45098042
150.07591248	1.45098042
150.10455322	1.45098042
150.13732910	1.45098042
150.16590881	1.45098042
150.19465637	1.45098042
150.22740173	1.45098042
150.25602722	1.45098042
150.28485107	1.45098042
150.31756592	1.45098042
150.34622192	1.45098042
150.37490845	1.45098042
150.40771484	1.45098042
150.43632507	1.45098042
150.46508789	1.45098042
150.52635193	1.45098042
150.55519104	1.45098042
150.61653137	1.45098042
150.64526367	1.45098042
150.70664978	1.45098042
150.73541260	1.47058821
150.76409912	1.47058821
150.79693604	1.47058821
150.82554626	1.47058821
150.85412598	1.47058821
150.88691711	1.47058821
150.91552734	1.47058821
150.94432068	1.47058821
150.97703552	1.47058821
151.00564575	1.47058821
151.03433228	1.47058821
151.06715393	1.47058821
151.09596252	1.47058821
151.12457275	1.47058821
151.15730286	1.47058821
151.18591309	1.47058821
151.21466064	1.47058821
151.24739075	1.47058821
151.27604675	1.47058821
151.30477905	1.47058821
151.33752441	1.47058821
151.36613464	1.47058821
151.39495850	1.47058821
151.42765808	1.47058821
151.45625305	1.47058821
151.48498535	1.47058821
151.51777649	1.47058821
151.54638672	1.47058821
151.57521057	1.47058821
151.60791016	1.47058821
151.63650513	1.47058821
151.66523743	1.47058821
151.69805908	1.47058821
151.72663879	1.47058821
151.75544739	1.47058821
151.78817749	1.47058821
151.81689453	1.47058821
151.84558105	1.47058821
151.87826538	1.47058821
151.90692139	1.49019611
151.93568420	1.49019611
151.96846008	1.49019611
151.99700928	1.49019611
152.02568054	1.49019611
152.05851746	1.49019611
152.08712769	1.49019611
152.11584473	1.49019611
152.14862061	1.49019611
152.17721558	1.49019611
152.20594788	1.49019611
152.23880005	1.49019611
152.26737976	1.49019611
152.29595947	1.49019611
152.32891846	1.49019611
152.35752869	1.49019611
152.38618469	1.49019611
152.41902161	1.49019611
152.44764709	1.49019611
152.47621155	1.49019611
152.50900269	1.49019611
152.53778076	1.49019611
152.56643677	1.49019611
152.59915161	1.49019611
152.62785339	1.49019611
152.65653992	1.49019611
152.71804810	1.49019611
152.74664307	1.49019611
152.80819702	1.49019611
152.83689880	1.49019611
152.89825439	1.49019611
152.92683411	1.49019611
152.98837280	1.49019611
153.01704407	1.49019611
153.04571533	1.49019611
153.07852173	1.49019611
153.10707092	1.49019611
153.13592529	1.49019611
153.16865540	1.49019611
153.19744873	1.49019611
153.22583008	1.49019611
153.25881958	1.49019611
153.28738403	1.49019611
153.31604004	1.49019611
153.34889221	1.49019611
153.37751770	1.50980389
153.40615845	1.50980389
153.43911743	1.50980389
153.46768188	1.50980389
153.49624634	1.50980389
153.52917480	1.50980389
153.55775452	1.50980389
153.58636475	1.50980389
153.61911011	1.50980389
153.64787292	1.50980389
153.67646790	1.50980389
153.70924377	1.50980389
153.73799133	1.50980389
153.76661682	1.50980389
153.79946899	1.50980389
153.82810974	1.50980389
153.85688782	1.50980389
153.88955688	1.50980389
153.91827393	1.50980389
153.94692993	1.50980389
153.97962952	1.50980389
154.00842285	1.50980389
154.03698730	1.50980389
154.06993103	1.50980389
154.09846497	1.50980389
154.12713623	1.50980389
154.15985107	1.50980389
154.18859863	1.50980389
154.21722412	1.50980389
154.24998474	1.50980389
154.27871704	1.50980389
154.30732727	1.50980389
154.34014893	1.50980389
154.36882019	1.50980389
154.39743042	1.50980389
154.43023682	1.50980389
154.45899963	1.50980389
154.48760986	1.50980389
154.52032471	1.50980389
154.54911804	1.50980389
154.57772827	1.50980389
154.61042786	1.50980389
154.63925171	1.50980389
154.66786194	1.50980389
154.70065308	1.50980389
154.72935486	1.50980389
154.75804138	1.50980389
154.79090881	1.50980389
154.81947327	1.50980389
154.84809875	1.50980389
154.88085938	1.50980389
154.90950012	1.50980389
154.93826294	1.50980389
154.99960327	1.50980389
155.02833557	1.50980389
155.08985901	1.50980389
155.11851501	1.50980389
155.17988586	1.52941179
155.20861816	1.52941179
155.23724365	1.52941179
155.26995850	1.52941179
155.29873657	1.52941179
155.32742310	1.52941179
155.36010742	1.52941179
155.38885498	1.52941179
155.41748047	1.52941179
155.45027161	1.52941179
155.47898865	1.52941179
155.50767517	1.52941179
155.54034424	1.52941179
155.56915283	1.52941179
155.59785461	1.52941179
155.63050842	1.52941179
155.65924072	1.52941179
155.68788147	1.52941179
155.72058105	1.52941179
155.74937439	1.52941179
155.77795410	1.52941179
155.81088257	1.52941179
155.83947754	1.52941179
155.86813354	1.52941179
155.90083313	1.52941179
155.92959595	1.52941179
155.95822144	1.52941179
155.99093628	1.52941179
156.01971436	1.52941179
156.04835510	1.52941179
156.08108521	1.52941179
156.10986328	1.52941179
156.13845825	1.52941179
156.17121887	1.52941179
156.19989014	1.52941179
156.22860718	1.52941179
156.26141357	1.52941179
156.28996277	1.52941179
156.31877136	1.52941179
156.35150146	1.52941179
156.38012695	1.52941179
156.40884399	1.52941179
156.44161987	1.52941179
156.47021484	1.52941179
156.49896240	1.52941179
156.53170776	1.52941179
156.56034851	1.52941179
156.58909607	1.52941179
156.62184143	1.52941179
156.65045166	1.52941179
156.67921448	1.52941179
156.71197510	1.52941179
156.74058533	1.54901958
156.76936340	1.54901958
156.80209351	1.54901958
156.83082581	1.54901958
156.85946655	1.54901958
156.89225769	1.54901958
156.92082214	1.54901958
156.94958496	1.54901958
156.98228455	1.54901958
157.01101685	1.54901958
157.03971863	1.54901958
157.07250977	1.54901958
157.10107422	1.54901958
157.12989807	1.54901958
157.19122314	1.54901958
157.21997070	1.54901958
157.28131104	1.54901958
157.30999756	1.54901958
157.37149048	1.54901958
157.40007019	1.54901958
157.42884827	1.54901958
157.46157837	1.54901958
157.49020386	1.54901958
157.51895142	1.54901958
157.55169678	1.54901958
157.58032227	1.54901958
157.60908508	1.54901958
157.64181519	1.54901958
157.67045593	1.54901958
157.69918823	1.54901958
157.73194885	1.54901958
157.76066589	1.54901958
157.78936768	1.54901958
157.82214355	1.54901958
157.85084534	1.54901958
157.87951660	1.54901958
157.91221619	1.54901958
157.94081116	1.54901958
157.96958923	1.54901958
158.00233459	1.54901958
158.03091431	1.54901958
158.05970764	1.54901958
158.09242249	1.54901958
158.12104797	1.54901958
158.14990234	1.54901958
158.18254089	1.54901958
158.21119690	1.54901958
158.23995972	1.54901958
158.27270508	1.54901958
158.30133057	1.54901958
158.33007813	1.54901958
158.36283875	1.54901958
158.39144897	1.54901958
158.42021179	1.54901958
158.45300293	1.56862748
158.48158264	1.56862748
158.51019287	1.56862748
158.54309082	1.56862748
158.57174683	1.56862748
158.60037231	1.56862748
158.63316345	1.56862748
158.66181946	1.56862748
158.69049072	1.56862748
158.72332764	1.56862748
158.75201416	1.56862748
158.78054810	1.56862748
158.81346130	1.56862748
158.84205627	1.56862748
158.87084961	1.56862748
158.90362549	1.56862748
158.93218994	1.56862748
158.96080017	1.56862748
158.99357605	1.54901958
159.02235413	1.54901958
159.05093384	1.54901958
159.08374023	1.56862748
159.11233521	1.56862748
159.14102173	1.56862748
159.17379761	1.56862748
159.20257568	1.56862748
159.23117065	1.56862748
159.26394653	1.56862748
159.29270935	1.56862748
159.32130432	1.56862748
159.38290405	1.56862748
159.41142273	1.56862748
159.47296143	1.56862748
159.50160217	1.56862748
159.56309509	1.56862748
159.59181213	1.56862748
159.62042236	1.56862748
159.65319824	1.56862748
159.68185425	1.56862748
159.71043396	1.56862748
159.74334717	1.56862748
159.77192688	1.56862748
159.80058289	1.56862748
159.83341980	1.56862748
159.86210632	1.56862748
159.89082336	1.56862748
159.92356873	1.56862748
159.95216370	1.56862748
159.98086548	1.56862748
160.01374817	1.56862748
160.04229736	1.56862748
160.07090759	1.56862748
160.10382080	1.56862748
160.13244629	1.56862748
160.16108704	1.56862748
160.19387817	1.56862748
160.22259521	1.56862748
160.25117493	1.56862748
160.28393555	1.56862748
160.31263733	1.56862748
160.34132385	1.56862748
160.37406921	1.56862748
160.40280151	1.56862748
160.43145752	1.56862748
160.46424866	1.56862748
160.49296570	1.56862748
160.52153015	1.56862748
160.55433655	1.56862748
160.58306885	1.56862748
160.61177063	1.56862748
160.64440918	1.56862748
160.67317200	1.56862748
160.70181274	1.56862748
160.73452759	1.56862748
160.76330566	1.56862748
160.79196167	1.56862748
160.82479858	1.56862748
160.85343933	1.56862748
160.88203430	1.56862748
160.91476440	1.56862748
160.94354248	1.56862748
160.97215271	1.56862748
161.00489807	1.56862748
161.03363037	1.54901958
161.06233215	1.54901958
161.09503174	1.54901958
161.12380981	1.54901958
161.15240479	1.54901958
161.18516541	1.52941179
161.21391296	1.52941179
161.24256897	1.52941179
161.27528381	1.50980389
161.30407715	1.50980389
161.33265686	1.50980389
161.36543274	1.49019611
161.39422607	1.49019611
161.42280579	1.49019611
161.45558167	1.47058821
161.48417664	1.47058821
161.51295471	1.47058821
161.57434082	1.45098042
161.60304260	1.45098042
161.66433716	1.43137252
161.69319153	1.43137252
161.75456238	1.41176474
161.78346252	1.41176474
161.81187439	1.41176474
161.84478760	1.41176474
161.87341309	1.41176474
161.90202332	1.39215684
161.93479919	1.39215684
161.96354675	1.39215684
161.99212646	1.39215684
162.02488708	1.39215684
162.05369568	1.39215684
162.08227539	1.39215684
162.11495972	1.39215684
162.14382935	1.39215684
162.17240906	1.39215684
162.20520020	1.39215684
162.23394775	1.39215684
162.26260376	1.39215684
162.29528809	1.39215684
162.32409668	1.39215684
162.35264587	1.39215684
162.38546753	1.39215684
162.41403198	1.39215684
162.44277954	1.39215684
162.47552490	1.39215684
162.50427246	1.39215684
162.53291321	1.39215684
162.56575012	1.39215684
162.59428406	1.39215684
162.62301636	1.39215684
162.65577698	1.39215684
162.68440247	1.39215684
162.71313477	1.39215684
162.74592590	1.39215684
162.77452087	1.39215684
162.80328369	1.39215684
162.83599854	1.39215684
162.86479187	1.39215684
162.89340210	1.39215684
162.92613220	1.39215684
162.95481873	1.37254906
162.98361206	1.37254906
163.01631165	1.37254906
163.04487610	1.37254906
163.07371521	1.37254906
163.10643005	1.35294116
163.13504028	1.35294116
163.16377258	1.35294116
163.19654846	1.35294116
163.22511292	1.35294116
163.25389099	1.33333337
163.28665161	1.33333337
163.31526184	1.33333337
163.34407043	1.33333337
163.37677002	1.31372547
163.40539551	1.31372547
163.43414307	1.31372547
163.46687317	1.31372547
163.49555969	1.31372547
163.52426147	1.31372547
163.55703735	1.31372547
163.58576965	1.31372547
163.61434937	1.31372547
163.64720154	1.31372547
163.67578125	1.31372547
163.70457458	1.29411769
163.76593018	1.29411769
163.79454041	1.29411769
163.85600281	1.29411769
163.88482666	1.29411769
163.94618225	1.29411769
163.97476196	1.29411769
164.00354004	1.29411769
164.03623962	1.29411769
164.06486511	1.29411769
164.09362793	1.29411769
164.12637329	1.29411769
164.15498352	1.29411769
164.18379211	1.29411769
164.21647644	1.29411769
164.24510193	1.29411769
164.27388000	1.29411769
164.30673218	1.27450979
164.33523560	1.27450979
164.36399841	1.27450979
164.39680481	1.27450979
164.42536926	1.27450979
164.45402527	1.27450979
164.48684692	1.27450979
164.51550293	1.27450979
164.54426575	1.27450979
164.57705688	1.27450979
164.60571289	1.27450979
164.63438416	1.27450979
164.66711426	1.25490201
164.69572449	1.25490201
164.72451782	1.25490201
164.75724792	1.25490201
164.78581238	1.25490201
164.81462097	1.25490201
164.84736633	1.25490201
164.87596130	1.25490201
164.90473938	1.25490201
164.93753052	1.25490201
164.96611023	1.25490201
164.99475098	1.25490201
165.02763367	1.25490201
165.05621338	1.25490201
165.08485413	1.25490201
165.11776733	1.25490201
165.14636230	1.25490201
165.17509460	1.23529410
165.20793152	1.23529410
165.23649597	1.23529410
165.26509094	1.23529410
165.29795837	1.23529410
165.32669067	1.23529410
165.35523987	1.23529410
165.38818359	1.23529410
165.41673279	1.23529410
165.44538879	1.23529410
165.47813416	1.23529410
165.50694275	1.23529410
165.53547668	1.23529410
165.56823730	1.23529410
165.59700012	1.23529410
165.62576294	1.23529410
165.65841675	1.23529410
165.68713379	1.23529410
165.71572876	1.23529410
165.74850464	1.23529410
165.77725220	1.23529410
165.80589294	1.23529410
165.83874512	1.23529410
165.86735535	1.23529410
165.89599609	1.23529410
165.92877197	1.23529410
165.95748901	1.23529410
165.98609924	1.23529410
166.04772949	1.23529410
166.07630920	1.23529410
166.13780212	1.23529410
166.16635132	1.25490201
166.22789001	1.25490201
166.25653076	1.25490201
166.28511047	1.25490201
166.31797791	1.25490201
166.34657288	1.25490201
166.37524414	1.25490201
166.40811157	1.25490201
166.43676758	1.25490201
166.46528625	1.25490201
166.49822998	1.25490201
166.52685547	1.25490201
166.55548096	1.25490201
166.58824158	1.25490201
166.61692810	1.27450979
166.64579773	1.27450979
166.67834473	1.27450979
166.70706177	1.27450979
166.73571777	1.27450979
166.76853943	1.27450979
166.79730225	1.27450979
166.82582092	1.27450979
166.85873413	1.27450979
166.88739014	1.27450979
166.91596985	1.27450979
166.94877625	1.27450979
166.97747803	1.29411769
167.00614929	1.29411769
167.03883362	1.29411769
167.06761169	1.29411769
167.09623718	1.29411769
167.12898254	1.29411769
167.15768433	1.29411769
167.18635559	1.29411769
167.21907043	1.29411769
167.24783325	1.29411769
167.27648926	1.31372547
167.30926514	1.31372547
167.33792114	1.31372547
167.36660767	1.31372547
167.39939880	1.31372547
167.42813110	1.31372547
167.45677185	1.31372547
167.48945618	1.31372547
167.51828003	1.31372547
167.54685974	1.31372547
167.57978821	1.31372547
167.60832214	1.31372547
167.63702393	1.31372547
167.66972351	1.31372547
167.69853210	1.31372547
167.72705078	1.33333337
167.75990295	1.33333337
167.78852844	1.33333337
167.81726074	1.33333337
167.84991455	1.33333337
167.87872314	1.33333337
167.90733337	1.33333337
167.94009399	1.33333337
167.96873474	1.33333337
167.99748230	1.33333337
168.03019714	1.33333337
168.05888367	1.33333337
168.08758545	1.33333337
168.12033081	1.33333337
168.14901733	1.33333337
168.17771912	1.33333337
168.23907471	1.33333337
168.26788330	1.35294116
168.32928467	1.35294116
168.35797119	1.35294116
168.41926575	1.35294116
168.44810486	1.35294116
168.47666931	1.35294116
168.50949097	1.35294116
168.53816223	1.35294116
168.56690979	1.35294116
168.59963989	1.35294116
168.62837219	1.35294116
168.65692139	1.35294116
168.68972778	1.35294116
168.71844482	1.35294116
168.74708557	1.35294116
168.77975464	1.35294116
168.80859375	1.35294116
168.83718872	1.35294116
168.86996460	1.35294116
168.89863586	1.35294116
168.92730713	1.35294116
168.96014404	1.35294116
168.98884583	1.35294116
169.01751709	1.35294116
169.05021667	1.35294116
169.07881165	1.35294116
169.10745239	1.35294116
169.14028931	1.35294116
169.16886902	1.35294116
169.19786072	1.35294116
169.23042297	1.33333337
169.25912476	1.33333337
169.28779602	1.33333337
169.32063293	1.31372547
169.34913635	1.31372547
169.37796021	1.31372547
169.41067505	1.29411769
169.43933105	1.29411769
169.46809387	1.29411769
169.50085449	1.27450979
169.52941895	1.27450979
169.55819702	1.25490201
169.59094238	1.25490201
169.61970520	1.25490201
169.64843750	1.23529410
169.68112183	1.23529410
169.70973206	1.23529410
169.73846436	1.23529410
169.77124023	1.21568632
169.79981995	1.21568632
169.82864380	1.21568632
169.86131287	1.21568632
169.89001465	1.21568632
169.91870117	1.21568632
169.95150757	1.19607842
169.97999573	1.19607842
170.00886536	1.19607842
170.04153442	1.19607842
170.07025146	1.19607842
170.09890747	1.19607842
170.13174438	1.19607842
170.16026306	1.19607842
170.18907166	1.19607842
170.22180176	1.19607842
170.25044250	1.19607842
170.27905273	1.19607842
170.31205750	1.19607842
170.34057617	1.19607842
170.36920166	1.19607842
170.43064880	1.19607842
170.45930481	1.19607842
170.52085876	1.21568632
170.54942322	1.21568632
170.61094666	1.21568632
170.63975525	1.21568632
170.66831970	1.21568632
170.70109558	1.21568632
170.72961426	1.21568632
170.75849915	1.23529410
170.79116821	1.23529410
170.81985474	1.23529410
170.84849548	1.23529410
170.88134766	1.23529410
170.90988159	1.23529410
170.93869019	1.23529410
170.97142029	1.23529410
171.00007629	1.25490201
171.02880859	1.25490201
171.06156921	1.25490201
171.09017944	1.25490201
171.11895752	1.25490201
171.15167236	1.25490201
171.18029785	1.25490201
171.20906067	1.27450979
171.24182129	1.27450979
171.27047729	1.27450979
171.29919434	1.27450979
171.33197021	1.27450979
171.36068726	1.27450979
171.38937378	1.27450979
171.42207336	1.29411769
171.45075989	1.29411769
171.47930908	1.29411769
171.51222229	1.29411769
171.54077148	1.29411769
171.56939697	1.29411769
171.60231018	1.29411769
171.63098145	1.29411769
171.65965271	1.31372547
171.69245911	1.31372547
171.72099304	1.31372547
171.74966431	1.31372547
171.78256226	1.31372547
171.81120300	1.31372547
171.83978271	1.31372547
171.87271118	1.31372547
171.90130615	1.31372547
171.92994690	1.33333337
171.96267700	1.33333337
171.99143982	1.33333337
172.02008057	1.33333337
172.05279541	1.33333337
172.08158875	1.33333337
172.11015320	1.33333337
172.14297485	1.33333337
172.17167664	1.33333337
172.20033264	1.33333337
172.23304749	1.33333337
172.26187134	1.33333337
172.29037476	1.33333337
172.32321167	1.33333337
172.35188293	1.33333337
172.38076782	1.33333337
172.41322327	1.33333337
172.44209290	1.33333337
172.47062683	1.31372547
172.50335693	1.31372547
172.53218079	1.31372547
172.56079102	1.31372547
172.62232971	1.29411769
172.65092468	1.29411769
172.71241760	1.29411769
172.74104309	1.27450979
172.80256653	1.27450979
172.83132935	1.27450979
172.85978699	1.27450979
172.89273071	1.27450979
172.92127991	1.27450979
172.94996643	1.27450979
172.98265076	1.27450979
173.01147461	1.25490201
173.04002380	1.25490201
173.07298279	1.25490201
173.10150146	1.25490201
173.13017273	1.25490201
173.16294861	1.25490201
173.19175720	1.25490201
173.22023010	1.25490201
173.25308228	1.25490201
173.28169250	1.25490201
173.31042480	1.25490201
173.34313965	1.25490201
173.37191772	1.27450979
173.40066528	1.27450979
173.43328857	1.27450979
173.46203613	1.27450979
173.49069214	1.27450979
173.52339172	1.27450979
173.55216980	1.27450979
173.58082581	1.27450979
173.61367798	1.27450979
173.64234924	1.29411769
173.67094421	1.29411769
173.70370483	1.29411769
173.73240662	1.29411769
173.76109314	1.29411769
173.79377747	1.29411769
173.82260132	1.29411769
173.85115051	1.29411769
173.88394165	1.29411769
173.91262817	1.29411769
173.94128418	1.31372547
173.97402954	1.31372547
174.00277710	1.31372547
174.03134155	1.31372547
174.06414795	1.31372547
174.09289551	1.31372547
174.12155151	1.31372547
174.15426636	1.31372547
174.18304443	1.31372547
174.21162415	1.33333337
174.24438477	1.33333337
174.27314758	1.33333337
174.30180359	1.33333337
174.33451843	1.33333337
174.36312866	1.33333337
174.39193726	1.33333337
174.42463684	1.33333337
174.45332336	1.33333337
174.48202515	1.35294116
174.51481628	1.35294116
174.54344177	1.35294116
174.57214355	1.35294116
174.60484314	1.35294116
174.63371277	1.35294116
174.66226196	1.35294116
174.69511414	1.35294116
174.72364807	1.35294116
174.75239563	1.35294116
174.81381226	1.35294116
174.84249878	1.35294116
174.90393066	1.35294116
174.93264771	1.37254906
174.99403381	1.37254906
175.02281189	1.37254906
175.08419800	1.37254906
175.11289978	1.37254906
175.14158630	1.37254906
175.17419434	1.37254906
175.20306396	1.37254906
175.23159790	1.37254906
175.26445007	1.37254906
175.29309082	1.37254906
175.32180786	1.37254906
175.35459900	1.37254906
175.38330078	1.37254906
175.41192627	1.37254906
175.44470215	1.37254906
175.47326660	1.37254906
175.50199890	1.37254906
175.53475952	1.37254906
175.56341553	1.37254906
175.59213257	1.37254906
175.62492371	1.37254906
175.65368652	1.37254906
175.68232727	1.37254906
175.71502686	1.39215684
175.74354553	1.39215684
175.77244568	1.39215684
175.80516052	1.39215684
175.83384705	1.39215684
175.86256409	1.39215684
175.89529419	1.39215684
175.92387390	1.39215684
175.95266724	1.39215684
175.98533630	1.39215684
176.01405334	1.39215684
176.04270935	1.39215684
176.07557678	1.39215684
176.10411072	1.39215684
176.13284302	1.39215684
176.16564941	1.39215684
176.19424438	1.39215684
176.22300720	1.39215684
176.25575256	1.39215684
176.28434753	1.39215684
176.31315613	1.39215684
176.34593201	1.39215684
176.37466431	1.39215684
176.40324402	1.39215684
176.43600464	1.39215684
176.46476746	1.39215684
176.49342346	1.39215684
176.52618408	1.39215684
176.55479431	1.39215684
176.58354187	1.39215684
176.61625671	1.39215684
176.64491272	1.39215684
176.67361450	1.39215684
176.70643616	1.41176474
176.73495483	1.41176474
176.76368713	1.41176474
176.79644775	1.41176474
176.82516479	1.41176474
176.85374451	1.41176474
176.88667297	1.41176474
176.91520691	1.41176474
176.94386292	1.41176474
176.97674561	1.41176474
177.00535583	1.41176474
177.03401184	1.41176474
177.09547424	1.41176474
177.12409973	1.41176474
177.18563843	1.41176474
177.21426392	1.41176474
177.27578735	1.41176474
177.30438232	1.41176474
177.33316040	1.41176474
177.36589050	1.41176474
177.39466858	1.41176474
177.42324829	1.41176474
177.45606995	1.41176474
177.48455811	1.41176474
177.51342773	1.41176474
177.54608154	1.41176474
177.57479858	1.41176474
177.60343933	1.41176474
177.63630676	1.41176474
177.66477966	1.41176474
177.69360352	1.41176474
177.72636414	1.41176474
177.75502014	1.41176474
177.78388977	1.41176474
177.81648254	1.41176474
177.84513855	1.41176474
177.87373352	1.41176474
177.90661621	1.41176474
177.93522644	1.41176474
177.96383667	1.41176474
177.99678040	1.41176474
178.02540588	1.41176474
178.05398560	1.41176474
178.08691406	1.41176474
178.11550903	1.41176474
178.14413452	1.41176474
178.17703247	1.41176474
178.20559692	1.41176474
178.23422241	1.41176474
178.26715088	1.41176474
178.29566956	1.41176474
178.32438660	1.41176474
178.35705566	1.41176474
178.38589478	1.41176474
178.41461182	1.43137252
178.44728088	1.43137252
178.47592163	1.43137252
178.50459290	1.43137252
178.53733826	1.43137252
178.56610107	1.43137252
178.59471130	1.43137252
178.62759399	1.43137252
178.65620422	1.43137252
178.68481445	1.43137252
178.71769714	1.43137252
178.74638367	1.43137252
178.77502441	1.43137252
178.80776978	1.43137252
178.83653259	1.43137252
178.86508179	1.43137252
178.89787292	1.43137252
178.92663574	1.43137252
178.95527649	1.43137252
178.98796082	1.43137252
179.01676941	1.43137252
179.04530334	1.43137252
179.07812500	1.43137252
179.10673523	1.43137252
179.13542175	1.43137252
179.16816711	1.43137252
179.19702148	1.43137252
179.22555542	1.43137252
179.28709412	1.43137252
179.31575012	1.43137252
179.37724304	1.43137252
179.40582275	1.43137252
179.46733093	1.43137252
179.49594116	1.43137252
179.52461243	1.43137252
179.55737305	1.43137252
179.58613586	1.43137252
179.61479187	1.43137252
179.64764404	1.43137252
179.67622375	1.43137252
179.70486450	1.43137252
179.73765564	1.43137252
179.76631165	1.43137252
179.79489136	1.43137252
179.82778931	1.43137252
179.85639954	1.43137252
179.88513184	1.43137252
179.91784668	1.43137252
179.94665527	1.43137252
179.97515869	1.43137252
180.00801086	1.43137252
180.03666687	1.43137252
180.06529236	1.43137252
180.09814453	1.43137252
180.12684631	1.43137252
180.15556335	1.43137252
180.18824768	1.43137252
180.21696472	1.43137252
180.24559021	1.43137252
180.27835083	1.43137252
180.30706787	1.43137252
180.33573914	1.43137252
180.36862183	1.43137252
180.39726257	1.45098042
180.42581177	1.43137252
180.45861816	1.45098042
180.48731995	1.45098042
180.51599121	1.45098042
180.54870605	1.45098042
180.57751465	1.43137252
180.60598755	1.43137252
180.63887024	1.43137252
180.66748047	1.43137252
180.69625854	1.43137252
180.72895813	1.43137252
180.75775146	1.43137252
180.78628540	1.43137252
180.81907654	1.43137252
180.84774780	1.43137252
180.87646484	1.43137252
180.90917969	1.43137252
180.93786621	1.43137252
180.96655273	1.43137252
180.99942017	1.43137252
181.02792358	1.45098042
181.05667114	1.45098042
181.08950806	1.45098042
181.11807251	1.45098042
181.14688110	1.45098042
181.17962646	1.45098042
181.20823669	1.45098042
181.23693848	1.45098042
181.26972961	1.45098042
181.29830933	1.45098042
181.32714844	1.45098042
181.35975647	1.45098042
181.38862610	1.45098042
181.41720581	1.45098042
181.47848511	1.45098042
181.50738525	1.45098042
181.56872559	1.45098042
181.59744263	1.45098042
181.65879822	1.45098042
181.68756104	1.45098042
181.71623230	1.45098042
181.74893188	1.45098042
181.77769470	1.45098042
181.80633545	1.45098042
181.83911133	1.45098042
181.86767578	1.45098042
181.89648438	1.45098042
181.92918396	1.45098042
181.95800781	1.45098042
181.98657227	1.45098042
182.01936340	1.45098042
182.04792786	1.45098042
182.07673645	1.45098042
182.10945129	1.45098042
182.13810730	1.45098042
182.16677856	1.45098042
182.19960022	1.45098042
182.22816467	1.45098042
182.25695801	1.45098042
182.28968811	1.45098042
182.31828308	1.45098042
182.34704590	1.45098042
182.37989807	1.45098042
182.40852356	1.45098042
182.43717957	1.45098042
182.46997070	1.45098042
182.49855042	1.45098042
182.52735901	1.45098042
182.56005859	1.45098042
182.58874512	1.45098042
182.61744690	1.45098042
182.65022278	1.45098042
182.67878723	1.45098042
182.70761108	1.45098042
182.74028015	1.45098042
182.76892090	1.45098042
182.79763794	1.45098042
182.83042908	1.45098042
182.85911560	1.45098042
182.88784790	1.45098042
182.92056274	1.45098042
182.94921875	1.47058821
182.97787476	1.45098042
183.01060486	1.47058821
183.03930664	1.47058821
183.06805420	1.47058821
183.10081482	1.47058821
183.12951660	1.47058821
183.15823364	1.47058821
183.19091797	1.47058821
183.21963501	1.47058821
183.24827576	1.47058821
183.28109741	1.47058821
183.30970764	1.47058821
183.33833313	1.47058821
183.37121582	1.47058821
183.39987183	1.47058821
183.42854309	1.47058821
183.46131897	1.47058821
183.48989868	1.47058821
183.51856995	1.45098042
183.55125427	1.47058821
183.58000183	1.47058821
183.60862732	1.47058821
183.67015076	1.47058821
183.69882202	1.47058821
183.76025391	1.47058821
183.78884888	1.47058821
183.85038757	1.47058821
183.87907410	1.47058821
183.90783691	1.47058821
183.94050598	1.47058821
183.96919250	1.47058821
183.99795532	1.47058821
184.03068542	1.47058821
184.05932617	1.47058821
184.08808899	1.47058821
184.12078857	1.47058821
184.14956665	1.47058821
184.17816162	1.47058821
184.21090698	1.47058821
184.23948669	1.47058821
184.26835632	1.47058821
184.30099487	1.47058821
184.32971191	1.47058821
184.35824585	1.47058821
184.39112854	1.47058821
184.41976929	1.47058821
184.44854736	1.47058821
184.48130798	1.47058821
184.50994873	1.47058821
184.53848267	1.47058821
184.57142639	1.47058821
184.59999084	1.47058821
184.62870789	1.47058821
184.66154480	1.47058821
184.69017029	1.47058821
184.71882629	1.47058821
184.75152588	1.47058821
184.78033447	1.47058821
184.80894470	1.47058821
184.84170532	1.47058821
184.87043762	1.47058821
184.89907837	1.47058821
184.93179321	1.47058821
184.96057129	1.47058821
184.98908997	1.47058821
185.02189636	1.47058821
185.05061340	1.47058821
185.07931519	1.47058821
185.11201477	1.47058821
185.14082336	1.47058821
185.16947937	1.47058821
185.20213318	1.47058821
185.23086548	1.47058821
185.25958252	1.47058821
185.29226685	1.47058821
185.32104492	1.47058821
185.34960938	1.47058821
185.38252258	1.47058821
185.41110229	1.47058821
185.43981934	1.47058821
185.47254944	1.47058821
185.50126648	1.47058821
185.52995300	1.47058821
185.56262207	1.47058821
185.59146118	1.47058821
185.62002563	1.47058821
185.65280151	1.47058821
185.68157959	1.47058821
185.71018982	1.47058821
185.74285889	1.47058821
185.77169800	1.47058821
185.80021667	1.47058821
185.83300781	1.47058821
185.86172485	1.47058821
185.89045715	1.47058821
185.95193481	1.47058821
185.98048401	1.47058821
186.04197693	1.47058821
186.07070923	1.47058821
186.13206482	1.47058821
186.16070557	1.47058821
186.18954468	1.47058821
186.22213745	1.49019611
186.25090027	1.49019611
186.27954102	1.49019611
186.31230164	1.49019611
186.34107971	1.49019611
186.36965942	1.49019611
186.40257263	1.49019611
186.43113708	1.49019611
186.45980835	1.49019611
186.49253845	1.49019611
186.52131653	1.49019611
186.54983521	1.49019611
186.58267212	1.49019611
186.61134338	1.49019611
186.64007568	1.49019611
186.67269897	1.49019611
186.70156860	1.49019611
186.73007202	1.49019611
186.76292419	1.49019611
186.79165649	1.49019611
186.82026672	1.49019611
186.85305786	1.47058821
186.88180542	1.47058821
186.91033936	1.47058821
186.94317627	1.47058821
186.97184753	1.47058821
187.00050354	1.47058821
187.03329468	1.49019611
187.06201172	1.49019611
187.09068298	1.49019611
187.12339783	1.49019611
187.15219116	1.47058821
187.18075562	1.47058821
187.21354675	1.47058821
187.24226379	1.47058821
187.27095032	1.47058821
187.30361938	1.47058821
187.33230591	1.47058821
187.36096191	1.47058821
187.39379883	1.47058821
187.42247009	1.47058821
187.45118713	1.47058821
187.48382568	1.47058821
187.51254272	1.47058821
187.54121399	1.47058821
187.57403564	1.47058821
187.60256958	1.47058821
187.63133240	1.47058821
187.66410828	1.47058821
187.69285583	1.47058821
187.72148132	1.47058821
187.75425720	1.47058821
187.78280640	1.47058821
187.81163025	1.47058821
187.84442139	1.47058821
187.87301636	1.47058821
187.90179443	1.47058821
187.93449402	1.47058821
187.96318054	1.47058821
187.99191284	1.47058821
188.02465820	1.47058821
188.05326843	1.47058821
188.08203125	1.47058821
188.14355469	1.47058821
188.17204285	1.47058821
188.23342896	1.47058821
188.26231384	1.47058821
188.32371521	1.47058821
188.35232544	1.47058821
188.38099670	1.47058821
188.41374207	1.47058821
188.44252014	1.47058821
188.47109985	1.47058821
188.50393677	1.47058821
188.53239441	1.47058821
188.56126404	1.47058821
188.59402466	1.47058821
188.62265015	1.47058821
188.65142822	1.47058821
188.68411255	1.47058821
188.71278381	1.47058821
188.74150085	1.47058821
188.77429199	1.47058821
188.80290222	1.47058821
188.83184814	1.47058821
188.86434937	1.47058821
188.89300537	1.47058821
188.92170715	1.47058821
188.95454407	1.47058821
188.98304749	1.47058821
189.01193237	1.47058821
189.04457092	1.47058821
189.07327271	1.47058821
189.10192871	1.47058821
189.13465881	1.47058821
189.16343689	1.47058821
189.19213867	1.47058821
189.22483826	1.47058821
189.25357056	1.47058821
189.28219604	1.47058821
189.31513977	1.47058821
189.34353638	1.47058821
189.37239075	1.47058821
189.40516663	1.47058821
189.43374634	1.47058821
189.46247864	1.47058821
189.49525452	1.47058821
189.52384949	1.47058821
189.55264282	1.47058821
189.58535767	1.47058821
189.61396790	1.47058821
189.64259338	1.47058821
189.67549133	1.47058821
189.70408630	1.47058821
189.73272705	1.47058821
189.76559448	1.47058821
189.79423523	1.47058821
189.82283020	1.47058821
189.85574341	1.47058821
189.88433838	1.47058821
189.91302490	1.47058821
189.94595337	1.47058821
189.97450256	1.47058821
190.00308228	1.47058821
190.03602600	1.47058821
190.06463623	1.47058821
190.09326172	1.47058821
190.12599182	1.47058821
190.15476990	1.47058821
190.18345642	1.47058821
190.21607971	1.47058821
190.24487305	1.47058821
190.27345276	1.47058821
190.33496094	1.47058821
190.36357117	1.47058821
190.42509460	1.47058821
190.45372009	1.47058821
190.51515198	1.47058821
190.54382324	1.47058821
190.57260132	1.47058821
190.60536194	1.47058821
190.63392639	1.47058821
190.66275024	1.47058821
190.69546509	1.47058821
190.72409058	1.47058821
190.75291443	1.47058821
190.78559875	1.47058821
190.81417847	1.47058821
190.84289551	1.47058821
190.87579346	1.49019611
190.90437317	1.47058821
190.93296814	1.49019611
190.96577454	1.49019611
190.99447632	1.49019611
191.02308655	1.49019611
191.05598450	1.49019611
191.08464050	1.49019611
191.11320496	1.49019611
191.14607239	1.49019611
191.17475891	1.49019611
191.20346069	1.49019611
191.23622131	1.49019611
191.26483154	1.49019611
191.29344177	1.49019611
191.32620239	1.49019611
191.35494995	1.49019611
191.38357544	1.49019611
191.41647339	1.49019611
191.44511414	1.49019611
191.47372437	1.49019611
191.50646973	1.49019611
191.53526306	1.49019611
191.56382751	1.49019611
191.59661865	1.49019611
191.62536621	1.49019611
191.65399170	1.49019611
191.68670654	1.49019611
191.71546936	1.49019611
191.74412537	1.49019611
191.77680969	1.49019611
191.80561829	1.49019611
191.83415222	1.49019611
191.86697388	1.49019611
191.89570618	1.49019611
191.92446899	1.49019611
191.95706177	1.49019611
191.98583984	1.49019611
192.01443481	1.49019611
192.04718018	1.49019611
192.07595825	1.49019611
192.10458374	1.49019611
192.13745117	1.50980389
192.16609192	1.50980389
192.19470215	1.50980389
192.22750854	1.50980389
192.25624084	1.50980389
192.28482056	1.50980389
192.31759644	1.50980389
192.34637451	1.50980389
192.37495422	1.50980389
192.40776062	1.50980389
192.43646240	1.50980389
192.46527100	1.50980389
192.52644348	1.50980389
192.55520630	1.50980389
192.61659241	1.50980389
192.64532471	1.50980389
192.70668030	1.50980389
192.73544312	1.50980389
192.76411438	1.50980389
192.79681396	1.50980389
192.82557678	1.50980389
192.85420227	1.50980389
192.88694763	1.50980389
192.91569519	1.50980389
192.94445801	1.50980389
192.97706604	1.50980389
193.00581360	1.50980389
193.03456116	1.50980389
193.06721497	1.50980389
193.09599304	1.50980389
193.12458801	1.50980389
193.15750122	1.50980389
193.18605042	1.50980389
193.21475220	1.50980389
193.24755859	1.50980389
193.27624512	1.50980389
193.30479431	1.50980389
193.33755493	1.50980389
193.36633301	1.50980389
193.39492798	1.50980389
193.42771912	1.50980389
193.45643616	1.50980389
193.48504639	1.50980389
193.51779175	1.50980389
193.54656982	1.50980389
193.57516479	1.50980389
193.60795593	1.50980389
193.63670349	1.50980389
193.66528320	1.50980389
193.69804382	1.50980389
193.72683716	1.50980389
193.75540161	1.50980389
193.78825378	1.50980389
193.81680298	1.50980389
193.84561157	1.50980389
193.87834167	1.50980389
193.90696716	1.52941179
193.93568420	1.52941179
193.96849060	1.52941179
193.99703979	1.52941179
194.02581787	1.52941179
194.05859375	1.52941179
194.08717346	1.52941179
194.11592102	1.52941179
194.14865112	1.52941179
194.17741394	1.52941179
194.20605469	1.52941179
194.23883057	1.52941179
194.26748657	1.52941179
194.29621887	1.52941179
194.32890320	1.52941179
194.35752869	1.52941179
194.38630676	1.52941179
194.41905212	1.52941179
194.44766235	1.52941179
194.47644043	1.52941179
194.50917053	1.52941179
194.53781128	1.52941179
194.56654358	1.52941179
194.59934998	1.52941179
194.62788391	1.52941179
194.65673828	1.52941179
194.68942261	1.52941179
194.71806335	1.52941179
194.74684143	1.52941179
194.80824280	1.52941179
194.83697510	1.52941179
194.89839172	1.52941179
194.92687988	1.52941179
194.98847961	1.52941179
195.01702881	1.52941179
195.04579163	1.52941179
195.07856750	1.52941179
195.10719299	1.52941179
195.13586426	1.52941179
195.16867065	1.52941179
195.19741821	1.52941179
195.22602844	1.52941179
195.25878906	1.52941179
195.28741455	1.52941179
195.31617737	1.52941179
195.34895325	1.52941179
195.37756348	1.52941179
195.40631104	1.52941179
195.43899536	1.52941179
195.46769714	1.52941179
195.49639893	1.52941179
195.52920532	1.52941179
195.55778503	1.52941179
195.58650208	1.52941179
195.61935425	1.52941179
195.64788818	1.52941179
195.67660522	1.52941179
195.70942688	1.54901958
195.73802185	1.54901958
195.76683044	1.54901958
195.79954529	1.54901958
195.82821655	1.54901958
195.85694885	1.54901958
195.88967896	1.54901958
195.91842651	1.54901958
195.94702148	1.54901958
195.97979736	1.54901958
196.00840759	1.54901958
196.03717041	1.54901958
196.06996155	1.54901958
196.09861755	1.54901958
196.12716675	1.54901958
196.16007996	1.54901958
196.18864441	1.52941179
196.21754456	1.52941179
196.25015259	1.52941179
196.27880859	1.52941179
196.30744934	1.52941179
196.34033203	1.52941179
196.36898804	1.52941179
196.39758301	1.50980389
196.43041992	1.50980389
196.45901489	1.50980389
196.48764038	1.50980389
196.52041626	1.50980389
196.54913330	1.49019611
196.57781982	1.49019611
196.61067200	1.49019611
196.63932800	1.49019611
196.66798401	1.47058821
196.70069885	1.47058821
196.72941589	1.47058821
196.75804138	1.47058821
196.79078674	1.45098042
196.81954956	1.45098042
196.84812927	1.45098042
196.88087463	1.45098042
196.90971375	1.43137252
196.93840027	1.43137252
196.99977112	1.43137252
197.02835083	1.43137252
197.08981323	1.41176474
197.11857605	1.41176474
197.17997742	1.41176474
197.20863342	1.41176474
197.23741150	1.41176474
197.27015686	1.39215684
197.29881287	1.39215684
197.32752991	1.39215684
197.36030579	1.39215684
197.38896179	1.39215684
197.41751099	1.39215684
197.45045471	1.39215684
197.47898865	1.39215684
197.50770569	1.39215684
197.54052734	1.39215684
197.56919861	1.39215684
197.59774780	1.39215684
197.63064575	1.39215684
197.65922546	1.39215684
197.68789673	1.39215684
197.72064209	1.39215684
197.74937439	1.39215684
197.77804565	1.39215684
197.81076050	1.39215684
197.83943176	1.39215684
197.86811829	1.39215684
197.90090942	1.39215684
197.92964172	1.39215684
197.95829773	1.39215684
197.99102783	1.39215684
198.01971436	1.39215684
198.04837036	1.39215684
198.08111572	1.39215684
198.10997009	1.39215684
198.13848877	1.39215684
198.17138672	1.39215684
198.20005798	1.39215684
198.22863770	1.39215684
198.26142883	1.39215684
198.29014587	1.39215684
198.31883240	1.39215684
198.35156250	1.39215684
198.38031006	1.37254906
198.40888977	1.37254906
198.44160461	1.37254906
198.47033691	1.35294116
198.49899292	1.35294116
198.53172302	1.35294116
198.56050110	1.35294116
198.58914185	1.33333337
198.62199402	1.33333337
198.65060425	1.33333337
198.67924500	1.31372547
198.71197510	1.31372547
198.74067688	1.31372547
198.76942444	1.29411769
198.80212402	1.29411769
198.83088684	1.29411769
198.85948181	1.29411769
198.89239502	1.29411769
198.92098999	1.29411769
198.94966125	1.27450979
198.98229980	1.27450979
199.01113892	1.27450979
199.03976440	1.27450979
199.07252502	1.27450979
199.10107422	1.27450979
199.12979126	1.25490201
199.19137573	1.25490201
199.21997070	1.25490201
199.28132629	1.25490201
199.31015015	1.23529410
199.37153625	1.23529410
199.40025330	1.23529410
199.42887878	1.23529410
199.46160889	1.23529410
199.49040222	1.23529410
199.51905823	1.23529410
199.55172729	1.23529410
199.58050537	1.21568632
199.60911560	1.21568632
199.64184570	1.21568632
199.67062378	1.21568632
199.69931030	1.21568632
199.73204041	1.21568632
199.76078796	1.21568632
199.78936768	1.21568632
199.82215881	1.21568632
199.85089111	1.21568632
199.87956238	1.19607842
199.91242981	1.19607842
199.94097900	1.19607842
199.96958923	1.19607842
200.00236511	1.19607842
200.03117371	1.19607842
200.05976868	1.17647064
200.09246826	1.17647064
200.12115479	1.17647064
200.14985657	1.17647064
200.18267822	1.17647064
200.21136475	1.17647064
200.23999023	1.17647064
200.27275085	1.17647064
200.30136108	1.15686274
200.33012390	1.15686274
200.36285400	1.15686274
200.39147949	1.15686274
200.42024231	1.15686274
200.45298767	1.15686274
200.48159790	1.15686274
200.51042175	1.15686274
200.54310608	1.15686274
200.57173157	1.15686274
200.60049438	1.13725495
200.63328552	1.13725495
200.66184998	1.13725495
200.69067383	1.13725495
200.72337341	1.13725495
200.75198364	1.13725495
200.78077698	1.13725495
200.81349182	1.13725495
200.84210205	1.13725495
200.87086487	1.13725495
200.90361023	1.13725495
200.93232727	1.13725495
200.96098328	1.13725495
200.99375916	1.13725495
201.02233887	1.13725495
201.05114746	1.13725495
201.08383179	1.13725495
201.11253357	1.13725495
201.14122009	1.13725495
201.17396545	1.13725495
201.20257568	1.15686274
201.23135376	1.15686274
201.26417542	1.15686274
201.29272461	1.15686274
201.32148743	1.15686274
201.38288879	1.15686274
201.41162109	1.15686274
201.47296143	1.17647064
201.50160217	1.17647064
201.56309509	1.17647064
201.59172058	1.17647064
201.62046814	1.17647064
201.65322876	1.17647064
201.68186951	1.17647064
201.71058655	1.17647064
201.74331665	1.19607842
201.77201843	1.19607842
201.80073547	1.19607842
201.83351135	1.19607842
201.86210632	1.19607842
201.89085388	1.19607842
201.92358398	1.19607842
201.95234680	1.19607842
201.98097229	1.19607842
202.01373291	1.19607842
202.04231262	1.21568632
202.07113647	1.21568632
202.10385132	1.21568632
202.13246155	1.21568632
202.16122437	1.21568632
202.19398499	1.21568632
202.22259521	1.21568632
202.25143433	1.21568632
202.28411865	1.21568632
202.31271362	1.21568632
202.34146118	1.21568632
202.37425232	1.23529410
202.40281677	1.23529410
202.43162537	1.23529410
202.46430969	1.23529410
202.49299622	1.23529410
202.52172852	1.23529410
202.55447388	1.23529410
202.58308411	1.23529410
202.61186218	1.23529410
202.64465332	1.23529410
202.67323303	1.23529410
202.70182800	1.23529410
202.73471069	1.23529410
202.76338196	1.23529410
202.79196167	1.23529410
202.82485962	1.23529410
202.85345459	1.23529410
202.88226318	1.23529410
202.91499329	1.23529410
202.94361877	1.23529410
202.97235107	1.25490201
203.00509644	1.25490201
203.03372192	1.25490201
203.06233215	1.25490201
203.09507751	1.25490201
203.12384033	1.25490201
203.15248108	1.25490201
203.18533325	1.25490201
203.21394348	1.25490201
203.24261475	1.25490201
203.27534485	1.25490201
203.30406189	1.25490201
203.33268738	1.25490201
203.36550903	1.25490201
203.39421082	1.25490201
203.42282104	1.25490201
203.45558167	1.25490201
203.48432922	1.25490201
203.51292419	1.25490201
203.54570007	1.25490201
203.57449341	1.25490201
203.60308838	1.25490201
203.66453552	1.25490201
203.69332886	1.25490201
203.75474548	1.25490201
203.78330994	1.23529410
203.84486389	1.23529410
203.87348938	1.23529410
203.90205383	1.21568632
203.93493652	1.21568632
203.96356201	1.21568632
203.99234009	1.19607842
204.02507019	1.19607842
204.05371094	1.19607842
204.08227539	1.17647064
204.11520386	1.17647064
204.14379883	1.17647064
204.17247009	1.15686274
204.20538330	1.15686274
204.23391724	1.15686274
204.26254272	1.15686274
204.29533386	1.15686274
204.32408142	1.13725495
204.35266113	1.13725495
204.38549805	1.13725495
204.41418457	1.13725495
204.44284058	1.13725495
204.47561646	1.13725495
204.50440979	1.13725495
204.53292847	1.13725495
204.56575012	1.13725495
204.59439087	1.11764705
204.62309265	1.11764705
204.65580750	1.11764705
204.68457031	1.11764705
204.71337891	1.11764705
204.74597168	1.11764705
204.77467346	1.11764705
204.80334473	1.11764705
204.83604431	1.11764705
204.86479187	1.11764705
204.89346313	1.13725495
204.92637634	1.13725495
204.95494080	1.13725495
204.98350525	1.13725495
205.01629639	1.13725495
205.04507446	1.13725495
205.07368469	1.13725495
205.10643005	1.13725495
205.13517761	1.13725495
205.16378784	1.13725495
205.19664001	1.15686274
205.22531128	1.15686274
205.25392151	1.15686274
205.28666687	1.15686274
205.31565857	1.15686274
205.34400940	1.15686274
205.37686157	1.15686274
205.40553284	1.15686274
205.43420410	1.17647064
205.46694946	1.17647064
205.49555969	1.17647064
205.52429199	1.17647064
205.55703735	1.17647064
205.58567810	1.17647064
205.61447144	1.17647064
205.64717102	1.17647064
205.67581177	1.19607842
205.70458984	1.19607842
205.73735046	1.19607842
205.76588440	1.19607842
205.79461670	1.19607842
205.85604858	1.19607842
205.88481140	1.21568632
205.94628906	1.21568632
205.97492981	1.21568632
206.03622437	1.21568632
206.06503296	1.21568632
206.09365845	1.21568632
206.12644958	1.21568632
206.15516663	1.21568632
206.18377686	1.23529410
206.21652222	1.23529410
206.24534607	1.23529410
206.27395630	1.23529410
206.30671692	1.23529410
206.33543396	1.23529410
206.36404419	1.23529410
206.39678955	1.23529410
206.42555237	1.23529410
206.45423889	1.23529410
206.48690796	1.23529410
206.51568604	1.23529410
206.54428101	1.23529410
206.57710266	1.23529410
206.60580444	1.23529410
206.63450623	1.23529410
206.66729736	1.23529410
206.69586182	1.23529410
206.72454834	1.23529410
206.75733948	1.23529410
206.78590393	1.25490201
206.81469727	1.25490201
206.84745789	1.25490201
206.87606812	1.25490201
206.90478516	1.25490201
206.93753052	1.25490201
206.96624756	1.25490201
206.99488831	1.25490201
207.02764893	1.25490201
207.05632019	1.25490201
207.08503723	1.25490201
207.11782837	1.25490201
207.14637756	1.25490201
207.17517090	1.25490201
207.20788574	1.25490201
207.23651123	1.25490201
207.26535034	1.25490201
207.29808044	1.25490201
207.32662964	1.25490201
207.35542297	1.25490201
207.38821411	1.25490201
207.41676331	1.25490201
207.44560242	1.25490201
207.47828674	1.25490201
207.50692749	1.25490201
207.53565979	1.25490201
207.56838989	1.25490201
207.59701538	1.25490201
207.62577820	1.27450979
207.65853882	1.27450979
207.68727112	1.27450979
207.71588135	1.27450979
207.74868774	1.27450979
207.77726746	1.27450979
207.80604553	1.27450979
207.83883667	1.27450979
207.86744690	1.27450979
207.89601135	1.27450979
207.92892456	1.27450979
207.95751953	1.27450979
207.98629761	1.27450979
208.04763794	1.27450979
208.07633972	1.27450979
208.13781738	1.27450979
208.16638184	1.27450979
208.22789001	1.27450979
208.25657654	1.27450979
208.28527832	1.27450979
208.31800842	1.27450979
208.34661865	1.27450979
208.37539673	1.27450979
208.40812683	1.27450979
208.43679810	1.27450979
208.46560669	1.27450979
208.49826050	1.27450979
208.52685547	1.27450979
208.55560303	1.25490201
208.58839417	1.25490201
208.61701965	1.25490201
208.64578247	1.27450979
208.67855835	1.27450979
208.70726013	1.27450979
208.73591614	1.27450979
208.76863098	1.27450979
208.79727173	1.27450979
208.82608032	1.27450979
208.85882568	1.27450979
208.88737488	1.27450979
208.91609192	1.27450979
208.94905090	1.27450979
208.97750854	1.27450979
209.00633240	1.27450979
209.03901672	1.27450979
209.06764221	1.27450979
209.09619141	1.27450979
209.12902832	1.27450979
209.15771484	1.27450979
209.18635559	1.27450979
209.21926880	1.27450979
209.24787903	1.27450979
209.27648926	1.27450979
209.30943298	1.27450979
209.33801270	1.27450979
209.36659241	1.27450979
209.39956665	1.27450979
209.42813110	1.27450979
209.45674133	1.27450979
209.48954773	1.27450979
209.51823425	1.27450979
209.54687500	1.27450979
209.57983398	1.27450979
209.60838318	1.27450979
209.63705444	1.27450979
209.66975403	1.27450979
209.69857788	1.27450979
209.72727966	1.27450979
209.75993347	1.29411769
209.78865051	1.29411769
209.81726074	1.29411769
209.85000610	1.29411769
209.87882996	1.29411769
209.90734863	1.29411769
209.94026184	1.29411769
209.96888733	1.29411769
209.99749756	1.29411769
210.03022766	1.29411769
210.05897522	1.29411769
210.08760071	1.29411769
210.12042236	1.29411769
210.14909363	1.29411769
210.17774963	1.29411769
210.23921204	1.29411769
210.26789856	1.29411769
210.32937622	1.29411769
210.35801697	1.29411769
210.41952515	1.29411769
210.44810486	1.29411769
210.47669983	1.29411769
210.50962830	1.29411769
210.53828430	1.29411769
210.56686401	1.29411769
210.59970093	1.29411769
210.62837219	1.31372547
210.65698242	1.31372547
210.68974304	1.31372547
210.71849060	1.31372547
210.74720764	1.31372547
210.77978516	1.31372547
210.80862427	1.31372547
210.83721924	1.31372547
210.86997986	1.31372547
210.89881897	1.31372547
210.92735291	1.31372547
210.96031189	1.31372547
210.98884583	1.31372547
211.01753235	1.31372547
211.05024719	1.31372547
211.07905579	1.31372547
211.10758972	1.31372547
211.14039612	1.31372547
211.16906738	1.31372547
211.19778442	1.31372547
211.23042297	1.31372547
211.25930786	1.31372547
211.28781128	1.31372547
211.32064819	1.31372547
211.34927368	1.31372547
211.37797546	1.31372547
211.41070557	1.31372547
211.43949890	1.31372547
211.46815491	1.31372547
211.50088501	1.31372547
211.52957153	1.31372547
211.55824280	1.31372547
211.59095764	1.31372547
211.61970520	1.33333337
211.64834595	1.33333337
211.68122864	1.33333337
211.70986938	1.33333337
211.73849487	1.33333337
211.77130127	1.33333337
211.80004883	1.33333337
211.82861328	1.33333337
211.86126709	1.33333337
211.89013672	1.33333337
211.91873169	1.33333337
211.95149231	1.33333337
211.98016357	1.33333337
212.00889587	1.33333337
212.04154968	1.33333337
212.07025146	1.33333337
212.09898376	1.33333337
212.13175964	1.33333337
212.16023254	1.33333337
212.18914795	1.33333337
212.22184753	1.33333337
212.25044250	1.33333337
212.27923584	1.33333337
212.31198120	1.33333337
212.34054565	1.33333337
212.36932373	1.33333337
212.40209961	1.33333337
212.43069458	1.33333337
212.45953369	1.33333337
212.52088928	1.33333337
212.54960632	1.33333337
212.61096191	1.33333337
212.63978577	1.33333337
212.70130920	1.33333337
212.72981262	1.33333337
212.75851440	1.33333337
212.79113770	1.33333337
212.82000732	1.33333337
212.84854126	1.33333337
212.88140869	1.33333337
212.91004944	1.33333337
212.93872070	1.33333337
212.97148132	1.33333337
213.00025940	1.33333337
213.02882385	1.33333337
213.06161499	1.33333337
213.09034729	1.33333337
213.11900330	1.33333337
213.15165710	1.35294116
213.18032837	1.35294116
213.20916748	1.35294116
213.24185181	1.35294116
213.27050781	1.35294116
213.29920959	1.35294116
213.33203125	1.35294116
213.36059570	1.35294116
213.38938904	1.35294116
213.42201233	1.35294116
213.45072937	1.35294116
213.47943115	1.35294116
213.51225281	1.35294116
213.54081726	1.35294116
213.56961060	1.35294116
213.60237122	1.35294116
213.63098145	1.35294116
213.65968323	1.35294116
213.69253540	1.35294116
213.72117615	1.35294116
213.74987793	1.35294116
213.78253174	1.35294116
213.81123352	1.35294116
213.83996582	1.35294116
213.87268066	1.35294116
213.90133667	1.35294116
213.93008423	1.35294116
213.96284485	1.35294116
213.99143982	1.35294116
214.02026367	1.35294116
214.05299377	1.35294116
214.08154297	1.35294116
214.11033630	1.35294116
214.14312744	1.35294116
214.17169189	1.35294116
214.20050049	1.35294116
214.23321533	1.35294116
214.26190186	1.35294116
214.29054260	1.35294116
214.32339478	1.35294116
214.35188293	1.35294116
214.38061523	1.35294116
214.41342163	1.35294116
214.44212341	1.35294116
214.47065735	1.35294116
214.50354004	1.35294116
214.53221130	1.35294116
214.56086731	1.35294116
214.59370422	1.35294116
214.62232971	1.35294116
214.65092468	1.37254906
214.71243286	1.35294116
214.74121094	1.37254906
214.80259705	1.35294116
214.83125305	1.35294116
214.89274597	1.35294116
214.92131042	1.37254906
214.95011902	1.37254906
214.98281860	1.37254906
215.01148987	1.37254906
215.04017639	1.37254906
215.07298279	1.37254906
215.10160828	1.37254906
215.13038635	1.37254906
215.16305542	1.37254906
215.19174194	1.37254906
215.22041321	1.37254906
215.25323486	1.37254906
215.28178406	1.37254906
215.31057739	1.37254906
215.34332275	1.37254906
215.37197876	1.37254906
215.40068054	1.37254906
215.43344116	1.37254906
215.46220398	1.37254906
215.49082947	1.37254906
215.52363586	1.37254906
215.55218506	1.37254906
215.58088684	1.37254906
215.61375427	1.37254906
215.64231873	1.37254906
215.67088318	1.37254906
215.70381165	1.37254906
215.73251343	1.37254906
215.76116943	1.37254906
215.79393005	1.37254906
215.82255554	1.37254906
215.85115051	1.37254906
215.88410950	1.37254906
215.91262817	1.37254906
215.94137573	1.37254906
215.97418213	1.37254906
216.00286865	1.37254906
216.03141785	1.39215684
216.06419373	1.39215684
216.09294128	1.39215684
216.12155151	1.39215684
216.15435791	1.39215684
216.18305969	1.39215684
216.21165466	1.39215684
216.24447632	1.39215684
216.27319336	1.39215684
216.30178833	1.39215684
216.33460999	1.39215684
216.36332703	1.39215684
216.39193726	1.39215684
216.42468262	1.39215684
216.45349121	1.39215684
216.48219299	1.39215684
216.51486206	1.39215684
216.54356384	1.39215684
216.57229614	1.39215684
216.60488892	1.39215684
216.63372803	1.39215684
216.66227722	1.39215684
216.69522095	1.39215684
216.72377014	1.39215684
216.75253296	1.39215684
216.78517151	1.39215684
216.81393433	1.39215684
216.84254456	1.39215684
216.90406799	1.39215684
216.93269348	1.39215684
216.99417114	1.39215684
217.02278137	1.39215684
217.08435059	1.39215684
217.11293030	1.39215684
217.14158630	1.39215684
217.17434692	1.39215684
217.20303345	1.39215684
217.23161316	1.39215684
217.26455688	1.39215684
217.29316711	1.39215684
217.32183838	1.39215684
217.35455322	1.39215684
217.38336182	1.39215684
217.41188049	1.39215684
217.44476318	1.39215684
217.47340393	1.39215684
217.50219727	1.39215684
217.53479004	1.39215684
217.56358337	1.39215684
217.59213257	1.39215684
217.62490845	1.39215684
217.65373230	1.39215684
217.68258667	1.39215684
217.71522522	1.39215684
217.74385071	1.39215684
217.77246094	1.41176474
217.80516052	1.41176474
217.83396912	1.41176474
217.86253357	1.41176474
217.89533997	1.41176474
217.92401123	1.41176474
217.95272827	1.41176474
217.98533630	1.41176474
218.01423645	1.41176474
218.04273987	1.41176474
218.07557678	1.41176474
218.10424805	1.41176474
218.13288879	1.41176474
218.16566467	1.41176474
218.19441223	1.41176474
218.22303772	1.41176474
218.25579834	1.41176474
218.28450012	1.41176474
218.31320190	1.41176474
218.34590149	1.41176474
218.37463379	1.41176474
218.40325928	1.41176474
218.43603516	1.41176474
218.46472168	1.41176474
218.49342346	1.41176474
218.52621460	1.41176474
218.55480957	1.41176474
218.58357239	1.41176474
218.61630249	1.41176474
218.64495850	1.41176474
218.67367554	1.41176474
218.70646667	1.41176474
218.73515320	1.41176474
218.76377869	1.41176474
218.79649353	1.41176474
218.82521057	1.41176474
218.85394287	1.41176474
218.88670349	1.41176474
218.91522217	1.41176474
218.94406128	1.41176474
218.97677612	1.41176474
219.00538635	1.41176474
219.03416443	1.41176474
219.09544373	1.41176474
219.12417603	1.41176474
219.18557739	1.41176474
219.21446228	1.41176474
219.27580261	1.41176474
219.30455017	1.41176474
219.36602783	1.41176474
219.39471436	1.41176474
219.42326355	1.41176474
219.45622253	1.41176474
219.48472595	1.41176474
219.51344299	1.43137252
219.54609680	1.43137252
219.57496643	1.43137252
219.60348511	1.43137252
219.63633728	1.43137252
219.66497803	1.43137252
219.69367981	1.43137252
219.72640991	1.43137252
219.75514221	1.43137252
219.78378296	1.43137252
219.81651306	1.43137252
219.84512329	1.43137252
219.87388611	1.43137252
219.90663147	1.43137252
219.93528748	1.43137252
219.96406555	1.43137252
219.99681091	1.43137252
220.02542114	1.43137252
220.05419922	1.43137252
220.08692932	1.43137252
220.11553955	1.43137252
220.14428711	1.43137252
220.17703247	1.43137252
220.20567322	1.43137252
220.23434448	1.43137252
220.26718140	1.43137252
220.29573059	1.43137252
220.32458496	1.43137252
220.35722351	1.43137252
220.38592529	1.43137252
220.41459656	1.43137252
220.44741821	1.43137252
220.47613525	1.43137252
220.50477600	1.43137252
220.53750610	1.43137252
220.56616211	1.43137252
220.59489441	1.43137252
220.62768555	1.43137252
220.65626526	1.43137252
220.68502808	1.43137252
220.71777344	1.43137252
220.74641418	1.43137252
220.77519226	1.43137252
220.80792236	1.43137252
220.83654785	1.43137252
220.86515808	1.43137252
220.89807129	1.43137252
220.92666626	1.43137252
220.95530701	1.43137252
220.98814392	1.43137252
221.01681519	1.43137252
221.04533386	1.43137252
221.07832336	1.43137252
221.10681152	1.43137252
221.13552856	1.43137252
221.16833496	1.43137252
221.19706726	1.43137252
221.22558594	1.43137252
221.25842285	1.45098042
221.28712463	1.45098042
221.31573486	1.45098042
221.37725830	1.45098042
221.40585327	1.45098042
221.46737671	1.45098042
221.49617004	1.45098042
221.55754089	1.45098042
221.58618164	1.45098042
221.61483765	1.45098042
221.64768982	1.45098042
221.67630005	1.45098042
221.70506287	1.45098042
221.73776245	1.45098042
221.76641846	1.45098042
221.79508972	1.45098042
221.82794189	1.45098042
221.85655212	1.45098042
221.88529968	1.45098042
221.91795349	1.45098042
221.94668579	1.45098042
221.97532654	1.45098042
222.00814819	1.45098042
222.03680420	1.45098042
222.06538391	1.45098042
222.09823608	1.45098042
222.12689209	1.45098042
222.15550232	1.45098042
222.18840027	1.45098042
222.21713257	1.45098042
222.24557495	1.45098042
222.27854919	1.45098042
222.30714417	1.45098042
222.33578491	1.45098042
222.36866760	1.45098042
222.39730835	1.45098042
222.42585754	1.45098042
222.45880127	1.45098042
222.48735046	1.45098042
222.51612854	1.45098042
222.54882813	1.45098042
222.57752991	1.45098042
222.60606384	1.45098042
222.63891602	1.45098042
222.66755676	1.45098042
222.69627380	1.45098042
222.72912598	1.45098042
222.75773621	1.45098042
222.78636169	1.45098042
222.81913757	1.45098042
222.84791565	1.45098042
222.87649536	1.45098042
222.90927124	1.45098042
222.93798828	1.45098042
222.96658325	1.45098042
222.99943542	1.45098042
223.02816772	1.45098042
223.05673218	1.45098042
223.08952332	1.45098042
223.11825562	1.45098042
223.14691162	1.47058821
223.17965698	1.47058821
223.20841980	1.47058821
223.23707581	1.47058821
223.26976013	1.47058821
223.29849243	1.47058821
223.32716370	1.47058821
223.35980225	1.47058821
223.38867188	1.47058821
223.41720581	1.47058821
223.45014954	1.47058821
223.47868347	1.47058821
223.50740051	1.47058821
223.56884766	1.47058821
223.59745789	1.45098042
223.65885925	1.45098042
223.68759155	1.45098042
223.74909973	1.45098042
223.77772522	1.47058821
223.80624390	1.47058821
223.83917236	1.47058821
223.86781311	1.47058821
223.89649963	1.47058821
223.92924500	1.47058821
223.95797729	1.47058821
223.98658752	1.45098042
224.01939392	1.45098042
224.04808044	1.45098042
224.07678223	1.45098042
224.10940552	1.45098042
224.13829041	1.45098042
224.16671753	1.45098042
224.19963074	1.45098042
224.22830200	1.45098042
224.25715637	1.45098042
224.28965759	1.45098042
224.31846619	1.45098042
224.34709167	1.45098042
224.37985229	1.45098042
224.40855408	1.45098042
224.43724060	1.45098042
224.47015381	1.45098042
224.49871826	1.45098042
224.52731323	1.45098042
224.56011963	1.45098042
224.58889771	1.45098042
224.61746216	1.45098042
224.65025330	1.45098042
224.67897034	1.45098042
224.70762634	1.45098042
224.74035645	1.45098042
224.76914978	1.45098042
224.79769897	1.45098042
224.83052063	1.45098042
224.85923767	1.45098042
224.88789368	1.45098042
224.92054749	1.45098042
224.94924927	1.45098042
224.97795105	1.45098042
225.01077271	1.45098042
225.03929138	1.45098042
225.06808472	1.45098042
225.10084534	1.45098042
225.12940979	1.45098042
225.15820313	1.45098042
225.19093323	1.45098042
225.21955872	1.45098042
225.24833679	1.45098042
225.28106689	1.45098042
225.30970764	1.45098042
225.33847046	1.45098042
225.37123108	1.45098042
225.39987183	1.45098042
225.42854309	1.45098042
225.46138000	1.45098042
225.49011230	1.45098042
225.51870728	1.45098042
225.55146790	1.45098042
225.58010864	1.45098042
225.60884094	1.45098042
225.64164734	1.47058821
225.67018127	1.47058821
225.69895935	1.47058821
225.76031494	1.47058821
225.78909302	1.47058821
225.85041809	1.47058821
225.87928772	1.47058821
225.94061279	1.47058821
225.96937561	1.47058821
225.99809265	1.47058821
226.03074646	1.47058821
226.05932617	1.45098042
226.08810425	1.45098042
226.12083435	1.45098042
226.14947510	1.45098042
226.17816162	1.47058821
226.21093750	1.47058821
226.23953247	1.47058821
226.26837158	1.47058821
226.30107117	1.45098042
226.32969666	1.45098042
226.35841370	1.45098042
226.39118958	1.45098042
226.41981506	1.45098042
226.44862366	1.45098042
226.48132324	1.45098042
226.51002502	1.45098042
226.53868103	1.45098042
226.57142639	1.45098042
226.60006714	1.43137252
226.62882996	1.43137252
226.66160583	1.43137252
226.69023132	1.43137252
226.71894836	1.41176474
226.75167847	1.41176474
226.78033447	1.41176474
226.80908203	1.39215684
226.84187317	1.39215684
226.87043762	1.39215684
226.89924622	1.37254906
226.93193054	1.37254906
226.96057129	1.35294116
226.98928833	1.35294116
227.02212524	1.35294116
227.05072021	1.33333337
227.07949829	1.33333337
227.11218262	1.31372547
227.14079285	1.31372547
227.16952515	1.31372547
227.20233154	1.29411769
227.23107910	1.29411769
227.25973511	1.29411769
227.29244995	1.27450979
227.32106018	1.27450979
227.34959412	1.27450979
227.38256836	1.27450979
227.41117859	1.27450979
227.43978882	1.25490201
227.47274780	1.25490201
227.50131226	1.25490201
227.53015137	1.25490201
227.56278992	1.25490201
227.59147644	1.25490201
227.62010193	1.25490201
227.65299988	1.25490201
227.68153381	1.25490201
227.71022034	1.25490201
227.74304199	1.25490201
227.77166748	1.25490201
227.80023193	1.25490201
227.83299255	1.25490201
227.86178589	1.25490201
227.89045715	1.25490201
227.92330933	1.23529410
227.95188904	1.23529410
227.98048401	1.23529410
228.04206848	1.23529410
228.07072449	1.23529410
228.13218689	1.23529410
228.16073608	1.23529410
228.22236633	1.23529410
228.25103760	1.23529410
228.27973938	1.23529410
228.31243896	1.23529410
228.34109497	1.23529410
228.36982727	1.23529410
228.40255737	1.23529410
228.43118286	1.23529410
228.45999146	1.23529410
228.49266052	1.21568632
228.52134705	1.21568632
228.55000305	1.21568632
228.58287048	1.21568632
228.61140442	1.21568632
228.64010620	1.21568632
228.67288208	1.21568632
228.70159912	1.21568632
228.73011780	1.21568632
228.76301575	1.21568632
228.79165649	1.21568632
228.82032776	1.21568632
228.85316467	1.21568632
228.88180542	1.21568632
228.91040039	1.21568632
228.94322205	1.21568632
228.97192383	1.21568632
229.00057983	1.21568632
229.03341675	1.21568632
229.06202698	1.21568632
229.09069824	1.21568632
229.12332153	1.23529410
229.15209961	1.23529410
229.18070984	1.23529410
229.21357727	1.23529410
229.24229431	1.23529410
229.27110291	1.23529410
229.30361938	1.23529410
229.33248901	1.23529410
229.36097717	1.23529410
229.39378357	1.23529410
229.42250061	1.25490201
229.45118713	1.25490201
229.48410034	1.25490201
229.51271057	1.25490201
229.54122925	1.25490201
229.57402039	1.25490201
229.60275269	1.25490201
229.63145447	1.25490201
229.66415405	1.25490201
229.69296265	1.25490201
229.72148132	1.25490201
229.75428772	1.25490201
229.78306580	1.25490201
229.81166077	1.27450979
229.84439087	1.27450979
229.87312317	1.27450979
229.90184021	1.27450979
229.93449402	1.27450979
229.96334839	1.27450979
229.99189758	1.27450979
230.02464294	1.27450979
230.05335999	1.27450979
230.08210754	1.27450979
230.11477661	1.27450979
230.14356995	1.29411769
230.17211914	1.29411769
230.23362732	1.29411769
230.26232910	1.29411769
230.32371521	1.29411769
230.35229492	1.29411769
230.41372681	1.29411769
230.44259644	1.29411769
230.47108459	1.29411769
230.50404358	1.31372547
230.53260803	1.31372547
230.56129456	1.31372547
230.59405518	1.31372547
230.62281799	1.31372547
230.65144348	1.31372547
230.68414307	1.31372547
230.71289063	1.31372547
230.74156189	1.31372547
230.77430725	1.31372547
230.80302429	1.31372547
230.83168030	1.31372547
230.86436462	1.31372547
230.89320374	1.31372547
230.92172241	1.31372547
230.95457458	1.31372547
230.98323059	1.31372547
231.01197815	1.31372547
231.04460144	1.33333337
231.07344055	1.33333337
231.10203552	1.33333337
231.13481140	1.33333337
231.16348267	1.33333337
231.19213867	1.33333337
231.22508240	1.33333337
231.25369263	1.33333337
231.28222656	1.33333337
231.31503296	1.33333337
231.34382629	1.33333337
231.37243652	1.33333337
231.40518188	1.33333337
231.43380737	1.33333337
231.46255493	1.33333337
231.49526978	1.33333337
231.52407837	1.33333337
231.55262756	1.33333337
231.58541870	1.33333337
231.61396790	1.33333337
231.64282227	1.33333337
231.67547607	1.33333337
231.70417786	1.33333337
231.73292542	1.33333337
231.76568604	1.33333337
231.79418945	1.33333337
231.82310486	1.33333337
231.85574341	1.33333337
231.88446045	1.33333337
231.91310120	1.33333337
231.94592285	1.33333337
231.97444153	1.33333337
232.00332642	1.33333337
232.03599548	1.33333337
232.06469727	1.33333337
232.09335327	1.33333337
232.12614441	1.33333337
232.15478516	1.33333337
232.18353271	1.33333337
232.21643066	1.33333337
232.24502563	1.33333337
232.27362061	1.33333337
232.30647278	1.33333337
232.33503723	1.33333337
232.36375427	1.33333337
232.42509460	1.33333337
232.45391846	1.33333337
232.51531982	1.33333337
232.54402161	1.33333337
232.60537720	1.33333337
232.63407898	1.33333337
232.66279602	1.33333337
232.69560242	1.33333337
232.72415161	1.33333337
232.75288391	1.33333337
232.78575134	1.33333337
232.81433105	1.33333337
232.84300232	1.33333337
232.87579346	1.33333337
232.90437317	1.33333337
232.93313599	1.33333337
232.96586609	1.35294116
232.99452209	1.35294116
233.02323914	1.35294116
233.05598450	1.35294116
233.08459473	1.35294116
233.11337280	1.35294116
233.14613342	1.35294116
233.17474365	1.35294116
233.20350647	1.35294116
233.23625183	1.35294116
233.26495361	1.35294116
233.29357910	1.35294116
233.32643127	1.35294116
233.35498047	1.35294116
233.38374329	1.35294116
233.41644287	1.35294116
233.44512939	1.35294116
233.47392273	1.35294116
233.50674438	1.33333337
233.53526306	1.33333337
233.56399536	1.33333337
233.59680176	1.33333337
233.62535095	1.33333337
233.65419006	1.33333337
233.68693542	1.33333337
233.71548462	1.33333337
233.74426270	1.33333337
233.77696228	1.33333337
233.80555725	1.33333337
233.83427429	1.33333337
233.86715698	1.33333337
233.89573669	1.33333337
233.92436218	1.33333337
233.95726013	1.31372547
233.98587036	1.31372547
234.01448059	1.31372547
234.04737854	1.31372547
234.07598877	1.29411769
234.10461426	1.29411769
234.13748169	1.29411769
234.16612244	1.29411769
234.19470215	1.29411769
234.22767639	1.27450979
234.25627136	1.27450979
234.28503418	1.27450979
234.31771851	1.27450979
234.34631348	1.27450979
234.37503052	1.25490201
234.40774536	1.25490201
234.43650818	1.25490201
234.46507263	1.25490201
234.49798584	1.25490201
234.52661133	1.25490201
234.55526733	1.25490201
234.61674500	1.25490201
234.64535522	1.25490201
234.70686340	1.25490201
234.73545837	1.25490201
234.79699707	1.23529410
234.82566833	1.23529410
234.85440063	1.23529410
234.88711548	1.23529410
234.91574097	1.25490201
234.94447327	1.25490201
234.97729492	1.25490201
235.00584412	1.25490201
235.03453064	1.25490201
235.06735229	1.25490201
235.09602356	1.25490201
235.12463379	1.25490201
235.15751648	1.25490201
235.18606567	1.25490201
235.21476746	1.25490201
235.24760437	1.25490201
235.27622986	1.25490201
235.30500793	1.25490201
235.33772278	1.25490201
235.36643982	1.25490201
235.39495850	1.25490201
235.42773438	1.27450979
235.45646667	1.27450979
235.48507690	1.27450979
235.51795959	1.27450979
235.54658508	1.27450979
235.57521057	1.27450979
235.60797119	1.27450979
235.63673401	1.27450979
235.66532898	1.27450979
235.69808960	1.29411769
235.72685242	1.29411769
235.75546265	1.29411769
235.78825378	1.29411769
235.81698608	1.29411769
235.84571838	1.29411769
235.87832642	1.29411769
235.90705872	1.29411769
235.93572998	1.29411769
235.96844482	1.29411769
235.99726868	1.29411769
236.02597046	1.29411769
236.05862427	1.29411769
236.08734131	1.31372547
236.11592102	1.31372547
236.14868164	1.31372547
236.17750549	1.31372547
236.20608521	1.31372547
236.23896790	1.31372547
236.26757813	1.31372547
236.29620361	1.31372547
236.32896423	1.31372547
236.35772705	1.31372547
236.38638306	1.31372547
236.41906738	1.31372547
236.44783020	1.31372547
236.47645569	1.33333337
236.50920105	1.33333337
236.53802490	1.33333337
236.56668091	1.33333337
236.59939575	1.33333337
236.62809753	1.33333337
236.65676880	1.33333337
236.68948364	1.33333337
236.71812439	1.33333337
236.74682617	1.33333337
236.77963257	1.33333337
236.80824280	1.33333337
236.83697510	1.33333337
236.89831543	1.33333337
236.92709351	1.33333337
236.98847961	1.33333337
237.01719666	1.33333337
237.07856750	1.35294116
237.10734558	1.35294116
237.13594055	1.35294116
237.16868591	1.35294116
237.19744873	1.35294116
237.22607422	1.35294116
237.25897217	1.35294116
237.28759766	1.35294116
237.31620789	1.35294116
237.34898376	1.35294116
237.37770081	1.35294116
237.40635681	1.35294116
237.43899536	1.35294116
237.46783447	1.35294116
237.49642944	1.35294116
237.52919006	1.35294116
237.55793762	1.35294116
237.58653259	1.35294116
237.61938477	1.35294116
237.64808655	1.35294116
237.67665100	1.35294116
237.70950317	1.35294116
237.73818970	1.35294116
237.76681519	1.35294116
237.79956055	1.35294116
237.82820129	1.35294116
237.85697937	1.35294116
237.88970947	1.35294116
237.91831970	1.35294116
237.94711304	1.37254906
237.97988892	1.37254906
238.00845337	1.37254906
238.03720093	1.37254906
238.06994629	1.37254906
238.09861755	1.37254906
238.12731934	1.37254906
238.16009521	1.37254906
238.18872070	1.37254906
238.21746826	1.37254906
238.25016785	1.37254906
238.27900696	1.37254906
238.30760193	1.37254906
238.34037781	1.37254906
238.36889648	1.37254906
238.39765930	1.37254906
238.43048096	1.37254906
238.45901489	1.37254906
238.48780823	1.37254906
238.52055359	1.37254906
238.54917908	1.37254906
238.57792664	1.37254906
238.61068726	1.37254906
238.63934326	1.37254906
238.66806030	1.37254906
238.70086670	1.37254906
238.72941589	1.37254906
238.75825500	1.37254906
238.79098511	1.37254906
238.81961060	1.37254906
238.84828186	1.37254906
238.88108826	1.37254906
238.90969849	1.37254906
238.93840027	1.37254906
238.97114563	1.37254906
238.99990845	1.37254906
239.02856445	1.37254906
239.08987427	1.37254906
239.11846924	1.37254906
239.17991638	1.37254906
239.20864868	1.37254906
239.27018738	1.37254906
239.29891968	1.37254906
239.32754517	1.37254906
239.36029053	1.37254906
239.38897705	1.37254906
239.41763306	1.37254906
239.45046997	1.37254906
239.47904968	1.39215684
239.50785828	1.39215684
239.54055786	1.39215684
239.56924438	1.39215684
239.59793091	1.39215684
239.63069153	1.39215684
239.65928650	1.39215684
239.68803406	1.39215684
239.72079468	1.39215684
239.74942017	1.39215684
239.77818298	1.39215684
239.81092834	1.39215684
239.83950806	1.39215684
239.86831665	1.39215684
239.90103149	1.39215684
239.92970276	1.39215684
239.95841980	1.39215684
239.99119568	1.39215684
240.01994324	1.39215684
240.04856873	1.39215684
240.08129883	1.39215684
240.10990906	1.39215684
240.13865662	1.39215684
240.17143250	1.39215684
240.20004272	1.39215684
240.22880554	1.39215684
240.26161194	1.39215684
240.29013062	1.39215684
240.31896973	1.39215684
240.35168457	1.39215684
240.38035583	1.39215684
240.40892029	1.39215684
240.44178772	1.39215684
240.47048950	1.39215684
240.49906921	1.39215684
240.53192139	1.39215684
240.56063843	1.39215684
240.58920288	1.39215684
240.62203979	1.39215684
240.65060425	1.39215684
240.67927551	1.39215684
240.71217346	1.39215684
240.74078369	1.39215684
240.76939392	1.39215684
240.80227661	1.39215684
240.83091736	1.39215684
240.85954285	1.39215684
240.89247131	1.39215684
240.92102051	1.39215684
240.94967651	1.39215684
240.98242188	1.39215684
241.01130676	1.37254906
241.03994751	1.37254906
241.07252502	1.37254906
241.10124207	1.37254906
241.12995911	1.37254906
241.16264343	1.37254906
241.19140625	1.35294116
241.22003174	1.35294116
241.28152466	1.35294116
241.31021118	1.33333337
241.37167358	1.33333337
241.40025330	1.31372547
241.46177673	1.31372547
241.49040222	1.29411769
241.51896667	1.29411769
241.55191040	1.29411769
241.58058167	1.27450979
241.60916138	1.27450979
241.64204407	1.27450979
241.67063904	1.27450979
241.69927979	1.25490201
241.73216248	1.25490201
241.76081848	1.25490201
241.78939819	1.25490201
241.82228088	1.25490201
241.85090637	1.25490201
241.87963867	1.25490201
241.91242981	1.25490201
241.94110107	1.25490201
241.96965027	1.25490201
242.00239563	1.25490201
242.03112793	1.25490201
242.05990601	1.25490201
242.09251404	1.25490201
242.12127686	1.25490201
242.14997864	1.25490201
242.18263245	1.25490201
242.21138000	1.25490201
242.24000549	1.25490201
242.27296448	1.25490201
242.30152893	1.25490201
242.33015442	1.25490201
242.36289978	1.25490201
242.39164734	1.25490201
242.42027283	1.25490201
242.45301819	1.25490201
242.48178101	1.25490201
242.51046753	1.25490201
242.54313660	1.25490201
242.57191467	1.25490201
242.60050964	1.25490201
242.63333130	1.27450979
242.66197205	1.27450979
242.69070435	1.27450979
242.72337341	1.27450979
242.75213623	1.27450979
242.78077698	1.27450979
242.81352234	1.27450979
242.84226990	1.27450979
242.87100220	1.27450979
242.90368652	1.27450979
242.93240356	1.29411769
242.96099854	1.29411769
242.99392700	1.29411769
243.02252197	1.29411769
243.05113220	1.29411769
243.08387756	1.29411769
243.11265564	1.29411769
243.14132690	1.29411769
243.17402649	1.29411769
243.20277405	1.29411769
243.23136902	1.29411769
243.26414490	1.29411769
243.29289246	1.29411769
243.32156372	1.31372547
243.35429382	1.31372547
243.38298035	1.31372547
243.41163635	1.31372547
243.44442749	1.31372547
243.47300720	1.31372547
243.50183105	1.31372547
243.56312561	1.31372547
243.59185791	1.31372547
243.65324402	1.33333337
243.68202209	1.33333337
243.74337769	1.33333337
243.77214050	1.33333337
243.80093384	1.33333337
243.83348083	1.33333337
243.86228943	1.33333337
243.89094543	1.33333337
243.92362976	1.33333337
243.95234680	1.33333337
243.98098755	1.33333337
244.01388550	1.33333337
244.04251099	1.33333337
244.07116699	1.33333337
244.10392761	1.33333337
244.13261414	1.33333337
244.16136169	1.35294116
244.19403076	1.35294116
244.22277832	1.35294116
244.25140381	1.35294116
244.28411865	1.35294116
244.31289673	1.35294116
244.34147644	1.35294116
244.37425232	1.35294116
244.40299988	1.35294116
244.43165588	1.35294116
244.46437073	1.35294116
244.49302673	1.35294116
244.52174377	1.35294116
244.55453491	1.35294116
244.58312988	1.35294116
244.61187744	1.35294116
244.64463806	1.35294116
244.67324829	1.35294116
244.70198059	1.35294116
244.73474121	1.35294116
244.76336670	1.35294116
244.79211426	1.35294116
244.82485962	1.37254906
244.85351563	1.37254906
244.88223267	1.37254906
244.91503906	1.37254906
244.94361877	1.37254906
244.97248840	1.37254906
245.00529480	1.37254906
245.03384399	1.37254906
245.06246948	1.37254906
245.09521484	1.37254906
245.12374878	1.37254906
245.15275574	1.37254906
245.18539429	1.37254906
245.21397400	1.37254906
245.24278259	1.37254906
245.27549744	1.37254906
245.30415344	1.37254906
245.33285522	1.37254906
245.36561584	1.37254906
245.39430237	1.37254906
245.42300415	1.37254906
245.45578003	1.37254906
245.48434448	1.37254906
245.51316833	1.37254906
245.54586792	1.37254906
245.57453918	1.37254906
245.60324097	1.37254906
245.63607788	1.37254906
245.66456604	1.37254906
245.69326782	1.39215684
245.75471497	1.39215684
245.78332520	1.39215684
245.84483337	1.39215684
245.87351990	1.39215684
245.93499756	1.39215684
245.96359253	1.39215684
245.99238586	1.39215684
246.02510071	1.39215684
246.05389404	1.39215684
246.08247375	1.39215684
246.11524963	1.39215684
246.14381409	1.39215684
246.17260742	1.39215684
246.20539856	1.39215684
246.23396301	1.39215684
246.26275635	1.39215684
246.29547119	1.39215684
246.32414246	1.39215684
246.35282898	1.39215684
246.38569641	1.39215684
246.41419983	1.39215684
246.44300842	1.39215684
246.47572327	1.39215684
246.50437927	1.39215684
246.53308105	1.39215684
246.56584167	1.39215684
246.59446716	1.39215684
246.62321472	1.39215684
246.65594482	1.39215684
246.68460083	1.39215684
246.71334839	1.39215684
246.74613953	1.39215684
246.77485657	1.39215684
246.80345154	1.39215684
246.83631897	1.39215684
246.86485291	1.39215684
246.89346313	1.39215684
246.92634583	1.39215684
246.95501709	1.39215684
246.98356628	1.39215684
247.01654053	1.39215684
247.04508972	1.39215684
247.07391357	1.39215684
247.10661316	1.39215684
247.13525391	1.39215684
247.16383362	1.39215684
247.19671631	1.39215684
247.22534180	1.39215684
247.25395203	1.39215684
247.28680420	1.39215684
247.31547546	1.39215684
247.34408569	1.39215684
247.37699890	1.39215684
247.40557861	1.39215684
247.43420410	1.39215684
247.46693420	1.39215684
247.49574280	1.39215684
247.52432251	1.39215684
247.55711365	1.39215684
247.58576965	1.39215684
247.61447144	1.39215684
247.64720154	1.39215684
247.67597961	1.39215684
247.70463562	1.39215684
247.73733521	1.39215684
247.76615906	1.39215684
247.79486084	1.39215684
247.82751465	1.39215684
247.85621643	1.39215684
247.88487244	1.39215684
247.94641113	1.39215684
247.97496033	1.39215684
248.03646851	1.39215684
248.06507874	1.39215684
248.12661743	1.39215684
248.15518188	1.39215684
248.18382263	1.39215684
248.21678162	1.39215684
248.24536133	1.37254906
248.27394104	1.37254906
248.30683899	1.37254906
248.33549500	1.37254906
248.36404419	1.37254906
248.39695740	1.37254906
248.42555237	1.35294116
248.45417786	1.35294116
248.48696899	1.35294116
248.51574707	1.35294116
248.54432678	1.33333337
248.57727051	1.33333337
248.60583496	1.33333337
248.63450623	1.31372547
248.66719055	1.31372547
248.69599915	1.31372547
248.72457886	1.31372547
248.75737000	1.29411769
248.78601074	1.29411769
248.81481934	1.29411769
248.84744263	1.29411769
248.87619019	1.29411769
248.90481567	1.27450979
248.93760681	1.27450979
248.96632385	1.27450979
248.99493408	1.27450979
249.02783203	1.27450979
249.05648804	1.27450979
249.08505249	1.27450979
249.11782837	1.27450979
249.14648438	1.27450979
249.17510986	1.27450979
249.20791626	1.27450979
249.23669434	1.27450979
249.26538086	1.27450979
249.29804993	1.27450979
249.32688904	1.27450979
249.35548401	1.27450979
249.38815308	1.27450979
249.41683960	1.27450979
249.44557190	1.27450979
249.47831726	1.27450979
249.50709534	1.27450979
249.53567505	1.27450979
249.56846619	1.27450979
249.59718323	1.27450979
249.62580872	1.27450979
249.65856934	1.27450979
249.68727112	1.27450979
249.71594238	1.27450979
249.74882507	1.27450979
249.77731323	1.27450979
249.80606079	1.27450979
249.83880615	1.29411769
249.86746216	1.29411769
249.89622498	1.29411769
249.92898560	1.29411769
249.95755005	1.29411769
249.98631287	1.29411769
250.01910400	1.29411769
250.04782104	1.29411769
250.07650757	1.29411769
250.13784790	1.29411769
250.16658020	1.29411769
250.22792053	1.29411769
250.25675964	1.29411769
250.31803894	1.29411769
250.34680176	1.29411769
250.40815735	1.29411769
250.43692017	1.29411769
250.46556091	1.29411769
250.49830627	1.29411769
250.52705383	1.29411769
250.55569458	1.29411769
250.58843994	1.29411769
250.61717224	1.29411769
250.64581299	1.29411769
250.67854309	1.27450979
250.70730591	1.27450979
250.73591614	1.27450979
250.76879883	1.27450979
250.79743958	1.27450979
250.82606506	1.27450979
250.85882568	1.27450979
250.88761902	1.27450979
250.91619873	1.27450979
250.94897461	1.27450979
250.97755432	1.27450979
251.00631714	1.27450979
251.03906250	1.27450979
251.06776428	1.27450979
251.09645081	1.25490201
251.12919617	1.25490201
251.15777588	1.25490201
251.18655396	1.25490201
251.21934509	1.25490201
251.24792480	1.25490201
251.27668762	1.25490201
251.30941772	1.25490201
251.33802795	1.25490201
251.36688232	1.25490201
251.39953613	1.27450979
251.42825317	1.27450979
251.45698547	1.27450979
251.48963928	1.27450979
251.51828003	1.27450979
251.54705811	1.27450979
251.57980347	1.27450979
251.60841370	1.27450979
251.63722229	1.27450979
251.66993713	1.27450979
251.69857788	1.27450979
251.72731018	1.27450979
251.76008606	1.27450979
251.78880310	1.27450979
251.81745911	1.27450979
251.85025024	1.27450979
251.87875366	1.27450979
251.90754700	1.29411769
251.94029236	1.29411769
251.96890259	1.29411769
251.99758911	1.29411769
252.03042603	1.29411769
252.05903625	1.29411769
252.08779907	1.29411769
252.12051392	1.29411769
252.14923096	1.29411769
252.17778015	1.29411769
252.21072388	1.31372547
252.23928833	1.31372547
252.26794434	1.31372547
252.30078125	1.31372547
252.32946777	1.31372547
252.35803223	1.31372547
252.41947937	1.31372547
252.44819641	1.31372547
252.50967407	1.31372547
252.53822327	1.31372547
252.59971619	1.31372547
252.62841797	1.31372547
252.65716553	1.33333337
252.68991089	1.33333337
252.71850586	1.33333337
252.74731445	1.33333337
252.78002930	1.33333337
252.80880737	1.33333337
252.83741760	1.33333337
252.87013245	1.33333337
252.89881897	1.33333337
252.92755127	1.33333337
252.96028137	1.33333337
252.98884583	1.33333337
253.01770020	1.33333337
253.05036926	1.33333337
253.07907104	1.33333337
253.10778809	1.33333337
253.14057922	1.33333337
253.16915894	1.33333337
253.19795227	1.33333337
253.23062134	1.33333337
253.25932312	1.33333337
253.28785706	1.33333337
253.32084656	1.33333337
253.34933472	1.33333337
253.37806702	1.33333337
253.41085815	1.33333337
253.43955994	1.33333337
253.46815491	1.33333337
253.50105286	1.33333337
253.52966309	1.33333337
253.55827332	1.33333337
253.59114075	1.33333337
253.61981201	1.33333337
253.64837646	1.31372547
253.68125916	1.31372547
253.70994568	1.31372547
253.73851013	1.31372547
253.77133179	1.31372547
253.80000305	1.31372547
253.82882690	1.31372547
253.86140442	1.31372547
253.89021301	1.31372547
253.91876221	1.31372547
253.95156860	1.31372547
253.98022461	1.31372547
254.00894165	1.31372547
254.04176331	1.31372547
254.07040405	1.31372547
254.09899902	1.31372547
254.13180542	1.31372547
254.16047668	1.31372547
254.18917847	1.31372547
254.22186279	1.31372547
254.25067139	1.31372547
254.27926636	1.31372547
254.31198120	1.31372547
254.34077454	1.31372547
254.36938477	1.31372547
254.40211487	1.29411769
254.43089294	1.29411769
254.45954895	1.29411769
254.49226379	1.29411769
254.52104187	1.29411769
254.54965210	1.29411769
254.61112976	1.29411769
254.63981628	1.27450979
254.70130920	1.27450979
254.72984314	1.27450979
254.79135132	1.25490201
254.82008362	1.25490201
254.84872437	1.25490201
254.88156128	1.25490201
254.91007996	1.25490201
254.93873596	1.25490201
254.97149658	1.25490201
255.00036621	1.25490201
255.02883911	1.25490201
255.06176758	1.25490201
255.09036255	1.25490201
255.11897278	1.25490201
255.15179443	1.25490201
255.18054199	1.23529410
255.20910645	1.23529410
255.24186707	1.23529410
255.27070618	1.23529410
255.29922485	1.23529410
255.33206177	1.23529410
255.36076355	1.23529410
255.38943481	1.23529410
255.42211914	1.23529410
255.45091248	1.23529410
255.47947693	1.23529410
255.51229858	1.23529410
255.54095459	1.23529410
255.56982422	1.23529410
255.60235596	1.23529410
255.63111877	1.23529410
255.65968323	1.23529410
255.69256592	1.23529410
255.72120667	1.23529410
255.74987793	1.23529410
255.78273010	1.23529410
255.81141663	1.23529410
255.83999634	1.21568632
255.87278748	1.21568632
255.90148926	1.21568632
255.93016052	1.21568632
255.96292114	1.21568632
255.99163818	1.21568632
256.02029419	1.21568632
256.05300903	1.21568632
256.08181763	1.21568632
256.11041260	1.21568632
256.14318848	1.21568632
256.17187500	1.21568632
256.20053101	1.21568632
256.23324585	1.21568632
256.26190186	1.21568632
256.29055786	1.21568632
256.32345581	1.21568632
256.35195923	1.21568632
256.38076782	1.21568632
256.41348267	1.21568632
256.44216919	1.21568632
256.47082520	1.21568632
256.50360107	1.21568632
256.53222656	1.21568632
256.56097412	1.21568632
256.59375000	1.21568632
256.62237549	1.21568632
256.65109253	1.21568632
256.68386841	1.21568632
256.71246338	1.23529410
256.74124146	1.23529410
256.80276489	1.23529410
256.83142090	1.23529410
256.89276123	1.23529410
256.92147827	1.23529410
256.98284912	1.23529410
257.01171875	1.23529410
257.07302856	1.23529410
257.10171509	1.23529410
257.13040161	1.23529410
257.16308594	1.25490201
257.19189453	1.25490201
257.22045898	1.25490201
257.25329590	1.25490201
257.28192139	1.25490201
257.31066895	1.25490201
257.34335327	1.25490201
257.37213135	1.25490201
257.40069580	1.27450979
257.43347168	1.27450979
257.46209717	1.27450979
257.49087524	1.27450979
257.52359009	1.27450979
257.55224609	1.27450979
257.58105469	1.27450979
257.61373901	1.27450979
257.64239502	1.27450979
257.67117310	1.27450979
257.70382690	1.27450979
257.73245239	1.27450979
257.76129150	1.29411769
257.79400635	1.29411769
257.82284546	1.29411769
257.85131836	1.29411769
257.88415527	1.29411769
257.91265869	1.29411769
257.94143677	1.29411769
257.97427368	1.29411769
258.00296021	1.29411769
258.03155518	1.29411769
258.06436157	1.29411769
258.09292603	1.29411769
258.12173462	1.29411769
258.15447998	1.31372547
258.18313599	1.31372547
258.21191406	1.31372547
258.24462891	1.31372547
258.27319336	1.31372547
258.30197144	1.31372547
258.33477783	1.31372547
258.36334229	1.31372547
258.39218140	1.31372547
258.42486572	1.31372547
258.45352173	1.31372547
258.48223877	1.31372547
258.51501465	1.31372547
258.54373169	1.31372547
258.57238770	1.31372547
258.60510254	1.31372547
258.63388062	1.31372547
258.66232300	1.31372547
258.69522095	1.31372547
258.72384644	1.31372547
258.75247192	1.31372547
258.78533936	1.31372547
258.81411743	1.31372547
258.84274292	1.31372547
258.87548828	1.31372547
258.90408325	1.33333337
258.93270874	1.33333337
258.96563721	1.33333337
258.99423218	1.33333337
259.02282715	1.33333337
259.08428955	1.33333337
259.11294556	1.33333337
259.17434692	1.33333337
259.20303345	1.33333337
259.26464844	1.33333337
259.29318237	1.33333337
259.32202148	1.33333337
259.35470581	1.33333337
259.38336182	1.33333337
259.41207886	1.33333337
259.44494629	1.33333337
259.47341919	1.33333337
259.50222778	1.33333337
259.53494263	1.33333337
259.56369019	1.33333337
259.59234619	1.33333337
259.62509155	1.33333337
259.65374756	1.33333337
259.68246460	1.33333337
259.71527100	1.33333337
259.74395752	1.33333337
259.77264404	1.33333337
259.80535889	1.33333337
259.83407593	1.33333337
259.86270142	1.33333337
259.89550781	1.33333337
259.92407227	1.33333337
259.95278931	1.33333337
259.98559570	1.33333337
260.01425171	1.33333337
260.04281616	1.33333337
260.07574463	1.33333337
260.10424805	1.33333337
260.13296509	1.33333337
260.16580200	1.33333337
260.19448853	1.33333337
260.22305298	1.33333337
260.25595093	1.33333337
260.28451538	1.33333337
260.31323242	1.33333337
260.34594727	1.33333337
260.37469482	1.33333337
260.40335083	1.33333337
260.43609619	1.33333337
260.46487427	1.33333337
260.49346924	1.33333337
260.52621460	1.33333337
260.55496216	1.33333337
260.58383179	1.33333337
260.61633301	1.33333337
260.64514160	1.33333337
260.67370605	1.33333337
260.70648193	1.33333337
260.73516846	1.33333337
260.76388550	1.33333337
260.79669189	1.33333337
260.82537842	1.33333337
260.85391235	1.33333337
260.88671875	1.33333337
260.91546631	1.33333337
260.94409180	1.33333337
260.97683716	1.31372547
261.00555420	1.31372547
261.03414917	1.31372547
261.06692505	1.31372547
261.09570313	1.31372547
261.12435913	1.31372547
261.15701294	1.29411769
261.18582153	1.29411769
261.21447754	1.29411769
261.27600098	1.27450979
261.30468750	1.27450979
261.36605835	1.25490201
261.39471436	1.23529410
261.45623779	1.21568632
261.48471069	1.21568632
261.51348877	1.19607842
261.54614258	1.19607842
261.57498169	1.19607842
261.60363770	1.17647064
261.63635254	1.17647064
261.66500854	1.15686274
261.69366455	1.15686274
261.72644043	1.15686274
261.75521851	1.13725495
261.78390503	1.13725495
261.81665039	1.13725495
261.84536743	1.13725495
261.87399292	1.11764705
261.90670776	1.11764705
261.93545532	1.11764705
261.96408081	1.11764705
261.99685669	1.11764705
262.02560425	1.11764705
262.05426025	1.09803927
262.08694458	1.09803927
262.11569214	1.09803927
262.14434814	1.09803927
262.17703247	1.09803927
262.20587158	1.09803927
262.23434448	1.09803927
262.26730347	1.09803927
262.29589844	1.09803927
262.32464600	1.07843137
262.35726929	1.07843137
262.38616943	1.07843137
262.41461182	1.07843137
262.44747925	1.07843137
262.47616577	1.07843137
262.50479126	1.07843137
262.53768921	1.07843137
262.56628418	1.07843137
262.59490967	1.07843137
262.62768555	1.07843137
262.65643311	1.07843137
262.68505859	1.07843137
262.71774292	1.07843137
262.74642944	1.07843137
262.77520752	1.07843137
262.80792236	1.07843137
262.83673096	1.05882359
262.86535645	1.05882359
262.89804077	1.05882359
262.92666626	1.05882359
262.95541382	1.05882359
262.98809814	1.05882359
263.01681519	1.05882359
263.04550171	1.05882359
263.07833862	1.03921568
263.10687256	1.03921568
263.13571167	1.03921568
263.16836548	1.03921568
263.19708252	1.03921568
263.22573853	1.03921568
263.25857544	1.03921568
263.28713989	1.03921568
263.31591797	1.01960790
263.34866333	1.01960790
263.37731934	1.01960790
263.40609741	1.01960790
263.46740723	1.01960790
263.49612427	1.01960790
263.55767822	1.01960790
263.58639526	1.01960790
263.64770508	1.00000000
263.67639160	1.00000000
263.70510864	1.00000000
263.73779297	1.00000000
263.76660156	1.00000000
263.79513550	1.00000000
263.82800293	1.00000000
263.85668945	1.00000000
263.88534546	1.00000000
263.91809082	1.00000000
263.94680786	1.00000000
263.97537231	1.00000000
264.00820923	1.00000000
264.03674316	1.00000000
264.06552124	1.00000000
264.09826660	1.00000000
264.12686157	1.00000000
264.15567017	1.00000000
264.18838501	1.00000000
264.21704102	1.00000000
264.24578857	1.00000000
264.27850342	1.00000000
264.30715942	1.00000000
264.33593750	1.00000000
264.36871338	1.00000000
264.39730835	1.00000000
264.42605591	1.00000000
264.45877075	1.01960790
264.48742676	1.01960790
264.51620483	1.01960790
264.54891968	1.01960790
264.57772827	1.01960790
264.60623169	1.01960790
264.63909912	1.01960790
264.66757202	1.01960790
264.69647217	1.01960790
264.72909546	1.01960790
264.75784302	1.01960790
264.78643799	1.03921568
264.81927490	1.03921568
264.84786987	1.03921568
264.87677002	1.03921568
264.90945435	1.03921568
264.93801880	1.03921568
264.96682739	1.03921568
264.99951172	1.03921568
265.02819824	1.03921568
265.05691528	1.03921568
265.08969116	1.05882359
265.11825562	1.05882359
265.14694214	1.05882359
265.17980957	1.05882359
265.20846558	1.05882359
265.23699951	1.05882359
265.26995850	1.05882359
265.29852295	1.05882359
265.32736206	1.05882359
265.35998535	1.05882359
265.38870239	1.05882359
265.41720581	1.05882359
265.45019531	1.05882359
265.47866821	1.07843137
265.50744629	1.07843137
265.54010010	1.07843137
265.56887817	1.07843137
265.59762573	1.07843137
265.63040161	1.07843137
265.65899658	1.07843137
265.68768311	1.07843137
265.74914551	1.07843137
265.77774048	1.07843137
265.83926392	1.07843137
265.86785889	1.07843137
265.92935181	1.07843137
265.95806885	1.07843137
265.98681641	1.07843137
266.01953125	1.07843137
266.04809570	1.07843137
266.07693481	1.07843137
266.10964966	1.07843137
266.13833618	1.07843137
266.16696167	1.09803927
266.19982910	1.09803927
266.22833252	1.09803927
266.25714111	1.09803927
266.28985596	1.09803927
266.31848145	1.09803927
266.34707642	1.09803927
266.38000488	1.09803927
266.40866089	1.09803927
266.43725586	1.09803927
266.47012329	1.09803927
266.49874878	1.09803927
266.52743530	1.09803927
266.56021118	1.09803927
266.58892822	1.09803927
266.61764526	1.09803927
266.65045166	1.09803927
266.67898560	1.09803927
266.70767212	1.09803927
266.74035645	1.09803927
266.76913452	1.09803927
266.79766846	1.09803927
266.83065796	1.09803927
266.85925293	1.09803927
266.88790894	1.09803927
266.92062378	1.09803927
266.94934082	1.09803927
266.97793579	1.09803927
267.01080322	1.09803927
267.03955078	1.09803927
267.06817627	1.09803927
267.10086060	1.09803927
267.12960815	1.09803927
267.15829468	1.09803927
267.19104004	1.09803927
267.21981812	1.09803927
267.24841309	1.09803927
267.28115845	1.09803927
267.30987549	1.09803927
267.33868408	1.09803927
267.37121582	1.09803927
267.39999390	1.09803927
267.42855835	1.09803927
267.46133423	1.09803927
267.49011230	1.09803927
267.51879883	1.09803927
267.55160522	1.09803927
267.58029175	1.09803927
267.60885620	1.09803927
267.64166260	1.09803927
267.67037964	1.09803927
267.69903564	1.09803927
267.73175049	1.09803927
267.76049805	1.09803927
267.78906250	1.09803927
267.82192993	1.09803927
267.85070801	1.09803927
267.87924194	1.09803927
267.94061279	1.09803927
267.96942139	1.09803927
268.03088379	1.09803927
268.05950928	1.09803927
268.12088013	1.09803927
268.14965820	1.07843137
268.17822266	1.07843137
268.21096802	1.07843137
268.23968506	1.07843137
268.26840210	1.07843137
268.30108643	1.07843137
268.32992554	1.07843137
268.35858154	1.07843137
268.39123535	1.07843137
268.41995239	1.07843137
268.44863892	1.07843137
268.48135376	1.05882359
268.51019287	1.05882359
268.53869629	1.05882359
268.57165527	1.05882359
268.60025024	1.05882359
268.62890625	1.05882359
268.66159058	1.05882359
268.69036865	1.05882359
268.71905518	1.05882359
268.75173950	1.05882359
268.78054810	1.05882359
268.80911255	1.03921568
268.84188843	1.03921568
268.87066650	1.03921568
268.89926147	1.03921568
268.93194580	1.03921568
268.96078491	1.03921568
268.98928833	1.03921568
269.02215576	1.03921568
269.05081177	1.03921568
269.07952881	1.03921568
269.11224365	1.03921568
269.14099121	1.03921568
269.16949463	1.03921568
269.20233154	1.03921568
269.23092651	1.03921568
269.25976563	1.03921568
269.29248047	1.01960790
269.32113647	1.01960790
269.34979248	1.01960790
269.38259888	1.01960790
269.41119385	1.01960790
269.44000244	1.01960790
269.47271729	1.01960790
269.50134277	1.01960790
269.53015137	1.01960790
269.56283569	1.01960790
269.59170532	1.01960790
269.62030029	1.01960790
269.65301514	1.01960790
269.68157959	1.01960790
269.71038818	1.01960790
269.74307251	1.01960790
269.77178955	1.01960790
269.80044556	1.01960790
269.83325195	1.01960790
269.86181641	1.01960790
269.89065552	1.01960790
269.92333984	1.01960790
269.95202637	1.01960790
269.98068237	1.01960790
270.01345825	1.01960790
270.04205322	1.03921568
270.07086182	1.03921568
270.13229370	1.03921568
270.16098022	1.03921568
270.22225952	1.03921568
270.25103760	1.03921568
270.31265259	1.03921568
270.34124756	1.03921568
270.40264893	1.03921568
270.43136597	1.03921568
270.46002197	1.03921568
270.49273682	1.03921568
270.52139282	1.03921568
270.55004883	1.03921568
270.58285522	1.03921568
270.61154175	1.05882359
270.64025879	1.05882359
270.67297363	1.05882359
270.70162964	1.05882359
270.73028564	1.05882359
270.76309204	1.05882359
270.79165649	1.05882359
270.82052612	1.05882359
270.85327148	1.05882359
270.88189697	1.05882359
270.91055298	1.05882359
270.94332886	1.05882359
270.97189331	1.07843137
271.00079346	1.07843137
271.03347778	1.07843137
271.06213379	1.07843137
271.09088135	1.07843137
271.12356567	1.07843137
271.15222168	1.07843137
271.18099976	1.07843137
271.21371460	1.07843137
271.24230957	1.07843137
271.27114868	1.07843137
271.30383301	1.07843137
271.33264160	1.07843137
271.36117554	1.07843137
271.39398193	1.09803927
271.42251587	1.09803927
271.45138550	1.09803927
271.48416138	1.09803927
271.51272583	1.09803927
271.54141235	1.09803927
271.57427979	1.09803927
271.60278320	1.09803927
271.63168335	1.09803927
271.66427612	1.09803927
271.69296265	1.09803927
271.72155762	1.09803927
271.75451660	1.09803927
271.78302002	1.09803927
271.81170654	1.09803927
271.84463501	1.09803927
271.87319946	1.09803927
271.90194702	1.09803927
271.93472290	1.09803927
271.96337891	1.09803927
271.99197388	1.11764705
272.02484131	1.11764705
272.05340576	1.11764705
272.08212280	1.11764705
272.11477661	1.11764705
272.14361572	1.11764705
272.17211914	1.11764705
272.20498657	1.11764705
272.23364258	1.11764705
272.26235962	1.11764705
272.29501343	1.11764705
272.32388306	1.11764705
272.35253906	1.11764705
272.41387939	1.11764705
272.44262695	1.11764705
272.50415039	1.11764705
272.53262329	1.11764705
272.59423828	1.11764705
272.62283325	1.11764705
272.65161133	1.11764705
272.68429565	1.11764705
272.71298218	1.11764705
272.74169922	1.11764705
272.77444458	1.11764705
272.80300903	1.11764705
272.83175659	1.11764705
272.86453247	1.11764705
272.89321899	1.11764705
272.92178345	1.11764705
272.95474243	1.13725495
272.98327637	1.13725495
273.01199341	1.13725495
273.04476929	1.13725495
273.07351685	1.13725495
273.10202026	1.13725495
273.13497925	1.13725495
273.16351318	1.13725495
273.19226074	1.13725495
273.22506714	1.13725495
273.25372314	1.13725495
273.28231812	1.13725495
273.31506348	1.13725495
273.34384155	1.13725495
273.37258911	1.13725495
273.40524292	1.13725495
273.43395996	1.13725495
273.46258545	1.13725495
273.49533081	1.13725495
273.52410889	1.13725495
273.55270386	1.13725495
273.58563232	1.13725495
273.61419678	1.13725495
273.64285278	1.13725495
273.67550659	1.13725495
273.70437622	1.13725495
273.73287964	1.13725495
273.76571655	1.13725495
273.79440308	1.15686274
273.82312012	1.15686274
273.85577393	1.15686274
273.88461304	1.15686274
273.91314697	1.15686274
273.94595337	1.15686274
273.97463989	1.15686274
274.00335693	1.15686274
274.03601074	1.15686274
274.06484985	1.15686274
274.09338379	1.15686274
274.12619019	1.15686274
274.15496826	1.15686274
274.18356323	1.15686274
274.21627808	1.15686274
274.24505615	1.15686274
274.27368164	1.15686274
274.30651855	1.15686274
274.33517456	1.15686274
274.36380005	1.15686274
274.39654541	1.15686274
274.42529297	1.15686274
274.45391846	1.15686274
274.48666382	1.15686274
274.51541138	1.15686274
274.54403687	1.15686274
274.60556030	1.15686274
274.63424683	1.15686274
274.69564819	1.15686274
274.72430420	1.15686274
274.78564453	1.15686274
274.81442261	1.15686274
274.84307861	1.15686274
274.87582397	1.15686274
274.90454102	1.15686274
274.93316650	1.15686274
274.96588135	1.15686274
274.99468994	1.17647064
275.02328491	1.17647064
275.05606079	1.17647064
275.08471680	1.17647064
275.11355591	1.17647064
275.14614868	1.17647064
275.17492676	1.17647064
275.20352173	1.17647064
275.23626709	1.17647064
275.26504517	1.17647064
275.29367065	1.17647064
275.32650757	1.17647064
275.35519409	1.17647064
275.38375854	1.17647064
275.41653442	1.17647064
275.44531250	1.17647064
275.47393799	1.17647064
275.50677490	1.17647064
275.53540039	1.17647064
275.56399536	1.17647064
275.59683228	1.17647064
275.62557983	1.17647064
275.65420532	1.17647064
275.68692017	1.17647064
275.71566772	1.17647064
275.74429321	1.17647064
275.77700806	1.17647064
275.80569458	1.17647064
275.83438110	1.17647064
275.86718750	1.17647064
275.89578247	1.17647064
275.92453003	1.17647064
275.95727539	1.17647064
275.98583984	1.17647064
276.01464844	1.17647064
276.04739380	1.17647064
276.07601929	1.17647064
276.10479736	1.17647064
276.13751221	1.17647064
276.16613770	1.17647064
276.19488525	1.17647064
276.22772217	1.17647064
276.25622559	1.17647064
276.28503418	1.17647064
276.31781006	1.17647064
276.34658813	1.17647064
276.37518311	1.17647064
276.40792847	1.17647064
276.43655396	1.17647064
276.46527100	1.17647064
276.49801636	1.17647064
276.52661133	1.19607842
276.55541992	1.19607842
276.58813477	1.19607842
276.61682129	1.19607842
276.64550781	1.19607842
276.67828369	1.19607842
276.70684814	1.19607842
276.73565674	1.19607842
276.79702759	1.19607842
276.82577515	1.19607842
276.88720703	1.19607842
276.91592407	1.19607842
276.97726440	1.19607842
277.00588989	1.19607842
277.06738281	1.19607842
277.09606934	1.19607842
277.12472534	1.19607842
277.15756226	1.19607842
277.18612671	1.19607842
277.21493530	1.19607842
277.24765015	1.19607842
277.27624512	1.19607842
277.30502319	1.19607842
277.33776855	1.19607842
277.36648560	1.19607842
277.39508057	1.19607842
277.42791748	1.19607842
277.45648193	1.19607842
277.48526001	1.19607842
277.51800537	1.19607842
277.54663086	1.19607842
277.57537842	1.19607842
277.60812378	1.19607842
277.63671875	1.19607842
277.66552734	1.19607842
277.69827271	1.19607842
277.72686768	1.19607842
277.75567627	1.19607842
277.78842163	1.19607842
277.81698608	1.19607842
277.84582520	1.19607842
277.87847900	1.19607842
277.90716553	1.19607842
277.93582153	1.19607842
277.96862793	1.19607842
277.99731445	1.19607842
278.02600098	1.19607842
278.05880737	1.19607842
278.08749390	1.19607842
278.11611938	1.19607842
278.14889526	1.19607842
278.17755127	1.19607842
278.20611572	1.19607842
278.23904419	1.19607842
278.26763916	1.19607842
278.29623413	1.19607842
278.32910156	1.19607842
278.35775757	1.21568632
278.38650513	1.19607842
278.41925049	1.21568632
278.44790649	1.21568632
278.47650146	1.21568632
278.50924683	1.21568632
278.53799438	1.21568632
278.56661987	1.21568632
278.59954834	1.21568632
278.62811279	1.21568632
278.65676880	1.21568632
278.68951416	1.21568632
278.71823120	1.21568632
278.74682617	1.21568632
278.77966309	1.21568632
278.80841064	1.21568632
278.83694458	1.21568632
278.86978149	1.21568632
278.89849854	1.21568632
278.92712402	1.21568632
278.95983887	1.21568632
278.98861694	1.21568632
279.01727295	1.21568632
279.07873535	1.21568632
279.10751343	1.21568632
279.16876221	1.21568632
279.19744873	1.21568632
279.25900269	1.21568632
279.28762817	1.21568632
279.31619263	1.21568632
279.34915161	1.21568632
279.37774658	1.21568632
279.40652466	1.21568632
279.43923950	1.21568632
279.46786499	1.21568632
279.49652100	1.21568632
279.52941895	1.21568632
279.55798340	1.21568632
279.58666992	1.21568632
279.61950684	1.21568632
279.64807129	1.21568632
279.67672729	1.21568632
279.70962524	1.21568632
279.73822021	1.21568632
279.76690674	1.21568632
279.79962158	1.21568632
279.82836914	1.21568632
279.85693359	1.21568632
279.88986206	1.21568632
279.91848755	1.21568632
279.94714355	1.21568632
279.97985840	1.21568632
280.00866699	1.21568632
280.03732300	1.21568632
280.06991577	1.21568632
280.09875488	1.21568632
280.12750244	1.21568632
280.16015625	1.21568632
280.18887329	1.21568632
280.21755981	1.21568632
280.25021362	1.21568632
280.27902222	1.21568632
280.30764771	1.21568632
280.34051514	1.21568632
280.36907959	1.21568632
280.39770508	1.21568632
280.43051147	1.21568632
280.45922852	1.21568632
280.48782349	1.21568632
280.52056885	1.21568632
280.54934692	1.21568632
280.57791138	1.21568632
280.61071777	1.21568632
280.63952637	1.21568632
280.66809082	1.21568632
280.70098877	1.21568632
280.72961426	1.21568632
280.75823975	1.21568632
280.79098511	1.21568632
280.81976318	1.21568632
280.84835815	1.21568632
280.88113403	1.21568632
280.90985107	1.21568632
280.93859863	1.21568632
280.97128296	1.21568632
280.99996948	1.21568632
281.02865601	1.23529410
281.06134033	1.23529410
281.08996582	1.23529410
281.11871338	1.23529410
281.15145874	1.23529410
281.18005371	1.23529410
281.20883179	1.23529410
281.27017212	1.23529410
281.29898071	1.23529410
281.36047363	1.23529410
281.38916016	1.23529410
281.45053101	1.23529410
281.47924805	1.23529410
281.50784302	1.23529410
281.54058838	1.23529410
281.56939697	1.23529410
281.59796143	1.23529410
281.63070679	1.23529410
281.65945435	1.23529410
281.68811035	1.23529410
281.72079468	1.23529410
281.74963379	1.23529410
281.77819824	1.23529410
281.81097412	1.23529410
281.83969116	1.23529410
281.86849976	1.23529410
281.90106201	1.23529410
281.92987061	1.23529410
281.95849609	1.23529410
281.99121094	1.23529410
282.02005005	1.23529410
282.04858398	1.23529410
282.08148193	1.23529410
282.11007690	1.23529410
282.13867188	1.23529410
282.17144775	1.23529410
282.20028687	1.23529410
282.22882080	1.23529410
282.26165771	1.23529410
282.29022217	1.23529410
282.31900024	1.23529410
282.35165405	1.23529410
282.38052368	1.23529410
282.40908813	1.23529410
282.44183350	1.23529410
282.47045898	1.23529410
282.49920654	1.23529410
282.53195190	1.23529410
282.56057739	1.23529410
282.58929443	1.23529410
282.62216187	1.23529410
282.65069580	1.23529410
282.67944336	1.23529410
282.71221924	1.23529410
282.74081421	1.23529410
282.76956177	1.23529410
282.80230713	1.23529410
282.83093262	1.23529410
282.85971069	1.23529410
282.89245605	1.23529410
282.92105103	1.23529410
282.94985962	1.23529410
282.98257446	1.23529410
283.01123047	1.23529410
283.03997803	1.23529410
283.07275391	1.23529410
283.10144043	1.23529410
283.13006592	1.23529410
283.16278076	1.23529410
283.19140625	1.23529410
283.22024536	1.23529410
283.25292969	1.23529410
283.28155518	1.23529410
283.31036377	1.23529410
283.34307861	1.23529410
283.37173462	1.23529410
283.40045166	1.23529410
283.46179199	1.23529410
283.49044800	1.23529410
283.55194092	1.23529410
283.58056641	1.25490201
283.64212036	1.25490201
283.67068481	1.25490201
283.69946289	1.25490201
283.73220825	1.25490201
283.76086426	1.25490201
283.78958130	1.25490201
283.82235718	1.25490201
283.85107422	1.25490201
283.87976074	1.25490201
283.91244507	1.25490201
283.94110107	1.25490201
283.96984863	1.25490201
284.00256348	1.25490201
284.03121948	1.25490201
284.05993652	1.25490201
284.09271240	1.25490201
284.12142944	1.25490201
284.15005493	1.25490201
284.18283081	1.25490201
284.21142578	1.25490201
284.24020386	1.25490201
284.27294922	1.25490201
284.30154419	1.25490201
284.33032227	1.25490201
284.36306763	1.25490201
284.39166260	1.25490201
284.42044067	1.25490201
284.45318604	1.25490201
284.48181152	1.25490201
284.51052856	1.25490201
284.54333496	1.25490201
284.57211304	1.25490201
284.60067749	1.25490201
284.63348389	1.25490201
284.66207886	1.25490201
284.69067383	1.25490201
284.72357178	1.25490201
284.75219727	1.25490201
284.78079224	1.25490201
284.81369019	1.25490201
284.84234619	1.25490201
284.87097168	1.25490201
284.90383911	1.25490201
284.93243408	1.25490201
284.96102905	1.25490201
284.99392700	1.25490201
285.02261353	1.25490201
285.05120850	1.25490201
285.08404541	1.25490201
285.11267090	1.25490201
285.14144897	1.25490201
285.17404175	1.25490201
285.20285034	1.25490201
285.23141479	1.25490201
285.26416016	1.25490201
285.29293823	1.25490201
285.32165527	1.25490201
285.35443115	1.25490201
285.38311768	1.25490201
285.41165161	1.25490201
285.44442749	1.25490201
285.47317505	1.25490201
285.50189209	1.25490201
285.53454590	1.25490201
285.56329346	1.25490201
285.59191895	1.25490201
285.62466431	1.25490201
285.65341187	1.25490201
285.68203735	1.25490201
285.74356079	1.25490201
285.77215576	1.25490201
285.83367920	1.25490201
285.86227417	1.25490201
285.92379761	1.25490201
285.95242310	1.25490201
285.98104858	1.25490201
286.01391602	1.25490201
286.04248047	1.25490201
286.07119751	1.25490201
286.10409546	1.25490201
286.13265991	1.25490201
286.16146851	1.25490201
286.19418335	1.27450979
286.22277832	1.27450979
286.25137329	1.27450979
286.28424072	1.27450979
286.31295776	1.27450979
286.34152222	1.27450979
286.37442017	1.27450979
286.40304565	1.27450979
286.43170166	1.27450979
286.46441650	1.27450979
286.49319458	1.27450979
286.52175903	1.27450979
286.55453491	1.27450979
286.58328247	1.25490201
286.61190796	1.27450979
286.64462280	1.27450979
286.67343140	1.27450979
286.70202637	1.27450979
286.73474121	1.27450979
286.76361084	1.27450979
286.79214478	1.27450979
286.82489014	1.27450979
286.85366821	1.27450979
286.88244629	1.27450979
286.91506958	1.27450979
286.94378662	1.27450979
286.97247314	1.27450979
287.00524902	1.27450979
287.03390503	1.27450979
287.06256104	1.27450979
287.09545898	1.27450979
287.12405396	1.27450979
287.15264893	1.27450979
287.18539429	1.27450979
287.21414185	1.27450979
287.24282837	1.27450979
287.27551270	1.27450979
287.30426025	1.27450979
287.33294678	1.27450979
287.36563110	1.27450979
287.39447021	1.27450979
287.42300415	1.27450979
287.45584106	1.27450979
287.48458862	1.27450979
287.51321411	1.27450979
287.54589844	1.27450979
287.57458496	1.27450979
287.60327148	1.27450979
287.63610840	1.27450979
287.66461182	1.27450979
287.69335938	1.27450979
287.72613525	1.27450979
287.75479126	1.27450979
287.78347778	1.27450979
287.81634521	1.27450979
287.84484863	1.27450979
287.87368774	1.27450979
287.93502808	1.27450979
287.96383667	1.27450979
288.02511597	1.27450979
288.05392456	1.27450979
288.11538696	1.27450979
288.14410400	1.27450979
288.17263794	1.27450979
288.20541382	1.27450979
288.23413086	1.27450979
288.26281738	1.27450979
288.29550171	1.27450979
288.32431030	1.27450979
288.35290527	1.27450979
288.38558960	1.27450979
288.41439819	1.27450979
288.44302368	1.27450979
288.47576904	1.27450979
288.50454712	1.27450979
288.53314209	1.27450979
288.56594849	1.27450979
288.59463501	1.29411769
288.62326050	1.29411769
288.65600586	1.29411769
288.68478394	1.29411769
288.71337891	1.29411769
288.74615479	1.29411769
288.77478027	1.29411769
288.80355835	1.29411769
288.83627319	1.29411769
288.86492920	1.29411769
288.89370728	1.29411769
288.92639160	1.29411769
288.95507813	1.29411769
288.98373413	1.29411769
289.01654053	1.29411769
289.04510498	1.29411769
289.07394409	1.29411769
289.10662842	1.29411769
289.13540649	1.29411769
289.16390991	1.29411769
289.19668579	1.29411769
289.22531128	1.29411769
289.25411987	1.29411769
289.28686523	1.29411769
289.31549072	1.29411769
289.34420776	1.29411769
289.37701416	1.29411769
289.40560913	1.29411769
289.43438721	1.29411769
289.46713257	1.29411769
289.49578857	1.29411769
289.52450562	1.29411769
289.55731201	1.29411769
289.58587646	1.29411769
289.61465454	1.29411769
289.64733887	1.29411769
289.67599487	1.29411769
289.70480347	1.29411769
289.73751831	1.29411769
289.76617432	1.29411769
289.79489136	1.29411769
289.82769775	1.29411769
289.85638428	1.29411769
289.88504028	1.29411769
289.91775513	1.29411769
289.94638062	1.29411769
289.97503662	1.29411769
290.00799561	1.29411769
290.03646851	1.29411769
290.06512451	1.29411769
290.12664795	1.29411769
290.15536499	1.29411769
290.21673584	1.29411769
290.24542236	1.29411769
290.30688477	1.29411769
290.33547974	1.29411769
290.39703369	1.29411769
290.42559814	1.29411769
290.45443726	1.29411769
290.48712158	1.29411769
290.51577759	1.29411769
290.54449463	1.29411769
290.57727051	1.29411769
290.60586548	1.29411769
290.63473511	1.29411769
290.66735840	1.29411769
290.69601440	1.29411769
290.72476196	1.29411769
290.75744629	1.29411769
290.78610229	1.29411769
290.81488037	1.29411769
290.84759521	1.29411769
290.87637329	1.29411769
290.90499878	1.29411769
290.93777466	1.29411769
290.96636963	1.29411769
290.99508667	1.29411769
291.02786255	1.29411769
291.05642700	1.29411769
291.08535767	1.29411769
291.11807251	1.29411769
291.14660645	1.29411769
291.17535400	1.29411769
291.20809937	1.29411769
291.23672485	1.29411769
291.26541138	1.29411769
291.29824829	1.29411769
291.32690430	1.29411769
291.35546875	1.29411769
291.38842773	1.29411769
291.41702271	1.31372547
291.44558716	1.31372547
291.47848511	1.31372547
291.50711060	1.31372547
291.53570557	1.31372547
291.56860352	1.31372547
291.59722900	1.31372547
291.62585449	1.31372547
291.65859985	1.31372547
291.68737793	1.31372547
291.71594238	1.31372547
291.74877930	1.31372547
291.77746582	1.31372547
291.80612183	1.31372547
291.83883667	1.31372547
291.86764526	1.31372547
291.89636230	1.31372547
291.92898560	1.29411769
291.95779419	1.29411769
291.98635864	1.29411769
292.01910400	1.29411769
292.04785156	1.29411769
292.07653809	1.29411769
292.10937500	1.29411769
292.13803101	1.31372547
292.16656494	1.31372547
292.19940186	1.31372547
292.22811890	1.31372547
292.25677490	1.31372547
292.28945923	1.31372547
292.31817627	1.31372547
292.34683228	1.31372547
292.40835571	1.31372547
292.43695068	1.31372547
292.49847412	1.31372547
292.52713013	1.31372547
292.58859253	1.31372547
292.61721802	1.31372547
292.64581299	1.31372547
292.67877197	1.31372547
292.70733643	1.31372547
292.73593140	1.31372547
292.76870728	1.31372547
292.79748535	1.31372547
292.82614136	1.31372547
292.85885620	1.31372547
292.88766479	1.31372547
292.91635132	1.31372547
292.94903564	1.31372547
292.97775269	1.31372547
293.00631714	1.31372547
293.03903198	1.31372547
293.06784058	1.31372547
293.09643555	1.31372547
293.12933350	1.31372547
293.15795898	1.31372547
293.18658447	1.31372547
293.21932983	1.31372547
293.24810791	1.31372547
293.27676392	1.31372547
293.30950928	1.31372547
293.33822632	1.31372547
293.36682129	1.31372547
293.39956665	1.31372547
293.42834473	1.31372547
293.45693970	1.31372547
293.48977661	1.31372547
293.51849365	1.31372547
293.54705811	1.31372547
293.57989502	1.31372547
293.60858154	1.31372547
293.63723755	1.31372547
293.66995239	1.31372547
293.69879150	1.31372547
293.72732544	1.31372547
293.76013184	1.31372547
293.78884888	1.31372547
293.81753540	1.31372547
293.85034180	1.31372547
293.87899780	1.31372547
293.90759277	1.31372547
293.94030762	1.31372547
293.96908569	1.31372547
293.99771118	1.31372547
294.03042603	1.31372547
294.05917358	1.31372547
294.08776855	1.31372547
294.12057495	1.31372547
294.14932251	1.31372547
294.17794800	1.31372547
294.21069336	1.31372547
294.23931885	1.31372547
294.26809692	1.31372547
294.30087280	1.31372547
294.32943726	1.31372547
294.35821533	1.31372547
294.39099121	1.31372547
294.41955566	1.31372547
294.44839478	1.31372547
294.48107910	1.31372547
294.50973511	1.31372547
294.53848267	1.31372547
294.59976196	1.31372547
294.62857056	1.31372547
294.68994141	1.31372547
294.71865845	1.31372547
294.78002930	1.31372547
294.80886841	1.31372547
294.83743286	1.31372547
294.87030029	1.31372547
294.89901733	1.31372547
294.92758179	1.31372547
294.96038818	1.31372547
294.98904419	1.33333337
295.01773071	1.33333337
295.05044556	1.33333337
295.07925415	1.33333337
295.10781860	1.33333337
295.14062500	1.33333337
295.16925049	1.33333337
295.19799805	1.33333337
295.23062134	1.33333337
295.25949097	1.33333337
295.28802490	1.33333337
295.32089233	1.33333337
295.34939575	1.33333337
295.37823486	1.33333337
295.41091919	1.33333337
295.43954468	1.33333337
295.46829224	1.33333337
295.50106812	1.33333337
295.52966309	1.33333337
295.55844116	1.33333337
295.59118652	1.33333337
295.61972046	1.33333337
295.64855957	1.33333337
295.68130493	1.33333337
295.70996094	1.33333337
295.73870850	1.33333337
295.77148438	1.33333337
295.80001831	1.33333337
295.82888794	1.33333337
295.86154175	1.33333337
295.89035034	1.33333337
295.91894531	1.33333337
295.95169067	1.33333337
295.98028564	1.33333337
296.00909424	1.33333337
296.04177856	1.33333337
296.07046509	1.33333337
296.09921265	1.33333337
296.13198853	1.33333337
296.16049194	1.33333337
296.18933105	1.33333337
296.22207642	1.33333337
296.25067139	1.33333337
296.27941895	1.33333337
296.31216431	1.33333337
296.34078979	1.33333337
296.36941528	1.33333337
296.40228271	1.33333337
296.43090820	1.33333337
296.45971680	1.33333337
296.49240112	1.33333337
296.52111816	1.33333337
296.54968262	1.33333337
296.58261108	1.33333337
296.61120605	1.33333337
296.63986206	1.33333337
296.67266846	1.33333337
296.70144653	1.33333337
296.72985840	1.33333337
296.79138184	1.33333337
296.82006836	1.33333337
296.88162231	1.33333337
296.91024780	1.33333337
296.97174072	1.33333337
297.00030518	1.33333337
297.06179810	1.33333337
297.09045410	1.33333337
297.11917114	1.33333337
297.15191650	1.33333337
297.18054199	1.33333337
297.20935059	1.33333337
297.24203491	1.33333337
297.27066040	1.33333337
297.29943848	1.33333337
297.33221436	1.33333337
297.36080933	1.33333337
297.38961792	1.33333337
297.42230225	1.33333337
297.45095825	1.33333337
297.47961426	1.33333337
297.51245117	1.33333337
297.54098511	1.33333337
297.56979370	1.33333337
297.60247803	1.33333337
297.63131714	1.33333337
297.65991211	1.33333337
297.69268799	1.33333337
297.72125244	1.33333337
297.74990845	1.33333337
297.78277588	1.33333337
297.81143188	1.33333337
297.84002686	1.33333337
297.87289429	1.33333337
297.90151978	1.33333337
297.93026733	1.33333337
297.96298218	1.33333337
297.99169922	1.35294116
298.02032471	1.33333337
298.05303955	1.35294116
298.08181763	1.33333337
298.11038208	1.33333337
298.14331055	1.33333337
298.17193604	1.33333337
298.20056152	1.33333337
298.23327637	1.33333337
298.26208496	1.33333337
298.29058838	1.33333337
298.32342529	1.33333337
298.35202026	1.33333337
298.38085938	1.33333337
298.41348267	1.33333337
298.44235229	1.33333337
298.47085571	1.33333337
298.50366211	1.35294116
298.53240967	1.35294116
298.56106567	1.35294116
298.59375000	1.35294116
298.62252808	1.35294116
298.65127563	1.35294116
298.68392944	1.35294116
298.71270752	1.35294116
298.74127197	1.35294116
298.77404785	1.35294116
298.80279541	1.35294116
298.83145142	1.35294116
298.86422729	1.35294116
298.89297485	1.35294116
298.92153931	1.35294116
298.95431519	1.35294116
298.98303223	1.35294116
299.01174927	1.35294116
299.07318115	1.35294116
299.10180664	1.35294116
299.16317749	1.35294116
299.19183350	1.35294116
299.25338745	1.35294116
299.28195190	1.35294116
299.31066895	1.35294116
299.34350586	1.35294116
299.37213135	1.35294116
299.40075684	1.35294116
299.43356323	1.35294116
299.46224976	1.35294116
299.49093628	1.35294116
299.52368164	1.35294116
299.55239868	1.35294116
299.58105469	1.35294116
299.61376953	1.35294116
299.64257813	1.35294116
299.67126465	1.35294116
299.70394897	1.35294116
299.73269653	1.35294116
299.76126099	1.35294116
299.79394531	1.35294116
299.82284546	1.35294116
299.85134888	1.35294116
299.88430786	1.35294116
299.91284180	1.35294116
299.94158936	1.35294116
299.97424316	1.35294116
300.00299072	1.35294116
300.03161621	1.35294116
300.06439209	1.35294116
300.09320068	1.35294116
300.12179565	1.35294116
300.15451050	1.35294116
300.18328857	1.35294116
300.21188354	1.35294116
300.24465942	1.35294116
300.27343750	1.35294116
300.30200195	1.35294116
300.33493042	1.35294116
300.36352539	1.35294116
300.39221191	1.35294116
300.42489624	1.35294116
300.45355225	1.35294116
300.48223877	1.35294116
300.51504517	1.35294116
300.54376221	1.35294116
300.57238770	1.35294116
300.60513306	1.35294116
300.63385010	1.35294116
300.66244507	1.35294116
300.69531250	1.35294116
300.72381592	1.35294116
300.75265503	1.35294116
300.78533936	1.35294116
300.81411743	1.35294116
300.84271240	1.35294116
300.87551880	1.35294116
300.90423584	1.35294116
300.93292236	1.35294116
300.96560669	1.35294116
300.99426270	1.35294116
301.02297974	1.35294116
301.05575562	1.35294116
301.08435059	1.35294116
301.11312866	1.35294116
301.14593506	1.37254906
301.17446899	1.37254906
301.20330811	1.37254906
301.26467896	1.37254906
301.29336548	1.37254906
301.35467529	1.37254906
301.38348389	1.37254906
301.44497681	1.37254906
301.47360229	1.37254906
301.50225830	1.37254906
301.53497314	1.37254906
301.56378174	1.37254906
301.59234619	1.37254906
301.62527466	1.37254906
301.65396118	1.37254906
301.68252563	1.37254906
301.71530151	1.37254906
301.74401855	1.37254906
301.77267456	1.37254906
301.80538940	1.37254906
301.83404541	1.37254906
301.86273193	1.37254906
301.89553833	1.37254906
301.92419434	1.37254906
301.95291138	1.37254906
301.98562622	1.37254906
302.01431274	1.37254906
302.04293823	1.37254906
302.07577515	1.37254906
302.10430908	1.37254906
302.13311768	1.37254906
302.16583252	1.37254906
302.19448853	1.37254906
302.22320557	1.37254906
302.25610352	1.37254906
302.28457642	1.37254906
302.31338501	1.37254906
302.34609985	1.37254906
302.37472534	1.37254906
302.40350342	1.37254906
302.43627930	1.37254906
302.46487427	1.37254906
302.49365234	1.37254906
302.52639771	1.37254906
302.55502319	1.37254906
302.58380127	1.37254906
302.61651611	1.37254906
302.64529419	1.37254906
302.67385864	1.37254906
302.70666504	1.37254906
302.73513794	1.37254906
302.76403809	1.37254906
302.79669189	1.37254906
302.82540894	1.37254906
302.85409546	1.37254906
302.88690186	1.37254906
302.91540527	1.37254906
302.94424438	1.37254906
302.97705078	1.37254906
303.00558472	1.37254906
303.03424072	1.37254906
303.06710815	1.37254906
303.09573364	1.37254906
303.12429810	1.37254906
303.15722656	1.37254906
303.18588257	1.37254906
303.21453857	1.37254906
303.24737549	1.37254906
303.27600098	1.37254906
303.30465698	1.37254906
303.33749390	1.37254906
303.36614990	1.37254906
303.39471436	1.37254906
303.42745972	1.37254906
303.45626831	1.37254906
303.48477173	1.37254906
303.54629517	1.37254906
303.57501221	1.37254906
303.63650513	1.37254906
303.66522217	1.37254906
303.72656250	1.37254906
303.75524902	1.37254906
303.78396606	1.37254906
303.81674194	1.39215684
303.84533691	1.39215684
303.87408447	1.39215684
303.90689087	1.39215684
303.93545532	1.39215684
303.96423340	1.39215684
303.99697876	1.39215684
304.02563477	1.39215684
304.05432129	1.39215684
304.08712769	1.39215684
304.11578369	1.39215684
304.14447021	1.39215684
304.17715454	1.39215684
304.20581055	1.39215684
304.23446655	1.37254906
304.26739502	1.37254906
304.29592896	1.37254906
304.32464600	1.37254906
304.35742188	1.37254906
304.38613892	1.37254906
304.41467285	1.37254906
304.44766235	1.39215684
304.47616577	1.39215684
304.50485229	1.39215684
304.53771973	1.39215684
304.56628418	1.39215684
304.59494019	1.39215684
304.62774658	1.39215684
304.65643311	1.39215684
304.68521118	1.39215684
304.71783447	1.39215684
304.74658203	1.39215684
304.77523804	1.39215684
304.80801392	1.39215684
304.83676147	1.39215684
304.86529541	1.39215684
304.89825439	1.39215684
304.92687988	1.39215684
304.95544434	1.39215684
304.98812866	1.39215684
305.01702881	1.39215684
305.04553223	1.39215684
305.07836914	1.39215684
305.10711670	1.39215684
305.13574219	1.39215684
305.16836548	1.39215684
305.19726563	1.39215684
305.22579956	1.39215684
305.25863647	1.39215684
305.28729248	1.39215684
305.31594849	1.39215684
305.34866333	1.39215684
305.37750244	1.39215684
305.40606689	1.39215684
305.43884277	1.39215684
305.46762085	1.39215684
305.49621582	1.39215684
305.52893066	1.39215684
305.55767822	1.39215684
305.58636475	1.39215684
305.61923218	1.39215684
305.64788818	1.39215684
305.67651367	1.39215684
305.73797607	1.39215684
305.76660156	1.39215684
305.82812500	1.39215684
305.85662842	1.39215684
305.91815186	1.39215684
305.94683838	1.39215684
305.97546387	1.39215684
306.00823975	1.39215684
306.03689575	1.39215684
306.06558228	1.39215684
306.09823608	1.39215684
306.12704468	1.39215684
306.15563965	1.39215684
306.18841553	1.39215684
306.21719360	1.39215684
306.24591064	1.39215684
306.27856445	1.39215684
306.30731201	1.39215684
306.33596802	1.39215684
306.36871338	1.39215684
306.39749146	1.39215684
306.42623901	1.39215684
306.45886230	1.39215684
306.48757935	1.39215684
306.51623535	1.39215684
306.54895020	1.39215684
306.57775879	1.39215684
306.60623169	1.39215684
306.63925171	1.39215684
306.66778564	1.39215684
306.69644165	1.39215684
306.72912598	1.39215684
306.75802612	1.39215684
306.78649902	1.39215684
306.81933594	1.39215684
306.84808350	1.39215684
306.87673950	1.39215684
306.90942383	1.39215684
306.93820190	1.39215684
306.96679688	1.39215684
306.99957275	1.39215684
307.02835083	1.39215684
307.05694580	1.39215684
307.08972168	1.39215684
307.11837769	1.39215684
307.14706421	1.39215684
307.17977905	1.39215684
307.20849609	1.39215684
307.23718262	1.41176474
307.26995850	1.41176474
307.29855347	1.41176474
307.32736206	1.41176474
307.36007690	1.41176474
307.38873291	1.41176474
307.41738892	1.41176474
307.45022583	1.41176474
307.47872925	1.41176474
307.50759888	1.41176474
307.54028320	1.41176474
307.56890869	1.41176474
307.59762573	1.41176474
307.63043213	1.41176474
307.65924072	1.41176474
307.68780518	1.41176474
307.72061157	1.41176474
307.74917603	1.41176474
307.77801514	1.41176474
307.81066895	1.41176474
307.83935547	1.41176474
307.86807251	1.41176474
307.92941284	1.41176474
307.95828247	1.41176474
308.01953125	1.41176474
308.04830933	1.41176474
308.10961914	1.41176474
308.13848877	1.41176474
308.16696167	1.41176474
308.19985962	1.41176474
308.22857666	1.41176474
308.25723267	1.41176474
308.28991699	1.41176474
308.31857300	1.41176474
308.34725952	1.41176474
308.38003540	1.41176474
308.40872192	1.41176474
308.43740845	1.41176474
308.47021484	1.41176474
308.49877930	1.41176474
308.52758789	1.41176474
308.56030273	1.41176474
308.58895874	1.41176474
308.61767578	1.41176474
308.65045166	1.41176474
308.67916870	1.41176474
308.70785522	1.41176474
308.74053955	1.41176474
308.76919556	1.41176474
308.79785156	1.41176474
308.83065796	1.41176474
308.85928345	1.41176474
308.88806152	1.41176474
308.92080688	1.41176474
308.94949341	1.41176474
308.97817993	1.41176474
309.01098633	1.41176474
309.03952026	1.41176474
309.06829834	1.41176474
309.10107422	1.41176474
309.12969971	1.41176474
309.15844727	1.41176474
309.19104004	1.41176474
309.21972656	1.41176474
309.24853516	1.41176474
309.28131104	1.41176474
309.30990601	1.41176474
309.33871460	1.41176474
309.37139893	1.41176474
309.40020752	1.41176474
309.42880249	1.41176474
309.46154785	1.41176474
309.49014282	1.41176474
309.51882935	1.41176474
309.55166626	1.41176474
309.58023071	1.41176474
309.60888672	1.41176474
309.64178467	1.41176474
309.67041016	1.41176474
309.69921875	1.41176474
309.73190308	1.41176474
309.76052856	1.41176474
309.78909302	1.41176474
309.82205200	1.41176474
309.85064697	1.41176474
309.87933350	1.41176474
309.91217041	1.41176474
309.94079590	1.41176474
309.96939087	1.41176474
310.00213623	1.41176474
310.03094482	1.41176474
310.05957031	1.41176474
310.09231567	1.41176474
310.12103271	1.41176474
310.14965820	1.41176474
310.21112061	1.41176474
310.23968506	1.41176474
310.30133057	1.41176474
310.32992554	1.41176474
310.39135742	1.41176474
310.42010498	1.41176474
310.44885254	1.41176474
310.48150635	1.41176474
310.51019287	1.41176474
310.53884888	1.41176474
310.57171631	1.41176474
310.60025024	1.41176474
310.62908936	1.41176474
310.66180420	1.43137252
310.69042969	1.43137252
310.71926880	1.43137252
310.75198364	1.43137252
310.78054810	1.43137252
310.80917358	1.43137252
310.84207153	1.43137252
310.87063599	1.43137252
310.89932251	1.43137252
310.93209839	1.43137252
310.96081543	1.43137252
310.98937988	1.43137252
311.02227783	1.43137252
311.05084229	1.43137252
311.07955933	1.43137252
311.11224365	1.43137252
311.14105225	1.43137252
311.16967773	1.43137252
311.20239258	1.43137252
311.23107910	1.43137252
311.25979614	1.43137252
311.29251099	1.43137252
311.32128906	1.43137252
311.34982300	1.43137252
311.38262939	1.43137252
311.41134644	1.43137252
311.44018555	1.43137252
311.47274780	1.43137252
311.50152588	1.43137252
311.53015137	1.43137252
311.56295776	1.43137252
311.59167480	1.43137252
311.62030029	1.43137252
311.65310669	1.43137252
311.68176270	1.43137252
311.71044922	1.43137252
311.74313354	1.43137252
311.77194214	1.43137252
311.80044556	1.43137252
311.83328247	1.43137252
311.86203003	1.43137252
311.89068604	1.43137252
311.92333984	1.43137252
311.95214844	1.43137252
311.98068237	1.43137252
312.01351929	1.43137252
312.04220581	1.43137252
312.07092285	1.43137252
312.10360718	1.43137252
312.13241577	1.43137252
312.16101074	1.43137252
312.19378662	1.43137252
312.22253418	1.43137252
312.25115967	1.43137252
312.28393555	1.43137252
312.31250000	1.43137252
312.34130859	1.43137252
312.40274048	1.43137252
312.43139648	1.43137252
312.49276733	1.43137252
312.52157593	1.43137252
312.58294678	1.43137252
312.61157227	1.43137252
312.64028931	1.43137252
312.67309570	1.43137252
312.70190430	1.43137252
312.73034668	1.43137252
312.76318359	1.43137252
312.79183960	1.43137252
312.82058716	1.43137252
312.85317993	1.43137252
312.88204956	1.43137252
312.91058350	1.43137252
312.94342041	1.43137252
312.97210693	1.43137252
313.00073242	1.43137252
313.03350830	1.43137252
313.06225586	1.43137252
313.09091187	1.43137252
313.12362671	1.43137252
313.15246582	1.43137252
313.18103027	1.43137252
313.21377563	1.43137252
313.24249268	1.43137252
313.27111816	1.43137252
313.30377197	1.43137252
313.33267212	1.43137252
313.36120605	1.43137252
313.39416504	1.43137252
313.42269897	1.43137252
313.45141602	1.43137252
313.48406982	1.43137252
313.51293945	1.43137252
313.54144287	1.43137252
313.57424927	1.43137252
313.60293579	1.43137252
313.63171387	1.43137252
313.66433716	1.43137252
313.69314575	1.43137252
313.72171021	1.43137252
313.75451660	1.43137252
313.78311157	1.43137252
313.81182861	1.45098042
313.84457397	1.45098042
313.87310791	1.45098042
313.90188599	1.45098042
313.93481445	1.45098042
313.96325684	1.45098042
313.99197388	1.45098042
314.02474976	1.45098042
314.05337524	1.45098042
314.08212280	1.45098042
314.11489868	1.45098042
314.14349365	1.45098042
314.17224121	1.45098042
314.20501709	1.45098042
314.23364258	1.45098042
314.26239014	1.45098042
314.29516602	1.45098042
314.32376099	1.45098042
314.35250854	1.45098042
314.38525391	1.45098042
314.41403198	1.45098042
314.44265747	1.45098042
314.47540283	1.45098042
314.50408936	1.45098042
314.53280640	1.45098042
314.59423828	1.45098042
314.62298584	1.45098042
314.68438721	1.45098042
314.71316528	1.45098042
314.77450562	1.45098042
314.80319214	1.45098042
314.86453247	1.45098042
314.89324951	1.45098042
314.92193604	1.45098042
314.95474243	1.45098042
314.98330688	1.45098042
315.01217651	1.45098042
315.04479980	1.45098042
315.07354736	1.45098042
315.10220337	1.45098042
315.13497925	1.45098042
315.16357422	1.45098042
315.19235229	1.45098042
315.22509766	1.45098042
315.25381470	1.45098042
315.28240967	1.45098042
315.31527710	1.45098042
315.34381104	1.45098042
315.37261963	1.45098042
315.40539551	1.45098042
315.43408203	1.45098042
315.46276855	1.45098042
315.49551392	1.45098042
315.52410889	1.45098042
315.55285645	1.45098042
315.58569336	1.45098042
315.61419678	1.45098042
315.64303589	1.45098042
315.67565918	1.45098042
315.70440674	1.45098042
315.73306274	1.45098042
315.76586914	1.45098042
315.79440308	1.45098042
315.82327271	1.45098042
315.85595703	1.45098042
315.88470459	1.45098042
315.91329956	1.45098042
315.94613647	1.45098042
315.97470093	1.45098042
316.00347900	1.45098042
316.03613281	1.45098042
316.06488037	1.45098042
316.09350586	1.45098042
316.12637329	1.45098042
316.15502930	1.45098042
316.18362427	1.45098042
316.21646118	1.45098042
316.24508667	1.45098042
316.27371216	1.45098042
316.30661011	1.47058821
316.33517456	1.47058821
316.36383057	1.47058821
316.39672852	1.47058821
316.42535400	1.47058821
316.45407104	1.47058821
316.48684692	1.47058821
316.51547241	1.47058821
316.54406738	1.47058821
316.57696533	1.47058821
316.60559082	1.47058821
316.63424683	1.47058821
316.66711426	1.47058821
316.69570923	1.47058821
316.72433472	1.47058821
316.75711060	1.47058821
316.78588867	1.47058821
316.81445313	1.47058821
316.87597656	1.47058821
316.90454102	1.45098042
316.96606445	1.45098042
316.99475098	1.47058821
317.05621338	1.47058821
317.08480835	1.47058821
317.11358643	1.47058821
317.14630127	1.47058821
317.17507935	1.47058821
317.20367432	1.47058821
317.23645020	1.47058821
317.26507568	1.47058821
317.29370117	1.47058821
317.32656860	1.47058821
317.35519409	1.47058821
317.38385010	1.47058821
317.41668701	1.47058821
317.44531250	1.47058821
317.47412109	1.47058821
317.50692749	1.47058821
317.53558350	1.47058821
317.56405640	1.47058821
317.59698486	1.47058821
317.62567139	1.47058821
317.65423584	1.47058821
317.68716431	1.47058821
317.71566772	1.47058821
317.74435425	1.47058821
317.77703857	1.47058821
317.80584717	1.47058821
317.83441162	1.47058821
317.86721802	1.47058821
317.89593506	1.47058821
317.92456055	1.47058821
317.95730591	1.47058821
317.98608398	1.47058821
318.01467896	1.47058821
318.04742432	1.47058821
318.07623291	1.47058821
318.10488892	1.47058821
318.13757324	1.47058821
318.16632080	1.47058821
318.19500732	1.47058821
318.22772217	1.47058821
318.25646973	1.47058821
318.28509521	1.47058821
318.31781006	1.47058821
318.34661865	1.47058821
318.37515259	1.47058821
318.40817261	1.47058821
318.43670654	1.47058821
318.46530151	1.47058821
318.49810791	1.47058821
318.52679443	1.47058821
318.55548096	1.47058821
318.58816528	1.47058821
318.61694336	1.47058821
318.64553833	1.47058821
318.67831421	1.47058821
318.70706177	1.47058821
318.73565674	1.47058821
318.76840210	1.47058821
318.79705811	1.47058821
318.82580566	1.47058821
318.85855103	1.47058821
318.88729858	1.47058821
318.91598511	1.47058821
318.94873047	1.47058821
318.97732544	1.47058821
319.00604248	1.47058821
319.06744385	1.47058821
319.09622192	1.47058821
319.15753174	1.47058821
319.18621826	1.47058821
319.24758911	1.47058821
319.27645874	1.47058821
319.30502319	1.47058821
319.33776855	1.47058821
319.36657715	1.47058821
319.39514160	1.47058821
319.42810059	1.47058821
319.45666504	1.47058821
319.48526001	1.47058821
319.51809692	1.47058821
319.54681396	1.47058821
319.57540894	1.47058821
319.60815430	1.47058821
319.63690186	1.47058821
319.66552734	1.47058821
319.69827271	1.47058821
319.72708130	1.47058821
319.75567627	1.47058821
319.78842163	1.47058821
319.81710815	1.47058821
319.84582520	1.47058821
319.87857056	1.47058821
319.90734863	1.47058821
319.93591309	1.47058821
319.96868896	1.47058821
319.99746704	1.47058821
320.02603149	1.47058821
320.05883789	1.47058821
320.08752441	1.47058821
320.11614990	1.47058821
320.14889526	1.47058821
320.17755127	1.47058821
320.20629883	1.47058821
320.23904419	1.47058821
320.26766968	1.47058821
320.29641724	1.47058821
320.32916260	1.47058821
320.35778809	1.47058821
320.38653564	1.47058821
320.41928101	1.47058821
320.44805908	1.47058821
320.47665405	1.47058821
320.50946045	1.47058821
320.53802490	1.47058821
320.56680298	1.47058821
320.59957886	1.47058821
320.62817383	1.47058821
320.65695190	1.47058821
320.68960571	1.47058821
320.71829224	1.47058821
320.74707031	1.47058821
320.77981567	1.47058821
320.80844116	1.47058821
320.83718872	1.47058821
320.86990356	1.47058821
320.89849854	1.47058821
320.92727661	1.47058821
320.96005249	1.47058821
320.98867798	1.47058821
321.01739502	1.47058821
321.05017090	1.47058821
321.07876587	1.47058821
321.10754395	1.47058821
321.14028931	1.47058821
321.16900635	1.47058821
321.19766235	1.47058821
321.23040771	1.47058821
321.25903320	1.47058821
321.28778076	1.47058821
321.34918213	1.47058821
321.37777710	1.47058821
321.43927002	1.47058821
321.46807861	1.47058821
321.52944946	1.47058821
321.55804443	1.47058821
321.58676147	1.47058821
321.61950684	1.47058821
321.64813232	1.47058821
321.67687988	1.47058821
321.70962524	1.47058821
321.73828125	1.47058821
321.76702881	1.47058821
321.79977417	1.47058821
321.82839966	1.47058821
321.85714722	1.47058821
321.88989258	1.47058821
321.91851807	1.47058821
321.94726563	1.49019611
321.98007202	1.49019611
322.00863647	1.49019611
322.03741455	1.49019611
322.07012939	1.49019611
322.09881592	1.49019611
322.12738037	1.49019611
322.16027832	1.49019611
322.18899536	1.49019611
322.21765137	1.49019611
322.25042725	1.49019611
322.27902222	1.49019611
322.30776978	1.49019611
322.34057617	1.49019611
322.36907959	1.49019611
322.39788818	1.49019611
322.43066406	1.49019611
322.45925903	1.49019611
322.48800659	1.49019611
322.52075195	1.49019611
322.54937744	1.49019611
322.57794189	1.49019611
322.61090088	1.49019611
322.63952637	1.49019611
322.66812134	1.49019611
322.70101929	1.49019611
322.72964478	1.49019611
322.75823975	1.49019611
322.79116821	1.49019611
322.81976318	1.49019611
322.84838867	1.49019611
322.88125610	1.49019611
322.90994263	1.49019611
322.93850708	1.49019611
322.97131348	1.49019611
323.00000000	1.49019611
323.02868652	1.49019611
323.06140137	1.49019611
323.09008789	1.49019611
323.11874390	1.49019611
323.15151978	1.49019611
323.18026733	1.49019611
323.20901489	1.49019611
323.24163818	1.49019611
323.27035522	1.49019611
323.29898071	1.49019611
323.33175659	1.49019611
323.36053467	1.49019611
323.38919067	1.49019611
323.42199707	1.49019611
323.45068359	1.49019611
323.47921753	1.49019611
323.54077148	1.49019611
323.56936646	1.49019611
323.63088989	1.49019611
323.65951538	1.50980389
323.72100830	1.50980389
323.74966431	1.50980389
323.77825928	1.50980389
323.81124878	1.50980389
323.83975220	1.50980389
323.86837769	1.50980389
323.90118408	1.50980389
323.92987061	1.50980389
323.95849609	1.50980389
323.99139404	1.50980389
324.02005005	1.50980389
324.04861450	1.50980389
324.08151245	1.50980389
324.11013794	1.50980389
324.13876343	1.50980389
324.17172241	1.50980389
324.20025635	1.50980389
324.22894287	1.50980389
324.26168823	1.50980389
324.29037476	1.50980389
324.31903076	1.50980389
324.35174561	1.50980389
324.38055420	1.50980389
324.40908813	1.50980389
324.44201660	1.50980389
324.47055054	1.50980389
324.49923706	1.50980389
324.53198242	1.50980389
324.56069946	1.50980389
324.58935547	1.50980389
324.62210083	1.50980389
324.65081787	1.50980389
324.67944336	1.50980389
324.71221924	1.50980389
324.74102783	1.50980389
324.76959229	1.50980389
324.80233765	1.50980389
324.83108521	1.50980389
324.85974121	1.50980389
324.89245605	1.50980389
324.92126465	1.50980389
324.94992065	1.50980389
324.98260498	1.50980389
325.01141357	1.50980389
325.03997803	1.50980389
325.07278442	1.50980389
325.10147095	1.50980389
325.13012695	1.50980389
325.16299438	1.50980389
325.19165039	1.50980389
325.22027588	1.50980389
325.25299072	1.50980389
325.28173828	1.50980389
325.31036377	1.50980389
325.34310913	1.50980389
325.37173462	1.50980389
325.40045166	1.50980389
325.43322754	1.50980389
325.46197510	1.50980389
325.49060059	1.50980389
325.52334595	1.50980389
325.55197144	1.50980389
325.58074951	1.50980389
325.61346436	1.50980389
325.64208984	1.50980389
325.67083740	1.50980389
325.73223877	1.50980389
325.76101685	1.50980389
325.82241821	1.50980389
325.85110474	1.50980389
325.91247559	1.50980389
325.94128418	1.50980389
325.96994019	1.50980389
326.00259399	1.50980389
326.03134155	1.50980389
326.06002808	1.50980389
326.09271240	1.52941179
326.12149048	1.52941179
326.15008545	1.52941179
326.18298340	1.52941179
326.21163940	1.52941179
326.24023438	1.52941179
326.27294922	1.52941179
326.30172729	1.52941179
326.33032227	1.52941179
326.36309814	1.52941179
326.39184570	1.52941179
326.42044067	1.52941179
326.45321655	1.52941179
326.48196411	1.50980389
326.51065063	1.50980389
326.54336548	1.50980389
326.57202148	1.50980389
326.60070801	1.50980389
326.63351440	1.50980389
326.66210938	1.50980389
326.69094849	1.50980389
326.72357178	1.50980389
326.75234985	1.50980389
326.78097534	1.50980389
326.81375122	1.50980389
326.84234619	1.50980389
326.87109375	1.50980389
326.90383911	1.50980389
326.93246460	1.50980389
326.96127319	1.50980389
326.99395752	1.50980389
327.02255249	1.50980389
327.05136108	1.50980389
327.08407593	1.49019611
327.11273193	1.49019611
327.14147949	1.49019611
327.17419434	1.49019611
327.20300293	1.49019611
327.23159790	1.49019611
327.26437378	1.49019611
327.29293823	1.49019611
327.32177734	1.49019611
327.35446167	1.49019611
327.38311768	1.49019611
327.41183472	1.49019611
327.44461060	1.49019611
327.47320557	1.49019611
327.50195313	1.49019611
327.53463745	1.49019611
327.56332397	1.49019611
327.59210205	1.49019611
327.62487793	1.49019611
327.65344238	1.49019611
327.68222046	1.49019611
327.71493530	1.49019611
327.74362183	1.49019611
327.77230835	1.49019611
327.80511475	1.49019611
327.83370972	1.49019611
327.86245728	1.49019611
327.89520264	1.49019611
327.92382813	1.49019611
327.95254517	1.49019611
328.01394653	1.49019611
328.04257202	1.49019611
328.10409546	1.49019611
328.13269043	1.49019611
328.19424438	1.49019611
328.22286987	1.49019611
328.25146484	1.49019611
328.28424072	1.49019611
328.31283569	1.49019611
328.34158325	1.49019611
328.37451172	1.49019611
328.40304565	1.49019611
328.43170166	1.49019611
328.46447754	1.49019611
328.49307251	1.49019611
328.52194214	1.49019611
328.55462646	1.49019611
328.58328247	1.49019611
328.61209106	1.49019611
328.64480591	1.49019611
328.67343140	1.49019611
328.70220947	1.49019611
328.73495483	1.49019611
328.76351929	1.49019611
328.79232788	1.49019611
328.82510376	1.49019611
328.85369873	1.49019611
328.88253784	1.49019611
328.91525269	1.49019611
328.94396973	1.49019611
328.97262573	1.49019611
329.00537109	1.49019611
329.03393555	1.49019611
329.06259155	1.49019611
329.09542847	1.50980389
329.12408447	1.50980389
329.15258789	1.50980389
329.18557739	1.50980389
329.21411133	1.50980389
329.24295044	1.50980389
329.27569580	1.50980389
329.30432129	1.50980389
329.33297729	1.50980389
329.36587524	1.50980389
329.39437866	1.50980389
329.42306519	1.50980389
329.45590210	1.50980389
329.48455811	1.50980389
329.51315308	1.50980389
329.54589844	1.50980389
329.57473755	1.50980389
329.60330200	1.50980389
329.63610840	1.50980389
329.66482544	1.50980389
329.69348145	1.50980389
329.72619629	1.50980389
329.75497437	1.50980389
