610.30718994	1.03921568
610.33581543	1.03921568
610.36859131	1.03921568
610.39733887	1.03921568
610.42596436	1.03921568
610.45886230	1.03921568
610.48748779	1.03921568
610.51611328	1.03921568
610.54888916	1.03921568
610.57757568	1.03921568
610.60626221	1.03921568
610.63897705	1.03921568
610.66766357	1.03921568
610.69635010	1.03921568
610.72912598	1.03921568
610.75787354	1.03921568
610.78643799	1.03921568
610.81921387	1.03921568
610.84802246	1.03921568
610.87658691	1.03921568
610.90936279	1.03921568
610.93811035	1.03921568
610.96685791	1.03921568
610.99945068	1.03921568
611.02819824	1.03921568
611.05682373	1.03921568
611.08953857	1.03921568
611.11834717	1.03921568
611.14697266	1.03921568
611.17993164	1.03921568
611.20849609	1.03921568
611.23712158	1.03921568
611.26995850	1.03921568
611.29864502	1.03921568
611.32727051	1.03921568
611.35986328	1.03921568
611.38861084	1.03921568
611.41723633	1.03921568
611.44995117	1.03921568
611.47869873	1.03921568
611.50732422	1.03921568
611.54010010	1.03921568
611.56890869	1.03921568
611.59747314	1.03921568
611.63018799	1.03921568
611.65881348	1.03921568
611.68762207	1.03921568
611.72039795	1.03921568
611.74896240	1.03921568
611.77777100	1.03921568
611.83923340	1.03921568
611.86791992	1.03921568
611.92932129	1.03921568
611.95819092	1.03921568
612.01947021	1.03921568
612.04827881	1.03921568
612.07684326	1.01960790
612.10961914	1.01960790
612.13836670	1.01960790
612.16693115	1.01960790
612.19982910	1.01960790
612.22851563	1.01960790
612.25714111	1.01960790
612.28979492	1.01960790
612.31860352	1.01960790
612.34722900	1.01960790
612.37994385	1.01960790
612.40856934	1.01960790
612.43731689	1.01960790
612.47015381	1.01960790
612.49884033	1.00000000
612.52740479	1.00000000
612.56018066	1.00000000
612.58892822	1.00000000
612.61755371	1.00000000
612.65039063	1.00000000
612.67907715	1.00000000
612.70770264	1.00000000
612.74047852	1.00000000
612.76916504	1.00000000
612.79785156	1.00000000
612.83062744	1.00000000
612.85925293	1.00000000
612.88800049	1.00000000
612.92077637	1.00000000
612.94921875	1.00000000
612.97814941	1.00000000
613.01086426	1.00000000
613.03942871	1.00000000
613.06823730	1.00000000
613.10089111	1.00000000
613.12957764	1.00000000
613.15832520	1.00000000
613.19104004	1.00000000
613.21984863	1.00000000
613.24841309	1.00000000
613.28118896	1.00000000
613.30981445	1.00000000
613.33856201	1.00000000
613.37127686	1.00000000
613.39990234	1.00000000
613.42864990	1.00000000
613.46136475	1.00000000
613.48999023	1.00000000
613.51873779	1.00000000
613.55157471	1.00000000
613.58020020	1.00000000
613.60900879	1.00000000
613.64172363	1.00000000
613.67034912	1.00000000
613.69909668	1.00000000
613.73181152	1.00000000
613.76043701	1.00000000
613.78918457	1.00000000
613.82183838	1.00000000
613.85058594	1.00000000
613.87933350	1.00000000
613.91198730	1.00000000
613.94073486	1.00000000
613.96942139	1.00000000
614.00219727	1.00000000
614.03082275	1.00000000
614.05944824	1.00000000
614.12091064	1.00000000
614.14959717	1.00000000
614.21105957	1.00000000
614.23986816	1.01960790
614.30120850	1.01960790
614.32977295	1.01960790
614.35858154	1.01960790
614.39135742	1.01960790
614.41986084	1.01960790
614.44860840	1.01960790
614.48138428	1.01960790
614.51007080	1.01960790
614.53875732	1.01960790
614.57159424	1.01960790
614.60015869	1.01960790
614.62890625	1.01960790
614.66168213	1.01960790
614.69024658	1.01960790
614.71905518	1.01960790
614.75183105	1.01960790
614.78039551	1.00000000
614.80920410	1.00000000
614.84191895	1.00000000
614.87054443	1.00000000
614.89929199	1.00000000
614.93206787	1.00000000
614.96081543	1.00000000
614.98937988	1.01960790
615.02215576	1.01960790
615.05078125	1.01960790
615.07958984	1.01960790
615.11230469	1.01960790
615.14093018	1.01960790
615.16973877	1.01960790
615.20245361	1.01960790
615.23101807	1.01960790
615.25976563	1.01960790
615.29254150	1.01960790
615.32116699	1.01960790
615.34979248	1.01960790
615.38269043	1.01960790
615.41125488	1.01960790
615.43994141	1.01960790
615.47277832	1.01960790
615.50140381	1.01960790
615.53002930	1.01960790
615.56298828	1.01960790
615.59155273	1.01960790
615.62017822	1.01960790
615.65301514	1.01960790
615.68164063	1.01960790
615.71026611	1.01960790
615.74304199	1.01960790
615.77178955	1.01960790
615.80035400	1.01960790
615.83319092	1.01960790
615.86187744	1.01960790
615.89056396	1.01960790
615.92327881	1.01960790
615.95208740	1.01960790
615.98077393	1.01960790
616.01342773	1.01960790
616.04217529	1.01960790
616.07080078	1.01960790
616.10357666	1.01960790
616.13232422	1.01960790
616.16082764	1.01960790
616.19384766	1.01960790
616.22241211	1.01960790
616.25103760	1.01960790
616.31256104	1.01960790
616.34118652	1.01960790
616.40270996	1.01960790
616.43127441	1.01960790
616.49279785	1.01960790
616.52136230	1.01960790
616.54998779	1.01960790
616.58294678	1.01960790
616.61145020	1.01960790
616.64019775	1.01960790
616.67297363	1.01960790
616.70159912	1.01960790
616.73022461	1.01960790
616.76318359	1.01960790
616.79174805	1.01960790
616.82037354	1.01960790
616.85327148	1.01960790
616.88189697	1.01960790
616.91052246	1.01960790
616.94342041	1.01960790
616.97198486	1.01960790
617.00073242	1.01960790
617.03344727	1.01960790
617.06213379	1.01960790
617.09082031	1.01960790
617.12353516	1.01960790
617.15234375	1.01960790
617.18084717	1.01960790
617.21380615	1.01960790
617.24243164	1.01960790
617.27099609	1.01960790
617.30377197	1.01960790
617.33251953	1.01960790
617.36108398	1.01960790
617.39398193	1.01960790
617.42260742	1.01960790
617.45129395	1.01960790
617.48400879	1.01960790
617.51269531	1.01960790
617.54138184	1.01960790
617.57415771	1.01960790
617.60290527	1.01960790
617.63159180	1.01960790
617.66430664	1.01960790
617.69299316	1.01960790
617.72161865	1.01960790
617.75445557	1.01960790
617.78314209	1.01960790
617.81176758	1.01960790
617.84454346	1.01960790
617.87329102	1.01960790
617.90197754	1.01960790
617.93475342	1.01960790
617.96343994	1.01960790
617.99200439	1.01960790
618.02478027	1.01960790
618.05352783	1.01960790
618.08215332	1.01960790
618.11486816	1.01960790
618.14361572	1.01960790
618.17224121	1.01960790
618.20501709	1.01960790
618.23376465	1.01960790
618.26232910	1.01960790
618.29510498	1.01960790
618.32373047	1.01960790
618.35253906	1.01960790
618.38525391	1.01960790
618.41387939	1.01960790
618.44262695	1.01960790
618.47534180	1.01960790
618.50402832	1.01960790
618.53277588	1.01960790
618.59417725	1.01960790
618.62286377	1.01960790
618.68426514	1.01960790
618.71301270	1.03921568
618.77441406	1.01960790
618.80310059	1.01960790
618.83178711	1.01960790
618.86444092	1.01960790
618.89324951	1.01960790
618.92187500	1.01960790
618.95471191	1.01960790
618.98333740	1.01960790
619.01196289	1.01960790
619.04486084	1.01960790
619.07348633	1.01960790
619.10211182	1.01960790
619.13488770	1.01960790
619.16363525	1.01960790
619.19219971	1.01960790
619.22503662	1.01960790
619.25372314	1.01960790
619.28234863	1.03921568
619.31512451	1.03921568
619.34393311	1.03921568
619.37249756	1.03921568
619.40515137	1.03921568
619.43377686	1.03921568
619.46252441	1.03921568
619.49536133	1.03921568
619.52404785	1.03921568
619.55273438	1.03921568
619.58544922	1.03921568
619.61407471	1.03921568
619.64288330	1.03921568
619.67559814	1.03921568
619.70422363	1.03921568
619.73284912	1.01960790
619.76574707	1.01960790
619.79431152	1.01960790
619.82312012	1.01960790
619.85583496	1.01960790
619.88446045	1.01960790
619.91314697	1.01960790
619.94604492	1.01960790
619.97473145	1.01960790
620.00335693	1.01960790
620.03613281	1.01960790
620.06469727	1.01960790
620.09350586	1.03921568
620.12622070	1.03921568
620.15490723	1.03921568
620.18359375	1.03921568
620.21643066	1.03921568
620.24499512	1.03921568
620.27374268	1.03921568
620.30651855	1.03921568
620.33514404	1.03921568
620.36383057	1.03921568
620.39660645	1.03921568
620.42523193	1.03921568
620.45397949	1.03921568
620.48669434	1.03921568
620.51538086	1.03921568
620.54412842	1.03921568
620.57684326	1.03921568
620.60546875	1.03921568
620.63409424	1.03921568
620.66699219	1.01960790
620.69561768	1.01960790
620.72424316	1.01960790
620.78576660	1.01960790
620.81433105	1.01960790
620.87585449	1.03921568
620.90454102	1.03921568
620.96606445	1.03921568
620.99468994	1.03921568
621.05609131	1.03921568
621.08477783	1.03921568
621.11358643	1.03921568
621.14624023	1.03921568
621.17486572	1.03921568
621.20361328	1.03921568
621.23632813	1.03921568
621.26495361	1.03921568
621.29370117	1.03921568
621.32647705	1.03921568
621.35510254	1.03921568
621.38385010	1.03921568
621.41662598	1.03921568
621.44531250	1.03921568
621.47399902	1.03921568
621.50671387	1.03921568
621.53533936	1.01960790
621.56414795	1.01960790
621.59680176	1.01960790
621.62548828	1.01960790
621.65429688	1.01960790
621.68695068	1.01960790
621.71575928	1.01960790
621.74432373	1.03921568
621.77716064	1.03921568
621.80572510	1.03921568
621.83435059	1.03921568
621.86724854	1.03921568
621.89581299	1.03921568
621.92443848	1.03921568
621.95733643	1.03921568
621.98596191	1.03921568
622.01470947	1.03921568
622.04754639	1.03921568
622.07611084	1.03921568
622.10467529	1.03921568
622.13757324	1.03921568
622.16625977	1.03921568
622.19482422	1.03921568
622.22766113	1.03921568
622.25634766	1.03921568
622.28491211	1.03921568
622.31781006	1.03921568
622.34667969	1.03921568
622.37506104	1.03921568
622.40783691	1.03921568
622.43658447	1.03921568
622.46520996	1.03921568
622.49798584	1.03921568
622.52679443	1.03921568
622.55529785	1.03921568
622.58813477	1.03921568
622.61682129	1.03921568
622.64550781	1.03921568
622.67816162	1.03921568
622.70697021	1.03921568
622.73571777	1.03921568
622.76831055	1.03921568
622.79705811	1.03921568
622.82568359	1.03921568
622.85839844	1.03921568
622.88720703	1.03921568
622.91583252	1.03921568
622.94866943	1.03921568
622.97735596	1.03921568
623.00592041	1.03921568
623.06744385	1.03921568
623.09606934	1.03921568
623.15765381	1.03921568
623.18621826	1.03921568
623.24774170	1.03921568
623.27636719	1.03921568
623.30493164	1.03921568
623.33789063	1.03921568
623.36651611	1.03921568
623.39508057	1.03921568
623.42791748	1.03921568
623.45660400	1.03921568
623.48516846	1.03921568
623.51794434	1.03921568
623.54675293	1.03921568
623.57531738	1.03921568
623.60803223	1.03921568
623.63684082	1.03921568
623.66546631	1.03921568
623.69818115	1.03921568
623.72692871	1.03921568
623.75573730	1.03921568
623.78833008	1.03921568
623.81707764	1.03921568
623.84570313	1.03921568
623.87841797	1.03921568
623.90722656	1.03921568
623.93579102	1.03921568
623.96875000	1.03921568
623.99731445	1.03921568
624.02600098	1.03921568
624.05871582	1.03921568
624.08752441	1.03921568
624.11608887	1.03921568
624.14886475	1.03921568
624.17755127	1.03921568
624.20623779	1.03921568
624.23889160	1.03921568
624.26770020	1.03921568
624.29632568	1.03921568
624.32910156	1.03921568
624.35784912	1.03921568
624.38641357	1.03921568
624.41918945	1.03921568
624.44793701	1.03921568
624.47656250	1.03921568
624.50927734	1.03921568
624.53802490	1.03921568
624.56665039	1.03921568
624.59948730	1.03921568
624.62811279	1.03921568
624.65686035	1.03921568
624.68957520	1.03921568
624.71832275	1.03921568
624.74694824	1.03921568
624.77972412	1.03921568
624.80822754	1.03921568
624.83709717	1.03921568
624.86975098	1.03921568
624.89849854	1.03921568
624.92712402	1.03921568
624.95996094	1.03921568
624.98864746	1.03921568
625.01733398	1.03921568
625.05010986	1.03921568
625.07873535	1.03921568
625.10742188	1.03921568
625.14019775	1.03921568
625.16882324	1.03921568
625.19757080	1.03921568
625.25891113	1.03921568
625.28771973	1.03921568
625.34906006	1.03921568
625.37780762	1.03921568
625.43933105	1.03921568
625.46801758	1.03921568
625.52935791	1.03921568
625.55798340	1.03921568
625.58673096	1.03921568
625.61932373	1.03921568
625.64825439	1.03921568
625.67675781	1.03921568
625.70971680	1.03921568
625.73828125	1.03921568
625.76690674	1.03921568
625.79962158	1.03921568
625.82830811	1.03921568
625.85699463	1.03921568
625.88983154	1.03921568
625.91851807	1.03921568
625.94714355	1.03921568
625.97985840	1.03921568
626.00866699	1.03921568
626.03735352	1.03921568
626.07000732	1.03921568
626.09869385	1.03921568
626.12744141	1.03921568
626.16021729	1.03921568
626.18878174	1.03921568
626.21759033	1.03921568
626.25030518	1.03921568
626.27893066	1.03921568
626.30761719	1.03921568
626.34045410	1.03921568
626.36895752	1.03921568
626.39782715	1.03921568
626.43048096	1.03921568
626.45922852	1.03921568
626.48785400	1.03921568
626.52056885	1.03921568
626.54925537	1.03921568
626.57806396	1.03921568
626.61077881	1.03921568
626.63946533	1.03921568
626.66815186	1.03921568
626.70092773	1.03921568
626.72967529	1.03921568
626.75830078	1.05882359
626.79101563	1.05882359
626.81964111	1.05882359
626.84844971	1.05882359
626.88116455	1.05882359
626.90985107	1.05882359
626.93853760	1.05882359
626.97131348	1.05882359
626.99993896	1.05882359
627.02868652	1.05882359
627.06134033	1.05882359
627.09002686	1.05882359
627.11859131	1.05882359
627.15155029	1.05882359
627.18017578	1.05882359
627.20886230	1.05882359
627.24157715	1.03921568
627.27032471	1.03921568
627.29888916	1.03921568
627.33172607	1.03921568
627.36041260	1.03921568
627.38903809	1.05882359
627.42187500	1.05882359
627.45050049	1.05882359
627.47912598	1.05882359
627.54071045	1.05882359
627.56927490	1.05882359
627.63079834	1.05882359
627.65948486	1.05882359
627.72094727	1.05882359
627.74963379	1.05882359
627.77832031	1.05882359
627.81103516	1.05882359
627.83972168	1.05882359
627.86834717	1.05882359
627.90118408	1.05882359
627.92974854	1.05882359
627.95855713	1.05882359
627.99127197	1.05882359
628.01995850	1.05882359
628.04858398	1.05882359
628.08142090	1.05882359
628.11004639	1.05882359
628.13879395	1.05882359
628.17156982	1.05882359
628.20019531	1.05882359
628.22888184	1.05882359
628.26165771	1.05882359
628.29028320	1.05882359
628.31903076	1.05882359
628.35174561	1.05882359
628.38043213	1.05882359
628.40905762	1.05882359
628.44189453	1.05882359
628.47058105	1.05882359
628.49914551	1.05882359
628.53210449	1.05882359
628.56066895	1.05882359
628.58923340	1.05882359
628.62207031	1.05882359
628.65081787	1.05882359
628.67938232	1.05882359
628.71228027	1.05882359
628.74084473	1.05882359
628.76971436	1.05882359
628.80236816	1.05882359
628.83105469	1.05882359
628.85955811	1.05882359
628.89245605	1.05882359
628.92114258	1.05882359
628.94976807	1.05882359
628.98266602	1.05882359
629.01129150	1.05882359
629.03985596	1.05882359
629.07263184	1.05882359
629.10144043	1.05882359
629.13000488	1.05882359
629.16278076	1.05882359
629.19152832	1.05882359
629.22015381	1.05882359
629.25286865	1.05882359
629.28167725	1.05882359
629.31024170	1.05882359
629.34307861	1.05882359
629.37176514	1.05882359
629.40045166	1.05882359
629.43304443	1.05882359
629.46185303	1.05882359
629.49053955	1.05882359
629.52331543	1.05882359
629.55200195	1.05882359
629.58062744	1.05882359
629.61340332	1.05882359
629.64215088	1.05882359
629.67071533	1.05882359
629.70361328	1.05882359
629.73223877	1.05882359
629.76092529	1.05882359
629.82238770	1.05882359
629.85101318	1.05882359
629.91253662	1.05882359
629.94110107	1.05882359
630.00262451	1.05882359
630.03125000	1.05882359
630.05981445	1.05882359
630.09265137	1.05882359
630.12145996	1.05882359
630.15002441	1.05882359
630.18292236	1.05882359
630.21154785	1.05882359
630.24011230	1.05882359
630.27294922	1.05882359
630.30157471	1.05882359
630.33026123	1.05882359
630.36297607	1.05882359
630.39184570	1.05882359
630.42034912	1.05882359
630.45318604	1.05882359
630.48187256	1.05882359
630.51062012	1.05882359
630.54327393	1.05882359
630.57202148	1.05882359
630.60058594	1.05882359
630.63342285	1.05882359
630.66217041	1.05882359
630.69073486	1.05882359
630.72369385	1.05882359
630.75225830	1.05882359
630.78088379	1.05882359
630.81359863	1.05882359
630.84240723	1.07843137
630.87097168	1.07843137
630.90380859	1.07843137
630.93249512	1.07843137
630.96118164	1.07843137
630.99383545	1.07843137
631.02270508	1.07843137
631.05120850	1.07843137
631.08404541	1.07843137
631.11273193	1.07843137
631.14141846	1.07843137
631.17419434	1.07843137
631.20288086	1.07843137
631.23150635	1.07843137
631.26428223	1.07843137
631.29284668	1.07843137
631.32165527	1.07843137
631.35437012	1.07843137
631.38299561	1.07843137
631.41174316	1.07843137
631.44445801	1.07843137
631.47314453	1.07843137
631.50189209	1.07843137
631.53466797	1.07843137
631.56323242	1.07843137
631.59204102	1.07843137
631.62475586	1.07843137
631.65338135	1.07843137
631.68218994	1.07843137
631.71490479	1.07843137
631.74359131	1.07843137
631.77221680	1.07843137
631.80493164	1.07843137
631.83374023	1.07843137
631.86236572	1.07843137
631.89514160	1.07843137
631.92364502	1.07843137
631.95251465	1.07843137
632.01385498	1.07843137
632.04260254	1.07843137
632.10400391	1.07843137
632.13275146	1.07843137
632.19415283	1.07843137
632.22290039	1.07843137
632.25146484	1.07843137
632.28424072	1.07843137
632.31298828	1.07843137
632.34167480	1.07843137
632.37432861	1.07843137
632.40313721	1.07843137
632.43170166	1.07843137
632.46453857	1.07843137
632.49316406	1.07843137
632.52185059	1.07843137
632.55456543	1.07843137
632.58319092	1.07843137
632.61193848	1.07843137
632.64471436	1.07843137
632.67333984	1.07843137
632.70208740	1.07843137
632.73486328	1.07843137
632.76361084	1.07843137
632.79223633	1.07843137
632.82501221	1.07843137
632.85363770	1.07843137
632.88238525	1.07843137
632.91516113	1.05882359
632.94372559	1.05882359
632.97253418	1.05882359
633.00518799	1.05882359
633.03381348	1.05882359
633.06256104	1.05882359
633.09539795	1.05882359
633.12390137	1.05882359
633.15277100	1.05882359
633.18542480	1.05882359
633.21411133	1.05882359
633.24285889	1.05882359
633.27569580	1.05882359
633.30413818	1.05882359
633.33288574	1.05882359
633.36572266	1.05882359
633.39434814	1.05882359
633.42309570	1.05882359
633.45587158	1.05882359
633.48461914	1.05882359
633.51324463	1.05882359
633.54602051	1.05882359
633.57458496	1.05882359
633.60339355	1.05882359
633.63610840	1.05882359
633.66473389	1.05882359
633.69348145	1.05882359
633.72625732	1.05882359
633.75488281	1.05882359
633.78363037	1.05882359
633.81634521	1.05882359
633.84503174	1.05882359
633.87353516	1.05882359
633.90655518	1.05882359
633.93505859	1.03921568
633.96374512	1.05882359
633.99652100	1.05882359
634.02526855	1.05882359
634.05377197	1.05882359
634.08685303	1.05882359
634.11529541	1.05882359
634.14392090	1.05882359
634.17681885	1.05882359
634.20544434	1.05882359
634.23406982	1.05882359
634.29559326	1.05882359
634.32421875	1.05882359
634.38574219	1.05882359
634.41436768	1.05882359
634.47589111	1.05882359
634.50463867	1.05882359
634.53326416	1.05882359
634.56591797	1.05882359
634.59466553	1.05882359
634.62329102	1.05882359
634.65612793	1.03921568
634.68463135	1.03921568
634.71356201	1.03921568
634.74615479	1.03921568
634.77490234	1.03921568
634.80358887	1.03921568
634.83636475	1.03921568
634.86492920	1.03921568
634.89367676	1.03921568
634.92645264	1.03921568
634.95501709	1.03921568
634.98370361	1.03921568
635.01654053	1.03921568
635.04510498	1.03921568
635.07379150	1.03921568
635.10675049	1.03921568
635.13531494	1.01960790
635.16400146	1.01960790
635.19689941	1.01960790
635.22546387	1.01960790
635.25402832	1.01960790
635.28698730	1.00000000
635.31561279	1.00000000
635.34423828	1.00000000
635.37701416	1.00000000
635.40576172	0.98039216
635.43426514	0.98039216
635.46710205	0.98039216
635.49578857	0.98039216
635.52465820	0.98039216
635.55718994	0.98039216
635.58593750	0.96078432
635.61456299	0.96078432
635.64727783	0.96078432
635.67602539	0.96078432
635.70471191	0.96078432
635.73754883	0.96078432
635.76617432	0.96078432
635.79473877	0.96078432
635.82763672	0.96078432
635.85638428	0.96078432
635.88488770	0.96078432
635.91772461	0.96078432
635.94647217	0.96078432
635.97509766	0.96078432
636.00781250	0.96078432
636.03662109	0.94117647
636.06518555	0.94117647
636.09790039	0.94117647
636.12664795	0.94117647
636.15533447	0.94117647
636.18804932	0.94117647
636.21685791	0.94117647
636.24530029	0.94117647
636.27819824	0.94117647
636.30688477	0.94117647
636.33563232	0.94117647
636.36828613	0.94117647
636.39703369	0.94117647
636.42565918	0.96078432
636.48718262	0.96078432
636.51580811	0.96078432
636.57727051	0.96078432
636.60589600	0.96078432
636.66748047	0.96078432
636.69604492	0.96078432
636.75762939	0.96078432
636.78619385	0.96078432
636.81481934	0.96078432
636.84759521	0.96078432
636.87634277	0.96078432
636.90496826	0.96078432
636.93762207	0.96078432
636.96649170	0.96078432
636.99493408	0.96078432
637.02795410	0.96078432
637.05651855	0.96078432
637.08514404	0.96078432
637.11785889	0.96078432
637.14666748	0.98039216
637.17523193	0.98039216
637.20800781	0.98039216
637.23681641	0.98039216
637.26556396	0.98039216
637.29815674	0.98039216
637.32696533	0.98039216
637.35552979	0.98039216
637.38830566	0.98039216
637.41711426	0.98039216
637.44567871	0.98039216
637.47857666	0.98039216
637.50714111	0.98039216
637.53582764	0.98039216
637.56860352	0.98039216
637.59735107	0.98039216
637.62585449	0.98039216
637.65869141	0.98039216
637.68743896	0.98039216
637.71606445	0.98039216
637.74871826	0.98039216
637.77758789	0.98039216
637.80609131	0.98039216
637.83898926	0.98039216
637.86761475	1.00000000
637.89636230	1.00000000
637.92901611	1.00000000
637.95764160	1.00000000
637.98638916	1.00000000
638.01916504	1.00000000
638.04772949	1.00000000
638.07647705	1.00000000
638.10931396	1.00000000
638.13787842	1.00000000
638.16668701	1.00000000
638.19940186	1.00000000
638.22814941	1.00000000
638.25677490	1.00000000
638.28961182	1.00000000
638.31817627	1.00000000
638.34698486	1.00000000
638.37957764	1.00000000
638.40832520	1.00000000
638.43707275	1.00000000
638.46984863	1.00000000
638.49847412	1.00000000
638.52722168	1.00000000
638.55987549	1.00000000
638.58856201	1.00000000
638.61718750	1.00000000
638.65008545	1.00000000
638.67852783	1.00000000
638.70739746	1.00000000
638.76879883	1.00000000
638.79754639	1.00000000
638.85888672	1.00000000
638.88763428	0.98039216
638.94903564	0.98039216
638.97784424	0.98039216
639.00640869	0.98039216
639.03918457	0.98039216
639.06793213	0.98039216
639.09655762	0.98039216
639.12927246	0.98039216
639.15808105	0.98039216
639.18664551	0.98039216
639.21942139	0.98039216
639.24798584	0.98039216
639.27679443	0.98039216
639.30950928	0.98039216
639.33819580	0.98039216
639.36688232	0.98039216
639.39965820	0.98039216
639.42816162	0.98039216
639.45703125	0.98039216
639.48980713	0.98039216
639.51855469	0.98039216
639.54718018	0.98039216
639.57989502	0.98039216
639.60852051	0.98039216
639.63726807	0.98039216
639.67004395	0.98039216
639.69866943	0.98039216
639.72741699	0.98039216
639.76013184	0.98039216
639.78875732	0.98039216
639.81744385	0.98039216
639.85028076	0.98039216
639.87890625	0.98039216
639.90771484	0.98039216
639.94042969	0.98039216
639.96899414	0.98039216
639.99774170	0.98039216
640.03045654	0.98039216
640.05908203	0.98039216
640.08795166	0.98039216
640.12066650	0.98039216
640.14916992	0.98039216
640.17803955	0.98039216
640.21075439	0.98039216
640.23950195	0.98039216
640.26812744	0.98039216
640.30096436	0.98039216
640.32958984	0.98039216
640.35815430	0.98039216
640.39111328	1.00000000
640.41967773	1.00000000
640.44824219	1.00000000
640.48114014	1.00000000
640.50976563	1.00000000
640.53857422	1.00000000
640.57122803	1.00000000
640.59985352	1.00000000
640.62841797	1.00000000
640.66149902	1.00000000
640.69000244	1.00000000
640.71868896	1.00000000
640.75152588	1.00000000
640.78009033	1.00000000
640.80871582	1.00000000
640.84149170	1.00000000
640.87023926	1.00000000
640.89892578	1.00000000
640.93164063	1.00000000
640.96038818	1.00000000
640.98895264	1.00000000
641.05053711	1.00000000
641.07910156	1.00000000
641.14068604	1.00000000
641.16925049	1.00000000
641.23089600	1.00000000
641.25952148	1.00000000
641.28814697	1.00000000
641.32086182	1.00000000
641.34954834	1.01960790
641.37817383	1.01960790
641.41107178	1.01960790
641.43963623	1.01960790
641.46844482	1.01960790
641.50115967	1.01960790
641.52978516	1.01960790
641.55847168	1.01960790
641.59124756	1.01960790
641.61981201	1.01960790
641.64855957	1.01960790
641.68139648	1.01960790
641.71002197	1.01960790
641.73858643	1.01960790
641.77154541	1.01960790
641.80010986	1.01960790
641.82879639	1.01960790
641.86175537	1.00000000
641.89025879	1.01960790
641.91888428	1.01960790
641.95159912	1.01960790
641.98040771	1.01960790
642.00903320	1.01960790
642.04187012	1.01960790
642.07055664	1.01960790
642.09912109	1.01960790
642.13183594	1.01960790
642.16070557	1.01960790
642.18927002	1.01960790
642.22198486	1.01960790
642.25067139	1.01960790
642.27954102	1.01960790
642.31213379	1.01960790
642.34094238	1.01960790
642.36944580	1.01960790
642.40222168	1.01960790
642.43090820	1.01960790
642.45965576	1.01960790
642.49249268	1.01960790
642.52117920	1.01960790
642.54968262	1.01960790
642.58251953	1.01960790
642.61132813	1.01960790
642.63989258	1.01960790
642.67260742	1.01960790
642.70135498	1.01960790
642.73004150	1.01960790
642.76269531	1.01960790
642.79150391	1.01960790
642.82012939	1.01960790
642.85284424	1.01960790
642.88159180	1.01960790
642.91027832	1.01960790
642.94299316	1.01960790
642.97174072	1.01960790
643.00030518	1.01960790
643.03308105	1.01960790
643.06188965	1.01960790
643.09051514	1.01960790
643.12322998	1.01960790
643.15191650	1.01960790
643.18054199	1.01960790
643.24194336	1.01960790
643.27075195	1.01960790
643.33221436	1.01960790
643.36090088	1.01960790
643.42224121	1.01960790
643.45098877	1.01960790
643.47967529	1.01960790
643.51245117	1.01960790
643.54113770	1.01960790
643.56970215	1.01960790
643.60241699	1.01960790
643.63122559	1.01960790
643.65991211	1.01960790
643.69256592	1.01960790
643.72137451	1.01960790
643.74993896	1.03921568
643.78271484	1.03921568
643.81140137	1.03921568
643.84008789	1.03921568
643.87286377	1.03921568
643.90167236	1.03921568
643.93017578	1.03921568
643.96295166	1.03921568
643.99169922	1.03921568
644.02056885	1.03921568
644.05310059	1.03921568
644.08190918	1.03921568
644.11047363	1.03921568
644.14324951	1.03921568
644.17199707	1.03921568
644.20062256	1.03921568
644.23352051	1.03921568
644.26208496	1.03921568
644.29077148	1.03921568
644.32342529	1.03921568
644.35229492	1.03921568
644.38085938	1.03921568
644.41357422	1.03921568
644.44232178	1.03921568
644.47100830	1.01960790
644.50372314	1.03921568
644.53253174	1.03921568
644.56109619	1.03921568
644.59387207	1.03921568
644.62243652	1.03921568
644.65130615	1.03921568
644.68402100	1.03921568
644.71258545	1.03921568
644.74127197	1.03921568
644.77410889	1.03921568
644.80267334	1.03921568
644.83148193	1.03921568
644.86413574	1.03921568
644.89276123	1.03921568
644.92156982	1.03921568
644.95434570	1.03921568
644.98297119	1.03921568
645.01171875	1.03921568
645.04449463	1.03921568
645.07312012	1.03921568
645.10186768	1.03921568
645.13458252	1.03921568
645.16326904	1.03921568
645.19201660	1.03921568
645.22473145	1.03921568
645.25341797	1.03921568
645.28216553	1.03921568
645.31481934	1.03921568
645.34350586	1.03921568
645.37219238	1.03921568
645.40496826	1.03921568
645.43353271	1.03921568
645.46240234	1.03921568
645.52374268	1.03921568
645.55242920	1.03921568
645.61376953	1.03921568
645.64257813	1.03921568
645.70397949	1.03921568
645.73260498	1.03921568
645.76135254	1.03921568
645.79412842	1.03921568
645.82269287	1.03921568
645.85150146	1.03921568
645.88421631	1.03921568
645.91284180	1.03921568
645.94152832	1.03921568
645.97436523	1.03921568
646.00292969	1.03921568
646.03173828	1.03921568
646.06439209	1.03921568
646.09313965	1.03921568
646.12182617	1.03921568
646.15466309	1.03921568
646.18316650	1.03921568
646.21191406	1.03921568
646.24475098	1.03921568
646.27343750	1.03921568
646.30200195	1.03921568
646.33489990	1.03921568
646.36340332	1.03921568
646.39221191	1.03921568
646.42492676	1.03921568
646.45361328	1.03921568
646.48236084	1.03921568
646.51507568	1.03921568
646.54376221	1.03921568
646.57244873	1.03921568
646.60522461	1.03921568
646.63385010	1.03921568
646.66265869	1.03921568
646.69531250	1.03921568
646.72399902	1.03921568
646.75268555	1.05882359
646.78546143	1.03921568
646.81402588	1.03921568
646.84277344	1.05882359
646.87554932	1.03921568
646.90423584	1.03921568
646.93273926	1.03921568
646.96575928	1.03921568
646.99426270	1.03921568
647.02301025	1.03921568
647.05578613	1.03921568
647.08447266	1.03921568
647.11303711	1.03921568
647.14599609	1.03921568
647.17449951	1.03921568
647.20324707	1.03921568
647.23608398	1.03921568
647.26470947	1.03921568
647.29351807	1.03921568
647.32617188	1.03921568
647.35485840	1.05882359
647.38342285	1.05882359
647.41619873	1.05882359
647.44494629	1.05882359
647.47357178	1.05882359
647.50640869	1.05882359
647.53509521	1.05882359
647.56359863	1.05882359
647.59649658	1.05882359
647.62512207	1.05882359
647.65386963	1.05882359
647.71533203	1.05882359
647.74389648	1.05882359
647.80541992	1.05882359
647.83410645	1.05882359
647.89556885	1.05882359
647.92413330	1.05882359
647.95294189	1.05882359
647.98565674	1.05882359
648.01446533	1.03921568
648.04309082	1.05882359
648.07580566	1.05882359
648.10443115	1.05882359
648.13305664	1.05882359
648.16595459	1.05882359
648.19458008	1.05882359
648.22314453	1.05882359
648.25604248	1.05882359
648.28460693	1.05882359
648.31341553	1.05882359
648.34619141	1.05882359
648.37481689	1.05882359
648.40338135	1.05882359
648.43634033	1.05882359
648.46490479	1.05882359
648.49353027	1.05882359
648.52648926	1.05882359
648.55505371	1.05882359
648.58367920	1.05882359
648.61645508	1.05882359
648.64532471	1.05882359
648.67376709	1.05882359
648.70660400	1.05882359
648.73529053	1.05882359
648.76397705	1.05882359
648.79663086	1.05882359
648.82537842	1.05882359
648.85406494	1.05882359
648.88677979	1.05882359
648.91552734	1.05882359
648.94421387	1.05882359
648.97692871	1.05882359
649.00567627	1.05882359
649.03442383	1.05882359
649.06701660	1.05882359
649.09582520	1.05882359
649.12438965	1.05882359
649.15716553	1.05882359
649.18591309	1.05882359
649.21453857	1.05882359
649.24743652	1.05882359
649.27612305	1.05882359
649.30468750	1.05882359
649.33746338	1.05882359
649.36614990	1.05882359
649.39477539	1.05882359
649.42742920	1.05882359
649.45617676	1.05882359
649.48486328	1.05882359
649.51763916	1.05882359
649.54638672	1.05882359
649.57507324	1.05882359
649.60778809	1.05882359
649.63659668	1.05882359
649.66516113	1.05882359
649.69793701	1.05882359
649.72668457	1.05882359
649.75531006	1.05882359
649.78802490	1.05882359
649.81677246	1.05882359
649.84539795	1.05882359
649.87823486	1.05882359
649.90673828	1.05882359
649.93554688	1.05882359
649.99688721	1.05882359
650.02563477	1.05882359
650.08703613	1.07843137
650.11584473	1.07843137
650.17712402	1.07843137
650.20593262	1.07843137
650.23455811	1.07843137
650.26745605	1.07843137
650.29602051	1.07843137
650.32476807	1.07843137
650.35736084	1.07843137
650.38616943	1.07843137
650.41473389	1.07843137
650.44750977	1.07843137
650.47625732	1.07843137
650.50494385	1.07843137
650.53765869	1.05882359
650.56640625	1.05882359
650.59509277	1.05882359
650.62774658	1.05882359
650.65655518	1.05882359
650.68518066	1.05882359
650.71789551	1.05882359
650.74664307	1.07843137
650.77526855	1.07843137
650.80804443	1.07843137
650.83679199	1.07843137
650.86547852	1.07843137
650.89813232	1.07843137
650.92694092	1.07843137
650.95550537	1.07843137
650.98834229	1.07843137
651.01690674	1.07843137
651.04577637	1.07843137
651.07843018	1.07843137
651.10705566	1.07843137
651.13580322	1.07843137
651.16857910	1.07843137
651.19714355	1.07843137
651.22589111	1.07843137
651.25866699	1.07843137
651.28741455	1.07843137
651.31597900	1.07843137
651.34875488	1.07843137
651.37738037	1.07843137
651.40612793	1.07843137
651.43890381	1.07843137
651.46746826	1.07843137
651.49627686	1.07843137
651.52899170	1.07843137
651.55761719	1.07843137
651.58642578	1.07843137
651.61920166	1.07843137
651.64794922	1.07843137
651.67657471	1.07843137
651.70928955	1.07843137
651.73791504	1.07843137
651.76672363	1.07843137
651.79943848	1.07843137
651.82800293	1.07843137
651.85681152	1.07843137
651.88952637	1.07843137
651.91809082	1.07843137
651.94696045	1.07843137
651.97961426	1.07843137
652.00842285	1.07843137
652.03698730	1.07843137
652.06976318	1.07843137
652.09832764	1.07843137
652.12713623	1.07843137
652.18847656	1.07843137
652.21722412	1.07843137
652.27856445	1.07843137
652.30737305	1.07843137
652.36877441	1.07843137
652.39739990	1.07843137
652.45892334	1.07843137
652.48754883	1.07843137
652.51623535	1.07843137
652.54907227	1.07843137
652.57757568	1.07843137
652.60644531	1.07843137
652.63916016	1.07843137
652.66772461	1.07843137
652.69647217	1.07843137
652.72924805	1.07843137
652.75787354	1.07843137
652.78662109	1.07843137
652.81939697	1.07843137
652.84796143	1.07843137
652.87677002	1.07843137
652.90948486	1.07843137
652.93811035	1.07843137
652.96691895	1.07843137
652.99963379	1.07843137
653.02844238	1.07843137
653.05700684	1.07843137
653.08972168	1.07843137
653.11840820	1.07843137
653.14715576	1.07843137
653.17993164	1.07843137
653.20849609	1.07843137
653.23730469	1.07843137
653.27001953	1.07843137
653.29864502	1.07843137
653.32733154	1.07843137
653.36016846	1.07843137
653.38885498	1.07843137
653.41748047	1.07843137
653.45025635	1.07843137
653.47882080	1.09803927
653.50750732	1.09803927
653.54034424	1.09803927
653.56896973	1.09803927
653.59753418	1.09803927
653.63049316	1.09803927
653.65911865	1.09803927
653.68774414	1.09803927
653.72064209	1.09803927
653.74926758	1.09803927
653.77783203	1.09803927
653.81072998	1.09803927
653.83935547	1.09803927
653.86798096	1.09803927
653.90075684	1.09803927
653.92950439	1.09803927
653.95812988	1.09803927
653.99090576	1.09803927
654.01959229	1.07843137
654.04833984	1.07843137
654.08099365	1.07843137
654.10974121	1.07843137
654.13836670	1.07843137
654.17114258	1.07843137
654.19989014	1.09803927
654.22857666	1.09803927
654.26141357	1.09803927
654.28997803	1.09803927
654.31854248	1.09803927
654.35131836	1.09803927
654.38018799	1.09803927
654.40875244	1.09803927
654.47021484	1.09803927
654.49884033	1.09803927
654.56036377	1.09803927
654.58898926	1.09803927
654.65051270	1.09803927
654.67913818	1.09803927
654.70770264	1.09803927
654.74066162	1.09803927
654.76922607	1.09803927
654.79797363	1.09803927
654.83068848	1.09803927
654.85937500	1.09803927
654.88800049	1.09803927
654.92089844	1.09803927
654.94946289	1.09803927
654.97808838	1.09803927
655.01104736	1.09803927
655.03961182	1.09803927
655.06829834	1.09803927
655.10107422	1.09803927
655.12969971	1.09803927
655.15832520	1.09803927
655.19116211	1.09803927
655.21984863	1.09803927
655.24847412	1.09803927
655.28143311	1.09803927
655.30999756	1.09803927
655.33862305	1.09803927
655.37133789	1.09803927
655.40014648	1.09803927
655.42864990	1.09803927
655.46148682	1.09803927
655.49023438	1.09803927
655.51885986	1.09803927
655.55157471	1.09803927
655.58038330	1.09803927
655.60888672	1.09803927
655.64172363	1.09803927
655.67047119	1.09803927
655.69909668	1.09803927
655.73181152	1.09803927
655.76055908	1.09803927
655.78936768	1.09803927
655.82202148	1.09803927
655.85070801	1.09803927
655.87933350	1.09803927
655.91204834	1.09803927
655.94085693	1.09803927
655.96948242	1.09803927
656.00231934	1.09803927
656.03100586	1.09803927
656.05957031	1.09803927
656.09234619	1.09803927
656.12109375	1.09803927
656.14978027	1.09803927
656.18249512	1.09803927
656.21124268	1.09803927
656.23986816	1.09803927
656.27252197	1.09803927
656.30133057	1.09803927
656.32995605	1.09803927
656.36267090	1.09803927
656.39135742	1.09803927
656.42010498	1.09803927
656.45281982	1.09803927
656.48138428	1.09803927
656.51019287	1.09803927
656.54296875	1.09803927
656.57159424	1.09803927
656.60034180	1.09803927
656.63311768	1.09803927
656.66180420	1.09803927
656.69042969	1.09803927
656.75183105	1.09803927
656.78063965	1.09803927
656.84197998	1.09803927
656.87072754	1.09803927
656.93206787	1.09803927
656.96087646	1.09803927
656.98944092	1.11764705
657.02239990	1.11764705
657.05096436	1.11764705
657.07958984	1.11764705
657.11230469	1.11764705
657.14105225	1.11764705
657.16967773	1.11764705
657.20245361	1.11764705
657.23120117	1.11764705
657.25982666	1.11764705
657.29254150	1.11764705
657.32128906	1.11764705
657.34991455	1.11764705
657.38269043	1.11764705
657.41143799	1.11764705
657.44006348	1.11764705
657.47283936	1.11764705
657.50158691	1.11764705
657.53021240	1.11764705
657.56298828	1.11764705
657.59173584	1.11764705
657.62036133	1.11764705
657.65307617	1.09803927
657.68170166	1.09803927
657.71051025	1.11764705
657.74322510	1.11764705
657.77185059	1.11764705
657.80059814	1.11764705
657.83331299	1.11764705
657.86187744	1.11764705
657.89068604	1.11764705
657.92340088	1.11764705
657.95208740	1.11764705
657.98083496	1.11764705
658.01354980	1.11764705
658.04229736	1.11764705
658.07098389	1.11764705
658.10369873	1.11764705
658.13226318	1.11764705
658.16113281	1.11764705
658.19384766	1.11764705
658.22235107	1.11764705
658.25115967	1.11764705
658.28393555	1.11764705
658.31256104	1.11764705
658.34136963	1.11764705
658.37408447	1.11764705
658.40270996	1.11764705
658.43139648	1.11764705
658.46429443	1.11764705
658.49279785	1.11764705
658.52160645	1.11764705
658.55432129	1.11764705
658.58288574	1.11764705
658.61169434	1.11764705
658.64447021	1.11764705
658.67303467	1.11764705
658.70178223	1.11764705
658.73455811	1.11764705
658.76324463	1.11764705
658.79193115	1.11764705
658.82470703	1.11764705
658.85333252	1.11764705
658.88195801	1.11764705
658.94335938	1.11764705
658.97204590	1.11764705
659.03356934	1.11764705
659.06231689	1.11764705
659.12359619	1.11764705
659.15234375	1.11764705
659.18109131	1.11764705
659.21380615	1.11764705
659.24237061	1.11764705
659.27124023	1.11764705
659.30395508	1.11764705
659.33258057	1.11764705
659.36132813	1.11764705
659.39398193	1.11764705
659.42254639	1.11764705
659.45135498	1.11764705
659.48406982	1.11764705
659.51281738	1.11764705
659.54156494	1.11764705
659.57427979	1.11764705
659.60290527	1.11764705
659.63165283	1.11764705
659.66436768	1.11764705
659.69305420	1.11764705
659.72186279	1.11764705
659.75451660	1.11764705
659.78332520	1.11764705
659.81195068	1.11764705
659.84466553	1.13725495
659.87329102	1.11764705
659.90209961	1.11764705
659.93481445	1.11764705
659.96343994	1.13725495
659.99206543	1.13725495
660.02496338	1.11764705
660.05352783	1.11764705
660.08239746	1.11764705
660.11505127	1.11764705
660.14367676	1.11764705
660.17230225	1.11764705
660.20520020	1.11764705
660.23376465	1.11764705
660.26245117	1.11764705
660.29522705	1.11764705
660.32391357	1.11764705
660.35253906	1.13725495
660.38543701	1.13725495
660.41400146	1.13725495
660.44262695	1.13725495
660.47552490	1.13725495
660.50415039	1.13725495
660.53277588	1.13725495
660.56555176	1.13725495
660.59429932	1.13725495
660.62286377	1.13725495
660.65563965	1.13725495
660.68444824	1.13725495
660.71307373	1.13725495
660.74578857	1.13725495
660.77453613	1.13725495
660.80328369	1.13725495
660.83593750	1.13725495
660.86474609	1.13725495
660.89337158	1.13725495
660.92608643	1.13725495
660.95477295	1.13725495
660.98339844	1.13725495
661.01629639	1.13725495
661.04492188	1.13725495
661.07354736	1.13725495
661.10620117	1.13725495
661.13494873	1.13725495
661.16369629	1.13725495
661.22515869	1.13725495
661.25378418	1.13725495
661.31530762	1.13725495
661.34387207	1.13725495
661.40539551	1.13725495
661.43402100	1.13725495
661.46276855	1.13725495
661.49560547	1.13725495
661.52423096	1.13725495
661.55279541	1.13725495
661.58569336	1.13725495
661.61425781	1.13725495
661.64300537	1.13725495
661.67584229	1.13725495
661.70440674	1.13725495
661.73297119	1.13725495
661.76593018	1.13725495
661.79449463	1.13725495
661.82330322	1.13725495
661.85589600	1.13725495
661.88464355	1.13725495
661.91326904	1.13725495
661.94604492	1.13725495
661.97479248	1.13725495
662.00335693	1.13725495
662.03625488	1.13725495
662.06488037	1.13725495
662.09350586	1.13725495
662.12628174	1.13725495
662.15502930	1.13725495
662.18365479	1.13725495
662.21643066	1.13725495
662.24511719	1.13725495
662.27386475	1.13725495
662.30657959	1.13725495
662.33526611	1.13725495
662.36389160	1.13725495
662.39666748	1.13725495
662.42541504	1.13725495
662.45404053	1.13725495
662.48675537	1.13725495
662.51550293	1.13725495
662.54412842	1.13725495
662.57690430	1.13725495
662.60565186	1.13725495
662.63427734	1.13725495
662.66699219	1.13725495
662.69573975	1.13725495
662.72436523	1.13725495
662.75732422	1.13725495
662.78594971	1.13725495
662.81451416	1.13725495
662.84729004	1.15686274
662.87603760	1.15686274
662.90466309	1.15686274
662.93737793	1.15686274
662.96618652	1.15686274
662.99475098	1.15686274
663.02752686	1.15686274
663.05615234	1.15686274
663.08483887	1.15686274
663.11761475	1.15686274
663.14630127	1.15686274
663.17498779	1.15686274
663.20782471	1.15686274
663.23632813	1.15686274
663.26513672	1.15686274
663.29785156	1.15686274
663.32647705	1.15686274
663.35522461	1.15686274
663.41662598	1.15686274
663.44543457	1.15686274
663.50677490	1.15686274
663.53558350	1.15686274
663.59692383	1.15686274
663.62561035	1.15686274
663.65429688	1.15686274
663.68701172	1.15686274
663.71582031	1.15686274
663.74438477	1.15686274
663.77728271	1.15686274
663.80584717	1.15686274
663.83447266	1.15686274
663.86724854	1.15686274
663.89599609	1.15686274
663.92456055	1.15686274
663.95739746	1.15686274
663.98608398	1.15686274
664.01477051	1.15686274
664.04748535	1.15686274
664.07629395	1.15686274
664.10485840	1.15686274
664.13763428	1.15686274
664.16638184	1.15686274
664.19506836	1.15686274
664.22772217	1.15686274
664.25634766	1.15686274
664.28515625	1.15686274
664.31787109	1.15686274
664.34655762	1.15686274
664.37530518	1.15686274
664.40808105	1.15686274
664.43664551	1.15686274
664.46545410	1.15686274
664.49810791	1.15686274
664.52685547	1.15686274
664.55548096	1.15686274
664.58831787	1.15686274
664.61682129	1.15686274
664.64562988	1.15686274
664.67834473	1.15686274
664.70709229	1.15686274
664.73571777	1.15686274
664.76861572	1.15686274
664.79718018	1.15686274
664.82586670	1.15686274
664.85858154	1.15686274
664.88726807	1.15686274
664.91607666	1.15686274
664.94873047	1.15686274
664.97735596	1.15686274
665.00616455	1.15686274
665.03887939	1.15686274
665.06744385	1.15686274
665.09625244	1.15686274
665.12896729	1.15686274
665.15759277	1.15686274
665.18634033	1.15686274
665.21911621	1.15686274
665.24774170	1.15686274
665.27655029	1.15686274
665.30926514	1.15686274
665.33789063	1.15686274
665.36651611	1.15686274
665.39941406	1.15686274
665.42797852	1.15686274
665.45666504	1.15686274
665.48950195	1.15686274
665.51818848	1.15686274
665.54669189	1.15686274
665.57965088	1.15686274
665.60821533	1.15686274
665.63690186	1.15686274
665.69836426	1.15686274
665.72698975	1.15686274
665.78845215	1.17647064
665.81726074	1.15686274
665.87860107	1.15686274
665.90728760	1.15686274
665.93603516	1.15686274
665.96868896	1.15686274
665.99725342	1.15686274
666.02618408	1.15686274
666.05883789	1.15686274
666.08752441	1.15686274
666.11621094	1.15686274
666.14910889	1.15686274
666.17761230	1.15686274
666.20635986	1.15686274
666.23913574	1.15686274
666.26776123	1.17647064
666.29650879	1.17647064
666.32934570	1.17647064
666.35778809	1.17647064
666.38665771	1.17647064
666.41931152	1.17647064
666.44799805	1.17647064
666.47680664	1.17647064
666.50958252	1.17647064
666.53820801	1.17647064
666.56689453	1.17647064
666.59960938	1.17647064
666.62823486	1.17647064
666.65692139	1.17647064
666.68975830	1.17647064
666.71838379	1.17647064
666.74694824	1.17647064
666.77990723	1.17647064
666.80847168	1.17647064
666.83728027	1.17647064
666.86999512	1.17647064
666.89855957	1.17647064
666.92718506	1.17647064
666.96020508	1.17647064
666.98870850	1.17647064
667.01739502	1.17647064
667.05023193	1.17647064
667.07885742	1.17647064
667.10742188	1.17647064
667.14025879	1.17647064
667.16894531	1.17647064
667.19763184	1.17647064
667.23034668	1.17647064
667.25909424	1.17647064
667.28765869	1.17647064
667.32049561	1.17647064
667.34924316	1.17647064
667.37780762	1.17647064
667.41064453	1.17647064
667.43933105	1.17647064
667.46801758	1.17647064
667.50073242	1.17647064
667.52947998	1.17647064
667.55822754	1.17647064
667.59088135	1.17647064
667.61956787	1.17647064
667.64825439	1.17647064
667.68096924	1.17647064
667.70971680	1.17647064
667.73834229	1.17647064
667.77117920	1.17647064
667.79980469	1.17647064
667.82843018	1.17647064
667.88995361	1.17647064
667.91857910	1.17647064
667.98004150	1.17647064
668.00872803	1.17647064
668.07025146	1.17647064
668.09881592	1.17647064
668.16040039	1.17647064
668.18896484	1.17647064
668.21765137	1.17647064
668.25030518	1.17647064
668.27911377	1.17647064
668.30767822	1.17647064
668.34063721	1.17647064
668.36920166	1.17647064
668.39788818	1.17647064
668.43060303	1.17647064
668.45935059	1.17647064
668.48791504	1.17647064
668.52069092	1.17647064
668.54943848	1.17647064
668.57818604	1.17647064
668.61083984	1.17647064
668.63958740	1.17647064
668.66821289	1.17647064
668.70098877	1.17647064
668.72967529	1.17647064
668.75830078	1.17647064
668.79119873	1.17647064
668.81976318	1.17647064
668.84844971	1.17647064
668.88122559	1.17647064
668.90991211	1.17647064
668.93859863	1.17647064
668.97137451	1.17647064
669.00006104	1.15686274
669.02880859	1.15686274
669.06146240	1.15686274
669.09020996	1.15686274
669.11883545	1.15686274
669.15161133	1.15686274
669.18035889	1.15686274
669.20898438	1.13725495
669.24169922	1.13725495
669.27044678	1.13725495
669.29907227	1.13725495
669.33178711	1.13725495
669.36059570	1.11764705
669.38916016	1.11764705
669.42193604	1.11764705
669.45062256	1.11764705
669.47924805	1.11764705
669.51220703	1.11764705
669.54077148	1.11764705
669.56945801	1.11764705
669.60223389	1.11764705
669.63079834	1.09803927
669.65960693	1.09803927
669.69232178	1.09803927
669.72100830	1.09803927
669.74969482	1.09803927
669.78247070	1.09803927
669.81115723	1.09803927
669.83990479	1.09803927
669.87249756	1.09803927
669.90124512	1.07843137
669.92987061	1.07843137
669.96276855	1.07843137
669.99121094	1.07843137
670.02001953	1.07843137
670.05279541	1.07843137
670.08148193	1.07843137
670.11016846	1.07843137
670.17156982	1.05882359
670.20037842	1.05882359
670.26165771	1.05882359
670.29046631	1.05882359
670.35186768	1.05882359
670.38055420	1.05882359
670.40924072	1.05882359
670.44195557	1.05882359
670.47076416	1.05882359
670.49926758	1.05882359
670.53222656	1.05882359
670.56072998	1.05882359
670.58941650	1.05882359
670.62219238	1.05882359
670.65100098	1.05882359
670.67944336	1.05882359
670.71234131	1.05882359
670.74084473	1.05882359
670.76971436	1.05882359
670.80236816	1.05882359
670.83111572	1.05882359
670.85980225	1.05882359
670.89257813	1.05882359
670.92114258	1.05882359
670.94995117	1.05882359
670.98266602	1.05882359
671.01135254	1.05882359
671.04003906	1.07843137
671.07281494	1.07843137
671.10144043	1.07843137
671.13024902	1.07843137
671.16296387	1.07843137
671.19152832	1.07843137
671.22033691	1.07843137
671.25305176	1.07843137
671.28173828	1.07843137
671.31042480	1.07843137
671.34320068	1.07843137
671.37170410	1.07843137
671.40057373	1.07843137
671.43328857	1.07843137
671.46197510	1.07843137
671.49060059	1.07843137
671.52343750	1.07843137
671.55212402	1.07843137
671.58081055	1.07843137
671.61352539	1.07843137
671.64221191	1.07843137
671.67095947	1.07843137
671.70367432	1.07843137
671.73229980	1.07843137
671.76104736	1.07843137
671.79376221	1.07843137
671.82238770	1.07843137
671.85125732	1.07843137
671.88391113	1.07843137
671.91259766	1.07843137
671.94116211	1.07843137
671.97412109	1.07843137
672.00262451	1.07843137
672.03143311	1.07843137
672.06414795	1.07843137
672.09283447	1.07843137
672.12133789	1.07843137
672.15429688	1.07843137
672.18286133	1.07843137
672.21160889	1.07843137
672.24444580	1.07843137
672.27307129	1.07843137
672.30163574	1.07843137
672.33453369	1.07843137
672.36309814	1.07843137
672.39178467	1.07843137
672.45324707	1.07843137
672.48187256	1.07843137
672.54339600	1.07843137
672.57208252	1.07843137
672.63354492	1.07843137
672.66229248	1.07843137
672.69097900	1.07843137
672.72363281	1.07843137
672.75225830	1.07843137
672.78112793	1.07843137
672.81378174	1.07843137
672.84240723	1.07843137
672.87109375	1.09803927
672.90399170	1.09803927
672.93243408	1.09803927
672.96130371	1.09803927
672.99395752	1.09803927
673.02264404	1.09803927
673.05139160	1.09803927
673.08416748	1.09803927
673.11279297	1.07843137
673.14141846	1.07843137
673.17431641	1.07843137
673.20288086	1.07843137
673.23156738	1.07843137
673.26440430	1.07843137
673.29302979	1.07843137
673.32165527	1.07843137
673.35461426	1.07843137
673.38311768	1.05882359
673.41180420	1.05882359
673.44464111	1.05882359
673.47332764	1.05882359
673.50189209	1.03921568
673.53485107	1.03921568
673.56341553	1.03921568
673.59222412	1.01960790
673.62475586	1.01960790
673.65356445	1.01960790
673.68206787	1.01960790
673.71490479	1.00000000
673.74353027	1.00000000
673.77227783	1.00000000
673.80511475	0.98039216
673.83380127	0.98039216
673.86230469	0.98039216
673.89514160	0.98039216
673.92382813	0.98039216
673.95251465	0.96078432
673.98522949	0.96078432
674.01397705	0.96078432
674.04260254	0.96078432
674.07537842	0.96078432
674.10412598	0.96078432
674.13275146	0.94117647
674.16552734	0.94117647
674.19421387	0.94117647
674.22290039	0.94117647
674.25567627	0.94117647
674.28436279	0.94117647
674.31311035	0.94117647
674.34570313	0.94117647
674.37451172	0.94117647
674.40319824	0.92156863
674.43591309	0.92156863
674.46478271	0.92156863
674.49322510	0.92156863
674.52618408	0.94117647
674.55468750	0.94117647
674.58343506	0.94117647
674.64489746	0.94117647
674.67352295	0.94117647
674.73498535	0.94117647
674.76361084	0.94117647
674.82507324	0.94117647
674.85375977	0.94117647
674.88238525	0.94117647
674.91516113	0.94117647
674.94390869	0.94117647
674.97253418	0.94117647
675.00524902	0.94117647
675.03405762	0.94117647
675.06256104	0.94117647
675.09545898	0.94117647
675.12414551	0.94117647
675.15277100	0.94117647
675.18548584	0.94117647
675.21429443	0.94117647
675.24285889	0.94117647
675.27563477	0.94117647
675.30438232	0.94117647
675.33319092	0.96078432
675.36566162	0.96078432
675.39453125	0.96078432
675.42309570	0.96078432
675.45587158	0.96078432
675.48461914	0.96078432
675.51324463	0.96078432
675.54608154	0.96078432
675.57476807	0.96078432
675.60339355	0.96078432
675.63610840	0.96078432
675.66491699	0.96078432
675.69348145	0.96078432
675.72625732	0.96078432
675.75500488	0.96078432
675.78369141	0.98039216
675.81640625	0.98039216
675.84509277	0.98039216
675.87371826	0.98039216
675.90655518	0.98039216
675.93524170	0.98039216
675.96398926	0.98039216
675.99652100	0.98039216
676.02539063	0.98039216
676.05395508	0.98039216
676.08685303	0.98039216
676.11529541	0.98039216
676.14410400	0.98039216
676.17681885	0.98039216
676.20550537	0.98039216
676.23431396	0.98039216
676.26702881	0.98039216
676.29571533	0.98039216
676.32440186	0.98039216
676.35717773	0.98039216
676.38580322	0.96078432
676.41448975	0.96078432
676.44726563	0.96078432
676.47589111	0.96078432
676.50463867	0.96078432
676.53741455	0.96078432
676.56610107	0.94117647
676.59478760	0.94117647
676.62750244	0.94117647
676.65612793	0.94117647
676.68487549	0.94117647
676.71765137	0.92156863
676.74615479	0.92156863
676.77502441	0.92156863
676.80767822	0.92156863
676.83642578	0.92156863
676.86511230	0.90196079
676.92639160	0.90196079
676.95526123	0.90196079
677.01660156	0.90196079
677.04541016	0.90196079
677.10681152	0.88235295
677.13549805	0.88235295
677.16418457	0.88235295
677.19683838	0.88235295
677.22564697	0.88235295
677.25421143	0.88235295
677.28710938	0.88235295
677.31567383	0.86274511
677.34442139	0.86274511
677.37713623	0.86274511
677.40576172	0.86274511
677.43438721	0.86274511
677.46728516	0.86274511
677.49572754	0.86274511
677.52465820	0.84313726
677.55737305	0.84313726
677.58618164	0.84313726
677.61468506	0.84313726
677.64752197	0.84313726
677.67602539	0.84313726
677.70483398	0.84313726
677.73754883	0.84313726
677.76623535	0.84313726
677.79498291	0.84313726
677.82775879	0.84313726
677.85638428	0.84313726
677.88513184	0.82352942
677.91790771	0.82352942
677.94647217	0.82352942
677.97528076	0.82352942
678.00799561	0.82352942
678.03662109	0.82352942
678.06530762	0.82352942
678.09814453	0.82352942
678.12664795	0.82352942
678.15545654	0.82352942
678.18817139	0.82352942
678.21691895	0.82352942
678.24560547	0.82352942
678.27838135	0.82352942
678.30706787	0.82352942
678.33569336	0.82352942
678.36846924	0.82352942
678.39715576	0.82352942
678.42584229	0.82352942
678.45861816	0.82352942
678.48718262	0.84313726
678.51599121	0.84313726
678.54882813	0.84313726
678.57739258	0.84313726
678.60614014	0.84313726
678.63885498	0.84313726
678.66748047	0.84313726
678.69610596	0.84313726
678.72906494	0.84313726
678.75762939	0.84313726
678.78625488	0.84313726
678.81909180	0.84313726
678.84777832	0.84313726
678.87628174	0.84313726
678.90930176	0.86274511
678.93780518	0.86274511
678.96649170	0.86274511
678.99926758	0.86274511
679.02801514	0.86274511
679.05651855	0.86274511
679.11804199	0.86274511
679.14666748	0.86274511
679.20837402	0.86274511
679.23687744	0.86274511
679.29833984	0.88235295
679.32708740	0.88235295
679.35577393	0.88235295
679.38842773	0.88235295
679.41717529	0.88235295
679.44580078	0.88235295
679.47857666	0.88235295
679.50708008	0.88235295
679.53594971	0.88235295
679.56866455	0.88235295
679.59735107	0.90196079
679.62603760	0.90196079
679.65887451	0.90196079
679.68737793	0.90196079
679.71624756	0.90196079
679.74890137	0.90196079
679.77764893	0.90196079
679.80615234	0.90196079
679.83917236	0.90196079
679.86767578	0.90196079
679.89630127	0.90196079
679.92926025	0.90196079
679.95782471	0.90196079
679.98651123	0.90196079
680.01940918	0.90196079
680.04791260	0.92156863
680.07659912	0.92156863
680.10949707	0.92156863
680.13806152	0.92156863
680.16680908	0.92156863
680.19946289	0.92156863
680.22821045	0.92156863
680.25683594	0.92156863
680.28961182	0.92156863
680.31829834	0.92156863
680.34710693	0.92156863
680.37969971	0.92156863
680.40850830	0.92156863
680.43701172	0.92156863
680.46984863	0.92156863
680.49853516	0.92156863
680.52716064	0.92156863
680.56005859	0.92156863
680.58874512	0.92156863
680.61730957	0.92156863
680.65014648	0.92156863
680.67877197	0.92156863
680.70745850	0.92156863
680.74017334	0.92156863
680.76898193	0.92156863
680.79754639	0.92156863
680.83032227	0.92156863
680.85900879	0.92156863
680.88769531	0.92156863
680.92047119	0.92156863
680.94921875	0.92156863
680.97784424	0.92156863
681.01055908	0.92156863
681.03930664	0.92156863
681.06805420	0.92156863
681.10070801	0.92156863
681.12939453	0.92156863
681.15808105	0.92156863
681.19079590	0.92156863
681.21960449	0.92156863
681.24816895	0.92156863
681.28112793	0.92156863
681.30963135	0.92156863
681.33837891	0.92156863
681.39984131	0.90196079
681.42840576	0.90196079
681.48992920	0.90196079
681.51855469	0.90196079
681.58001709	0.90196079
681.60864258	0.90196079
681.63732910	0.90196079
681.67010498	0.90196079
681.69885254	0.90196079
681.72747803	0.90196079
681.76019287	0.90196079
681.78900146	0.90196079
681.81756592	0.88235295
681.85034180	0.88235295
681.87908936	0.88235295
681.90771484	0.88235295
681.94036865	0.88235295
681.96923828	0.88235295
681.99774170	0.88235295
682.03057861	0.88235295
682.05926514	0.88235295
682.08813477	0.88235295
682.12060547	0.88235295
682.14947510	0.88235295
682.17797852	0.88235295
682.21081543	0.88235295
682.23962402	0.88235295
682.26818848	0.88235295
682.30102539	0.88235295
682.32965088	0.88235295
682.35827637	0.88235295
682.39111328	0.88235295
682.41979980	0.88235295
682.44836426	0.88235295
682.48120117	0.86274511
682.50994873	0.86274511
682.53857422	0.86274511
682.57135010	0.86274511
682.60003662	0.84313726
682.62866211	0.84313726
682.66137695	0.84313726
682.69006348	0.82352942
682.71887207	0.82352942
682.75146484	0.82352942
682.78021240	0.80392158
682.80889893	0.80392158
682.84173584	0.80392158
682.87023926	0.78431374
682.89910889	0.78431374
682.93170166	0.78431374
682.96044922	0.78431374
682.98913574	0.76470590
683.02197266	0.76470590
683.05053711	0.76470590
683.07934570	0.76470590
683.11206055	0.76470590
683.14062500	0.76470590
683.16943359	0.76470590
683.20220947	0.76470590
683.23077393	0.74509805
683.25946045	0.74509805
683.29235840	0.74509805
683.32104492	0.74509805
683.34973145	0.74509805
683.38244629	0.74509805
683.41107178	0.74509805
683.43981934	0.74509805
683.47259521	0.74509805
683.50109863	0.74509805
683.52996826	0.74509805
683.56256104	0.74509805
683.59130859	0.74509805
683.61999512	0.74509805
683.68133545	0.74509805
683.71014404	0.74509805
683.77154541	0.74509805
683.80029297	0.74509805
683.86163330	0.74509805
683.89031982	0.74509805
683.91900635	0.74509805
683.95178223	0.76470590
683.98046875	0.76470590
684.00915527	0.76470590
684.04193115	0.74509805
684.07055664	0.74509805
684.09930420	0.74509805
684.13201904	0.74509805
684.16064453	0.74509805
684.18933105	0.74509805
684.22210693	0.74509805
684.25079346	0.74509805
684.27954102	0.74509805
684.31225586	0.74509805
684.34106445	0.72549021
684.36968994	0.72549021
684.40240479	0.72549021
684.43103027	0.72549021
684.45977783	0.72549021
684.49255371	0.72549021
684.52117920	0.72549021
684.54992676	0.72549021
684.58270264	0.72549021
684.61132813	0.72549021
684.64001465	0.70588237
684.67285156	0.70588237
684.70141602	0.70588237
684.73016357	0.70588237
684.76293945	0.70588237
684.79150391	0.70588237
684.82025146	0.70588237
684.85302734	0.70588237
684.88165283	0.70588237
684.91040039	0.70588237
684.94317627	0.70588237
684.97174072	0.70588237
685.00054932	0.70588237
685.03326416	0.70588237
685.06201172	0.70588237
685.09063721	0.70588237
685.12341309	0.70588237
685.15197754	0.70588237
685.18066406	0.70588237
685.21356201	0.70588237
685.24212646	0.70588237
685.27069092	0.70588237
685.30371094	0.70588237
685.33227539	0.70588237
685.36108398	0.70588237
685.39379883	0.70588237
685.42242432	0.70588237
685.45104980	0.70588237
685.48394775	0.70588237
685.51251221	0.70588237
685.54113770	0.70588237
685.57403564	0.70588237
685.60266113	0.70588237
685.63128662	0.70588237
685.66400146	0.70588237
685.69281006	0.70588237
685.72137451	0.70588237
685.75415039	0.72549021
685.78289795	0.72549021
685.81146240	0.72549021
685.87304688	0.72549021
685.90167236	0.72549021
685.96313477	0.72549021
685.99176025	0.72549021
686.05328369	0.72549021
686.08197021	0.72549021
686.11065674	0.72549021
686.14337158	0.74509805
686.17205811	0.74509805
686.20074463	0.74509805
686.23358154	0.74509805
686.26214600	0.74509805
686.29089355	0.74509805
686.32366943	0.74509805
686.35223389	0.74509805
686.38098145	0.74509805
686.41375732	0.74509805
686.44238281	0.74509805
686.47106934	0.74509805
686.50390625	0.74509805
686.53253174	0.74509805
686.56109619	0.74509805
686.59399414	0.74509805
686.62261963	0.74509805
686.65136719	0.76470590
686.68414307	0.76470590
686.71276855	0.76470590
686.74139404	0.76470590
686.77410889	0.76470590
686.80285645	0.76470590
686.83154297	0.76470590
686.86444092	0.76470590
686.89300537	0.76470590
686.92169189	0.76470590
686.95434570	0.76470590
686.98315430	0.78431374
687.01177979	0.78431374
687.04455566	0.78431374
687.07324219	0.78431374
687.10198975	0.78431374
687.13464355	0.78431374
687.16333008	0.78431374
687.19201660	0.78431374
687.22473145	0.78431374
687.25347900	0.78431374
687.28216553	0.78431374
687.31500244	0.78431374
687.34362793	0.78431374
687.37219238	0.80392158
687.40496826	0.80392158
687.43377686	0.80392158
687.46240234	0.80392158
687.49511719	0.80392158
687.52380371	0.80392158
687.55242920	0.80392158
687.58526611	0.80392158
687.61395264	0.80392158
687.64263916	0.80392158
687.67541504	0.82352942
687.70410156	0.82352942
687.73278809	0.82352942
687.76538086	0.82352942
687.79425049	0.82352942
687.82293701	0.82352942
687.85565186	0.82352942
687.88433838	0.82352942
687.91302490	0.82352942
687.94573975	0.82352942
687.97448730	0.80392158
688.00305176	0.80392158
688.03588867	0.80392158
688.06445313	0.80392158
688.09332275	0.80392158
688.15460205	0.80392158
688.18328857	0.78431374
688.24475098	0.78431374
688.27355957	0.78431374
688.33496094	0.76470590
688.36346436	0.76470590
688.39221191	0.76470590
688.42498779	0.76470590
688.45373535	0.76470590
688.48242188	0.76470590
688.51507568	0.74509805
688.54388428	0.74509805
688.57250977	0.74509805
688.60528564	0.74509805
688.63397217	0.74509805
688.66271973	0.74509805
688.69531250	0.74509805
688.72418213	0.74509805
688.75268555	0.74509805
688.78540039	0.74509805
688.81414795	0.72549021
688.84289551	0.72549021
688.87561035	0.72549021
688.90441895	0.72549021
688.93292236	0.72549021
688.96569824	0.72549021
688.99444580	0.72549021
689.02319336	0.72549021
689.05596924	0.72549021
689.08465576	0.72549021
689.11315918	0.72549021
689.14605713	0.72549021
689.17468262	0.72549021
689.20336914	0.72549021
689.23614502	0.72549021
689.26483154	0.72549021
689.29351807	0.72549021
689.32617188	0.72549021
689.35498047	0.72549021
689.38348389	0.72549021
689.41638184	0.72549021
689.44500732	0.72549021
689.47363281	0.72549021
689.50640869	0.72549021
689.53509521	0.72549021
689.56378174	0.72549021
689.59655762	0.72549021
689.62518311	0.72549021
689.65405273	0.72549021
689.68670654	0.72549021
689.71539307	0.72549021
689.74401855	0.72549021
689.77685547	0.72549021
689.80541992	0.72549021
689.83428955	0.72549021
689.86694336	0.72549021
689.89562988	0.72549021
689.92431641	0.72549021
689.95709229	0.72549021
689.98571777	0.72549021
690.01446533	0.72549021
690.04724121	0.72549021
690.07598877	0.74509805
690.10467529	0.74509805
690.13739014	0.74509805
690.16601563	0.74509805
690.19470215	0.74509805
690.22753906	0.74509805
690.25610352	0.74509805
690.28491211	0.74509805
690.34625244	0.74509805
690.37493896	0.74509805
690.43627930	0.76470590
690.46514893	0.76470590
690.52648926	0.76470590
690.55505371	0.76470590
690.58392334	0.76470590
690.61657715	0.76470590
690.64526367	0.76470590
690.67388916	0.76470590
690.70672607	0.76470590
690.73535156	0.76470590
690.76409912	0.76470590
690.79681396	0.76470590
690.82543945	0.76470590
690.85424805	0.76470590
690.88696289	0.76470590
690.91552734	0.76470590
690.94421387	0.76470590
690.97711182	0.76470590
691.00567627	0.74509805
691.03448486	0.74509805
691.06713867	0.74509805
691.09600830	0.74509805
691.12451172	0.74509805
691.15740967	0.72549021
691.18591309	0.72549021
691.21472168	0.72549021
691.24743652	0.72549021
691.27612305	0.72549021
691.30487061	0.72549021
691.33764648	0.70588237
691.36621094	0.70588237
691.39495850	0.70588237
691.42773438	0.70588237
691.45635986	0.70588237
691.48510742	0.70588237
691.51782227	0.70588237
691.54638672	0.70588237
691.57519531	0.68627453
691.60797119	0.68627453
691.63659668	0.68627453
691.66510010	0.68627453
691.69818115	0.68627453
691.72668457	0.68627453
691.75531006	0.68627453
691.78820801	0.68627453
691.81683350	0.68627453
691.84545898	0.68627453
691.87835693	0.68627453
691.90692139	0.68627453
691.93554688	0.68627453
691.96844482	0.68627453
691.99707031	0.68627453
692.02581787	0.68627453
692.05859375	0.68627453
692.08721924	0.68627453
692.11590576	0.68627453
692.14874268	0.68627453
692.17730713	0.68627453
692.20605469	0.68627453
692.23870850	0.68627453
692.26745605	0.68627453
692.29608154	0.68627453
692.32891846	0.68627453
692.35754395	0.68627453
692.38623047	0.68627453
692.41894531	0.70588237
692.44769287	0.70588237
692.47631836	0.70588237
692.50903320	0.70588237
692.53784180	0.70588237
692.56640625	0.70588237
692.62792969	0.70588237
692.65655518	0.70588237
692.71807861	0.72549021
692.74664307	0.72549021
692.80816650	0.72549021
692.83703613	0.72549021
692.86566162	0.72549021
692.89837646	0.72549021
692.92694092	0.72549021
692.95550537	0.72549021
692.98846436	0.72549021
693.01702881	0.74509805
693.04571533	0.74509805
693.07861328	0.74509805
693.10717773	0.74509805
693.13592529	0.74509805
693.16870117	0.74509805
693.19732666	0.74509805
693.22589111	0.74509805
693.25885010	0.74509805
693.28741455	0.74509805
693.31604004	0.74509805
693.34893799	0.74509805
693.37756348	0.74509805
693.40618896	0.74509805
693.43908691	0.74509805
693.46765137	0.74509805
693.49627686	0.74509805
693.52905273	0.74509805
693.55780029	0.74509805
693.58642578	0.74509805
693.61920166	0.74509805
693.64801025	0.74509805
693.67651367	0.74509805
693.70935059	0.74509805
693.73809814	0.74509805
693.76666260	0.74509805
693.79943848	0.74509805
693.82818604	0.76470590
693.85693359	0.76470590
693.88952637	0.76470590
693.91827393	0.76470590
693.94696045	0.76470590
693.97961426	0.76470590
694.00830078	0.76470590
694.03698730	0.76470590
694.06994629	0.76470590
694.09857178	0.76470590
694.12719727	0.76470590
694.15991211	0.76470590
694.18865967	0.76470590
694.21734619	0.76470590
694.25000000	0.74509805
694.27880859	0.74509805
694.30743408	0.74509805
694.34027100	0.74509805
694.36895752	0.74509805
694.39758301	0.74509805
694.43041992	0.74509805
694.45904541	0.74509805
694.48760986	0.74509805
694.52044678	0.74509805
694.54901123	0.74509805
694.57781982	0.74509805
694.61059570	0.74509805
694.63916016	0.74509805
694.66796875	0.74509805
694.70068359	0.74509805
694.72924805	0.74509805
694.75805664	0.74509805
694.79077148	0.74509805
694.81939697	0.74509805
694.84814453	0.74509805
694.90954590	0.74509805
694.93829346	0.74509805
694.99963379	0.74509805
695.02844238	0.74509805
695.08990479	0.74509805
695.11853027	0.74509805
695.14721680	0.74509805
695.17993164	0.74509805
695.20867920	0.74509805
695.23730469	0.74509805
695.27014160	0.74509805
695.29882813	0.74509805
695.32739258	0.74509805
695.36016846	0.74509805
695.38891602	0.72549021
695.41754150	0.72549021
695.45031738	0.72549021
695.47900391	0.72549021
695.50769043	0.72549021
695.54040527	0.70588237
695.56915283	0.70588237
695.59771729	0.70588237
695.63049316	0.70588237
695.65936279	0.70588237
695.68792725	0.70588237
695.72064209	0.68627453
695.74938965	0.68627453
695.77801514	0.68627453
695.81091309	0.68627453
695.83953857	0.68627453
695.86816406	0.68627453
695.90093994	0.68627453
695.92962646	0.68627453
695.95831299	0.66666669
695.99108887	0.66666669
696.01965332	0.66666669
696.04846191	0.66666669
696.08105469	0.66666669
696.10986328	0.66666669
696.13848877	0.66666669
696.17126465	0.66666669
696.19989014	0.66666669
696.22869873	0.66666669
696.26141357	0.68627453
696.29003906	0.68627453
696.31878662	0.68627453
696.35150146	0.68627453
696.38012695	0.68627453
696.40887451	0.68627453
696.44165039	0.68627453
696.47027588	0.68627453
696.49908447	0.68627453
696.53173828	0.68627453
696.56036377	0.68627453
696.58917236	0.68627453
696.62188721	0.68627453
696.65051270	0.68627453
696.67926025	0.68627453
696.71215820	0.68627453
696.74066162	0.70588237
696.76940918	0.70588237
696.80218506	0.70588237
696.83093262	0.70588237
696.85955811	0.70588237
696.89239502	0.70588237
696.92089844	0.70588237
696.94964600	0.70588237
696.98242188	0.70588237
697.01098633	0.72549021
697.03961182	0.72549021
697.10113525	0.72549021
697.12994385	0.72549021
697.19122314	0.72549021
697.21984863	0.72549021
697.28137207	0.72549021
697.30999756	0.72549021
697.33874512	0.72549021
697.37152100	0.72549021
697.40008545	0.72549021
697.42889404	0.72549021
697.46160889	0.72549021
697.49029541	0.72549021
697.51904297	0.72549021
697.55181885	0.72549021
697.58038330	0.72549021
697.60919189	0.72549021
697.64184570	0.72549021
697.67041016	0.72549021
697.69921875	0.72549021
697.73211670	0.72549021
697.76062012	0.72549021
697.78936768	0.72549021
697.82214355	0.72549021
697.85089111	0.72549021
697.87951660	0.72549021
697.91223145	0.72549021
697.94091797	0.72549021
697.96960449	0.72549021
698.00238037	0.72549021
698.03100586	0.72549021
698.05975342	0.72549021
698.09259033	0.74509805
698.12115479	0.74509805
698.14990234	0.74509805
698.18267822	0.74509805
698.21130371	0.74509805
698.23999023	0.74509805
698.27276611	0.74509805
698.30139160	0.74509805
698.33001709	0.74509805
698.36297607	0.74509805
698.39147949	0.74509805
698.42010498	0.74509805
698.45294189	0.74509805
698.48162842	0.76470590
698.51025391	0.76470590
698.54315186	0.76470590
698.57177734	0.76470590
698.60034180	0.76470590
698.63330078	0.76470590
698.66186523	0.76470590
698.69049072	0.76470590
698.72338867	0.76470590
698.75201416	0.76470590
698.78063965	0.76470590
698.81335449	0.76470590
698.84216309	0.76470590
698.87091064	0.76470590
698.90356445	0.76470590
698.93225098	0.78431374
698.96087646	0.78431374
698.99359131	0.78431374
699.02233887	0.78431374
699.05096436	0.78431374
699.08386230	0.78431374
699.11248779	0.78431374
699.14111328	0.78431374
699.17382813	0.78431374
699.20263672	0.78431374
699.23126221	0.78431374
699.26403809	0.78431374
699.29272461	0.78431374
699.32135010	0.78431374
699.38287354	0.78431374
699.41149902	0.78431374
699.47290039	0.78431374
699.50158691	0.78431374
699.56304932	0.78431374
699.59179688	0.80392158
699.62036133	0.80392158
699.65332031	0.80392158
699.68188477	0.80392158
699.71044922	0.80392158
699.74328613	0.80392158
699.77203369	0.80392158
699.80059814	0.80392158
699.83349609	0.80392158
699.86206055	0.80392158
699.89086914	0.80392158
699.92358398	0.80392158
699.95220947	0.80392158
699.98083496	0.80392158
700.01354980	0.80392158
700.04229736	0.80392158
700.07098389	0.80392158
700.10388184	0.80392158
700.13244629	0.80392158
700.16107178	0.80392158
700.19390869	0.80392158
700.22265625	0.80392158
700.25122070	0.80392158
700.28399658	0.80392158
700.31274414	0.80392158
700.34143066	0.80392158
700.37408447	0.80392158
700.40289307	0.80392158
700.43145752	0.80392158
700.46429443	0.80392158
700.49298096	0.80392158
700.52166748	0.80392158
700.55432129	0.82352942
700.58306885	0.82352942
700.61187744	0.82352942
700.64447021	0.82352942
700.67321777	0.82352942
700.70178223	0.82352942
700.73455811	0.82352942
700.76336670	0.82352942
700.79199219	0.82352942
700.82489014	0.82352942
700.85345459	0.82352942
700.88208008	0.82352942
700.91485596	0.82352942
700.94360352	0.82352942
700.97222900	0.82352942
701.00500488	0.82352942
701.03375244	0.82352942
701.06231689	0.82352942
701.09515381	0.82352942
701.12384033	0.82352942
701.15252686	0.82352942
701.18524170	0.80392158
701.21398926	0.80392158
701.24261475	0.80392158
701.27539063	0.80392158
701.30395508	0.82352942
701.33270264	0.82352942
701.36547852	0.82352942
701.39410400	0.82352942
701.42285156	0.82352942
701.45562744	0.82352942
701.48419189	0.82352942
701.51300049	0.82352942
701.57440186	0.82352942
701.60308838	0.82352942
701.66442871	0.82352942
701.69317627	0.82352942
701.75457764	0.82352942
701.78338623	0.82352942
701.84484863	0.82352942
701.87347412	0.82352942
701.90209961	0.82352942
701.93481445	0.80392158
701.96362305	0.80392158
701.99218750	0.80392158
702.02502441	0.80392158
702.05371094	0.80392158
702.08239746	0.80392158
702.11505127	0.80392158
702.14385986	0.82352942
702.17242432	0.82352942
702.20520020	0.82352942
702.23406982	0.82352942
702.26257324	0.82352942
702.29528809	0.82352942
702.32409668	0.82352942
702.35272217	0.82352942
702.38543701	0.82352942
702.41418457	0.82352942
702.44281006	0.82352942
702.47558594	0.82352942
702.50415039	0.82352942
702.53295898	0.82352942
702.56567383	0.82352942
702.59429932	0.82352942
702.62310791	0.82352942
702.65588379	0.82352942
702.68444824	0.82352942
702.71325684	0.82352942
702.74597168	0.82352942
702.77459717	0.82352942
702.80334473	0.82352942
702.83605957	0.82352942
702.86474609	0.82352942
702.89349365	0.82352942
702.92614746	0.82352942
702.95483398	0.82352942
702.98358154	0.82352942
703.01635742	0.82352942
703.04492188	0.82352942
703.07373047	0.82352942
703.10644531	0.82352942
703.13507080	0.82352942
703.16381836	0.82352942
703.19653320	0.82352942
703.22515869	0.82352942
703.25396729	0.82352942
703.28674316	0.82352942
703.31524658	0.82352942
703.34411621	0.82352942
703.37683105	0.82352942
703.40551758	0.82352942
703.43420410	0.82352942
703.46697998	0.82352942
703.49554443	0.82352942
703.52423096	0.82352942
703.55706787	0.82352942
703.58587646	0.82352942
703.61437988	0.82352942
703.64721680	0.82352942
703.67584229	0.82352942
703.70440674	0.82352942
703.73730469	0.82352942
703.76593018	0.82352942
703.79455566	0.82352942
703.85607910	0.82352942
703.88482666	0.82352942
703.94616699	0.82352942
703.97479248	0.82352942
704.03631592	0.82352942
704.06494141	0.82352942
704.09368896	0.82352942
704.12634277	0.82352942
704.15502930	0.82352942
704.18383789	0.82352942
704.21661377	0.80392158
704.24517822	0.80392158
704.27398682	0.80392158
704.30670166	0.80392158
704.33532715	0.80392158
704.36407471	0.80392158
704.39672852	0.80392158
704.42535400	0.80392158
704.45416260	0.80392158
704.48693848	0.80392158
704.51556396	0.80392158
704.54431152	0.80392158
704.57708740	0.80392158
704.60583496	0.80392158
704.63439941	0.80392158
704.66717529	0.80392158
704.69580078	0.80392158
704.72454834	0.80392158
704.75720215	0.80392158
704.78582764	0.78431374
704.81445313	0.78431374
704.84741211	0.78431374
704.87603760	0.78431374
704.90484619	0.78431374
704.93756104	0.78431374
704.96618652	0.78431374
704.99481201	0.78431374
705.02770996	0.78431374
705.05627441	0.78431374
705.08496094	0.78431374
705.11779785	0.80392158
705.14648438	0.80392158
705.17504883	0.80392158
705.20794678	0.80392158
705.23663330	0.80392158
705.26513672	0.80392158
705.29797363	0.80392158
705.32672119	0.80392158
705.35528564	0.80392158
705.38806152	0.80392158
705.41680908	0.80392158
705.44537354	0.80392158
705.47808838	0.80392158
705.50689697	0.80392158
705.53552246	0.80392158
705.56829834	0.80392158
705.59704590	0.80392158
705.62585449	0.80392158
705.65838623	0.80392158
705.68719482	0.80392158
705.71582031	0.80392158
705.74853516	0.80392158
705.77734375	0.80392158
705.80590820	0.80392158
705.83886719	0.82352942
705.86743164	0.82352942
705.89611816	0.82352942
705.92883301	0.82352942
705.95751953	0.82352942
705.98620605	0.82352942
706.01892090	0.82352942
706.04766846	0.82352942
706.07629395	0.82352942
706.13781738	0.82352942
706.16644287	0.82352942
706.22796631	0.82352942
706.25653076	0.82352942
706.31805420	0.82352942
706.34674072	0.82352942
706.37530518	0.82352942
706.40820313	0.82352942
706.43682861	0.82352942
706.46545410	0.82352942
706.49829102	0.82352942
706.52691650	0.82352942
706.55548096	0.82352942
706.58831787	0.82352942
706.61700439	0.82352942
706.64587402	0.82352942
706.67840576	0.82352942
706.70721436	0.82352942
706.73571777	0.82352942
706.76849365	0.82352942
706.79724121	0.82352942
706.82592773	0.82352942
706.85876465	0.82352942
706.88739014	0.82352942
706.91601563	0.82352942
706.94879150	0.82352942
706.97753906	0.82352942
707.00616455	0.82352942
707.03894043	0.82352942
707.06768799	0.82352942
707.09631348	0.82352942
707.12902832	0.82352942
707.15783691	0.82352942
707.18640137	0.82352942
707.21917725	0.82352942
707.24792480	0.82352942
707.27661133	0.82352942
707.30926514	0.82352942
707.33807373	0.82352942
707.36663818	0.82352942
707.39941406	0.82352942
707.42810059	0.82352942
707.45684814	0.82352942
707.48950195	0.82352942
707.51818848	0.82352942
707.54699707	0.82352942
707.57977295	0.82352942
707.60839844	0.82352942
707.63702393	0.82352942
707.66979980	0.82352942
707.69848633	0.82352942
707.72711182	0.82352942
707.75988770	0.82352942
707.78869629	0.82352942
707.81726074	0.82352942
707.85009766	0.82352942
707.87878418	0.82352942
707.90747070	0.82352942
707.94018555	0.82352942
707.96881104	0.82352942
707.99749756	0.82352942
708.03033447	0.82352942
708.05889893	0.82352942
708.08770752	0.82352942
708.12036133	0.82352942
708.14904785	0.82352942
708.17773438	0.82352942
708.21051025	0.82352942
708.23913574	0.82352942
708.26794434	0.82352942
708.32928467	0.82352942
708.35803223	0.82352942
708.41937256	0.82352942
708.44818115	0.84313726
708.50952148	0.84313726
708.53826904	0.84313726
708.56689453	0.84313726
708.59985352	0.84313726
708.62841797	0.84313726
708.65710449	0.84313726
708.68975830	0.84313726
708.71856689	0.84313726
708.74713135	0.84313726
708.78009033	0.84313726
708.80865479	0.84313726
708.83728027	0.84313726
708.86999512	0.84313726
708.89880371	0.84313726
708.92730713	0.84313726
708.96020508	0.84313726
708.98883057	0.84313726
709.01751709	0.84313726
709.05017090	0.84313726
709.07885742	0.84313726
709.10760498	0.84313726
709.14038086	0.84313726
709.16900635	0.84313726
709.19781494	0.84313726
709.23065186	0.84313726
709.25915527	0.84313726
709.28784180	0.84313726
709.32061768	0.84313726
709.34924316	0.84313726
709.37799072	0.84313726
709.41082764	0.84313726
709.43939209	0.84313726
709.46807861	0.84313726
709.50079346	0.84313726
709.52947998	0.84313726
709.55822754	0.84313726
709.59100342	0.84313726
709.61975098	0.84313726
709.64837646	0.84313726
709.68109131	0.84313726
709.70977783	0.84313726
709.73846436	0.84313726
709.77130127	0.84313726
709.79980469	0.84313726
709.82867432	0.84313726
709.86138916	0.84313726
709.89001465	0.84313726
709.91876221	0.82352942
709.95147705	0.82352942
709.98010254	0.82352942
710.00891113	0.82352942
710.04162598	0.82352942
710.07025146	0.82352942
710.09906006	0.84313726
710.13171387	0.84313726
710.16040039	0.84313726
710.18914795	0.84313726
710.22192383	0.84313726
710.25048828	0.84313726
710.27911377	0.84313726
710.31201172	0.84313726
710.34069824	0.84313726
710.36926270	0.84313726
710.40216064	0.84313726
710.43060303	0.84313726
710.45941162	0.84313726
710.49224854	0.84313726
710.52093506	0.84313726
710.54943848	0.84313726
710.61090088	0.84313726
710.63964844	0.84313726
710.70111084	0.84313726
710.72973633	0.84313726
710.79119873	0.84313726
710.81988525	0.84313726
710.84857178	0.84313726
710.88134766	0.84313726
710.91003418	0.84313726
710.93872070	0.84313726
710.97155762	0.84313726
711.00006104	0.84313726
711.02893066	0.84313726
711.06158447	0.84313726
711.09027100	0.84313726
711.11901855	0.84313726
711.15179443	0.84313726
711.18041992	0.84313726
711.20904541	0.84313726
711.24194336	0.84313726
711.27056885	0.84313726
711.29919434	0.84313726
711.33203125	0.84313726
711.36065674	0.84313726
711.38940430	0.84313726
711.42211914	0.84313726
711.45074463	0.84313726
711.47937012	0.84313726
711.51226807	0.84313726
711.54083252	0.84313726
711.56951904	0.84313726
711.60235596	0.84313726
711.63098145	0.84313726
711.65979004	0.84313726
711.69250488	0.84313726
711.72113037	0.84313726
711.74969482	0.84313726
711.78265381	0.84313726
711.81121826	0.84313726
711.83990479	0.84313726
711.87274170	0.84313726
711.90142822	0.84313726
711.92993164	0.84313726
711.96276855	0.84313726
711.99145508	0.86274511
712.02014160	0.86274511
712.05285645	0.86274511
712.08166504	0.86274511
712.11016846	0.86274511
712.14300537	0.86274511
712.17169189	0.86274511
712.20037842	0.86274511
712.23309326	0.86274511
712.26184082	0.86274511
712.29040527	0.86274511
712.32312012	0.86274511
712.35198975	0.86274511
712.38073730	0.86274511
712.41339111	0.86274511
712.44207764	0.86274511
712.47076416	0.86274511
712.50341797	0.84313726
712.53222656	0.84313726
712.56085205	0.84313726
712.59381104	0.84313726
712.62237549	0.84313726
712.65100098	0.84313726
712.68371582	0.84313726
712.71252441	0.84313726
712.74108887	0.84313726
712.80255127	0.84313726
712.83123779	0.86274511
712.89282227	0.86274511
712.92126465	0.86274511
712.98284912	0.86274511
713.01147461	0.86274511
713.07299805	0.86274511
713.10156250	0.86274511
713.13018799	0.86274511
713.16296387	0.86274511
713.19171143	0.86274511
713.22039795	0.86274511
713.25311279	0.86274511
713.28186035	0.86274511
713.31048584	0.86274511
713.34326172	0.86274511
713.37194824	0.86274511
713.40075684	0.86274511
713.43328857	0.86274511
713.46209717	0.86274511
713.49066162	0.86274511
713.52349854	0.86274511
713.55218506	0.86274511
713.58081055	0.86274511
713.61364746	0.86274511
713.64233398	0.86274511
713.67095947	0.86274511
713.70373535	0.86274511
713.73242188	0.86274511
713.76110840	0.86274511
713.79382324	0.86274511
713.82263184	0.86274511
713.85119629	0.86274511
713.88397217	0.86274511
713.91271973	0.86274511
713.94128418	0.86274511
713.97412109	0.86274511
714.00286865	0.86274511
714.03149414	0.86274511
714.06420898	0.86274511
714.09301758	0.84313726
714.12158203	0.84313726
714.15435791	0.84313726
714.18310547	0.84313726
714.21173096	0.84313726
714.24450684	0.84313726
714.27325439	0.84313726
714.30175781	0.82352942
714.33465576	0.82352942
714.36328125	0.82352942
714.39196777	0.82352942
714.42468262	0.82352942
714.45336914	0.82352942
714.48205566	0.82352942
714.51483154	0.80392158
714.54345703	0.80392158
714.57220459	0.80392158
714.60491943	0.80392158
714.63372803	0.80392158
714.66235352	0.80392158
714.69506836	0.80392158
714.72375488	0.80392158
714.75244141	0.78431374
714.78521729	0.78431374
714.81378174	0.78431374
714.84265137	0.78431374
714.87524414	0.78431374
714.90399170	0.78431374
714.93267822	0.78431374
714.96545410	0.78431374
714.99401855	0.78431374
715.02282715	0.78431374
715.08428955	0.78431374
715.11291504	0.78431374
715.17425537	0.78431374
715.20306396	0.78431374
715.26446533	0.78431374
715.29327393	0.78431374
715.32183838	0.78431374
715.35473633	0.78431374
715.38342285	0.78431374
715.41198730	0.78431374
715.44470215	0.78431374
715.47351074	0.78431374
715.50201416	0.78431374
715.53485107	0.78431374
715.56347656	0.78431374
715.59222412	0.78431374
715.62493896	0.78431374
715.65374756	0.78431374
715.68225098	0.78431374
715.71508789	0.78431374
715.74365234	0.80392158
715.77239990	0.80392158
715.80517578	0.80392158
715.83380127	0.80392158
715.86254883	0.80392158
715.89532471	0.80392158
715.92388916	0.80392158
715.95263672	0.80392158
715.98541260	0.80392158
716.01409912	0.80392158
716.04284668	0.80392158
716.07556152	0.80392158
716.10418701	0.80392158
716.13293457	0.80392158
716.16571045	0.80392158
716.19433594	0.80392158
716.22308350	0.80392158
716.25579834	0.80392158
716.28448486	0.82352942
716.31317139	0.82352942
716.34594727	0.82352942
716.37469482	0.82352942
716.40338135	0.82352942
716.43603516	0.82352942
716.46472168	0.82352942
716.49334717	0.82352942
716.52624512	0.82352942
716.55474854	0.82352942
716.58355713	0.82352942
716.61633301	0.82352942
716.64489746	0.82352942
716.67364502	0.82352942
716.70648193	0.82352942
716.73504639	0.82352942
716.76367188	0.82352942
716.79656982	0.82352942
716.82519531	0.82352942
716.85382080	0.82352942
716.88665771	0.82352942
716.91534424	0.82352942
716.94390869	0.82352942
716.97686768	0.82352942
717.00543213	0.82352942
717.03405762	0.82352942
717.06695557	0.82352942
717.09558105	0.82352942
717.12414551	0.82352942
717.15710449	0.82352942
717.18560791	0.82352942
717.21429443	0.84313726
717.24694824	0.84313726
717.27581787	0.84313726
717.30438232	0.84313726
717.36590576	0.84313726
717.39471436	0.84313726
717.45605469	0.84313726
717.48461914	0.84313726
717.54614258	0.84313726
717.57476807	0.84313726
717.60357666	0.84313726
717.63629150	0.84313726
717.66497803	0.84313726
717.69366455	0.84313726
717.72644043	0.84313726
717.75500488	0.84313726
717.78381348	0.84313726
717.81658936	0.84313726
717.84521484	0.84313726
717.87390137	0.84313726
717.90667725	0.84313726
717.93530273	0.84313726
717.96392822	0.84313726
717.99688721	0.84313726
718.02545166	0.84313726
718.05395508	0.84313726
718.08697510	0.84313726
718.11547852	0.84313726
718.14416504	0.84313726
718.17700195	0.84313726
718.20562744	0.84313726
718.23425293	0.84313726
718.26715088	0.84313726
718.29571533	0.84313726
718.32446289	0.84313726
718.35729980	0.84313726
718.38592529	0.84313726
718.41479492	0.84313726
718.44738770	0.84313726
718.47607422	0.84313726
718.50463867	0.84313726
718.53747559	0.84313726
718.56616211	0.84313726
718.59478760	0.84313726
718.62768555	0.84313726
718.65631104	0.84313726
718.68481445	0.84313726
718.71771240	0.84313726
718.74633789	0.84313726
718.77508545	0.84313726
718.80773926	0.84313726
718.83660889	0.84313726
718.86511230	0.84313726
718.89788818	0.84313726
718.92663574	0.84313726
718.95526123	0.84313726
718.98797607	0.84313726
719.01678467	0.84313726
719.04534912	0.84313726
719.07818604	0.84313726
719.10687256	0.84313726
719.13562012	0.84313726
719.16833496	0.84313726
719.19708252	0.84313726
719.22564697	0.84313726
719.25842285	0.84313726
719.28717041	0.84313726
719.31573486	0.84313726
719.34863281	0.84313726
719.37719727	0.84313726
719.40594482	0.84313726
719.43859863	0.84313726
719.46746826	0.84313726
719.49591064	0.84313726
719.55743408	0.84313726
719.58618164	0.84313726
719.64770508	0.84313726
719.67620850	0.84313726
719.73760986	0.84313726
719.76641846	0.84313726
719.79498291	0.84313726
719.82781982	0.82352942
719.85650635	0.82352942
719.88513184	0.82352942
719.91784668	0.82352942
719.94659424	0.82352942
719.97534180	0.82352942
720.00799561	0.82352942
720.03680420	0.82352942
720.06536865	0.82352942
720.09814453	0.82352942
720.12689209	0.82352942
720.15570068	0.82352942
720.18823242	0.82352942
720.21704102	0.80392158
720.24560547	0.80392158
720.27844238	0.80392158
720.30712891	0.80392158
720.33581543	0.80392158
720.36859131	0.80392158
720.39727783	0.80392158
720.42584229	0.80392158
720.45861816	0.80392158
720.48736572	0.80392158
720.51593018	0.80392158
720.54870605	0.82352942
720.57751465	0.82352942
720.60614014	0.82352942
720.63897705	0.82352942
720.66766357	0.82352942
720.69622803	0.82352942
720.72906494	0.82352942
720.75775146	0.82352942
720.78637695	0.82352942
720.81909180	0.82352942
720.84790039	0.82352942
720.87652588	0.82352942
720.90930176	0.82352942
720.93798828	0.82352942
720.96667480	0.82352942
720.99938965	0.82352942
721.02807617	0.82352942
721.05670166	0.82352942
721.08953857	0.82352942
721.11804199	0.82352942
721.14697266	0.82352942
721.17956543	0.82352942
721.20819092	0.82352942
721.23699951	0.82352942
721.26971436	0.82352942
721.29833984	0.82352942
721.32714844	0.82352942
721.35986328	0.82352942
721.38867188	0.82352942
721.41723633	0.82352942
721.45001221	0.82352942
721.47863770	0.82352942
721.50744629	0.82352942
721.54010010	0.82352942
721.56872559	0.82352942
721.59753418	0.82352942
721.63031006	0.82352942
721.65887451	0.82352942
721.68762207	0.82352942
721.72039795	0.82352942
721.74896240	0.82352942
721.77777100	0.82352942
721.83911133	0.82352942
721.86779785	0.82352942
721.92926025	0.82352942
721.95800781	0.82352942
722.01934814	0.82352942
722.04809570	0.82352942
722.07684326	0.82352942
722.10949707	0.82352942
722.13812256	0.82352942
722.16693115	0.82352942
722.19958496	0.82352942
722.22845459	0.82352942
722.25701904	0.82352942
722.28979492	0.84313726
722.31835938	0.84313726
722.34722900	0.84313726
722.37982178	0.84313726
722.40869141	0.84313726
722.43719482	0.84313726
722.47003174	0.84313726
722.49859619	0.84313726
722.52734375	0.84313726
722.56011963	0.84313726
722.58868408	0.84313726
722.61749268	0.84313726
722.65026855	0.84313726
722.67883301	0.84313726
722.70770264	0.84313726
722.74035645	0.84313726
722.76898193	0.84313726
722.79779053	0.84313726
722.83050537	0.84313726
722.85913086	0.84313726
722.88787842	0.84313726
722.92065430	0.84313726
722.94927979	0.84313726
722.97802734	0.84313726
723.01068115	0.84313726
723.03942871	0.84313726
723.06811523	0.84313726
723.10089111	0.84313726
723.12963867	0.84313726
723.15826416	0.84313726
723.19097900	0.84313726
723.21966553	0.84313726
723.24835205	0.84313726
723.28112793	0.84313726
723.30975342	0.84313726
723.33856201	0.84313726
723.37121582	0.84313726
723.39990234	0.84313726
723.42852783	0.84313726
723.46136475	0.84313726
723.48992920	0.84313726
723.51861572	0.84313726
723.55145264	0.84313726
723.58007813	0.84313726
723.60870361	0.84313726
723.64154053	0.84313726
723.67016602	0.84313726
723.69891357	0.84313726
723.73175049	0.84313726
723.76037598	0.84313726
723.78900146	0.84313726
723.82171631	0.84313726
723.85052490	0.84313726
723.87902832	0.84313726
723.91192627	0.84313726
723.94061279	0.84313726
723.96923828	0.84313726
724.03070068	0.84313726
724.05926514	0.84313726
724.12084961	0.84313726
724.14953613	0.84313726
724.21105957	0.84313726
724.23956299	0.84313726
724.30102539	0.84313726
724.32983398	0.84313726
724.35852051	0.84313726
724.39123535	0.84313726
724.41986084	0.84313726
724.44860840	0.84313726
724.48138428	0.84313726
724.50988770	0.84313726
724.53869629	0.84313726
724.57147217	0.84313726
724.60015869	0.84313726
724.62872314	0.84313726
724.66168213	0.84313726
724.69018555	0.84313726
724.71887207	0.84313726
724.75177002	0.84313726
724.78051758	0.84313726
724.80889893	0.84313726
724.84191895	0.84313726
724.87048340	0.84313726
724.89916992	0.84313726
724.93194580	0.84313726
724.96063232	0.84313726
724.98913574	0.84313726
725.02215576	0.84313726
725.05065918	0.84313726
725.07934570	0.84313726
725.11212158	0.84313726
725.14093018	0.84313726
725.16955566	0.84313726
725.20214844	0.84313726
725.23095703	0.84313726
725.25958252	0.84313726
725.29235840	0.84313726
725.32110596	0.84313726
725.34973145	0.84313726
725.38256836	0.84313726
725.41125488	0.84313726
725.43975830	0.84313726
725.47259521	0.84313726
725.50128174	0.84313726
725.52996826	0.84313726
725.56262207	0.84313726
725.59149170	0.84313726
725.62005615	0.84313726
725.65289307	0.84313726
725.68157959	0.84313726
725.71026611	0.84313726
725.74285889	0.84313726
725.77172852	0.84313726
725.80029297	0.84313726
725.83312988	0.84313726
725.86175537	0.84313726
725.89044189	0.84313726
725.92321777	0.84313726
725.95196533	0.84313726
725.98059082	0.84313726
726.01336670	0.84313726
726.04211426	0.84313726
726.07080078	0.84313726
726.10363770	0.84313726
726.13220215	0.84313726
726.16088867	0.84313726
726.19354248	0.84313726
726.22235107	0.84313726
726.25091553	0.84313726
726.31237793	0.84313726
726.34106445	0.84313726
726.40258789	0.84313726
726.43109131	0.84313726
726.49255371	0.84313726
726.52136230	0.86274511
726.54992676	0.86274511
726.58270264	0.86274511
726.61138916	0.86274511
726.64007568	0.86274511
726.67285156	0.86274511
726.70159912	0.86274511
726.73016357	0.86274511
726.76287842	0.86274511
726.79168701	0.86274511
726.82031250	0.86274511
726.85308838	0.86274511
726.88183594	0.86274511
726.91064453	0.86274511
726.94317627	0.86274511
726.97198486	0.86274511
727.00048828	0.86274511
727.03332520	0.86274511
727.06201172	0.86274511
727.09075928	0.86274511
727.12359619	0.86274511
727.15222168	0.86274511
727.18072510	0.86274511
727.21362305	0.86274511
727.24230957	0.86274511
727.27099609	0.86274511
727.30364990	0.86274511
727.33245850	0.86274511
727.36102295	0.86274511
727.39385986	0.86274511
727.42254639	0.86274511
727.45117188	0.86274511
727.48400879	0.86274511
727.51257324	0.86274511
727.54132080	0.86274511
727.57409668	0.86274511
727.60272217	0.86274511
727.63146973	0.86274511
727.66430664	0.86274511
727.69281006	0.86274511
727.72155762	0.86274511
727.75427246	0.86274511
727.78302002	0.86274511
727.81164551	0.86274511
727.84448242	0.86274511
727.87298584	0.86274511
727.90185547	0.84313726
727.93450928	0.84313726
727.96331787	0.84313726
727.99188232	0.84313726
728.02471924	0.84313726
728.05322266	0.84313726
728.08209229	0.84313726
728.11474609	0.84313726
728.14373779	0.84313726
728.17211914	0.84313726
728.20489502	0.84313726
728.23358154	0.84313726
728.26232910	0.84313726
728.29504395	0.84313726
728.32366943	0.84313726
728.35247803	0.84313726
728.38519287	0.84313726
728.41400146	0.84313726
728.44256592	0.84313726
728.47534180	0.84313726
728.50390625	0.84313726
728.53265381	0.84313726
728.59405518	0.84313726
728.62280273	0.84313726
728.68414307	0.82352942
728.71289063	0.82352942
728.77429199	0.82352942
728.80297852	0.82352942
728.83166504	0.82352942
728.86450195	0.82352942
728.89300537	0.82352942
728.92181396	0.82352942
728.95452881	0.82352942
728.98321533	0.84313726
729.01196289	0.84313726
729.04467773	0.84313726
729.07330322	0.84313726
729.10205078	0.84313726
729.13482666	0.84313726
729.16351318	0.84313726
729.19219971	0.84313726
729.22491455	0.84313726
729.25354004	0.84313726
729.28222656	0.84313726
729.31506348	0.84313726
729.34362793	0.84313726
729.37243652	0.84313726
729.40515137	0.84313726
729.43377686	0.84313726
729.46246338	0.84313726
729.49517822	0.84313726
729.52392578	0.84313726
729.55267334	0.84313726
729.58551025	0.84313726
729.61407471	0.84313726
729.64282227	0.84313726
729.67559814	0.84313726
729.70422363	0.84313726
729.73297119	0.84313726
729.76568604	0.84313726
729.79425049	0.84313726
729.82293701	0.84313726
729.85577393	0.84313726
729.88458252	0.84313726
729.91314697	0.84313726
729.94592285	0.84313726
729.97454834	0.84313726
730.00317383	0.84313726
730.03601074	0.84313726
730.06463623	0.84313726
730.09326172	0.84313726
730.12615967	0.84313726
730.15478516	0.84313726
730.18359375	0.84313726
730.21630859	0.84313726
730.24493408	0.84313726
730.27349854	0.84313726
730.30639648	0.84313726
730.33502197	0.84313726
730.36364746	0.84313726
730.39660645	0.84313726
730.42517090	0.84313726
730.45379639	0.84313726
730.48657227	0.84313726
730.51531982	0.84313726
730.54394531	0.84313726
730.57666016	0.84313726
730.60540771	0.84313726
730.63403320	0.84313726
730.66680908	0.84313726
730.69555664	0.84313726
730.72412109	0.84313726
730.78558350	0.84313726
730.81420898	0.84313726
730.87579346	0.84313726
730.90454102	0.84313726
730.96588135	0.84313726
730.99450684	0.86274511
731.02325439	0.86274511
731.05603027	0.86274511
731.08459473	0.86274511
731.11346436	0.86274511
731.14617920	0.86274511
731.17480469	0.84313726
731.20355225	0.84313726
731.23632813	0.84313726
731.26489258	0.84313726
731.29357910	0.84313726
731.32641602	0.84313726
731.35491943	0.84313726
731.38360596	0.84313726
731.41650391	0.84313726
731.44512939	0.84313726
731.47375488	0.84313726
731.50665283	0.84313726
731.53527832	0.84313726
731.56396484	0.84313726
731.59674072	0.86274511
731.62536621	0.86274511
731.65399170	0.86274511
731.68676758	0.86274511
731.71551514	0.86274511
731.74414063	0.86274511
731.77685547	0.86274511
731.80560303	0.86274511
731.83428955	0.86274511
731.86706543	0.86274511
731.89581299	0.86274511
731.92443848	0.86274511
731.95715332	0.86274511
731.98590088	0.84313726
732.01452637	0.84313726
732.04742432	0.84313726
732.07598877	0.84313726
732.10467529	0.84313726
732.13751221	0.84313726
732.16613770	0.84313726
732.19470215	0.84313726
732.22747803	0.84313726
732.25628662	0.84313726
732.28485107	0.84313726
732.31768799	0.86274511
732.34637451	0.86274511
732.37500000	0.86274511
732.40777588	0.86274511
732.43652344	0.86274511
732.46508789	0.86274511
732.49786377	0.86274511
732.52661133	0.86274511
732.55523682	0.86274511
732.58801270	0.86274511
732.61676025	0.86274511
732.64538574	0.86274511
732.67816162	0.86274511
732.70690918	0.86274511
732.73553467	0.86274511
732.76837158	0.86274511
732.79705811	0.86274511
732.82562256	0.86274511
732.85839844	0.86274511
732.88714600	0.86274511
732.91571045	0.86274511
732.94848633	0.86274511
732.97711182	0.86274511
733.00585938	0.86274511
733.06726074	0.86274511
733.09594727	0.86274511
733.15747070	0.86274511
733.18609619	0.86274511
733.24749756	0.86274511
733.27624512	0.86274511
733.30487061	0.86274511
733.33758545	0.86274511
733.36639404	0.86274511
733.39495850	0.86274511
733.42779541	0.86274511
733.45642090	0.86274511
733.48504639	0.86274511
733.51782227	0.86274511
733.54663086	0.86274511
733.57525635	0.86274511
733.60797119	0.86274511
733.63671875	0.86274511
733.66534424	0.86274511
733.69812012	0.86274511
733.72686768	0.86274511
733.75549316	0.86274511
733.78820801	0.86274511
733.81695557	0.86274511
733.84558105	0.86274511
733.87854004	0.86274511
733.90710449	0.86274511
733.93572998	0.86274511
733.96850586	0.86274511
733.99725342	0.86274511
734.02581787	0.86274511
734.05859375	0.86274511
734.08734131	0.86274511
734.11596680	0.86274511
734.14868164	0.86274511
734.17749023	0.86274511
734.20611572	0.86274511
734.23889160	0.86274511
734.26751709	0.86274511
734.29632568	0.86274511
734.32904053	0.86274511
734.35760498	0.86274511
734.38629150	0.86274511
734.41912842	0.86274511
734.44769287	0.86274511
734.47644043	0.86274511
734.50927734	0.86274511
734.53784180	0.86274511
734.56671143	0.86274511
734.59930420	0.86274511
734.62799072	0.86274511
734.65667725	0.86274511
734.68945313	0.86274511
734.71807861	0.86274511
734.74682617	0.86274511
734.77960205	0.86274511
734.80822754	0.86274511
734.83697510	0.86274511
734.86975098	0.88235295
734.89843750	0.88235295
734.92706299	0.88235295
734.95989990	0.88235295
734.98852539	0.88235295
735.01715088	0.88235295
735.05023193	0.88235295
735.07861328	0.88235295
735.10736084	0.88235295
735.14007568	0.88235295
735.16876221	0.88235295
735.19738770	0.88235295
735.23022461	0.88235295
735.25885010	0.88235295
735.28759766	0.88235295
735.34893799	0.88235295
735.37774658	0.88235295
735.43908691	0.88235295
735.46777344	0.88235295
735.52923584	0.88235295
735.55786133	0.88235295
735.58660889	0.88235295
735.61932373	0.88235295
735.64801025	0.88235295
735.67675781	0.88235295
735.70953369	0.88235295
735.73809814	0.88235295
735.76684570	0.88235295
735.79956055	0.88235295
735.82818604	0.88235295
735.85693359	0.88235295
735.88970947	0.88235295
735.91845703	0.88235295
735.94714355	0.88235295
735.97979736	0.88235295
736.00848389	0.88235295
736.03723145	0.88235295
736.06994629	0.88235295
736.09857178	0.88235295
736.12731934	0.88235295
736.16009521	0.88235295
736.18872070	0.88235295
736.21746826	0.88235295
736.25018311	0.88235295
736.27886963	0.88235295
736.30761719	0.88235295
736.34039307	0.88235295
736.36895752	0.88235295
736.39770508	0.88235295
736.43041992	0.88235295
736.45910645	0.88235295
736.48785400	0.88235295
736.52062988	0.88235295
736.54919434	0.88235295
736.57794189	0.88235295
736.61071777	0.88235295
736.63946533	0.88235295
736.66790771	0.88235295
736.70080566	0.88235295
736.72949219	0.88235295
736.75805664	0.88235295
736.79095459	0.88235295
736.81958008	0.88235295
736.84820557	0.88235295
736.88104248	0.88235295
736.90966797	0.88235295
736.93847656	0.88235295
736.97119141	0.88235295
736.99981689	0.88235295
737.02850342	0.88235295
737.06121826	0.88235295
737.09002686	0.88235295
737.11853027	0.88235295
737.15148926	0.88235295
737.18005371	0.88235295
737.20874023	0.88235295
737.24145508	0.88235295
737.27026367	0.88235295
737.29882813	0.88235295
737.33160400	0.88235295
737.36041260	0.88235295
737.38891602	0.88235295
737.42169189	0.88235295
737.45043945	0.88235295
737.47906494	0.88235295
737.54058838	0.88235295
737.56915283	0.88235295
737.63073730	0.88235295
737.65942383	0.88235295
737.72082520	0.88235295
737.74945068	0.88235295
737.77807617	0.88235295
737.81091309	0.88235295
737.83959961	0.88235295
737.86816406	0.88235295
737.90112305	0.88235295
737.92968750	0.88235295
737.95849609	0.88235295
737.99121094	0.88235295
738.01983643	0.88235295
738.04840088	0.88235295
738.08129883	0.88235295
738.10992432	0.88235295
738.13854980	0.88235295
738.17144775	0.88235295
738.20007324	0.88235295
738.22863770	0.88235295
738.26141357	0.88235295
738.29022217	0.88235295
738.31878662	0.88235295
738.35156250	0.88235295
738.38031006	0.88235295
738.40893555	0.88235295
738.44165039	0.90196079
738.47039795	0.90196079
738.49902344	0.90196079
738.53179932	0.90196079
738.56054688	0.90196079
738.58917236	0.88235295
738.62194824	0.88235295
738.65069580	0.88235295
738.67944336	0.90196079
738.71209717	0.88235295
738.74078369	0.88235295
738.76947021	0.88235295
738.80218506	0.88235295
738.83087158	0.88235295
738.85955811	0.88235295
738.89245605	0.88235295
738.92108154	0.88235295
738.94970703	0.88235295
738.98242188	0.90196079
739.01116943	0.90196079
739.03979492	0.90196079
739.07257080	0.90196079
739.10131836	0.90196079
739.12994385	0.90196079
739.16271973	0.90196079
739.19146729	0.90196079
739.22003174	0.90196079
739.25274658	0.90196079
739.28155518	0.90196079
739.31018066	0.90196079
739.34295654	0.90196079
739.37170410	0.90196079
739.40032959	0.90196079
739.43304443	0.90196079
739.46179199	0.90196079
739.49029541	0.90196079
739.52319336	0.90196079
739.55175781	0.90196079
739.58050537	0.90196079
739.61328125	0.90196079
739.64190674	0.90196079
739.67065430	0.90196079
739.70343018	0.90196079
739.73205566	0.90196079
739.76080322	0.90196079
739.82214355	0.90196079
739.85089111	0.90196079
739.91241455	0.90196079
739.94104004	0.90196079
740.00238037	0.90196079
740.03112793	0.90196079
740.05981445	0.90196079
740.09252930	0.90196079
740.12127686	0.90196079
740.14996338	0.90196079
740.18267822	0.90196079
740.21142578	0.90196079
740.23999023	0.90196079
740.27276611	0.90196079
740.30157471	0.90196079
740.33026123	0.90196079
740.36291504	0.90196079
740.39166260	0.90196079
740.42028809	0.90196079
740.45300293	0.90196079
740.48175049	0.90196079
740.51043701	0.90196079
740.54315186	0.90196079
740.57189941	0.90196079
740.60052490	0.90196079
740.63342285	0.90196079
740.66204834	0.90196079
740.69061279	0.90196079
740.72344971	0.90196079
740.75201416	0.90196079
740.78088379	0.90196079
740.81353760	0.90196079
740.84216309	0.90196079
740.87091064	0.90196079
740.90368652	0.90196079
740.93243408	0.90196079
740.96112061	0.90196079
740.99377441	0.90196079
741.02239990	0.90196079
741.05114746	0.90196079
741.08392334	0.90196079
741.11248779	0.90196079
741.14129639	0.90196079
741.17413330	0.90196079
741.20263672	0.90196079
741.23138428	0.90196079
741.26422119	0.90196079
741.29278564	0.90196079
741.32159424	0.90196079
741.35424805	0.90196079
741.38287354	0.90196079
741.41168213	0.90196079
741.44439697	0.90196079
741.47302246	0.90196079
741.50177002	0.90196079
741.53448486	0.90196079
741.56311035	0.90196079
741.59191895	0.90196079
741.62463379	0.90196079
741.65344238	0.90196079
741.68194580	0.90196079
741.71484375	0.90196079
741.74340820	0.90196079
741.77215576	0.90196079
741.80487061	0.90196079
741.83355713	0.90196079
741.86224365	0.90196079
741.89501953	0.90196079
741.92364502	0.90196079
741.95239258	0.90196079
742.01379395	0.90196079
742.04235840	0.90196079
742.10388184	0.90196079
742.13250732	0.90196079
742.19396973	0.90196079
742.22259521	0.90196079
742.28411865	0.90196079
742.31274414	0.90196079
742.34155273	0.92156863
742.37426758	0.92156863
742.40295410	0.92156863
742.43164063	0.92156863
742.46441650	0.92156863
742.49298096	0.92156863
742.52178955	0.92156863
742.55456543	0.92156863
742.58319092	0.92156863
742.61187744	0.92156863
742.64465332	0.92156863
742.67340088	0.92156863
742.70202637	0.92156863
742.73474121	0.92156863
742.76336670	0.92156863
742.79211426	0.92156863
742.82489014	0.92156863
742.85345459	0.92156863
742.88226318	0.92156863
742.91497803	0.92156863
742.94360352	0.92156863
742.97241211	0.92156863
743.00512695	0.92156863
743.03375244	0.92156863
743.06250000	0.92156863
743.09527588	0.92156863
743.12390137	0.92156863
743.15246582	0.92156863
743.18536377	0.92156863
743.21411133	0.92156863
743.24267578	0.92156863
743.27557373	0.92156863
743.30413818	0.92156863
743.33270264	0.92156863
743.36560059	0.92156863
743.39428711	0.92156863
743.42285156	0.92156863
743.45574951	0.92156863
743.48437500	0.92156863
743.51300049	0.92156863
743.54589844	0.92156863
743.57452393	0.92156863
743.60308838	0.92156863
743.63586426	0.92156863
743.66461182	0.92156863
743.69335938	0.92156863
743.72601318	0.92156863
743.75476074	0.92156863
743.78338623	0.90196079
743.81610107	0.90196079
743.84490967	0.90196079
743.87347412	0.90196079
743.90637207	0.90196079
743.93499756	0.92156863
743.96368408	0.92156863
743.99639893	0.92156863
744.02520752	0.92156863
744.05371094	0.92156863
744.08654785	0.92156863
744.11517334	0.92156863
744.14398193	0.92156863
744.17663574	0.92156863
744.20544434	0.92156863
744.23406982	0.92156863
744.29553223	0.92156863
744.32421875	0.92156863
744.38562012	0.92156863
744.41436768	0.92156863
744.47570801	0.92156863
744.50445557	0.92156863
744.53302002	0.92156863
744.56585693	0.90196079
744.59454346	0.90196079
744.62310791	0.90196079
744.65606689	0.90196079
744.68463135	0.90196079
744.71343994	0.90196079
744.74609375	0.92156863
744.77478027	0.92156863
744.80334473	0.92156863
744.83618164	0.92156863
744.86480713	0.92156863
744.89349365	0.92156863
744.92633057	0.92156863
744.95507813	0.92156863
744.98358154	0.92156863
745.01635742	0.92156863
745.04510498	0.92156863
745.07373047	0.92156863
745.10644531	0.92156863
745.13525391	0.92156863
745.16381836	0.92156863
745.19659424	0.90196079
745.22534180	0.90196079
745.25396729	0.90196079
745.28674316	0.90196079
745.31549072	0.90196079
745.34417725	0.90196079
745.37683105	0.90196079
745.40563965	0.90196079
745.43438721	0.90196079
745.46704102	0.90196079
745.49572754	0.90196079
745.52435303	0.90196079
745.55706787	0.90196079
745.58593750	0.90196079
745.61444092	0.90196079
745.64733887	0.90196079
745.67596436	0.90196079
745.70465088	0.90196079
745.73730469	0.90196079
745.76611328	0.92156863
745.79467773	0.92156863
745.82745361	0.90196079
745.85620117	0.92156863
745.88488770	0.90196079
745.91760254	0.90196079
745.94628906	0.92156863
745.97497559	0.90196079
746.00775146	0.90196079
746.03631592	0.90196079
746.06512451	0.90196079
746.09790039	0.90196079
746.12658691	0.90196079
746.15527344	0.90196079
746.18798828	0.90196079
746.21667480	0.90196079
746.24536133	0.90196079
746.27813721	0.90196079
746.30670166	0.90196079
746.33551025	0.90196079
746.36822510	0.90196079
746.39685059	0.90196079
746.42565918	0.90196079
746.45843506	0.92156863
746.48699951	0.92156863
746.51568604	0.92156863
746.57708740	0.92156863
746.60583496	0.92156863
746.66735840	0.92156863
746.69598389	0.92156863
746.75738525	0.92156863
746.78607178	0.92156863
746.81469727	0.92156863
746.84747314	0.92156863
746.87622070	0.92156863
746.90490723	0.92156863
746.93756104	0.92156863
746.96636963	0.90196079
746.99493408	0.90196079
747.02777100	0.90196079
747.05645752	0.90196079
747.08508301	0.90196079
747.11785889	0.90196079
747.14660645	0.90196079
747.17523193	0.90196079
747.20800781	0.90196079
747.23669434	0.90196079
747.26531982	0.90196079
747.29821777	0.92156863
747.32672119	0.92156863
747.35546875	0.92156863
747.38818359	0.92156863
747.41687012	0.92156863
747.44555664	0.92156863
747.47833252	0.92156863
747.50689697	0.92156863
747.53570557	0.92156863
747.56848145	0.92156863
747.59710693	0.92156863
747.62585449	0.92156863
747.65863037	0.92156863
747.68731689	0.92156863
747.71600342	0.92156863
747.74871826	0.92156863
747.77734375	0.92156863
747.80609131	0.92156863
747.83886719	0.92156863
747.86743164	0.92156863
747.89617920	0.90196079
747.92895508	0.90196079
747.95758057	0.90196079
747.98626709	0.90196079
748.01910400	0.90196079
748.04766846	0.92156863
748.07647705	0.92156863
748.10919189	0.92156863
748.13781738	0.92156863
748.16656494	0.92156863
748.19934082	0.92156863
748.22790527	0.92156863
748.25671387	0.92156863
748.28942871	0.92156863
748.31811523	0.92156863
748.34680176	0.92156863
748.37957764	0.92156863
748.40838623	0.92156863
748.43695068	0.92156863
748.46978760	0.92156863
748.49829102	0.92156863
748.52716064	0.92156863
748.55987549	0.92156863
748.58850098	0.92156863
748.61706543	0.92156863
748.64996338	0.92156863
748.67858887	0.92156863
748.70733643	0.92156863
748.76873779	0.92156863
748.79730225	0.92156863
748.85876465	0.92156863
748.88745117	0.92156863
748.94897461	0.92156863
748.97753906	0.92156863
749.00628662	0.92156863
749.03906250	0.92156863
749.06762695	0.92156863
749.09649658	0.92156863
749.12915039	0.92156863
749.15783691	0.92156863
749.18658447	0.92156863
749.21936035	0.92156863
749.24792480	0.92156863
749.27667236	0.92156863
749.30944824	0.92156863
749.33807373	0.92156863
749.36682129	0.92156863
749.39959717	0.92156863
749.42834473	0.92156863
749.45690918	0.92156863
749.48962402	0.92156863
749.51824951	0.92156863
749.54693604	0.92156863
749.57983398	0.92156863
749.60845947	0.92156863
749.63714600	0.92156863
749.66992188	0.92156863
749.69854736	0.92156863
749.72729492	0.92156863
749.76007080	0.92156863
749.78863525	0.92156863
749.81732178	0.92156863
749.85028076	0.92156863
749.87884521	0.92156863
749.90740967	0.92156863
749.94030762	0.92156863
749.96899414	0.92156863
749.99755859	0.92156863
750.03051758	0.92156863
750.05908203	0.92156863
750.08770752	0.92156863
750.12054443	0.92156863
750.14923096	0.92156863
750.17779541	0.92156863
750.21069336	0.92156863
750.23931885	0.92156863
750.26788330	0.92156863
750.30072021	0.92156863
750.32940674	0.92156863
750.35803223	0.92156863
750.39080811	0.92156863
750.41955566	0.92156863
750.44830322	0.92156863
750.48089600	0.92156863
750.50970459	0.92156863
750.53826904	0.92156863
750.57110596	0.92156863
750.59979248	0.92156863
750.62841797	0.92156863
750.66131592	0.92156863
750.69000244	0.92156863
750.71862793	0.92156863
750.75128174	0.92156863
750.78009033	0.92156863
750.80865479	0.92156863
750.84143066	0.92156863
750.87017822	0.92156863
750.89886475	0.92156863
750.93151855	0.92156863
750.96026611	0.92156863
750.98889160	0.92156863
751.05035400	0.92156863
751.07904053	0.92156863
751.14050293	0.92156863
751.16918945	0.92156863
751.23065186	0.92156863
751.25927734	0.92156863
751.28796387	0.92156863
751.32080078	0.92156863
751.34936523	0.92156863
751.37805176	0.92156863
751.41082764	0.92156863
751.43951416	0.92156863
751.46826172	0.92156863
751.50091553	0.92156863
751.52972412	0.92156863
751.55828857	0.92156863
751.59106445	0.92156863
751.61981201	0.92156863
751.64843750	0.92156863
751.68121338	0.92156863
751.70996094	0.92156863
751.73846436	0.92156863
751.77130127	0.92156863
751.80004883	0.92156863
751.82867432	0.92156863
751.86138916	0.92156863
751.89019775	0.92156863
751.91876221	0.92156863
751.95153809	0.92156863
751.98028564	0.92156863
752.00891113	0.92156863
752.04168701	0.92156863
752.07037354	0.92156863
752.09906006	0.92156863
752.13183594	0.92156863
752.16058350	0.92156863
752.18914795	0.92156863
752.22192383	0.92156863
752.25067139	0.92156863
752.27935791	0.92156863
752.31201172	0.92156863
752.34082031	0.92156863
752.36938477	0.92156863
752.40234375	0.92156863
752.43084717	0.92156863
752.45959473	0.92156863
752.49224854	0.92156863
752.52099609	0.92156863
752.54968262	0.92156863
752.58239746	0.92156863
752.61102295	0.92156863
752.63977051	0.92156863
752.67254639	0.92156863
752.70129395	0.92156863
752.72985840	0.92156863
752.76269531	0.92156863
752.79132080	0.92156863
752.82000732	0.92156863
752.85284424	0.92156863
752.88134766	0.92156863
752.91021729	0.92156863
752.94293213	0.92156863
752.97155762	0.92156863
753.00030518	0.92156863
753.03308105	0.92156863
753.06158447	0.92156863
753.09045410	0.92156863
753.12310791	0.92156863
753.15179443	0.92156863
753.18048096	0.92156863
753.24182129	0.92156863
753.27062988	0.94117647
753.33203125	0.94117647
753.36071777	0.92156863
753.42224121	0.92156863
753.45092773	0.92156863
753.51226807	0.92156863
753.54101563	0.92156863
753.56964111	0.92156863
753.60247803	0.92156863
753.63110352	0.92156863
753.65979004	0.92156863
753.69250488	0.92156863
753.72131348	0.92156863
753.74987793	0.92156863
753.78265381	0.92156863
753.81140137	0.92156863
753.84008789	0.92156863
753.87268066	0.92156863
753.90142822	0.92156863
753.93005371	0.92156863
753.96295166	0.92156863
753.99145508	0.92156863
754.02032471	0.92156863
754.05291748	0.92156863
754.08160400	0.92156863
754.11035156	0.92156863
754.14312744	0.92156863
754.17175293	0.92156863
754.20050049	0.92156863
754.23321533	0.92156863
754.26190186	0.92156863
754.29058838	0.92156863
754.32336426	0.92156863
754.35205078	0.92156863
754.38073730	0.92156863
754.41357422	0.92156863
754.44226074	0.90196079
754.47088623	0.90196079
754.50354004	0.90196079
754.53222656	0.90196079
754.56097412	0.90196079
754.59381104	0.90196079
754.62231445	0.90196079
754.65112305	0.90196079
754.68389893	0.90196079
754.71258545	0.90196079
754.74127197	0.90196079
754.77398682	0.90196079
754.80261230	0.90196079
754.83142090	0.90196079
754.86413574	0.90196079
754.89276123	0.90196079
754.92150879	0.90196079
754.95422363	0.90196079
754.98284912	0.90196079
755.01159668	0.88235295
755.04437256	0.88235295
755.07299805	0.88235295
755.10162354	0.88235295
755.13446045	0.88235295
755.16314697	0.88235295
755.19177246	0.88235295
755.22467041	0.88235295
755.25323486	0.86274511
755.28192139	0.86274511
755.31463623	0.86274511
755.34344482	0.86274511
755.37194824	0.86274511
755.40490723	0.86274511
755.43341064	0.86274511
755.46228027	0.86274511
755.52368164	0.86274511
755.55218506	0.86274511
755.61370850	0.86274511
755.64239502	0.86274511
755.70385742	0.86274511
755.73248291	0.86274511
755.76123047	0.86274511
755.79394531	0.86274511
755.82263184	0.86274511
755.85137939	0.86274511
755.88409424	0.86274511
755.91278076	0.86274511
755.94152832	0.86274511
755.97430420	0.86274511
756.00286865	0.86274511
756.03167725	0.86274511
756.06433105	0.86274511
756.09301758	0.86274511
756.12176514	0.86274511
756.15454102	0.86274511
756.18316650	0.86274511
756.21179199	0.86274511
756.24450684	0.86274511
756.27325439	0.86274511
756.30181885	0.86274511
756.33477783	0.86274511
756.36328125	0.86274511
756.39202881	0.86274511
756.42486572	0.86274511
756.45349121	0.86274511
756.48223877	0.86274511
756.51495361	0.88235295
756.54357910	0.88235295
756.57226563	0.88235295
756.60510254	0.88235295
756.63372803	0.88235295
756.66241455	0.88235295
756.69519043	0.88235295
756.72387695	0.88235295
756.75244141	0.88235295
756.78527832	0.88235295
756.81396484	0.88235295
756.84265137	0.88235295
756.87536621	0.88235295
756.90417480	0.88235295
756.93267822	0.90196079
756.96551514	0.90196079
756.99414063	0.90196079
757.02288818	0.90196079
757.05554199	0.90196079
757.08441162	0.90196079
757.11291504	0.90196079
757.14575195	0.90196079
757.17443848	0.90196079
757.20324707	0.90196079
757.23577881	0.90196079
757.26470947	0.90196079
757.29321289	0.90196079
757.32598877	0.90196079
757.35473633	0.90196079
757.38330078	0.90196079
757.41619873	0.90196079
757.44482422	0.90196079
757.47351074	0.90196079
757.50622559	0.90196079
757.53503418	0.90196079
757.56359863	0.90196079
757.59637451	0.90196079
757.62512207	0.90196079
757.65374756	0.90196079
757.68646240	0.90196079
757.71527100	0.90196079
757.74377441	0.90196079
757.80529785	0.90196079
757.83398438	0.92156863
757.89550781	0.92156863
757.92407227	0.92156863
757.98559570	0.92156863
758.01422119	0.92156863
758.04278564	0.92156863
758.07562256	0.92156863
758.10430908	0.92156863
758.13299561	0.92156863
758.16564941	0.92156863
758.19445801	0.92156863
758.22326660	0.90196079
758.25585938	0.90196079
758.28466797	0.92156863
758.31317139	0.92156863
758.34600830	0.90196079
758.37469482	0.90196079
758.40338135	0.90196079
758.43621826	0.90196079
758.46490479	0.90196079
758.49346924	0.90196079
758.52624512	0.90196079
758.55493164	0.90196079
758.58367920	0.90196079
758.61627197	0.88235295
758.64514160	0.88235295
758.67364502	0.88235295
758.70648193	0.88235295
758.73522949	0.88235295
758.76385498	0.86274511
758.79656982	0.86274511
758.82537842	0.86274511
758.85394287	0.84313726
758.88671875	0.84313726
758.91540527	0.84313726
758.94403076	0.84313726
758.97680664	0.82352942
759.00561523	0.82352942
759.03424072	0.82352942
759.06695557	0.80392158
759.09576416	0.80392158
759.12432861	0.80392158
759.15710449	0.80392158
759.18585205	0.80392158
759.21453857	0.80392158
759.24713135	0.80392158
759.27587891	0.80392158
759.30456543	0.80392158
759.33740234	0.80392158
759.36590576	0.80392158
759.39477539	0.80392158
759.42742920	0.80392158
759.45611572	0.80392158
759.48474121	0.80392158
759.51757813	0.78431374
759.54614258	0.80392158
759.57495117	0.78431374
759.60766602	0.78431374
759.63635254	0.78431374
759.66497803	0.78431374
759.69781494	0.78431374
759.72644043	0.78431374
759.75518799	0.78431374
759.78796387	0.78431374
759.81652832	0.78431374
759.84539795	0.78431374
759.87805176	0.80392158
759.90673828	0.80392158
759.93536377	0.80392158
759.99676514	0.80392158
760.02557373	0.80392158
760.08697510	0.80392158
760.11560059	0.80392158
760.17712402	0.80392158
760.20593262	0.80392158
760.23437500	0.80392158
760.26721191	0.80392158
760.29602051	0.80392158
760.32458496	0.80392158
760.35736084	0.80392158
760.38592529	0.82352942
760.41479492	0.80392158
760.44744873	0.80392158
760.47625732	0.80392158
760.50482178	0.80392158
760.53759766	0.80392158
760.56610107	0.80392158
760.59497070	0.80392158
760.62762451	0.80392158
760.65637207	0.80392158
760.68499756	0.78431374
760.71783447	0.78431374
760.74645996	0.78431374
760.77526855	0.76470590
760.80792236	0.76470590
760.83660889	0.76470590
760.86523438	0.74509805
760.89819336	0.74509805
760.92663574	0.74509805
760.95544434	0.72549021
760.98815918	0.72549021
761.01678467	0.72549021
761.04559326	0.70588237
761.07836914	0.70588237
761.10699463	0.70588237
761.13574219	0.70588237
761.16845703	0.68627453
761.19720459	0.68627453
761.22583008	0.68627453
761.25854492	0.68627453
761.28723145	0.68627453
761.31591797	0.68627453
761.34875488	0.68627453
761.37719727	0.68627453
761.40612793	0.68627453
761.43872070	0.66666669
761.46746826	0.66666669
761.49615479	0.66666669
761.52899170	0.66666669
761.55755615	0.66666669
761.58636475	0.66666669
761.61901855	0.66666669
761.64776611	0.66666669
761.67639160	0.66666669
761.70922852	0.66666669
761.73773193	0.66666669
761.76654053	0.66666669
761.79925537	0.66666669
761.82794189	0.66666669
761.85656738	0.66666669
761.88946533	0.66666669
761.91809082	0.66666669
761.94671631	0.66666669
761.97961426	0.66666669
762.00817871	0.66666669
762.03686523	0.66666669
762.06964111	0.66666669
762.09832764	0.68627453
762.12683105	0.68627453
762.15985107	0.68627453
762.18835449	0.68627453
762.21728516	0.68627453
762.27862549	0.68627453
762.30706787	0.68627453
762.36865234	0.68627453
762.39727783	0.68627453
762.45886230	0.68627453
762.48736572	0.66666669
762.51617432	0.66666669
762.54895020	0.66666669
762.57757568	0.66666669
762.60632324	0.66666669
762.63903809	0.66666669
762.66772461	0.66666669
762.69641113	0.66666669
762.72924805	0.66666669
762.75775146	0.66666669
762.78662109	0.66666669
762.81927490	0.64705884
762.84796143	0.64705884
762.87664795	0.64705884
762.90948486	0.64705884
762.93798828	0.64705884
762.96667480	0.64705884
762.99951172	0.64705884
763.02819824	0.64705884
763.05676270	0.64705884
763.08972168	0.64705884
763.11822510	0.62745100
763.14691162	0.62745100
763.17974854	0.62745100
763.20849609	0.62745100
763.23712158	0.62745100
763.26995850	0.62745100
763.29846191	0.62745100
763.32714844	0.62745100
763.35992432	0.62745100
763.38867188	0.62745100
763.41735840	0.60784316
763.45013428	0.60784316
763.47882080	0.60784316
763.50744629	0.60784316
763.54016113	0.60784316
763.56890869	0.60784316
763.59753418	0.60784316
763.63018799	0.60784316
763.65911865	0.60784316
763.68756104	0.60784316
763.72045898	0.60784316
763.74908447	0.60784316
763.77783203	0.60784316
763.81048584	0.60784316
763.83935547	0.60784316
763.86785889	0.60784316
763.90063477	0.60784316
763.92938232	0.60784316
763.95812988	0.58823532
763.99078369	0.58823532
764.01965332	0.58823532
764.04821777	0.58823532
764.08087158	0.58823532
764.10968018	0.58823532
764.13824463	0.58823532
764.17114258	0.58823532
764.19976807	0.58823532
764.22845459	0.58823532
764.26116943	0.58823532
764.28997803	0.58823532
764.31854248	0.58823532
764.35131836	0.58823532
764.38000488	0.58823532
764.40869141	0.58823532
764.44134521	0.58823532
764.47015381	0.58823532
764.49871826	0.58823532
764.56024170	0.56862748
764.58892822	0.56862748
764.65045166	0.56862748
764.67901611	0.56862748
764.74035645	0.56862748
764.76910400	0.56862748
764.79772949	0.56862748
764.83062744	0.56862748
764.85925293	0.56862748
764.88793945	0.54901963
764.92065430	0.54901963
764.94940186	0.54901963
764.97821045	0.54901963
765.01080322	0.54901963
765.03955078	0.54901963
765.06817627	0.54901963
765.10089111	0.54901963
765.12963867	0.54901963
765.15826416	0.54901963
765.19110107	0.54901963
765.21984863	0.54901963
765.24829102	0.54901963
765.28118896	0.54901963
765.30987549	0.54901963
765.33856201	0.54901963
765.37121582	0.54901963
765.40002441	0.54901963
765.42858887	0.54901963
765.46142578	0.54901963
765.49011230	0.54901963
765.51873779	0.54901963
765.55151367	0.54901963
765.58026123	0.54901963
765.60888672	0.54901963
765.64166260	0.54901963
765.67041016	0.54901963
765.69897461	0.54901963
765.73175049	0.54901963
765.76043701	0.54901963
765.78918457	0.54901963
765.82183838	0.54901963
765.85058594	0.54901963
765.87933350	0.54901963
765.91204834	0.54901963
765.94061279	0.54901963
765.96942139	0.54901963
766.00207520	0.54901963
766.03082275	0.56862748
766.05944824	0.56862748
766.09234619	0.56862748
766.12084961	0.56862748
766.14965820	0.56862748
766.18231201	0.56862748
766.21112061	0.56862748
766.23980713	0.56862748
766.27258301	0.58823532
766.30108643	0.58823532
766.32983398	0.58823532
766.36260986	0.58823532
766.39123535	0.58823532
766.41998291	0.58823532
766.45275879	0.58823532
766.48138428	0.60784316
766.51013184	0.60784316
766.54290771	0.60784316
766.57153320	0.60784316
766.60028076	0.60784316
766.63299561	0.60784316
766.66168213	0.60784316
766.69036865	0.62745100
766.75164795	0.62745100
766.78057861	0.62745100
766.84191895	0.64705884
766.87060547	0.64705884
766.93206787	0.64705884
766.96075439	0.64705884
766.98937988	0.64705884
767.02215576	0.66666669
767.05078125	0.66666669
767.07952881	0.66666669
767.11224365	0.66666669
767.14080811	0.66666669
767.16961670	0.66666669
767.20239258	0.66666669
767.23114014	0.66666669
767.25970459	0.68627453
767.29248047	0.68627453
767.32110596	0.68627453
767.34991455	0.68627453
767.38262939	0.68627453
767.41125488	0.68627453
767.44000244	0.68627453
767.47277832	0.68627453
767.50128174	0.68627453
767.53015137	0.70588237
767.56280518	0.70588237
767.59155273	0.70588237
767.62017822	0.70588237
767.65295410	0.70588237
767.68170166	0.70588237
767.71038818	0.70588237
767.74310303	0.70588237
767.77178955	0.70588237
767.80053711	0.72549021
767.83319092	0.72549021
767.86187744	0.72549021
767.89062500	0.72549021
767.92340088	0.72549021
767.95208740	0.72549021
767.98077393	0.72549021
768.01354980	0.72549021
768.04211426	0.72549021
768.07086182	0.72549021
768.10357666	0.72549021
768.13226318	0.72549021
768.16101074	0.72549021
768.19372559	0.72549021
768.22235107	0.72549021
768.25109863	0.72549021
768.28387451	0.72549021
768.31250000	0.72549021
768.34112549	0.74509805
768.37396240	0.74509805
768.40258789	0.74509805
768.43121338	0.74509805
768.46411133	0.74509805
768.49267578	0.74509805
768.52130127	0.74509805
768.55426025	0.74509805
768.58288574	0.74509805
768.61151123	0.74509805
768.64440918	0.74509805
768.67303467	0.74509805
768.70159912	0.74509805
768.73443604	0.74509805
768.76312256	0.74509805
768.79168701	0.74509805
768.82452393	0.74509805
768.85321045	0.74509805
768.88177490	0.74509805
768.91461182	0.74509805
768.94335938	0.74509805
768.97210693	0.74509805
769.03344727	0.74509805
769.06207275	0.74509805
769.12359619	0.76470590
769.15222168	0.76470590
769.21374512	0.76470590
769.24237061	0.76470590
769.27111816	0.76470590
769.30389404	0.76470590
769.33245850	0.76470590
769.36126709	0.76470590
769.39398193	0.76470590
769.42260742	0.76470590
769.45129395	0.76470590
769.48400879	0.76470590
769.51263428	0.76470590
769.54132080	0.76470590
769.57421875	0.76470590
769.60284424	0.76470590
769.63146973	0.76470590
769.66436768	0.76470590
769.69293213	0.76470590
769.72155762	0.76470590
769.75445557	0.76470590
769.78308105	0.76470590
769.81170654	0.78431374
769.84460449	0.78431374
769.87316895	0.78431374
769.90179443	0.78431374
769.93457031	0.78431374
769.96331787	0.78431374
769.99206543	0.78431374
770.02471924	0.78431374
770.05346680	0.78431374
770.08209229	0.78431374
770.11486816	0.78431374
770.14361572	0.78431374
770.17224121	0.78431374
770.20507813	0.78431374
770.23376465	0.78431374
770.26232910	0.78431374
770.29510498	0.78431374
770.32385254	0.78431374
770.35241699	0.78431374
770.38513184	0.78431374
770.41400146	0.78431374
770.44262695	0.78431374
770.47528076	0.78431374
770.50402832	0.78431374
770.53265381	0.78431374
770.56542969	0.78431374
770.59417725	0.78431374
770.62280273	0.78431374
770.65557861	0.80392158
770.68438721	0.80392158
770.71301270	0.80392158
770.74566650	0.80392158
770.77447510	0.80392158
770.80310059	0.80392158
770.83581543	0.80392158
770.86462402	0.80392158
770.89312744	0.80392158
770.92614746	0.80392158
770.95471191	0.80392158
770.98333740	0.80392158
771.01605225	0.80392158
771.04486084	0.80392158
771.07342529	0.80392158
771.10626221	0.80392158
771.13476563	0.80392158
771.16357422	0.80392158
771.22509766	0.80392158
771.25354004	0.80392158
771.31518555	0.80392158
771.34381104	0.80392158
771.40521240	0.80392158
771.43395996	0.80392158
771.49530029	0.80392158
771.52404785	0.80392158
771.55261230	0.80392158
771.58551025	0.80392158
771.61419678	0.80392158
771.64288330	0.80392158
771.67559814	0.80392158
771.70434570	0.82352942
771.73303223	0.80392158
771.76568604	0.82352942
771.79449463	0.82352942
771.82312012	0.82352942
771.85583496	0.82352942
771.88452148	0.82352942
771.91320801	0.82352942
771.94610596	0.82352942
771.97467041	0.82352942
772.00323486	0.82352942
772.03601074	0.82352942
772.06475830	0.82352942
772.09344482	0.82352942
772.12615967	0.82352942
772.15490723	0.82352942
772.18353271	0.82352942
772.21630859	0.82352942
772.24505615	0.82352942
772.27374268	0.82352942
772.30645752	0.82352942
772.33520508	0.82352942
772.36376953	0.82352942
772.39654541	0.82352942
772.42523193	0.82352942
772.45397949	0.82352942
772.48663330	0.82352942
772.51538086	0.82352942
772.54400635	0.82352942
772.57678223	0.82352942
772.60546875	0.82352942
772.63415527	0.82352942
772.66699219	0.82352942
772.69555664	0.82352942
772.72436523	0.82352942
772.75701904	0.82352942
772.78564453	0.82352942
772.81439209	0.82352942
772.84716797	0.82352942
772.87579346	0.82352942
772.90460205	0.82352942
772.93731689	0.82352942
772.96606445	0.82352942
772.99468994	0.82352942
773.02740479	0.82352942
773.05603027	0.82352942
773.08483887	0.82352942
773.11755371	0.82352942
773.14611816	0.82352942
773.17474365	0.82352942
773.20764160	0.82352942
773.23632813	0.82352942
773.26507568	0.82352942
773.29785156	0.82352942
773.32647705	0.82352942
773.35522461	0.82352942
773.38793945	0.82352942
773.41656494	0.80392158
773.44531250	0.80392158
773.50665283	0.80392158
773.53546143	0.80392158
773.59680176	0.78431374
773.62548828	0.78431374
773.68688965	0.78431374
773.71557617	0.76470590
773.74426270	0.76470590
773.77703857	0.76470590
773.80560303	0.76470590
773.83453369	0.74509805
773.86718750	0.74509805
773.89581299	0.74509805
773.92449951	0.74509805
773.95733643	0.72549021
773.98608398	0.72549021
774.01470947	0.72549021
774.04748535	0.72549021
774.07598877	0.72549021
774.10485840	0.72549021
774.13757324	0.72549021
774.16619873	0.72549021
774.19488525	0.72549021
774.22772217	0.70588237
774.25628662	0.70588237
774.28509521	0.70588237
774.31781006	0.70588237
774.34643555	0.70588237
774.37518311	0.70588237
774.40789795	0.70588237
774.43652344	0.70588237
774.46527100	0.70588237
774.49804688	0.70588237
774.52673340	0.70588237
774.55548096	0.70588237
774.58819580	0.70588237
774.61676025	0.70588237
774.64556885	0.70588237
774.67828369	0.70588237
774.70709229	0.70588237
774.73565674	0.70588237
774.76843262	0.72549021
774.79705811	0.72549021
774.82580566	0.72549021
774.85852051	0.72549021
774.88714600	0.72549021
774.91571045	0.72549021
774.94860840	0.72549021
774.97729492	0.72549021
775.00604248	0.72549021
775.03875732	0.72549021
775.06732178	0.74509805
775.09606934	0.74509805
775.12890625	0.74509805
775.15753174	0.74509805
775.18615723	0.74509805
775.21905518	0.74509805
775.24761963	0.74509805
775.27636719	0.74509805
775.30902100	0.74509805
775.33782959	0.74509805
775.36633301	0.74509805
775.39916992	0.74509805
775.42791748	0.74509805
775.45660400	0.76470590
775.48925781	0.76470590
775.51800537	0.76470590
775.54663086	0.76470590
775.57946777	0.76470590
775.60815430	0.76470590
775.63677979	0.76470590
775.66949463	0.76470590
775.69824219	0.76470590
775.72705078	0.76470590
775.78839111	0.76470590
775.81701660	0.76470590
775.87854004	0.76470590
775.90716553	0.78431374
775.96862793	0.78431374
775.99725342	0.78431374
776.02600098	0.78431374
776.05877686	0.78431374
776.08746338	0.78431374
776.11608887	0.76470590
776.14892578	0.76470590
776.17749023	0.76470590
776.20617676	0.76470590
776.23907471	0.76470590
776.26770020	0.76470590
776.29626465	0.76470590
776.32916260	0.76470590
776.35778809	0.76470590
776.38641357	0.76470590
776.41925049	0.76470590
776.44787598	0.76470590
776.47650146	0.76470590
776.50939941	0.76470590
776.53802490	0.76470590
776.56665039	0.76470590
776.59942627	0.76470590
776.62811279	0.76470590
776.65673828	0.76470590
776.68951416	0.76470590
776.71826172	0.76470590
776.74700928	0.76470590
776.77966309	0.76470590
776.80841064	0.76470590
776.83697510	0.76470590
776.86981201	0.76470590
776.89880371	0.76470590
776.92712402	0.76470590
776.96008301	0.76470590
776.98864746	0.76470590
777.01727295	0.76470590
777.05004883	0.76470590
777.07879639	0.76470590
777.10736084	0.78431374
777.14013672	0.78431374
777.16888428	0.78431374
777.19757080	0.78431374
777.23022461	0.78431374
777.25903320	0.78431374
777.28759766	0.78431374
777.32037354	0.78431374
777.34918213	0.78431374
777.37774658	0.78431374
777.41046143	0.78431374
777.43927002	0.78431374
777.46783447	0.78431374
777.50061035	0.78431374
777.52941895	0.78431374
777.55798340	0.78431374
777.59082031	0.78431374
777.61950684	0.78431374
777.64807129	0.78431374
777.68096924	0.78431374
777.70965576	0.78431374
777.73822021	0.78431374
777.77105713	0.78431374
777.79956055	0.78431374
777.82843018	0.78431374
777.86114502	0.78431374
777.88977051	0.78431374
777.91857910	0.78431374
777.98010254	0.76470590
778.00866699	0.76470590
778.07000732	0.76470590
778.09869385	0.76470590
778.16009521	0.76470590
778.18890381	0.76470590
778.25024414	0.74509805
778.27899170	0.74509805
778.30761719	0.74509805
778.34033203	0.74509805
778.36914063	0.74509805
778.39776611	0.74509805
778.43054199	0.74509805
778.45922852	0.74509805
778.48803711	0.74509805
778.52069092	0.74509805
778.54931641	0.72549021
778.57800293	0.72549021
778.61077881	0.72549021
778.63946533	0.72549021
778.66809082	0.72549021
778.70098877	0.72549021
778.72961426	0.72549021
778.75830078	0.72549021
778.79095459	0.70588237
778.81976318	0.70588237
778.84832764	0.70588237
778.88110352	0.70588237
778.90985107	0.70588237
778.93847656	0.70588237
778.97125244	0.68627453
779.00000000	0.68627453
779.02862549	0.68627453
779.06140137	0.68627453
779.08996582	0.68627453
779.11871338	0.66666669
779.15155029	0.66666669
779.18011475	0.66666669
779.20886230	0.66666669
779.24151611	0.66666669
779.27026367	0.66666669
779.29895020	0.66666669
779.33184814	0.66666669
779.36035156	0.66666669
779.38909912	0.66666669
779.42187500	0.66666669
779.45050049	0.66666669
779.47924805	0.66666669
779.51190186	0.66666669
779.54052734	0.66666669
779.56927490	0.66666669
779.60217285	0.66666669
779.63073730	0.66666669
779.65948486	0.66666669
779.69226074	0.66666669
779.72100830	0.66666669
779.74963379	0.66666669
779.78234863	0.66666669
779.81097412	0.66666669
779.83972168	0.66666669
779.87249756	0.66666669
779.90100098	0.66666669
779.92987061	0.66666669
779.96270752	0.66666669
779.99127197	0.66666669
780.01995850	0.66666669
780.05279541	0.66666669
780.08135986	0.66666669
780.11016846	0.66666669
780.14288330	0.66666669
780.17144775	0.66666669
780.20007324	0.68627453
780.26159668	0.68627453
780.29022217	0.68627453
780.35174561	0.68627453
780.38037109	0.68627453
780.44183350	0.68627453
780.47045898	0.68627453
780.49920654	0.68627453
780.53216553	0.70588237
780.56060791	0.70588237
780.58935547	0.70588237
780.62213135	0.70588237
780.65069580	0.70588237
780.67944336	0.70588237
780.71221924	0.70588237
780.74102783	0.70588237
780.76947021	0.70588237
780.80236816	0.70588237
780.83093262	0.72549021
780.85974121	0.72549021
780.89251709	0.72549021
780.92114258	0.72549021
780.94982910	0.72549021
780.98260498	0.72549021
781.01123047	0.72549021
781.03997803	0.72549021
781.07275391	0.74509805
781.10131836	0.74509805
781.13006592	0.74509805
781.16284180	0.74509805
781.19146729	0.74509805
781.22021484	0.74509805
781.25299072	0.74509805
781.28161621	0.74509805
781.31036377	0.74509805
781.34313965	0.74509805
781.37176514	0.74509805
781.40051270	0.72549021
781.43322754	0.72549021
781.46191406	0.72549021
781.49047852	0.72549021
781.52337646	0.72549021
781.55200195	0.72549021
781.58050537	0.72549021
781.61346436	0.72549021
781.64208984	0.72549021
781.67071533	0.72549021
781.70361328	0.70588237
781.73211670	0.70588237
781.76092529	0.70588237
781.79370117	0.70588237
781.82226563	0.70588237
781.85101318	0.70588237
781.88372803	0.70588237
781.91247559	0.70588237
781.94104004	0.70588237
781.97393799	0.70588237
782.00256348	0.70588237
782.03125000	0.70588237
782.06396484	0.70588237
782.09277344	0.70588237
782.12127686	0.70588237
782.15411377	0.70588237
782.18286133	0.70588237
782.21148682	0.70588237
782.24420166	0.70588237
782.27294922	0.70588237
782.30151367	0.70588237
782.33435059	0.70588237
782.36303711	0.70588237
782.39166260	0.70588237
782.42443848	0.70588237
782.45318604	0.70588237
782.48187256	0.70588237
782.54339600	0.70588237
782.57189941	0.70588237
782.63348389	0.72549021
782.66204834	0.72549021
782.72357178	0.72549021
782.75219727	0.72549021
782.78094482	0.72549021
782.81372070	0.72549021
782.84234619	0.72549021
782.87091064	0.72549021
782.90386963	0.72549021
782.93243408	0.72549021
782.96105957	0.72549021
782.99395752	0.72549021
783.02258301	0.72549021
783.05114746	0.74509805
783.08392334	0.74509805
783.11267090	0.74509805
783.14135742	0.74509805
783.17419434	0.74509805
783.20281982	0.74509805
783.23138428	0.74509805
783.26416016	0.74509805
783.29290771	0.74509805
783.32153320	0.74509805
783.35437012	0.76470590
783.38305664	0.76470590
783.41162109	0.76470590
783.44445801	0.76470590
783.47320557	0.76470590
783.50189209	0.76470590
783.53448486	0.76470590
783.56329346	0.76470590
783.59197998	0.76470590
783.62469482	0.76470590
783.65350342	0.76470590
783.68200684	0.76470590
783.71502686	0.76470590
783.74359131	0.76470590
783.77221680	0.76470590
783.80493164	0.76470590
783.83361816	0.76470590
783.86224365	0.76470590
783.89501953	0.76470590
783.92382813	0.76470590
783.95239258	0.76470590
783.98516846	0.78431374
784.01391602	0.78431374
784.04248047	0.78431374
784.07531738	0.78431374
784.10406494	0.78431374
784.13262939	0.78431374
784.16552734	0.78431374
784.19415283	0.78431374
784.22277832	0.78431374
784.25555420	0.78431374
784.28430176	0.78431374
784.31292725	0.78431374
784.34576416	0.78431374
784.37445068	0.78431374
784.40307617	0.78431374
784.43572998	0.78431374
784.46447754	0.78431374
784.49316406	0.78431374
784.52593994	0.78431374
784.55456543	0.78431374
784.58331299	0.78431374
784.61602783	0.78431374
784.64471436	0.78431374
784.67340088	0.78431374
784.73492432	0.78431374
784.76354980	0.78431374
784.82489014	0.80392158
784.85357666	0.80392158
784.91510010	0.80392158
784.94378662	0.80392158
784.97241211	0.80392158
785.00512695	0.80392158
785.03387451	0.80392158
785.06256104	0.80392158
785.09527588	0.80392158
785.12390137	0.80392158
785.15270996	0.80392158
785.18536377	0.80392158
785.21423340	0.80392158
785.24279785	0.80392158
785.27557373	0.80392158
785.30432129	0.80392158
785.33294678	0.80392158
785.36560059	0.80392158
785.39440918	0.80392158
785.42303467	0.80392158
785.45593262	0.80392158
785.48455811	0.80392158
785.51318359	0.80392158
785.54589844	0.80392158
785.57464600	0.80392158
785.60327148	0.80392158
785.63598633	0.80392158
785.66467285	0.80392158
785.69342041	0.80392158
785.72613525	0.80392158
785.75488281	0.80392158
785.78350830	0.80392158
785.81628418	0.80392158
785.84490967	0.80392158
785.87365723	0.80392158
785.90643311	0.80392158
785.93505859	0.80392158
785.96380615	0.80392158
785.99645996	0.80392158
786.02520752	0.80392158
786.05389404	0.80392158
786.08673096	0.80392158
786.11523438	0.80392158
786.14404297	0.80392158
786.17675781	0.80392158
786.20538330	0.80392158
786.23419189	0.80392158
786.26690674	0.80392158
786.29553223	0.80392158
786.32427979	0.80392158
786.35705566	0.80392158
786.38568115	0.80392158
786.41436768	0.80392158
786.44714355	0.80392158
786.47607422	0.80392158
786.50451660	0.80392158
786.53729248	0.80392158
786.56585693	0.80392158
786.59466553	0.82352942
786.62738037	0.80392158
786.65600586	0.82352942
786.68475342	0.82352942
786.71759033	0.82352942
786.74615479	0.82352942
786.77496338	0.82352942
786.80767822	0.82352942
786.83630371	0.82352942
786.86486816	0.82352942
786.89782715	0.82352942
786.92639160	0.82352942
786.95501709	0.82352942
787.01654053	0.80392158
787.04516602	0.80392158
787.10662842	0.80392158
787.13531494	0.80392158
787.19677734	0.82352942
787.22540283	0.82352942
787.25415039	0.82352942
787.28686523	0.82352942
787.31561279	0.82352942
787.34429932	0.82352942
787.37701416	0.82352942
787.40563965	0.82352942
787.43438721	0.82352942
787.46716309	0.82352942
787.49591064	0.82352942
787.52453613	0.82352942
787.55718994	0.82352942
787.58587646	0.82352942
787.61462402	0.82352942
787.64746094	0.82352942
787.67602539	0.82352942
787.70477295	0.82352942
787.73742676	0.82352942
787.76617432	0.82352942
787.79486084	0.82352942
787.82763672	0.82352942
787.85626221	0.82352942
787.88500977	0.82352942
787.91772461	0.82352942
787.94647217	0.82352942
787.97515869	0.82352942
788.00787354	0.82352942
788.03656006	0.82352942
788.06512451	0.82352942
788.09796143	0.82352942
788.12664795	0.82352942
788.15527344	0.82352942
788.18817139	0.82352942
788.21679688	0.82352942
788.24536133	0.82352942
788.27825928	0.82352942
788.30682373	0.82352942
788.33551025	0.82352942
788.36840820	0.82352942
788.39703369	0.82352942
788.42559814	0.82352942
788.45843506	0.82352942
788.48706055	0.82352942
788.51586914	0.82352942
788.54852295	0.82352942
788.57720947	0.82352942
788.60589600	0.82352942
788.63861084	0.82352942
788.66735840	0.82352942
788.69598389	0.82352942
788.72888184	0.82352942
788.75750732	0.82352942
788.78619385	0.82352942
788.81884766	0.82352942
788.84771729	0.82352942
788.87628174	0.82352942
788.90905762	0.82352942
788.93774414	0.82352942
788.96643066	0.82352942
788.99908447	0.82352942
789.02789307	0.82352942
789.05639648	0.82352942
789.08923340	0.82352942
789.11798096	0.82352942
789.14672852	0.82352942
789.17932129	0.84313726
789.20819092	0.82352942
789.23669434	0.84313726
789.29827881	0.84313726
789.32690430	0.84313726
789.38836670	0.82352942
789.41699219	0.82352942
789.47851563	0.82352942
789.50708008	0.82352942
789.53576660	0.82352942
789.56860352	0.82352942
789.59722900	0.82352942
789.62585449	0.82352942
789.65869141	0.82352942
789.68737793	0.82352942
789.71600342	0.82352942
789.74896240	0.82352942
789.77752686	0.84313726
789.80609131	0.84313726
789.83892822	0.84313726
789.86755371	0.84313726
789.89630127	0.84313726
789.92895508	0.84313726
789.95782471	0.84313726
789.98626709	0.84313726
790.01916504	0.84313726
790.04779053	0.84313726
790.07647705	0.84313726
790.10925293	0.84313726
790.13800049	0.84313726
790.16656494	0.84313726
790.19940186	0.84313726
790.22808838	0.84313726
790.25689697	0.84313726
790.28948975	0.84313726
790.31823730	0.84313726
790.34692383	0.84313726
790.37963867	0.84313726
790.40844727	0.84313726
790.43695068	0.84313726
790.46990967	0.82352942
790.49847412	0.82352942
790.52716064	0.82352942
790.55987549	0.84313726
790.58868408	0.84313726
790.61724854	0.84313726
790.65002441	0.84313726
790.67871094	0.84313726
790.70739746	0.84313726
790.74011230	0.84313726
790.76885986	0.84313726
790.79748535	0.84313726
790.83026123	0.84313726
790.85894775	0.84313726
790.88763428	0.84313726
790.92034912	0.84313726
790.94909668	0.84313726
790.97772217	0.84313726
791.01049805	0.84313726
791.03906250	0.84313726
791.06787109	0.84313726
791.10064697	0.84313726
791.12927246	0.84313726
791.15795898	0.84313726
791.19067383	0.84313726
791.21936035	0.84313726
791.24810791	0.84313726
791.28088379	0.84313726
791.30944824	0.84313726
791.33825684	0.84313726
791.37097168	0.84313726
791.39965820	0.84313726
791.42828369	0.84313726
791.48980713	0.84313726
791.51849365	0.84313726
791.57989502	0.84313726
791.60858154	0.84313726
791.66998291	0.84313726
791.69873047	0.84313726
791.72729492	0.84313726
791.76013184	0.84313726
791.78881836	0.84313726
791.81744385	0.84313726
791.85021973	0.84313726
791.87896729	0.84313726
791.90765381	0.84313726
791.94036865	0.84313726
791.96917725	0.84313726
791.99774170	0.84313726
792.03051758	0.84313726
792.05908203	0.84313726
792.08789063	0.84313726
792.12060547	0.84313726
792.14941406	0.84313726
792.17791748	0.84313726
792.21093750	0.84313726
792.23931885	0.84313726
792.26812744	0.84313726
792.30084229	0.84313726
792.32946777	0.84313726
792.35821533	0.84313726
792.39099121	0.84313726
792.41955566	0.84313726
792.44836426	0.84313726
792.48107910	0.84313726
792.50988770	0.84313726
792.53845215	0.84313726
792.57122803	0.84313726
792.59985352	0.84313726
792.62860107	0.84313726
792.66137695	0.84313726
792.69000244	0.84313726
792.71868896	0.84313726
792.75140381	0.84313726
792.78009033	0.84313726
792.80883789	0.84313726
792.84161377	0.84313726
792.87017822	0.84313726
792.89904785	0.84313726
792.93170166	0.84313726
792.96038818	0.84313726
792.98907471	0.84313726
793.02191162	0.84313726
793.05041504	0.84313726
793.07922363	0.84313726
793.11193848	0.84313726
793.14062500	0.84313726
793.16931152	0.84313726
793.20208740	0.84313726
793.23089600	0.84313726
793.25946045	0.84313726
793.29217529	0.84313726
793.32086182	0.84313726
793.34954834	0.84313726
793.38244629	0.84313726
793.41101074	0.86274511
793.43957520	0.84313726
793.47253418	0.86274511
793.50103760	0.84313726
793.52990723	0.84313726
793.56256104	0.84313726
793.59124756	0.84313726
793.61981201	0.84313726
793.65277100	0.84313726
793.68133545	0.84313726
793.70996094	0.84313726
793.77142334	0.84313726
793.79998779	0.84313726
793.86151123	0.84313726
793.89013672	0.84313726
793.95172119	0.86274511
793.98028564	0.86274511
794.00909424	0.86274511
794.04180908	0.86274511
794.07049561	0.86274511
794.09918213	0.86274511
794.13195801	0.86274511
794.16052246	0.86274511
794.18933105	0.86274511
794.22210693	0.86274511
794.25085449	0.86274511
794.27941895	0.86274511
794.31219482	0.86274511
794.34088135	0.86274511
794.36956787	0.86274511
794.40234375	0.86274511
794.43096924	0.86274511
794.45965576	0.86274511
794.49243164	0.86274511
794.52105713	0.86274511
794.54980469	0.86274511
794.58258057	0.86274511
794.61120605	0.86274511
794.63995361	0.86274511
794.67266846	0.86274511
794.70129395	0.86274511
794.72991943	0.86274511
794.76281738	0.86274511
794.79150391	0.86274511
794.82006836	0.86274511
794.85296631	0.86274511
794.88159180	0.86274511
794.91015625	0.86274511
794.94305420	0.86274511
794.97174072	0.86274511
795.00030518	0.86274511
795.03320313	0.86274511
795.06182861	0.86274511
795.09045410	0.86274511
795.12316895	0.86274511
795.15197754	0.86274511
795.18054199	0.86274511
795.21337891	0.86274511
795.24200439	0.86274511
795.27081299	0.86274511
795.30340576	0.86274511
795.33221436	0.86274511
795.36077881	0.86274511
795.39367676	0.86274511
795.42236328	0.86274511
795.45092773	0.86274511
795.48382568	0.86274511
795.51245117	0.86274511
795.54101563	0.86274511
795.57379150	0.86274511
795.60260010	0.84313726
795.63122559	0.86274511
795.66387939	0.84313726
795.69268799	0.86274511
795.72137451	0.86274511
795.75408936	0.86274511
795.78283691	0.86274511
795.81146240	0.86274511
795.84411621	0.86274511
795.87286377	0.86274511
795.90161133	0.86274511
795.93426514	0.84313726
795.96313477	0.84313726
795.99163818	0.84313726
796.05316162	0.84313726
796.08178711	0.84313726
796.14331055	0.84313726
796.17193604	0.84313726
796.23333740	0.84313726
796.26208496	0.84313726
796.29083252	0.84313726
796.32354736	0.84313726
796.35223389	0.84313726
796.38073730	0.82352942
796.41357422	0.82352942
796.44232178	0.82352942
796.47094727	0.82352942
796.50378418	0.82352942
796.53259277	0.82352942
796.56097412	0.82352942
796.59387207	0.82352942
796.62255859	0.82352942
796.65124512	0.82352942
796.68383789	0.82352942
796.71276855	0.82352942
796.74121094	0.82352942
796.77404785	0.82352942
796.80279541	0.82352942
796.83142090	0.82352942
796.86413574	0.82352942
796.89294434	0.82352942
796.92150879	0.82352942
796.95428467	0.82352942
796.98303223	0.82352942
797.01177979	0.82352942
797.04443359	0.82352942
797.07318115	0.82352942
797.10180664	0.82352942
797.13458252	0.82352942
797.16333008	0.82352942
797.19189453	0.82352942
797.22485352	0.82352942
797.25341797	0.82352942
797.28210449	0.82352942
797.31475830	0.82352942
797.34356689	0.82352942
797.37213135	0.82352942
797.40490723	0.82352942
797.43353271	0.82352942
797.46234131	0.82352942
797.49499512	0.82352942
797.52380371	0.82352942
797.55242920	0.82352942
797.58520508	0.82352942
797.61383057	0.82352942
797.64257813	0.82352942
797.67529297	0.82352942
797.70391846	0.84313726
797.73260498	0.84313726
797.76538086	0.84313726
797.79400635	0.84313726
797.82275391	0.84313726
797.85559082	0.84313726
797.88421631	0.84313726
797.91296387	0.84313726
797.94567871	0.84313726
797.97430420	0.84313726
798.00299072	0.84313726
798.03582764	0.84313726
798.06433105	0.84313726
798.09320068	0.84313726
798.12585449	0.82352942
798.15454102	0.84313726
798.18322754	0.84313726
798.24475098	0.84313726
798.27349854	0.84313726
798.33477783	0.84313726
798.36352539	0.84313726
798.42492676	0.84313726
798.45367432	0.84313726
798.48223877	0.84313726
798.51501465	0.84313726
798.54376221	0.84313726
798.57232666	0.84313726
798.60522461	0.84313726
798.63385010	0.84313726
798.66259766	0.84313726
798.69531250	0.84313726
798.72406006	0.84313726
798.75262451	0.84313726
798.78546143	0.84313726
798.81414795	0.84313726
798.84283447	0.84313726
798.87548828	0.84313726
798.90417480	0.84313726
798.93286133	0.84313726
798.96569824	0.84313726
798.99420166	0.84313726
799.02307129	0.84313726
799.05572510	0.84313726
799.08441162	0.84313726
799.11315918	0.84313726
799.14593506	0.84313726
799.17449951	0.84313726
799.20324707	0.84313726
799.23602295	0.84313726
799.26470947	0.84313726
799.29339600	0.84313726
799.32617188	0.86274511
799.35479736	0.86274511
799.38348389	0.86274511
799.41632080	0.86274511
799.44488525	0.86274511
799.47363281	0.86274511
799.50640869	0.84313726
799.53491211	0.84313726
799.56372070	0.84313726
799.59649658	0.84313726
799.62512207	0.84313726
799.65393066	0.84313726
799.68658447	0.84313726
799.71527100	0.86274511
799.74395752	0.86274511
799.77679443	0.86274511
799.80529785	0.86274511
799.83416748	0.86274511
799.86682129	0.86274511
799.89550781	0.86274511
799.92425537	0.86274511
799.95697021	0.86274511
799.98565674	0.86274511
800.01422119	0.86274511
800.04711914	0.86274511
800.07574463	0.86274511
800.10437012	0.84313726
800.13726807	0.84313726
800.16607666	0.84313726
800.19445801	0.84313726
800.22741699	0.84313726
800.25598145	0.84313726
800.28479004	0.84313726
800.31756592	0.84313726
800.34613037	0.84313726
800.37475586	0.84313726
800.40771484	0.84313726
800.43621826	0.84313726
800.46490479	0.84313726
800.52636719	0.84313726
800.55499268	0.84313726
800.61645508	0.84313726
800.64514160	0.84313726
800.70660400	0.84313726
800.73522949	0.84313726
800.76397705	0.84313726
800.79675293	0.84313726
800.82537842	0.84313726
800.85412598	0.84313726
800.88684082	0.84313726
800.91552734	0.84313726
800.94427490	0.84313726
800.97705078	0.84313726
801.00573730	0.84313726
801.03436279	0.84313726
801.06707764	0.84313726
801.09576416	0.84313726
801.12451172	0.84313726
801.15728760	0.84313726
801.18585205	0.82352942
801.21466064	0.82352942
801.24731445	0.82352942
801.27606201	0.82352942
801.30468750	0.82352942
801.33752441	0.82352942
801.36596680	0.82352942
801.39477539	0.84313726
801.42767334	0.84313726
801.45623779	0.84313726
801.48498535	0.84313726
801.51788330	0.84313726
801.54638672	0.84313726
801.57501221	0.84313726
801.60784912	0.84313726
801.63647461	0.84313726
801.66510010	0.84313726
801.69787598	0.84313726
801.72668457	0.84313726
801.75524902	0.84313726
801.78802490	0.84313726
801.81671143	0.84313726
801.84539795	0.84313726
801.87811279	0.84313726
801.90692139	0.84313726
801.93548584	0.84313726
801.96826172	0.84313726
801.99694824	0.84313726
802.02587891	0.84313726
802.05834961	0.84313726
802.08715820	0.84313726
802.11566162	0.84313726
802.14849854	0.84313726
802.17718506	0.84313726
802.20587158	0.84313726
802.23870850	0.84313726
802.26733398	0.84313726
802.29595947	0.84313726
802.32873535	0.84313726
802.35748291	0.84313726
802.38610840	0.84313726
802.41876221	0.84313726
802.44757080	0.84313726
802.47625732	0.84313726
802.50903320	0.84313726
802.53778076	0.84313726
802.56634521	0.84313726
802.59906006	0.86274511
802.62774658	0.84313726
802.65649414	0.86274511
802.71801758	0.86274511
802.74652100	0.86274511
802.80804443	0.86274511
802.83679199	0.86274511
802.89831543	0.84313726
802.92681885	0.84313726
802.95550537	0.84313726
802.98822021	0.84313726
803.01696777	0.84313726
803.04571533	0.84313726
803.07836914	0.84313726
803.10711670	0.84313726
803.13574219	0.84313726
803.16851807	0.84313726
803.19720459	0.84313726
803.22589111	0.84313726
803.25872803	0.84313726
803.28741455	0.84313726
803.31604004	0.86274511
803.34875488	0.86274511
803.37744141	0.86274511
803.40612793	0.86274511
803.43884277	0.86274511
803.46765137	0.86274511
803.49615479	0.86274511
803.52899170	0.86274511
803.55767822	0.86274511
803.58636475	0.86274511
803.61907959	0.86274511
803.64788818	0.86274511
803.67639160	0.86274511
803.70922852	0.86274511
803.73797607	0.86274511
803.76672363	0.86274511
803.79937744	0.86274511
803.82806396	0.86274511
803.85668945	0.86274511
803.88946533	0.86274511
803.91821289	0.86274511
803.94683838	0.86274511
803.97979736	0.86274511
804.00830078	0.86274511
804.03698730	0.84313726
804.06970215	0.84313726
804.09851074	0.84313726
804.12713623	0.86274511
804.15985107	0.86274511
804.18859863	0.86274511
804.21722412	0.86274511
804.24993896	0.86274511
804.27868652	0.86274511
804.30725098	0.86274511
804.34002686	0.86274511
804.36871338	0.86274511
804.39746094	0.86274511
804.43023682	0.86274511
804.45880127	0.86274511
804.48754883	0.86274511
804.52026367	0.86274511
804.54895020	0.86274511
804.57769775	0.86274511
804.61047363	0.86274511
804.63903809	0.86274511
804.66790771	0.86274511
804.70062256	0.86274511
804.72918701	0.86274511
804.75793457	0.86274511
804.79071045	0.86274511
804.81927490	0.86274511
804.84814453	0.86274511
804.88079834	0.86274511
804.90942383	0.86274511
804.93817139	0.86274511
804.99963379	0.86274511
805.02838135	0.86274511
805.08972168	0.86274511
805.11840820	0.86274511
805.17980957	0.86274511
805.20855713	0.86274511
805.23718262	0.86274511
805.26995850	0.86274511
805.29876709	0.86274511
805.32733154	0.86274511
805.36010742	0.86274511
805.38879395	0.86274511
805.41748047	0.86274511
805.45019531	0.86274511
805.47888184	0.86274511
805.50756836	0.86274511
805.54034424	0.86274511
805.56890869	0.86274511
805.59777832	0.86274511
805.63043213	0.86274511
805.65911865	0.86274511
805.68780518	0.86274511
805.72058105	0.86274511
805.74920654	0.86274511
805.77795410	0.86274511
805.81072998	0.86274511
805.83935547	0.86274511
805.86804199	0.86274511
805.90081787	0.86274511
805.92938232	0.86274511
805.95825195	0.86274511
805.99096680	0.86274511
806.01965332	0.86274511
806.04833984	0.86274511
806.08105469	0.86274511
806.10968018	0.86274511
806.13848877	0.86274511
806.17120361	0.86274511
806.19982910	0.86274511
806.22857666	0.86274511
806.26129150	0.86274511
806.28997803	0.86274511
806.31866455	0.86274511
806.35144043	0.86274511
806.38000488	0.86274511
806.40887451	0.86274511
806.44152832	0.86274511
806.47021484	0.86274511
806.49890137	0.86274511
806.53167725	0.86274511
806.56024170	0.86274511
806.58911133	0.86274511
806.62182617	0.86274511
806.65051270	0.86274511
806.67901611	0.86274511
806.71197510	0.86274511
806.74053955	0.86274511
806.76922607	0.86274511
806.80206299	0.86274511
806.83074951	0.86274511
806.85931396	0.86274511
806.89221191	0.86274511
806.92083740	0.86274511
806.94952393	0.86274511
806.98236084	0.86274511
807.01092529	0.86274511
807.03973389	0.86274511
807.07244873	0.86274511
807.10101318	0.86274511
807.12957764	0.86274511
807.16241455	0.86274511
807.19116211	0.86274511
807.21984863	0.86274511
807.28137207	0.86274511
807.30987549	0.86274511
807.37139893	0.86274511
807.40008545	0.86274511
807.46160889	0.86274511
807.49011230	0.86274511
807.51898193	0.88235295
807.55169678	0.88235295
807.58038330	0.88235295
807.60906982	0.88235295
807.64184570	0.88235295
807.67041016	0.88235295
807.69909668	0.88235295
807.73199463	0.88235295
807.76068115	0.88235295
807.78918457	0.88235295
807.82202148	0.88235295
807.85070801	0.88235295
807.87921143	0.88235295
807.91223145	0.88235295
807.94073486	0.88235295
807.96948242	0.88235295
808.00225830	0.88235295
808.03094482	0.88235295
808.05963135	0.88235295
808.09246826	0.88235295
808.12097168	0.88235295
808.14971924	0.88235295
808.18249512	0.88235295
808.21118164	0.88235295
808.23974609	0.88235295
808.27270508	0.88235295
808.30126953	0.88235295
808.33001709	0.88235295
808.36260986	0.88235295
808.39141846	0.88235295
808.42004395	0.88235295
808.45281982	0.88235295
808.48156738	0.88235295
808.51019287	0.88235295
808.54296875	0.88235295
808.57165527	0.88235295
808.60034180	0.88235295
808.63299561	0.88235295
808.66186523	0.88235295
808.69036865	0.88235295
808.72320557	0.88235295
808.75189209	0.88235295
808.78070068	0.88235295
808.81329346	0.88235295
808.84204102	0.88235295
808.87060547	0.88235295
808.90350342	0.88235295
808.93212891	0.88235295
808.96087646	0.88235295
808.99365234	0.88235295
809.02233887	0.88235295
809.05084229	0.88235295
809.08367920	0.88235295
809.11236572	0.88235295
809.14105225	0.88235295
809.17382813	0.88235295
809.20257568	0.88235295
809.23120117	0.86274511
809.26391602	0.86274511
809.29272461	0.86274511
809.32128906	0.86274511
809.35406494	0.86274511
809.38281250	0.86274511
809.41143799	0.84313726
809.47296143	0.84313726
809.50146484	0.84313726
809.56280518	0.82352942
809.59161377	0.82352942
809.65301514	0.80392158
809.68170166	0.78431374
809.71044922	0.78431374
809.74310303	0.78431374
809.77191162	0.76470590
809.80059814	0.76470590
809.83331299	0.76470590
809.86199951	0.74509805
809.89068604	0.74509805
809.92340088	0.74509805
809.95214844	0.74509805
809.98083496	0.74509805
810.01367188	0.72549021
810.04229736	0.72549021
810.07092285	0.72549021
810.10363770	0.72549021
810.13244629	0.70588237
810.16107178	0.70588237
810.19378662	0.70588237
810.22259521	0.70588237
810.25109863	0.70588237
810.28393555	0.70588237
810.31262207	0.70588237
810.34130859	0.68627453
810.37396240	0.68627453
810.40283203	0.68627453
810.43133545	0.68627453
810.46417236	0.68627453
810.49291992	0.68627453
810.52154541	0.68627453
810.55426025	0.68627453
810.58306885	0.66666669
810.61157227	0.66666669
810.64440918	0.66666669
810.67315674	0.66666669
810.70178223	0.66666669
810.73455811	0.66666669
810.76318359	0.66666669
810.79193115	0.66666669
810.82464600	0.66666669
810.85333252	0.66666669
810.88201904	0.66666669
810.91473389	0.66666669
810.94329834	0.66666669
810.97216797	0.64705884
811.00482178	0.64705884
811.03369141	0.64705884
811.06219482	0.64705884
811.09509277	0.64705884
811.12359619	0.64705884
811.15246582	0.64705884
811.18505859	0.64705884
811.21386719	0.64705884
811.24249268	0.64705884
811.27526855	0.64705884
811.30383301	0.64705884
811.33264160	0.64705884
811.36535645	0.64705884
811.39398193	0.64705884
811.42279053	0.64705884
811.45550537	0.64705884
811.48413086	0.64705884
811.51287842	0.64705884
811.54565430	0.64705884
811.57427979	0.64705884
811.60302734	0.64705884
811.63574219	0.64705884
811.66436768	0.64705884
811.69311523	0.64705884
811.75457764	0.64705884
811.78326416	0.64705884
811.84466553	0.64705884
811.87341309	0.64705884
811.93475342	0.64705884
811.96350098	0.64705884
811.99212646	0.64705884
812.02496338	0.64705884
812.05364990	0.64705884
812.08221436	0.64705884
812.11499023	0.64705884
812.14355469	0.64705884
812.17242432	0.64705884
812.20513916	0.64705884
812.23376465	0.64705884
812.26251221	0.64705884
812.29522705	0.64705884
812.32385254	0.64705884
812.35260010	0.64705884
812.38537598	0.64705884
812.41400146	0.64705884
812.44268799	0.64705884
812.47546387	0.64705884
812.50408936	0.64705884
812.53295898	0.64705884
812.56561279	0.64705884
812.59423828	0.64705884
812.62298584	0.64705884
812.65582275	0.64705884
812.68432617	0.64705884
812.71313477	0.64705884
812.74584961	0.64705884
812.77459717	0.64705884
812.80328369	0.64705884
812.83605957	0.64705884
812.86462402	0.64705884
812.89337158	0.64705884
812.92614746	0.64705884
812.95471191	0.64705884
812.98358154	0.64705884
813.01629639	0.66666669
813.04486084	0.66666669
813.07366943	0.66666669
813.10638428	0.66666669
813.13500977	0.66666669
813.16375732	0.66666669
813.19647217	0.66666669
813.22509766	0.66666669
813.25372314	0.66666669
813.28662109	0.66666669
813.31524658	0.68627453
813.34387207	0.68627453
813.37677002	0.68627453
813.40533447	0.68627453
813.43395996	0.68627453
813.46691895	0.68627453
813.49548340	0.68627453
813.52410889	0.68627453
813.55700684	0.68627453
813.58563232	0.68627453
813.61425781	0.68627453
813.64709473	0.70588237
813.67572021	0.70588237
813.70434570	0.70588237
813.73718262	0.70588237
813.76586914	0.70588237
813.79467773	0.70588237
813.82720947	0.70588237
813.85595703	0.70588237
813.88458252	0.72549021
813.91729736	0.72549021
813.94610596	0.72549021
813.97467041	0.72549021
814.03619385	0.72549021
814.06481934	0.72549021
814.12634277	0.72549021
814.15496826	0.72549021
814.21643066	0.74509805
814.24511719	0.74509805
814.27386475	0.74509805
814.30657959	0.74509805
814.33526611	0.74509805
814.36389160	0.74509805
814.39672852	0.74509805
814.42541504	0.74509805
814.45391846	0.74509805
814.48687744	0.74509805
814.51544189	0.74509805
814.54406738	0.74509805
814.57696533	0.74509805
814.60559082	0.74509805
814.63415527	0.74509805
814.66711426	0.76470590
814.69573975	0.76470590
814.72430420	0.76470590
814.75726318	0.76470590
814.78582764	0.76470590
814.81457520	0.76470590
814.84735107	0.76470590
814.87597656	0.76470590
814.90460205	0.76470590
814.93731689	0.76470590
814.96612549	0.76470590
814.99468994	0.76470590
815.02764893	0.76470590
815.05621338	0.76470590
815.08483887	0.76470590
815.11755371	0.76470590
815.14630127	0.76470590
815.17498779	0.76470590
815.20776367	0.76470590
815.23651123	0.76470590
815.26507568	0.76470590
815.29785156	0.76470590
815.32659912	0.76470590
815.35528564	0.76470590
815.38793945	0.76470590
815.41668701	0.76470590
815.44531250	0.76470590
815.47808838	0.76470590
815.50683594	0.76470590
815.53552246	0.76470590
815.56823730	0.76470590
815.59692383	0.76470590
815.62561035	0.76470590
815.65838623	0.76470590
815.68707275	0.76470590
815.71569824	0.76470590
815.74859619	0.76470590
815.77728271	0.76470590
815.80584717	0.76470590
815.83856201	0.76470590
815.86730957	0.76470590
815.89593506	0.76470590
815.92877197	0.76470590
815.95745850	0.76470590
815.98614502	0.76470590
816.01879883	0.76470590
816.04760742	0.76470590
816.07617188	0.76470590
816.10900879	0.76470590
816.13769531	0.76470590
816.16644287	0.76470590
816.22766113	0.76470590
816.25646973	0.76470590
816.31787109	0.76470590
816.34655762	0.76470590
816.40795898	0.78431374
816.43670654	0.78431374
816.46533203	0.78431374
816.49804688	0.78431374
816.52685547	0.78431374
816.55560303	0.78431374
816.58825684	0.78431374
816.61694336	0.78431374
816.64556885	0.78431374
816.67834473	0.78431374
816.70703125	0.78431374
816.73571777	0.78431374
816.76861572	0.78431374
816.79724121	0.78431374
816.82580566	0.78431374
816.85858154	0.78431374
816.88726807	0.78431374
816.91595459	0.78431374
816.94873047	0.78431374
816.97741699	0.78431374
817.00604248	0.78431374
817.03881836	0.78431374
817.06756592	0.78431374
817.09613037	0.78431374
817.12890625	0.78431374
817.15771484	0.78431374
817.18634033	0.78431374
817.21905518	0.78431374
817.24780273	0.78431374
817.27642822	0.78431374
817.30920410	0.80392158
817.33795166	0.80392158
817.36651611	0.80392158
817.39929199	0.80392158
817.42791748	0.78431374
817.45666504	0.78431374
817.48944092	0.78431374
817.51806641	0.78431374
817.54687500	0.78431374
817.57958984	0.78431374
817.60821533	0.78431374
817.63684082	0.78431374
817.66967773	0.78431374
817.69830322	0.78431374
817.72705078	0.78431374
817.75982666	0.78431374
817.78857422	0.76470590
817.81713867	0.76470590
817.84985352	0.76470590
817.87854004	0.76470590
817.90728760	0.74509805
817.94006348	0.74509805
817.96868896	0.74509805
817.99743652	0.72549021
818.03021240	0.72549021
818.05877686	0.72549021
818.08758545	0.70588237
818.12030029	0.70588237
818.14898682	0.70588237
818.17767334	0.68627453
818.21044922	0.68627453
818.23907471	0.68627453
818.26776123	0.66666669
818.30065918	0.66666669
818.32916260	0.66666669
818.35797119	0.66666669
818.39068604	0.64705884
818.41943359	0.64705884
818.44805908	0.64705884
818.50952148	0.64705884
818.53814697	0.64705884
818.59954834	0.62745100
818.62817383	0.62745100
818.68969727	0.62745100
818.71826172	0.62745100
818.74700928	0.62745100
818.77978516	0.62745100
818.80853271	0.62745100
818.83715820	0.62745100
818.86993408	0.62745100
818.89849854	0.62745100
818.92724609	0.62745100
818.96008301	0.62745100
818.98864746	0.62745100
819.01739502	0.62745100
819.05010986	0.62745100
819.07879639	0.62745100
819.10754395	0.62745100
819.14031982	0.62745100
819.16888428	0.62745100
819.19769287	0.62745100
819.23040771	0.62745100
819.25903320	0.62745100
819.28778076	0.62745100
819.32055664	0.62745100
819.34918213	0.62745100
819.37792969	0.62745100
819.41064453	0.62745100
819.43933105	0.64705884
819.46801758	0.64705884
819.50079346	0.64705884
819.52947998	0.64705884
819.55810547	0.64705884
819.59094238	0.64705884
819.61956787	0.64705884
819.64837646	0.64705884
819.68096924	0.64705884
819.70965576	0.64705884
819.73840332	0.64705884
819.77117920	0.64705884
819.79986572	0.64705884
819.82849121	0.64705884
819.86126709	0.64705884
819.88989258	0.64705884
819.91851807	0.64705884
819.95141602	0.64705884
819.98004150	0.64705884
820.00866699	0.64705884
820.04150391	0.64705884
820.07012939	0.64705884
820.09875488	0.64705884
820.13165283	0.62745100
820.16027832	0.62745100
820.18890381	0.62745100
820.22167969	0.62745100
820.25042725	0.62745100
820.27905273	0.62745100
820.31176758	0.64705884
820.34057617	0.64705884
820.36920166	0.64705884
820.40191650	0.64705884
820.43060303	0.64705884
820.45928955	0.64705884
820.49200439	0.64705884
820.52075195	0.64705884
820.54949951	0.64705884
820.58215332	0.64705884
820.61090088	0.64705884
820.63952637	0.64705884
820.67224121	0.64705884
820.70111084	0.64705884
820.72967529	0.64705884
820.79119873	0.64705884
820.81976318	0.64705884
820.88128662	0.64705884
820.90991211	0.64705884
820.97137451	0.64705884
821.00000000	0.64705884
821.02862549	0.64705884
821.06152344	0.66666669
821.09020996	0.66666669
821.11877441	0.66666669
821.15167236	0.66666669
821.18023682	0.66666669
821.20892334	0.66666669
821.24182129	0.66666669
821.27032471	0.66666669
821.29895020	0.68627453
821.33184814	0.68627453
821.36047363	0.68627453
821.38916016	0.68627453
821.42187500	0.68627453
821.45062256	0.68627453
821.47924805	0.68627453
821.51202393	0.68627453
821.54077148	0.68627453
821.56951904	0.68627453
821.60217285	0.70588237
821.63092041	0.70588237
821.65948486	0.70588237
821.69219971	0.70588237
821.72100830	0.70588237
821.74963379	0.70588237
821.78259277	0.70588237
821.81115723	0.70588237
821.83978271	0.70588237
821.87249756	0.70588237
821.90130615	0.70588237
821.92987061	0.72549021
821.96264648	0.72549021
821.99139404	0.72549021
822.02001953	0.72549021
822.05273438	0.72549021
822.08148193	0.72549021
822.11010742	0.72549021
822.14282227	0.72549021
822.17163086	0.72549021
822.20025635	0.74509805
822.23297119	0.74509805
822.26177979	0.74509805
822.29040527	0.74509805
822.32312012	0.74509805
822.35186768	0.74509805
822.38049316	0.74509805
822.41320801	0.74509805
822.44201660	0.74509805
822.47058105	0.74509805
822.50347900	0.74509805
822.53210449	0.74509805
822.56072998	0.74509805
822.59356689	0.74509805
822.62225342	0.74509805
822.65087891	0.74509805
822.68359375	0.74509805
822.71228027	0.74509805
822.74102783	0.74509805
822.77380371	0.74509805
822.80255127	0.76470590
822.83111572	0.76470590
822.86383057	0.76470590
822.89251709	0.76470590
822.92120361	0.76470590
822.98260498	0.76470590
823.01141357	0.76470590
823.07275391	0.76470590
823.10150146	0.76470590
823.16284180	0.76470590
823.19165039	0.76470590
823.22021484	0.76470590
823.25299072	0.76470590
823.28173828	0.76470590
823.31048584	0.76470590
823.34313965	0.76470590
823.37188721	0.76470590
823.40057373	0.76470590
823.43334961	0.76470590
823.46203613	0.76470590
823.49060059	0.76470590
823.52349854	0.76470590
823.55212402	0.76470590
823.58074951	0.76470590
823.61346436	0.76470590
823.64227295	0.76470590
823.67083740	0.76470590
823.70361328	0.78431374
823.73236084	0.78431374
823.76104736	0.78431374
823.79376221	0.78431374
823.82250977	0.78431374
823.85113525	0.78431374
823.88385010	0.78431374
823.91259766	0.78431374
823.94122314	0.78431374
823.97399902	0.78431374
824.00262451	0.78431374
824.03137207	0.78431374
824.06408691	0.78431374
824.09271240	0.78431374
824.12145996	0.78431374
824.15429688	0.78431374
824.18286133	0.78431374
824.21166992	0.78431374
824.24438477	0.78431374
824.27301025	0.78431374
824.30175781	0.78431374
824.33453369	0.78431374
824.36315918	0.78431374
824.39184570	0.78431374
824.42456055	0.78431374
824.45324707	0.78431374
824.48193359	0.78431374
824.51470947	0.78431374
824.54345703	0.78431374
824.57208252	0.78431374
824.60491943	0.78431374
824.63348389	0.78431374
824.66223145	0.78431374
824.69488525	0.78431374
824.72363281	0.78431374
824.75238037	0.78431374
824.78509521	0.78431374
824.81372070	0.78431374
824.84246826	0.78431374
824.87518311	0.78431374
824.90386963	0.78431374
824.93261719	0.78431374
824.96539307	0.78431374
824.99401855	0.78431374
825.02276611	0.78431374
825.05548096	0.78431374
825.08416748	0.78431374
825.11285400	0.78431374
825.14569092	0.78431374
825.17425537	0.78431374
825.20288086	0.78431374
825.26434326	0.78431374
825.29296875	0.78431374
825.35443115	0.78431374
825.38311768	0.78431374
825.44458008	0.78431374
825.47320557	0.78431374
825.50195313	0.78431374
825.53472900	0.78431374
825.56347656	0.78431374
825.59210205	0.78431374
825.62481689	0.78431374
825.65344238	0.76470590
825.68225098	0.76470590
825.71502686	0.76470590
825.74359131	0.76470590
825.77239990	0.76470590
825.80511475	0.76470590
825.83380127	0.76470590
825.86248779	0.76470590
825.89526367	0.76470590
825.92388916	0.76470590
825.95263672	0.76470590
825.98535156	0.76470590
826.01397705	0.76470590
826.04272461	0.76470590
826.07550049	0.74509805
826.10406494	0.74509805
826.13287354	0.74509805
826.16558838	0.74509805
826.19421387	0.74509805
826.22296143	0.74509805
826.25573730	0.74509805
826.28442383	0.74509805
826.31311035	0.74509805
826.34582520	0.74509805
826.37445068	0.74509805
826.40307617	0.74509805
826.43597412	0.74509805
826.46472168	0.74509805
826.49322510	0.74509805
826.52612305	0.74509805
826.55468750	0.74509805
826.58349609	0.74509805
826.61627197	0.74509805
826.64489746	0.74509805
826.67346191	0.74509805
826.70635986	0.74509805
826.73504639	0.76470590
826.76361084	0.76470590
826.79644775	0.76470590
826.82507324	0.76470590
826.85369873	0.76470590
826.88647461	0.76470590
826.91522217	0.76470590
826.94384766	0.76470590
826.97656250	0.76470590
827.00531006	0.76470590
827.03399658	0.76470590
827.06677246	0.76470590
827.09552002	0.76470590
827.12408447	0.76470590
827.15686035	0.76470590
827.18554688	0.76470590
827.21423340	0.76470590
827.24694824	0.76470590
827.27575684	0.76470590
827.30444336	0.74509805
827.33709717	0.74509805
827.36578369	0.74509805
827.39447021	0.74509805
827.45605469	0.74509805
827.48455811	0.74509805
827.54608154	0.74509805
827.57476807	0.74509805
827.63623047	0.74509805
827.66479492	0.74509805
827.72631836	0.74509805
827.75488281	0.74509805
827.78350830	0.74509805
827.81646729	0.74509805
827.84509277	0.74509805
827.87371826	0.74509805
827.90661621	0.74509805
827.93518066	0.74509805
827.96386719	0.74509805
827.99670410	0.74509805
828.02532959	0.74509805
828.05395508	0.74509805
828.08679199	0.74509805
828.11541748	0.74509805
828.14410400	0.74509805
828.17681885	0.74509805
828.20556641	0.74509805
828.23413086	0.74509805
828.26690674	0.74509805
828.29565430	0.74509805
828.32446289	0.74509805
828.35705566	0.74509805
828.38586426	0.74509805
828.41442871	0.74509805
828.44720459	0.74509805
828.47595215	0.74509805
828.50457764	0.74509805
828.53747559	0.74509805
828.56604004	0.74509805
828.59478760	0.74509805
828.62744141	0.74509805
828.65625000	0.74509805
828.68481445	0.76470590
828.71752930	0.76470590
828.74633789	0.76470590
828.77496338	0.76470590
828.80767822	0.76470590
828.83636475	0.76470590
828.86505127	0.76470590
828.89794922	0.76470590
828.92651367	0.76470590
828.95520020	0.76470590
828.98791504	0.76470590
829.01672363	0.76470590
829.04528809	0.76470590
829.07806396	0.76470590
829.10681152	0.76470590
829.13543701	0.76470590
829.16815186	0.76470590
829.19677734	0.76470590
829.22552490	0.76470590
829.25842285	0.76470590
829.28704834	0.76470590
829.31567383	0.76470590
829.34851074	0.76470590
829.37707520	0.76470590
829.40588379	0.76470590
829.43853760	0.76470590
829.46722412	0.76470590
829.49597168	0.76470590
829.52868652	0.76470590
829.55737305	0.76470590
829.58605957	0.76470590
829.61877441	0.76470590
829.64746094	0.76470590
829.67614746	0.76470590
829.73754883	0.76470590
829.76629639	0.76470590
829.82769775	0.76470590
829.85644531	0.76470590
829.91778564	0.76470590
829.94653320	0.76470590
829.97515869	0.76470590
830.00793457	0.76470590
830.03668213	0.76470590
830.06530762	0.78431374
830.09802246	0.78431374
830.12683105	0.78431374
830.15551758	0.78431374
830.18817139	0.78431374
830.21697998	0.78431374
830.24554443	0.78431374
830.27850342	0.78431374
830.30706787	0.78431374
830.33569336	0.78431374
830.36840820	0.78431374
830.39721680	0.78431374
830.42578125	0.78431374
830.45855713	0.78431374
830.48730469	0.78431374
830.51593018	0.78431374
830.54864502	0.78431374
830.57745361	0.78431374
830.60601807	0.78431374
830.63879395	0.78431374
830.66741943	0.78431374
830.69622803	0.78431374
830.72888184	0.78431374
830.75750732	0.78431374
830.78649902	0.78431374
830.81909180	0.78431374
830.84765625	0.78431374
830.87640381	0.78431374
830.90924072	0.78431374
830.93780518	0.78431374
830.96661377	0.78431374
830.99926758	0.78431374
831.02795410	0.78431374
831.05670166	0.78431374
831.08947754	0.78431374
831.11798096	0.78431374
831.14678955	0.80392158
831.17956543	0.80392158
831.20819092	0.80392158
831.23687744	0.80392158
831.26965332	0.80392158
831.29840088	0.80392158
831.32708740	0.80392158
831.35980225	0.80392158
831.38842773	0.80392158
831.41711426	0.80392158
831.44995117	0.80392158
831.47851563	0.80392158
831.50732422	0.80392158
831.54003906	0.80392158
831.56866455	0.80392158
831.59741211	0.80392158
831.63018799	0.80392158
831.65875244	0.80392158
831.68750000	0.80392158
831.72027588	0.80392158
831.74890137	0.80392158
831.77758789	0.80392158
831.81042480	0.80392158
831.83905029	0.80392158
831.86767578	0.80392158
831.90051270	0.80392158
831.92913818	0.80392158
831.95776367	0.80392158
832.01922607	0.80392158
832.04785156	0.80392158
832.10937500	0.80392158
832.13806152	0.80392158
832.19958496	0.80392158
832.22814941	0.80392158
832.25683594	0.80392158
832.28961182	0.80392158
832.31848145	0.80392158
832.34704590	0.80392158
832.37982178	0.80392158
832.40838623	0.80392158
832.43719482	0.80392158
832.46997070	0.80392158
832.49847412	0.80392158
832.52734375	0.80392158
832.56005859	0.80392158
832.58868408	0.80392158
832.61737061	0.80392158
832.65032959	0.80392158
832.67877197	0.80392158
832.70751953	0.80392158
832.74023438	0.80392158
832.76892090	0.80392158
832.79766846	0.80392158
832.83044434	0.80392158
832.85900879	0.80392158
832.88775635	0.80392158
832.92053223	0.80392158
832.94909668	0.80392158
832.97778320	0.80392158
833.01062012	0.78431374
833.03924561	0.78431374
833.06787109	0.78431374
833.10076904	0.78431374
833.12945557	0.78431374
833.15802002	0.76470590
833.19091797	0.76470590
833.21948242	0.76470590
833.24804688	0.74509805
833.28100586	0.74509805
833.30963135	0.74509805
833.33843994	0.72549021
833.37115479	0.72549021
833.39984131	0.72549021
833.42834473	0.70588237
833.46112061	0.70588237
833.48992920	0.70588237
833.51849365	0.70588237
833.55139160	0.68627453
833.58001709	0.68627453
833.60858154	0.68627453
833.64141846	0.68627453
833.67010498	0.68627453
833.69873047	0.66666669
833.73150635	0.66666669
833.76025391	0.66666669
833.78881836	0.66666669
833.82165527	0.66666669
833.85034180	0.66666669
833.87896729	0.66666669
833.91174316	0.64705884
833.94049072	0.64705884
833.96911621	0.64705884
834.00189209	0.64705884
834.03070068	0.64705884
834.05932617	0.64705884
834.09204102	0.64705884
834.12072754	0.64705884
834.14941406	0.64705884
834.21093750	0.64705884
834.23950195	0.64705884
834.30096436	0.64705884
834.32965088	0.64705884
834.39117432	0.64705884
834.41973877	0.64705884
834.48132324	0.64705884
834.50988770	0.64705884
834.53851318	0.64705884
834.57135010	0.64705884
834.60003662	0.64705884
834.62866211	0.64705884
834.66149902	0.64705884
834.69006348	0.64705884
834.71881104	0.66666669
834.75152588	0.66666669
834.78033447	0.66666669
834.80877686	0.66666669
834.84167480	0.66666669
834.87030029	0.66666669
834.89904785	0.66666669
834.93170166	0.66666669
834.96057129	0.66666669
834.98907471	0.66666669
835.02185059	0.66666669
835.05059814	0.66666669
835.07934570	0.68627453
835.11199951	0.68627453
835.14068604	0.68627453
835.16943359	0.68627453
835.20208740	0.68627453
835.23083496	0.68627453
835.25946045	0.68627453
835.29241943	0.68627453
835.32098389	0.68627453
835.34967041	0.70588237
835.38232422	0.70588237
835.41119385	0.70588237
835.43969727	0.70588237
835.47253418	0.70588237
835.50122070	0.70588237
835.52984619	0.70588237
835.56256104	0.70588237
835.59143066	0.70588237
835.61993408	0.70588237
835.65270996	0.70588237
835.68145752	0.70588237
835.71020508	0.70588237
835.74279785	0.70588237
835.77160645	0.70588237
835.80029297	0.70588237
835.83294678	0.70588237
835.86163330	0.72549021
835.89038086	0.72549021
835.92309570	0.72549021
835.95178223	0.72549021
835.98040771	0.72549021
836.01324463	0.72549021
836.04187012	0.72549021
836.07067871	0.72549021
836.10339355	0.72549021
836.13195801	0.72549021
836.16076660	0.72549021
836.19348145	0.72549021
836.22210693	0.72549021
836.25085449	0.74509805
836.28375244	0.74509805
836.31237793	0.74509805
836.34100342	0.74509805
836.37365723	0.74509805
836.40240479	0.74509805
836.43109131	0.74509805
836.49243164	0.74509805
836.52124023	0.74509805
836.58258057	0.74509805
836.61126709	0.74509805
836.67266846	0.74509805
836.70141602	0.74509805
836.73010254	0.74509805
836.76287842	0.74509805
836.79150391	0.74509805
836.82019043	0.74509805
836.85302734	0.74509805
836.88171387	0.74509805
836.91040039	0.74509805
836.94311523	0.74509805
836.97186279	0.74509805
837.00042725	0.74509805
837.03338623	0.74509805
837.06195068	0.74509805
837.09063721	0.74509805
837.12329102	0.74509805
837.15203857	0.74509805
837.18066406	0.74509805
837.21356201	0.74509805
837.24206543	0.74509805
837.27093506	0.74509805
837.30352783	0.74509805
837.33233643	0.74509805
837.36102295	0.74509805
837.39373779	0.74509805
837.42230225	0.74509805
837.45104980	0.74509805
837.48388672	0.74509805
837.51245117	0.74509805
837.54119873	0.74509805
837.57397461	0.74509805
837.60266113	0.74509805
837.63134766	0.74509805
837.66412354	0.74509805
837.69268799	0.74509805
837.72149658	0.74509805
837.75421143	0.74509805
837.78283691	0.74509805
837.81152344	0.74509805
837.84436035	0.74509805
837.87298584	0.74509805
837.90179443	0.74509805
837.93438721	0.74509805
837.96313477	0.76470590
837.99188232	0.76470590
838.02465820	0.76470590
838.05322266	0.76470590
838.08203125	0.76470590
838.11468506	0.76470590
838.14331055	0.74509805
838.17205811	0.74509805
838.20483398	0.74509805
838.23358154	0.74509805
838.26220703	0.74509805
838.29498291	0.74509805
838.32360840	0.74509805
838.35235596	0.74509805
838.38507080	0.74509805
838.41375732	0.76470590
838.44232178	0.76470590
838.47528076	0.76470590
838.50378418	0.76470590
838.53253174	0.76470590
838.56530762	0.76470590
838.59399414	0.76470590
838.62255859	0.76470590
838.65551758	0.76470590
838.68395996	0.76470590
838.71270752	0.76470590
838.77423096	0.76470590
838.80279541	0.76470590
838.86419678	0.76470590
838.89294434	0.76470590
838.95446777	0.76470590
838.98309326	0.76470590
839.01184082	0.76470590
839.04449463	0.76470590
839.07330322	0.76470590
839.10192871	0.76470590
839.13464355	0.76470590
839.16339111	0.76470590
839.19207764	0.76470590
839.22485352	0.76470590
839.25341797	0.76470590
839.28228760	0.76470590
839.31494141	0.76470590
839.34362793	0.76470590
839.37231445	0.76470590
839.40515137	0.76470590
839.43377686	0.76470590
839.46234131	0.76470590
839.49517822	0.76470590
839.52380371	0.76470590
839.55236816	0.76470590
839.58526611	0.76470590
839.61389160	0.76470590
839.64257813	0.76470590
839.67541504	0.76470590
839.70410156	0.76470590
839.73266602	0.76470590
839.76562500	0.76470590
839.79418945	0.76470590
839.82281494	0.76470590
839.85571289	0.76470590
839.88433838	0.76470590
839.91290283	0.76470590
839.94580078	0.76470590
839.97448730	0.76470590
840.00305176	0.76470590
840.03582764	0.76470590
840.06457520	0.76470590
840.09338379	0.76470590
840.12591553	0.76470590
840.15472412	0.78431374
840.18328857	0.78431374
840.21612549	0.78431374
840.24475098	0.78431374
840.27349854	0.78431374
840.30627441	0.78431374
840.33496094	0.78431374
840.36352539	0.78431374
840.39636230	0.78431374
840.42498779	0.78431374
840.45367432	0.78431374
840.48651123	0.78431374
840.51519775	0.78431374
840.54382324	0.78431374
840.57653809	0.78431374
840.60528564	0.78431374
840.63391113	0.78431374
840.66662598	0.78431374
840.69543457	0.78431374
840.72412109	0.78431374
840.75683594	0.78431374
840.78558350	0.78431374
840.81427002	0.78431374
840.84686279	0.78431374
840.87561035	0.78431374
840.90435791	0.78431374
840.96582031	0.78431374
840.99444580	0.78431374
841.05590820	0.78431374
841.08459473	0.78431374
841.14611816	0.78431374
841.17462158	0.78431374
841.20330811	0.78431374
841.23608398	0.78431374
841.26477051	0.78431374
841.29339600	0.78431374
841.32629395	0.78431374
841.35491943	0.78431374
841.38360596	0.78431374
841.41632080	0.78431374
841.44506836	0.78431374
841.47363281	0.78431374
841.50640869	0.78431374
841.53521729	0.78431374
841.56378174	0.78431374
841.59661865	0.78431374
841.62530518	0.78431374
841.65393066	0.78431374
841.68664551	0.78431374
841.71545410	0.78431374
841.74401855	0.78431374
841.77679443	0.78431374
841.80548096	0.78431374
841.83428955	0.78431374
841.86688232	0.78431374
841.89569092	0.78431374
841.92425537	0.78431374
841.95709229	0.78431374
841.98577881	0.78431374
842.01440430	0.78431374
842.04736328	0.78431374
842.07592773	0.78431374
842.10455322	0.78431374
842.13726807	0.78431374
842.16607666	0.78431374
842.19470215	0.78431374
842.22741699	0.78431374
842.25628662	0.78431374
842.28485107	0.78431374
842.31744385	0.78431374
842.34631348	0.78431374
842.37481689	0.78431374
842.40771484	0.78431374
842.43634033	0.78431374
842.46508789	0.78431374
842.49774170	0.78431374
842.52648926	0.78431374
842.55517578	0.78431374
842.58789063	0.78431374
842.61651611	0.78431374
842.64532471	0.78431374
842.67803955	0.78431374
842.70672607	0.78431374
842.73535156	0.78431374
842.76818848	0.78431374
842.79681396	0.78431374
842.82556152	0.78431374
842.85833740	0.78431374
842.88690186	0.78431374
842.91571045	0.78431374
842.94842529	0.78431374
842.97705078	0.78431374
843.00579834	0.78431374
843.03857422	0.78431374
843.06719971	0.78431374
843.09594727	0.78431374
843.12860107	0.78431374
843.15734863	0.78431374
843.18597412	0.78431374
843.24731445	0.78431374
843.27618408	0.78431374
843.33758545	0.78431374
843.36627197	0.78431374
843.42761230	0.78431374
843.45648193	0.78431374
843.48504639	0.78431374
843.51788330	0.78431374
843.54644775	0.78431374
843.57513428	0.78431374
843.60797119	0.78431374
843.63665771	0.78431374
843.66528320	0.78431374
843.69805908	0.78431374
843.72668457	0.78431374
843.75543213	0.78431374
843.78820801	0.78431374
843.81677246	0.78431374
843.84558105	0.78431374
843.87823486	0.78431374
843.90692139	0.78431374
843.93560791	0.78431374
843.96844482	0.78431374
843.99694824	0.76470590
844.02581787	0.76470590
844.05847168	0.76470590
844.08721924	0.76470590
844.11596680	0.76470590
844.14880371	0.76470590
844.17718506	0.76470590
844.20599365	0.76470590
844.23876953	0.76470590
844.26739502	0.76470590
844.29614258	0.76470590
844.32885742	0.76470590
844.35754395	0.76470590
844.38629150	0.76470590
844.41906738	0.76470590
844.44763184	0.74509805
844.47644043	0.74509805
844.50927734	0.74509805
844.53778076	0.74509805
844.56652832	0.74509805
844.59930420	0.74509805
844.62786865	0.74509805
844.65667725	0.74509805
844.68939209	0.74509805
844.71807861	0.74509805
844.74670410	0.74509805
844.77960205	0.74509805
844.80828857	0.74509805
844.83691406	0.74509805
844.86962891	0.74509805
844.89825439	0.74509805
844.92687988	0.74509805
844.95983887	0.74509805
844.98834229	0.74509805
845.01702881	0.74509805
845.04986572	0.74509805
845.07855225	0.74509805
845.10729980	0.74509805
845.13995361	0.74509805
845.16864014	0.74509805
845.19720459	0.74509805
845.23010254	0.74509805
845.25878906	0.74509805
845.28741455	0.74509805
845.32025146	0.74509805
845.34893799	0.74509805
845.37750244	0.74509805
845.41027832	0.74509805
845.43896484	0.74509805
845.46765137	0.74509805
845.52917480	0.76470590
845.55767822	0.76470590
845.61920166	0.76470590
845.64788818	0.76470590
845.70941162	0.76470590
845.73797607	0.76470590
845.76672363	0.76470590
845.79956055	0.76470590
845.82830811	0.76470590
845.85687256	0.76470590
845.88964844	0.76470590
845.91827393	0.76470590
845.94702148	0.76470590
845.97979736	0.76470590
846.00842285	0.76470590
846.03717041	0.76470590
846.06988525	0.76470590
846.09851074	0.76470590
846.12725830	0.76470590
846.16003418	0.76470590
846.18859863	0.76470590
846.21740723	0.76470590
846.25006104	0.76470590
846.27880859	0.76470590
846.30731201	0.76470590
846.34027100	0.76470590
846.36877441	0.76470590
846.39746094	0.76470590
846.43035889	0.76470590
846.45898438	0.76470590
846.48760986	0.76470590
846.52050781	0.76470590
846.54907227	0.76470590
846.57775879	0.76470590
846.61047363	0.76470590
846.63928223	0.78431374
846.66790771	0.78431374
846.70074463	0.78431374
846.72930908	0.78431374
846.75787354	0.78431374
846.79077148	0.78431374
846.81951904	0.78431374
846.84826660	0.78431374
846.88092041	0.78431374
846.90966797	0.78431374
846.93823242	0.78431374
846.97100830	0.78431374
846.99969482	0.78431374
847.02838135	0.78431374
847.06121826	0.78431374
847.08990479	0.78431374
847.11840820	0.78431374
847.15130615	0.78431374
847.17993164	0.78431374
847.20861816	0.78431374
847.24139404	0.78431374
847.27008057	0.78431374
847.29870605	0.78431374
847.33148193	0.78431374
847.36022949	0.78431374
847.38885498	0.78431374
847.42156982	0.78431374
847.45037842	0.78431374
847.47900391	0.78431374
847.51177979	0.78431374
847.54052734	0.78431374
847.56909180	0.78431374
847.60192871	0.78431374
847.63061523	0.78431374
847.65930176	0.78431374
847.72076416	0.78431374
847.74932861	0.78431374
847.81085205	0.78431374
847.83953857	0.78431374
847.90087891	0.78431374
847.92950439	0.78431374
847.99096680	0.78431374
848.01971436	0.78431374
848.04833984	0.78431374
848.08123779	0.78431374
848.10986328	0.78431374
848.13842773	0.78431374
848.17120361	0.78431374
848.19995117	0.78431374
848.22863770	0.78431374
848.26135254	0.78431374
848.29010010	0.78431374
848.31872559	0.78431374
848.35150146	0.78431374
848.38024902	0.78431374
848.40887451	0.78431374
848.44165039	0.78431374
848.47039795	0.78431374
848.49896240	0.78431374
848.53173828	0.78431374
848.56048584	0.78431374
848.58911133	0.78431374
848.62182617	0.78431374
848.65069580	0.78431374
848.67926025	0.78431374
848.71191406	0.78431374
848.74072266	0.78431374
848.76934814	0.78431374
848.80224609	0.78431374
848.83087158	0.78431374
848.85949707	0.78431374
848.89227295	0.78431374
848.92102051	0.78431374
848.94958496	0.78431374
848.98236084	0.78431374
849.01104736	0.78431374
849.03973389	0.78431374
849.07244873	0.78431374
849.10119629	0.78431374
849.12982178	0.78431374
849.16259766	0.78431374
849.19122314	0.78431374
849.21990967	0.78431374
849.25268555	0.78431374
849.28125000	0.78431374
849.31011963	0.78431374
849.34283447	0.78431374
849.37145996	0.78431374
849.40020752	0.78431374
849.43292236	0.78431374
849.46154785	0.78431374
849.49035645	0.78431374
849.52307129	0.78431374
849.55163574	0.78431374
849.58038330	0.78431374
849.61322021	0.78431374
849.64178467	0.78431374
849.67059326	0.78431374
849.70336914	0.78431374
849.73199463	0.78431374
849.76068115	0.78431374
849.79351807	0.78431374
849.82226563	0.78431374
849.85083008	0.78431374
849.88360596	0.78431374
849.91217041	0.78431374
849.94091797	0.78431374
850.00231934	0.78431374
850.03106689	0.78431374
850.09240723	0.78431374
850.12121582	0.78431374
850.18255615	0.80392158
850.21130371	0.80392158
850.23986816	0.80392158
850.27270508	0.80392158
850.30145264	0.80392158
850.33007813	0.80392158
850.36285400	0.80392158
850.39147949	0.80392158
850.42022705	0.80392158
850.45294189	0.78431374
850.48162842	0.80392158
850.51037598	0.80392158
850.54315186	0.78431374
850.57165527	0.78431374
850.60046387	0.78431374
850.63323975	0.80392158
850.66180420	0.80392158
850.69067383	0.80392158
850.72332764	0.80392158
850.75195313	0.80392158
850.78063965	0.80392158
850.81347656	0.80392158
850.84210205	0.80392158
850.87072754	0.80392158
850.90344238	0.80392158
850.93206787	0.80392158
850.96087646	0.80392158
850.99359131	0.80392158
851.02227783	0.80392158
851.05096436	0.80392158
851.08367920	0.80392158
851.11242676	0.80392158
851.14105225	0.80392158
851.17382813	0.80392158
851.20245361	0.80392158
851.23120117	0.78431374
851.26397705	0.78431374
851.29254150	0.78431374
851.32135010	0.78431374
851.35412598	0.78431374
851.38275146	0.78431374
851.41143799	0.78431374
851.44427490	0.80392158
851.47283936	0.80392158
851.50146484	0.80392158
851.53436279	0.78431374
851.56304932	0.78431374
851.59167480	0.78431374
851.62457275	0.78431374
851.65313721	0.78431374
851.68182373	0.78431374
851.71472168	0.78431374
851.74334717	0.78431374
851.77191162	0.78431374
851.80480957	0.78431374
851.83343506	0.78431374
851.86224365	0.78431374
851.89495850	0.78431374
851.92358398	0.78431374
851.95220947	0.78431374
851.98492432	0.78431374
852.01361084	0.78431374
852.04229736	0.78431374
852.07519531	0.78431374
852.10382080	0.78431374
852.13238525	0.78431374
852.16516113	0.78431374
852.19390869	0.78431374
852.22253418	0.78431374
852.28411865	0.78431374
852.31268311	0.78431374
852.37420654	0.78431374
852.40283203	0.80392158
852.46429443	0.78431374
852.49291992	0.78431374
852.52166748	0.80392158
852.55444336	0.80392158
852.58312988	0.80392158
852.61187744	0.80392158
852.64459229	0.80392158
852.67321777	0.80392158
852.70190430	0.78431374
852.73480225	0.78431374
852.76336670	0.78431374
852.79199219	0.78431374
852.82482910	0.78431374
852.85339355	0.78431374
852.88214111	0.80392158
852.91491699	0.80392158
852.94354248	0.80392158
852.97222900	0.80392158
853.00506592	0.80392158
853.03363037	0.80392158
853.06225586	0.80392158
853.09515381	0.80392158
853.12377930	0.80392158
853.15246582	0.80392158
853.18530273	0.80392158
853.21392822	0.80392158
853.24249268	0.80392158
853.27526855	0.80392158
853.30401611	0.80392158
853.33276367	0.80392158
853.36541748	0.80392158
853.39410400	0.80392158
853.42285156	0.80392158
853.45550537	0.80392158
853.48443604	0.80392158
853.51300049	0.80392158
853.54571533	0.80392158
853.57440186	0.80392158
853.60321045	0.80392158
853.63580322	0.80392158
853.66455078	0.80392158
853.69317627	0.80392158
853.72589111	0.80392158
853.75463867	0.80392158
853.78338623	0.80392158
853.81616211	0.80392158
853.84478760	0.80392158
853.87335205	0.80392158
853.90618896	0.80392158
853.93487549	0.80392158
853.96356201	0.80392158
853.99627686	0.80392158
854.02502441	0.80392158
854.05364990	0.80392158
854.08642578	0.80392158
854.11517334	0.80392158
854.14379883	0.80392158
854.17657471	0.80392158
854.20526123	0.80392158
854.23388672	0.80392158
854.26666260	0.80392158
854.29547119	0.80392158
854.32403564	0.80392158
854.35681152	0.80392158
854.38537598	0.80392158
854.41418457	0.80392158
854.47546387	0.80392158
854.50421143	0.80392158
854.56561279	0.80392158
854.59442139	0.80392158
854.65576172	0.80392158
854.68444824	0.80392158
854.71313477	0.80392158
854.74591064	0.80392158
854.77471924	0.82352942
854.80328369	0.82352942
854.83612061	0.82352942
854.86474609	0.82352942
854.89337158	0.82352942
854.92620850	0.82352942
854.95489502	0.82352942
854.98358154	0.82352942
855.01617432	0.82352942
855.04498291	0.82352942
855.07366943	0.82352942
855.10644531	0.82352942
855.13507080	0.82352942
855.16381836	0.82352942
855.19647217	0.82352942
855.22534180	0.82352942
855.25384521	0.82352942
855.28662109	0.82352942
855.31536865	0.80392158
855.34405518	0.80392158
855.37677002	0.80392158
855.40557861	0.80392158
855.43414307	0.80392158
855.46685791	0.80392158
855.49560547	0.80392158
855.52423096	0.80392158
855.55712891	0.82352942
855.58581543	0.82352942
855.61431885	0.82352942
855.64715576	0.82352942
855.67590332	0.82352942
855.70452881	0.82352942
855.73724365	0.82352942
855.76586914	0.82352942
855.79467773	0.82352942
855.82739258	0.82352942
855.85620117	0.82352942
855.88482666	0.82352942
855.91772461	0.82352942
855.94610596	0.82352942
855.97491455	0.82352942
856.00762939	0.82352942
856.03649902	0.82352942
856.06494141	0.82352942
856.09777832	0.82352942
856.12634277	0.82352942
856.15521240	0.82352942
856.18786621	0.82352942
856.21655273	0.80392158
856.24523926	0.80392158
856.27801514	0.80392158
856.30657959	0.80392158
856.33538818	0.80392158
856.36816406	0.80392158
856.39678955	0.80392158
856.42547607	0.80392158
856.45825195	0.80392158
856.48693848	0.80392158
856.51568604	0.82352942
856.54840088	0.82352942
856.57727051	0.82352942
856.60577393	0.82352942
856.63861084	0.82352942
856.66711426	0.82352942
856.69592285	0.82352942
856.75726318	0.82352942
856.78588867	0.82352942
856.84735107	0.82352942
856.87615967	0.82352942
856.93750000	0.80392158
856.96612549	0.82352942
856.99487305	0.80392158
857.02764893	0.80392158
857.05627441	0.80392158
857.08502197	0.80392158
857.11785889	0.80392158
857.14642334	0.80392158
857.17510986	0.80392158
857.20788574	0.80392158
857.23651123	0.80392158
857.26525879	0.80392158
857.29797363	0.80392158
857.32666016	0.80392158
857.35540771	0.80392158
857.38818359	0.80392158
857.41668701	0.80392158
857.44549561	0.80392158
857.47821045	0.80392158
857.50683594	0.80392158
857.53558350	0.80392158
857.56835938	0.80392158
857.59710693	0.80392158
857.62573242	0.80392158
857.65856934	0.80392158
857.68707275	0.80392158
857.71588135	0.80392158
857.74865723	0.80392158
857.77728271	0.80392158
857.80603027	0.80392158
857.83880615	0.80392158
857.86737061	0.80392158
857.89624023	0.78431374
857.92889404	0.78431374
857.95751953	0.80392158
857.98626709	0.78431374
858.01898193	0.80392158
858.04760742	0.80392158
858.07635498	0.80392158
858.10913086	0.80392158
858.13775635	0.78431374
858.16638184	0.78431374
858.19921875	0.78431374
858.22784424	0.78431374
858.25653076	0.78431374
858.28936768	0.78431374
858.31799316	0.78431374
858.34661865	0.78431374
858.37951660	0.78431374
858.40808105	0.78431374
858.43670654	0.78431374
858.46960449	0.78431374
858.49822998	0.78431374
858.52685547	0.78431374
858.55963135	0.78431374
858.58843994	0.78431374
858.61712646	0.78431374
858.64971924	0.78431374
858.67852783	0.78431374
858.70715332	0.78431374
858.73992920	0.78431374
858.76861572	0.78431374
858.79724121	0.78431374
858.83013916	0.80392158
858.85870361	0.80392158
858.88739014	0.80392158
858.92010498	0.80392158
858.94885254	0.80392158
858.97741699	0.80392158
859.03900146	0.80392158
859.06768799	0.80392158
859.12908936	0.80392158
859.15765381	0.80392158
859.21917725	0.80392158
859.24786377	0.80392158
859.27661133	0.80392158
859.30938721	0.80392158
859.33819580	0.80392158
859.36657715	0.80392158
859.39953613	0.80392158
859.42810059	0.80392158
859.45672607	0.80392158
859.48968506	0.80392158
859.51824951	0.80392158
859.54669189	0.80392158
859.57971191	0.80392158
859.60827637	0.80392158
859.63714600	0.80392158
859.66986084	0.80392158
859.69836426	0.80392158
859.72705078	0.80392158
859.75988770	0.80392158
859.78857422	0.80392158
859.81719971	0.80392158
859.85009766	0.80392158
859.87872314	0.80392158
859.90728760	0.80392158
859.94006348	0.80392158
859.96881104	0.80392158
859.99743652	0.80392158
860.03021240	0.80392158
860.05895996	0.80392158
860.08764648	0.80392158
860.12036133	0.80392158
860.14910889	0.80392158
860.17767334	0.80392158
860.21044922	0.80392158
860.23919678	0.80392158
860.26788330	0.80392158
860.30059814	0.80392158
860.32934570	0.82352942
860.35809326	0.82352942
860.39074707	0.82352942
860.41949463	0.82352942
860.44812012	0.82352942
860.48083496	0.82352942
860.50964355	0.82352942
860.53814697	0.82352942
860.57110596	0.82352942
860.59973145	0.82352942
860.62835693	0.82352942
860.66107178	0.82352942
860.68988037	0.82352942
860.71850586	0.82352942
860.75122070	0.82352942
860.77996826	0.82352942
860.80853271	0.82352942
860.84136963	0.82352942
860.87011719	0.82352942
860.89880371	0.82352942
860.93145752	0.82352942
860.96008301	0.82352942
860.98889160	0.82352942
861.02160645	0.82352942
861.05017090	0.82352942
861.07897949	0.82352942
861.11169434	0.82352942
861.14031982	0.82352942
861.16906738	0.82352942
861.23040771	0.82352942
861.25915527	0.82352942
861.32055664	0.82352942
861.34930420	0.82352942
861.41070557	0.82352942
861.43945313	0.82352942
861.46807861	0.82352942
861.50079346	0.82352942
861.52954102	0.82352942
861.55816650	0.82352942
861.59106445	0.82352942
861.61968994	0.82352942
861.64831543	0.82352942
861.68109131	0.82352942
861.70989990	0.82352942
861.73846436	0.82352942
861.77117920	0.82352942
861.79992676	0.82352942
861.82861328	0.82352942
861.86132813	0.82352942
861.89007568	0.82352942
861.91870117	0.82352942
861.95147705	0.82352942
861.98016357	0.82352942
862.00878906	0.82352942
862.04156494	0.82352942
862.07031250	0.82352942
862.09893799	0.82352942
862.13171387	0.82352942
862.16046143	0.82352942
862.18908691	0.82352942
862.22180176	0.82352942
862.25054932	0.82352942
862.27923584	0.82352942
862.31207275	0.82352942
862.34057617	0.82352942
862.36932373	0.82352942
862.40209961	0.82352942
862.43066406	0.82352942
862.45947266	0.82352942
862.49224854	0.82352942
862.52081299	0.82352942
862.54962158	0.82352942
862.58233643	0.82352942
862.61108398	0.82352942
862.63970947	0.82352942
862.67242432	0.82352942
862.70117188	0.82352942
862.72979736	0.82352942
862.76257324	0.82352942
862.79113770	0.82352942
862.81988525	0.82352942
862.85272217	0.82352942
862.88128662	0.82352942
862.91009521	0.82352942
862.94281006	0.82352942
862.97137451	0.82352942
863.00018311	0.82352942
863.03289795	0.82352942
863.06152344	0.82352942
863.09033203	0.82352942
863.12304688	0.82352942
863.15173340	0.82352942
863.18041992	0.82352942
863.21319580	0.82352942
863.24182129	0.82352942
863.27056885	0.82352942
863.30340576	0.82352942
863.33203125	0.82352942
863.36065674	0.82352942
863.39349365	0.82352942
863.42205811	0.82352942
863.45080566	0.82352942
863.51220703	0.82352942
863.54083252	0.82352942
863.60229492	0.82352942
863.63110352	0.82352942
863.69244385	0.82352942
863.72106934	0.82352942
863.74981689	0.82352942
863.78253174	0.82352942
863.81115723	0.82352942
863.83996582	0.82352942
863.87268066	0.82352942
863.90124512	0.82352942
863.93005371	0.82352942
863.96289063	0.82352942
863.99139404	0.82352942
864.02014160	0.82352942
864.05297852	0.82352942
864.08166504	0.82352942
864.11035156	0.82352942
864.14306641	0.82352942
864.17169189	0.82352942
864.20043945	0.82352942
864.23315430	0.82352942
864.26177979	0.82352942
864.29052734	0.82352942
864.32330322	0.82352942
864.35198975	0.82352942
864.38067627	0.82352942
864.41339111	0.82352942
864.44201660	0.82352942
864.47082520	0.82352942
864.50354004	0.82352942
864.53216553	0.82352942
864.56085205	0.82352942
864.59362793	0.82352942
864.62231445	0.82352942
864.65112305	0.82352942
864.68383789	0.82352942
864.71240234	0.82352942
864.74102783	0.82352942
864.77398682	0.82352942
864.80255127	0.82352942
864.83117676	0.82352942
864.86401367	0.82352942
864.89270020	0.82352942
864.92120361	0.82352942
864.95428467	0.82352942
864.98272705	0.82352942
865.01141357	0.82352942
865.04431152	0.82352942
865.07293701	0.82352942
865.10156250	0.82352942
865.13452148	0.82352942
865.16302490	0.82352942
865.19171143	0.82352942
865.22442627	0.82352942
865.25317383	0.80392158
865.28179932	0.80392158
865.31451416	0.80392158
865.34332275	0.80392158
865.37200928	0.80392158
865.40472412	0.78431374
865.43341064	0.78431374
865.46209717	0.78431374
865.49475098	0.78431374
865.52349854	0.76470590
865.55212402	0.76470590
865.58514404	0.76470590
865.61364746	0.74509805
865.64227295	0.74509805
865.67498779	0.74509805
865.70373535	0.72549021
865.73242188	0.72549021
865.79388428	0.70588237
865.82250977	0.70588237
865.88403320	0.68627453
865.91265869	0.68627453
865.97418213	0.68627453
866.00280762	0.68627453
866.03143311	0.68627453
866.06427002	0.68627453
866.09295654	0.66666669
866.12152100	0.66666669
866.15447998	0.66666669
866.18304443	0.66666669
866.21173096	0.66666669
866.24450684	0.66666669
866.27319336	0.66666669
866.30175781	0.66666669
866.33459473	0.66666669
866.36328125	0.66666669
866.39202881	0.66666669
866.42474365	0.66666669
866.45336914	0.66666669
866.48199463	0.64705884
866.51477051	0.64705884
866.54357910	0.64705884
866.57214355	0.64705884
866.60504150	0.64705884
866.63360596	0.66666669
866.66229248	0.66666669
866.69506836	0.66666669
866.72375488	0.66666669
866.75231934	0.66666669
866.78509521	0.66666669
866.81390381	0.66666669
866.84246826	0.66666669
866.87518311	0.66666669
866.90405273	0.66666669
866.93261719	0.66666669
866.96539307	0.66666669
866.99414063	0.68627453
867.02282715	0.68627453
867.05548096	0.68627453
867.08428955	0.68627453
867.11285400	0.68627453
867.14569092	0.68627453
867.17437744	0.68627453
867.20300293	0.68627453
867.23577881	0.68627453
867.26446533	0.68627453
867.29315186	0.68627453
867.32604980	0.68627453
867.35461426	0.68627453
867.38323975	0.70588237
867.41601563	0.70588237
867.44476318	0.70588237
867.47338867	0.70588237
867.50616455	0.70588237
867.53485107	0.70588237
867.56347656	0.70588237
867.59631348	0.72549021
867.62500000	0.72549021
867.65362549	0.72549021
867.68640137	0.72549021
867.71520996	0.72549021
867.74377441	0.72549021
867.77655029	0.72549021
867.80511475	0.72549021
867.83386230	0.72549021
867.86657715	0.72549021
867.89520264	0.72549021
867.92401123	0.72549021
867.98529053	0.74509805
868.01409912	0.74509805
868.07543945	0.74509805
868.10424805	0.74509805
868.16558838	0.74509805
868.19433594	0.74509805
868.22296143	0.74509805
868.25573730	0.74509805
868.28460693	0.74509805
868.31311035	0.74509805
868.34600830	0.74509805
868.37463379	0.76470590
868.40332031	0.76470590
868.43603516	0.76470590
868.46484375	0.76470590
868.49334717	0.76470590
868.52618408	0.76470590
868.55493164	0.76470590
868.58355713	0.76470590
868.61621094	0.76470590
868.64501953	0.76470590
868.67358398	0.76470590
868.70635986	0.76470590
868.73510742	0.76470590
868.76373291	0.76470590
868.79650879	0.76470590
868.82525635	0.76470590
868.85382080	0.76470590
868.88659668	0.76470590
868.91522217	0.76470590
868.94396973	0.76470590
868.97674561	0.76470590
869.00537109	0.76470590
869.03411865	0.76470590
869.06689453	0.78431374
869.09545898	0.78431374
869.12426758	0.78431374
869.15704346	0.78431374
869.18554688	0.78431374
869.21441650	0.78431374
869.24713135	0.78431374
869.27575684	0.78431374
869.30450439	0.78431374
869.33728027	0.78431374
869.36602783	0.78431374
869.39459229	0.78431374
869.42736816	0.78431374
869.45599365	0.78431374
869.48468018	0.80392158
869.51745605	0.80392158
869.54602051	0.80392158
869.57476807	0.80392158
869.60760498	0.80392158
869.63623047	0.80392158
869.66497803	0.80392158
869.69775391	0.80392158
869.72637939	0.80392158
869.75512695	0.80392158
869.78784180	0.80392158
869.81646729	0.78431374
869.84521484	0.80392158
869.87799072	0.78431374
869.90655518	0.78431374
869.93536377	0.78431374
869.96813965	0.78431374
869.99670410	0.78431374
870.02557373	0.78431374
870.05822754	0.78431374
870.08697510	0.78431374
870.11560059	0.80392158
870.14843750	0.80392158
870.17700195	0.80392158
870.20562744	0.80392158
870.26708984	0.80392158
870.29571533	0.80392158
870.35723877	0.80392158
870.38598633	0.80392158
870.44732666	0.80392158
870.47595215	0.80392158
870.50469971	0.80392158
870.53741455	0.78431374
870.56610107	0.78431374
870.59484863	0.78431374
870.62756348	0.78431374
870.65618896	0.78431374
870.68493652	0.78431374
870.71777344	0.78431374
870.74633789	0.76470590
870.77514648	0.76470590
870.80786133	0.76470590
870.83648682	0.76470590
870.86523438	0.74509805
870.89801025	0.74509805
870.92657471	0.74509805
870.95532227	0.74509805
870.98809814	0.72549021
871.01672363	0.72549021
871.04547119	0.72549021
871.07824707	0.72549021
871.10699463	0.72549021
871.13549805	0.72549021
871.16833496	0.70588237
871.19702148	0.70588237
871.22570801	0.70588237
871.25848389	0.70588237
871.28704834	0.70588237
871.31585693	0.70588237
871.34863281	0.70588237
871.37719727	0.70588237
871.40600586	0.70588237
871.43872070	0.68627453
871.46740723	0.68627453
871.49597168	0.68627453
871.52893066	0.68627453
871.55743408	0.68627453
871.58612061	0.68627453
871.61883545	0.68627453
871.64764404	0.68627453
871.67620850	0.68627453
871.70916748	0.68627453
871.73767090	0.68627453
871.76635742	0.68627453
871.79907227	0.68627453
871.82781982	0.68627453
871.85650635	0.68627453
871.88922119	0.68627453
871.91802979	0.68627453
871.94659424	0.68627453
871.97930908	0.68627453
872.00805664	0.68627453
872.03674316	0.68627453
872.06945801	0.68627453
872.09826660	0.70588237
872.12695313	0.70588237
872.15960693	0.70588237
872.18829346	0.70588237
872.21697998	0.70588237
872.24969482	0.70588237
872.27850342	0.70588237
872.30706787	0.70588237
872.33996582	0.70588237
872.36846924	0.70588237
872.39721680	0.70588237
872.42993164	0.70588237
872.45874023	0.70588237
872.48724365	0.72549021
872.54876709	0.72549021
872.57745361	0.72549021
872.63897705	0.72549021
872.66754150	0.72549021
872.72906494	0.72549021
872.75775146	0.72549021
872.78631592	0.72549021
872.81921387	0.72549021
872.84783936	0.72549021
872.87646484	0.72549021
872.90924072	0.72549021
872.93792725	0.74509805
872.96661377	0.74509805
872.99932861	0.74509805
873.02813721	0.74509805
873.05670166	0.74509805
873.08959961	0.74509805
873.11810303	0.74509805
873.14703369	0.74509805
873.17956543	0.74509805
873.20831299	0.74509805
873.23687744	0.74509805
873.26971436	0.74509805
873.29840088	0.74509805
873.32708740	0.74509805
873.35992432	0.74509805
873.38854980	0.76470590
873.41717529	0.76470590
873.44995117	0.76470590
873.47869873	0.76470590
873.50738525	0.76470590
873.54003906	0.76470590
873.56884766	0.76470590
873.59747314	0.76470590
873.63018799	0.76470590
873.65899658	0.76470590
873.68756104	0.76470590
873.72039795	0.76470590
873.74908447	0.76470590
873.77777100	0.76470590
873.81042480	0.76470590
873.83923340	0.76470590
873.86779785	0.76470590
873.90063477	0.76470590
873.92926025	0.76470590
873.95806885	0.76470590
873.99066162	0.76470590
874.01947021	0.76470590
874.04803467	0.76470590
874.08093262	0.76470590
874.10955811	0.76470590
874.13818359	0.76470590
874.17089844	0.76470590
874.19958496	0.76470590
874.22827148	0.76470590
874.26116943	0.76470590
874.28967285	0.76470590
874.31842041	0.76470590
874.35119629	0.76470590
874.37994385	0.76470590
874.40856934	0.76470590
874.44128418	0.76470590
874.46997070	0.76470590
874.49865723	0.76470590
874.53149414	0.76470590
874.56005859	0.76470590
874.58886719	0.76470590
874.62152100	0.76470590
874.65020752	0.78431374
874.67889404	0.78431374
874.74023438	0.78431374
874.76904297	0.78431374
874.83050537	0.78431374
874.85913086	0.78431374
874.92059326	0.78431374
874.94934082	0.78431374
874.97790527	0.78431374
875.01068115	0.78431374
875.03942871	0.78431374
875.06823730	0.78431374
875.10095215	0.78431374
875.12957764	0.78431374
875.15826416	0.78431374
875.19091797	0.78431374
875.21972656	0.78431374
875.24829102	0.78431374
875.28106689	0.78431374
875.30969238	0.78431374
875.33843994	0.78431374
875.37115479	0.78431374
875.39990234	0.78431374
875.42852783	0.78431374
875.46136475	0.78431374
875.48999023	0.78431374
875.51867676	0.78431374
875.55145264	0.78431374
875.58001709	0.78431374
875.60876465	0.78431374
875.64154053	0.78431374
875.67016602	0.78431374
875.69891357	0.78431374
875.73162842	0.78431374
875.76031494	0.78431374
875.78906250	0.78431374
875.82177734	0.78431374
875.85046387	0.78431374
875.87915039	0.78431374
875.91198730	0.78431374
875.94055176	0.78431374
875.96936035	0.78431374
876.00201416	0.78431374
876.03070068	0.78431374
876.05944824	0.78431374
876.09222412	0.78431374
876.12091064	0.78431374
876.14953613	0.78431374
876.18231201	0.78431374
876.21093750	0.78431374
876.23968506	0.78431374
876.27246094	0.78431374
876.30096436	0.78431374
876.32977295	0.78431374
876.36254883	0.78431374
876.39117432	0.78431374
876.41986084	0.78431374
876.45263672	0.78431374
876.48126221	0.78431374
876.51007080	0.78431374
876.54278564	0.78431374
876.57141113	0.78431374
876.60015869	0.78431374
876.63293457	0.78431374
876.66149902	0.78431374
876.69030762	0.78431374
876.72308350	0.80392158
876.75164795	0.78431374
876.78033447	0.80392158
876.81317139	0.80392158
876.84191895	0.80392158
876.87042236	0.80392158
876.90332031	0.80392158
876.93188477	0.80392158
876.96057129	0.78431374
877.02203369	0.78431374
877.05059814	0.78431374
877.11206055	0.78431374
877.14093018	0.78431374
877.20227051	0.78431374
877.23089600	0.78431374
877.25970459	0.78431374
877.29235840	0.78431374
877.32104492	0.80392158
877.34979248	0.80392158
877.38256836	0.80392158
877.41113281	0.80392158
877.43988037	0.80392158
877.47271729	0.80392158
877.50128174	0.80392158
877.53009033	0.80392158
877.56280518	0.80392158
877.59143066	0.80392158
877.62017822	0.80392158
877.65295410	0.80392158
877.68151855	0.80392158
877.71026611	0.80392158
877.74304199	0.80392158
877.77160645	0.80392158
877.80041504	0.80392158
877.83312988	0.80392158
877.86181641	0.80392158
877.89050293	0.80392158
877.92321777	0.80392158
877.95190430	0.80392158
877.98052979	0.80392158
878.01342773	0.80392158
878.04205322	0.80392158
878.07061768	0.80392158
878.10357666	0.80392158
878.13220215	0.80392158
878.16094971	0.80392158
878.19366455	0.80392158
878.22229004	0.80392158
878.25085449	0.80392158
878.28381348	0.80392158
878.31231689	0.80392158
878.34106445	0.80392158
878.37384033	0.80392158
878.40252686	0.80392158
878.43109131	0.80392158
878.46405029	0.80392158
878.49261475	0.80392158
878.52124023	0.80392158
878.55401611	0.80392158
878.58288574	0.80392158
878.61145020	0.80392158
878.64416504	0.80392158
878.67285156	0.80392158
878.70153809	0.80392158
878.73425293	0.80392158
878.76300049	0.80392158
878.79162598	0.80392158
878.82440186	0.80392158
878.85314941	0.80392158
878.88189697	0.80392158
878.91455078	0.80392158
878.94323730	0.80392158
878.97192383	0.80392158
879.00457764	0.80392158
879.03344727	0.80392158
879.06195068	0.80392158
879.09497070	0.80392158
879.12347412	0.80392158
879.15216064	0.80392158
879.18487549	0.80392158
879.21368408	0.80392158
879.24218750	0.80392158
879.30371094	0.80392158
879.33239746	0.80392158
879.39392090	0.80392158
879.42248535	0.80392158
879.48400879	0.80392158
879.51263428	0.80392158
879.54119873	0.80392158
879.57397461	0.80392158
879.60272217	0.80392158
879.63122559	0.80392158
879.66418457	0.80392158
879.69287109	0.80392158
879.72155762	0.80392158
879.75427246	0.80392158
879.78308105	0.80392158
879.81158447	0.80392158
879.84436035	0.80392158
879.87304688	0.80392158
879.90185547	0.80392158
879.93444824	0.80392158
879.96331787	0.80392158
879.99188232	0.80392158
880.02465820	0.80392158
880.05334473	0.78431374
880.08203125	0.78431374
880.11486816	0.78431374
880.14349365	0.78431374
880.17205811	0.78431374
880.20483398	0.78431374
880.23358154	0.78431374
880.26220703	0.78431374
880.29498291	0.78431374
880.32373047	0.76470590
880.35241699	0.76470590
880.38513184	0.76470590
880.41394043	0.76470590
880.44250488	0.76470590
880.47528076	0.76470590
880.50396729	0.76470590
880.53259277	0.74509805
880.56530762	0.74509805
880.59417725	0.74509805
880.62268066	0.74509805
880.65557861	0.74509805
880.68420410	0.74509805
880.71295166	0.74509805
880.74554443	0.74509805
880.77441406	0.74509805
880.80291748	0.74509805
880.83575439	0.74509805
880.86437988	0.74509805
880.89312744	0.74509805
880.92584229	0.74509805
880.95446777	0.72549021
880.98321533	0.72549021
881.01599121	0.72549021
881.04461670	0.72549021
881.07336426	0.72549021
881.10607910	0.72549021
881.13494873	0.72549021
881.16351318	0.72549021
881.19622803	0.72549021
881.22491455	0.72549021
881.25360107	0.72549021
881.28637695	0.72549021
881.31500244	0.72549021
881.34381104	0.72549021
881.37646484	0.72549021
881.40515137	0.72549021
881.43377686	0.72549021
881.49517822	0.70588237
881.52404785	0.70588237
881.58538818	0.70588237
881.61407471	0.70588237
881.67547607	0.70588237
881.70416260	0.70588237
881.73284912	0.70588237
881.76562500	0.70588237
881.79437256	0.70588237
881.82299805	0.70588237
881.85577393	0.70588237
881.88446045	0.70588237
881.91314697	0.70588237
881.94586182	0.70588237
881.97467041	0.70588237
882.00323486	0.70588237
882.03601074	0.70588237
882.06463623	0.70588237
882.09338379	0.70588237
882.12609863	0.70588237
882.15490723	0.70588237
882.18341064	0.70588237
882.21624756	0.70588237
882.24481201	0.70588237
882.27362061	0.70588237
882.30627441	0.70588237
882.33520508	0.70588237
882.36370850	0.70588237
882.39648438	0.70588237
882.42504883	0.70588237
882.45385742	0.70588237
882.48657227	0.70588237
882.51519775	0.70588237
882.54394531	0.70588237
882.57672119	0.70588237
882.60534668	0.70588237
882.63409424	0.70588237
882.66693115	0.70588237
882.69543457	0.70588237
882.72430420	0.70588237
882.75701904	0.70588237
882.78564453	0.72549021
882.81433105	0.72549021
882.84716797	0.72549021
882.87585449	0.72549021
882.90454102	0.72549021
882.93719482	0.72549021
882.96588135	0.72549021
882.99456787	0.72549021
883.02740479	0.72549021
883.05590820	0.72549021
883.08477783	0.72549021
883.11743164	0.72549021
883.14611816	0.72549021
883.17480469	0.72549021
883.20758057	0.72549021
883.23620605	0.72549021
883.26495361	0.72549021
883.29772949	0.72549021
883.32629395	0.72549021
883.35498047	0.72549021
883.38781738	0.72549021
883.41638184	0.74509805
883.44506836	0.74509805
883.47802734	0.74509805
883.50653076	0.74509805
883.53533936	0.74509805
883.56811523	0.74509805
883.59674072	0.74509805
883.62530518	0.74509805
883.65826416	0.74509805
883.68682861	0.74509805
883.71551514	0.74509805
883.77697754	0.74509805
883.80554199	0.74509805
883.86700439	0.74509805
883.89587402	0.74509805
883.95721436	0.74509805
883.98577881	0.74509805
884.01458740	0.72549021
884.04730225	0.72549021
884.07598877	0.72549021
884.10473633	0.72549021
884.13745117	0.72549021
884.16601563	0.72549021
884.19482422	0.72549021
884.22760010	0.72549021
884.25622559	0.72549021
884.28515625	0.72549021
884.31768799	0.72549021
884.34637451	0.72549021
884.37506104	0.72549021
884.40783691	0.72549021
884.43646240	0.72549021
884.46527100	0.72549021
884.49786377	0.72549021
884.52661133	0.72549021
884.55511475	0.72549021
884.58807373	0.72549021
884.61663818	0.72549021
884.64538574	0.72549021
884.67822266	0.72549021
884.70684814	0.72549021
884.73541260	0.72549021
884.76843262	0.72549021
884.79699707	0.70588237
884.82556152	0.70588237
884.85845947	0.70588237
884.88708496	0.70588237
884.91583252	0.70588237
884.94860840	0.70588237
884.97717285	0.70588237
885.00579834	0.70588237
885.03869629	0.70588237
885.06726074	0.70588237
885.09594727	0.72549021
885.12878418	0.72549021
885.15753174	0.72549021
885.18603516	0.72549021
885.21887207	0.72549021
885.24755859	0.72549021
885.27624512	0.72549021
885.30889893	0.72549021
885.33776855	0.72549021
885.36627197	0.72549021
885.39910889	0.72549021
885.42773438	0.72549021
885.45648193	0.72549021
885.48919678	0.72549021
885.51794434	0.72549021
885.54656982	0.72549021
885.57934570	0.72549021
885.60809326	0.72549021
885.63677979	0.74509805
885.66943359	0.74509805
885.69812012	0.74509805
885.72680664	0.74509805
885.75958252	0.74509805
885.78839111	0.74509805
885.81689453	0.74509805
885.84985352	0.74509805
885.87847900	0.74509805
885.90710449	0.74509805
885.93975830	0.74509805
885.96856689	0.74509805
885.99713135	0.74509805
886.05865479	0.74509805
886.08734131	0.74509805
886.14886475	0.74509805
886.17736816	0.74509805
886.23889160	0.74509805
886.26757813	0.76470590
886.29614258	0.76470590
886.32891846	0.76470590
886.35772705	0.76470590
886.38629150	0.76470590
886.41906738	0.76470590
886.44781494	0.76470590
886.47644043	0.76470590
886.50915527	0.76470590
886.53796387	0.76470590
886.56652832	0.76470590
886.59930420	0.76470590
886.62799072	0.76470590
886.65686035	0.76470590
886.68939209	0.76470590
886.71826172	0.76470590
886.74676514	0.76470590
886.77960205	0.76470590
886.80822754	0.76470590
886.83697510	0.76470590
886.86981201	0.76470590
886.89849854	0.76470590
886.92700195	0.76470590
886.95983887	0.76470590
886.98852539	0.76470590
887.01721191	0.76470590
887.04986572	0.76470590
887.07867432	0.76470590
887.10729980	0.76470590
887.14001465	0.76470590
887.16888428	0.76470590
887.19744873	0.76470590
887.23016357	0.76470590
887.25885010	0.76470590
887.28753662	0.76470590
887.32025146	0.76470590
887.34899902	0.76470590
887.37762451	0.76470590
887.41033936	0.76470590
887.43896484	0.76470590
887.46777344	0.76470590
887.50048828	0.76470590
887.52911377	0.76470590
887.55786133	0.76470590
887.59063721	0.76470590
887.61920166	0.76470590
887.64801025	0.76470590
887.68072510	0.76470590
887.70935059	0.76470590
887.73809814	0.76470590
887.77081299	0.76470590
887.79949951	0.76470590
887.82818604	0.76470590
887.86108398	0.76470590
887.88983154	0.76470590
887.91857910	0.76470590
887.95117188	0.76470590
887.97979736	0.76470590
888.00854492	0.76470590
888.04138184	0.76470590
888.06988525	0.76470590
888.09869385	0.76470590
888.13134766	0.76470590
888.16003418	0.76470590
888.18872070	0.76470590
888.25012207	0.76470590
888.27899170	0.76470590
888.34033203	0.76470590
888.36895752	0.76470590
888.43029785	0.76470590
888.45922852	0.76470590
888.48773193	0.76470590
888.52050781	0.76470590
888.54925537	0.76470590
888.57794189	0.76470590
888.61071777	0.76470590
888.63946533	0.76470590
888.66802979	0.76470590
888.70080566	0.76470590
888.72943115	0.76470590
888.75817871	0.76470590
888.79095459	0.76470590
888.81951904	0.76470590
888.84832764	0.76470590
888.88098145	0.76470590
888.90985107	0.76470590
888.93841553	0.76470590
888.97119141	0.76470590
888.99969482	0.76470590
889.02856445	0.76470590
889.06121826	0.76470590
889.08990479	0.76470590
889.11853027	0.76470590
889.15148926	0.76470590
889.17999268	0.76470590
889.20874023	0.76470590
889.24151611	0.76470590
889.27020264	0.76470590
889.29895020	0.76470590
889.33172607	0.76470590
889.36022949	0.76470590
889.38903809	0.76470590
889.42181396	0.76470590
889.45037842	0.76470590
889.47918701	0.76470590
889.51190186	0.74509805
889.54052734	0.74509805
889.56927490	0.74509805
889.60192871	0.74509805
889.63073730	0.74509805
889.65936279	0.74509805
889.69207764	0.74509805
889.72088623	0.74509805
889.74945068	0.74509805
889.78234863	0.74509805
889.81085205	0.74509805
889.83966064	0.74509805
889.87237549	0.74509805
889.90106201	0.74509805
889.92974854	0.74509805
889.96258545	0.74509805
889.99108887	0.74509805
890.01977539	0.74509805
890.05255127	0.74509805
890.08129883	0.74509805
890.10980225	0.74509805
890.14276123	0.74509805
890.17144775	0.74509805
890.20001221	0.74509805
890.23297119	0.74509805
890.26153564	0.74509805
890.29016113	0.74509805
890.32293701	0.74509805
890.35162354	0.74509805
890.38018799	0.74509805
890.41308594	0.74509805
890.44171143	0.74509805
890.47045898	0.74509805
890.53192139	0.74509805
890.56042480	0.74509805
890.62194824	0.76470590
890.65075684	0.76470590
890.71215820	0.76470590
890.74072266	0.76470590
890.76953125	0.76470590
890.80224609	0.76470590
890.83087158	0.76470590
890.85968018	0.76470590
890.89245605	0.76470590
890.92102051	0.76470590
890.94976807	0.76470590
890.98254395	0.76470590
891.01116943	0.76470590
891.03991699	0.76470590
891.07263184	0.76470590
891.10125732	0.76470590
891.12988281	0.76470590
891.16278076	0.76470590
891.19134521	0.76470590
891.22003174	0.76470590
891.25280762	0.76470590
891.28155518	0.76470590
891.31005859	0.76470590
891.34301758	0.76470590
891.37158203	0.76470590
891.40026855	0.76470590
891.43310547	0.76470590
891.46179199	0.76470590
891.49035645	0.76470590
891.52331543	0.76470590
891.55187988	0.76470590
891.58050537	0.78431374
891.61322021	0.78431374
891.64196777	0.78431374
891.67071533	0.78431374
891.70336914	0.78431374
891.73217773	0.78431374
891.76074219	0.78431374
891.79351807	0.78431374
891.82226563	0.78431374
891.85089111	0.78431374
891.88385010	0.78431374
891.91235352	0.76470590
891.94091797	0.76470590
891.97375488	0.78431374
892.00244141	0.78431374
892.03118896	0.78431374
892.06378174	0.78431374
892.09265137	0.78431374
892.12121582	0.78431374
892.15405273	0.78431374
892.18267822	0.78431374
892.21136475	0.78431374
892.24407959	0.78431374
892.27282715	0.78431374
892.30151367	0.78431374
892.33428955	0.78431374
892.36297607	0.78431374
892.39166260	0.78431374
892.42437744	0.78431374
892.45312500	0.78431374
892.48175049	0.78431374
892.51446533	0.78431374
892.54327393	0.78431374
892.57189941	0.78431374
892.60473633	0.78431374
892.63336182	0.78431374
892.66204834	0.78431374
892.69470215	0.78431374
892.72351074	0.78431374
892.75207520	0.78431374
892.81353760	0.78431374
892.84228516	0.78431374
892.90374756	0.78431374
892.93237305	0.78431374
892.99371338	0.78431374
893.02252197	0.78431374
893.05114746	0.78431374
893.08392334	0.78431374
893.11260986	0.78431374
893.14123535	0.78431374
893.17401123	0.78431374
893.20275879	0.78431374
893.23138428	0.78431374
893.26416016	0.78431374
893.29284668	0.78431374
893.32147217	0.78431374
893.35424805	0.78431374
893.38299561	0.78431374
893.41174316	0.78431374
893.44439697	0.78431374
893.47308350	0.78431374
893.50170898	0.78431374
893.53442383	0.78431374
893.56323242	0.78431374
893.59185791	0.78431374
893.62475586	0.78431374
893.65332031	0.78431374
893.68194580	0.78431374
893.71472168	0.78431374
893.74346924	0.78431374
893.77209473	0.78431374
893.80487061	0.78431374
893.83361816	0.78431374
893.86224365	0.78431374
893.89501953	0.78431374
893.92376709	0.78431374
893.95233154	0.78431374
893.98510742	0.78431374
894.01385498	0.78431374
894.04248047	0.78431374
894.07525635	0.78431374
894.10382080	0.78431374
894.13262939	0.78431374
894.16528320	0.78431374
894.19396973	0.78431374
894.22271729	0.78431374
894.25543213	0.78431374
894.28405762	0.78431374
894.31280518	0.78431374
894.34558105	0.78431374
894.37420654	0.78431374
894.40295410	0.78431374
894.43566895	0.78431374
894.46429443	0.78431374
894.49310303	0.78431374
894.52587891	0.78431374
894.55444336	0.78431374
894.58319092	0.78431374
894.61596680	0.78431374
894.64471436	0.78431374
894.67340088	0.78431374
894.70611572	0.78431374
894.73474121	0.78431374
894.76348877	0.78431374
894.79626465	0.78431374
894.82482910	0.78431374
894.85357666	0.78431374
894.88635254	0.78431374
894.91491699	0.78431374
894.94372559	0.78431374
895.00512695	0.78431374
895.03381348	0.78431374
895.09521484	0.78431374
895.12396240	0.78431374
895.18542480	0.78431374
895.21392822	0.78431374
895.24273682	0.78431374
895.27545166	0.80392158
895.30407715	0.80392158
895.33282471	0.80392158
895.36566162	0.80392158
895.39422607	0.80392158
895.42303467	0.80392158
895.45574951	0.80392158
895.48437500	0.80392158
895.51306152	0.80392158
895.54583740	0.80392158
895.57446289	0.80392158
895.60314941	0.80392158
895.63598633	0.80392158
895.66467285	0.80392158
895.69329834	0.80392158
895.72607422	0.80392158
895.75463867	0.80392158
895.78344727	0.80392158
895.81622314	0.80392158
895.84478760	0.80392158
895.87353516	0.80392158
895.90631104	0.80392158
895.93493652	0.80392158
895.96374512	0.80392158
895.99645996	0.80392158
896.02502441	0.80392158
896.05377197	0.80392158
896.08660889	0.80392158
896.11517334	0.80392158
896.14392090	0.80392158
896.17669678	0.80392158
896.20532227	0.80392158
896.23413086	0.80392158
896.26678467	0.80392158
896.29547119	0.80392158
896.32421875	0.80392158
896.35699463	0.80392158
896.38568115	0.80392158
896.41430664	0.80392158
896.44708252	0.80392158
896.47564697	0.80392158
896.50427246	0.80392158
896.53717041	0.80392158
896.56585693	0.80392158
896.59442139	0.80392158
896.62738037	0.80392158
896.65594482	0.80392158
896.68469238	0.80392158
896.71746826	0.80392158
896.74603271	0.80392158
896.77465820	0.80392158
896.80755615	0.80392158
896.83618164	0.80392158
896.86480713	0.80392158
896.89770508	0.80392158
896.92626953	0.80392158
896.95501709	0.80392158
896.98767090	0.80392158
897.01641846	0.80392158
897.04510498	0.80392158
897.07781982	0.80392158
897.10662842	0.80392158
897.13513184	0.80392158
897.16790771	0.80392158
897.19665527	0.80392158
897.22528076	0.80392158
897.28680420	0.80392158
897.31542969	0.80392158
897.37689209	0.80392158
897.40570068	0.80392158
897.46704102	0.80392158
897.49566650	0.80392158
897.52447510	0.80392158
897.55718994	0.80392158
897.58581543	0.80392158
897.61456299	0.80392158
897.64727783	0.80392158
897.67596436	0.80392158
897.70465088	0.80392158
897.73748779	0.80392158
897.76605225	0.80392158
897.79473877	0.80392158
897.82757568	0.80392158
897.85626221	0.80392158
897.88488770	0.80392158
897.91772461	0.80392158
897.94628906	0.80392158
897.97491455	0.80392158
898.00775146	0.80392158
898.03643799	0.80392158
898.06500244	0.80392158
898.09777832	0.80392158
898.12652588	0.80392158
898.15521240	0.80392158
898.18792725	0.82352942
898.21667480	0.82352942
898.24523926	0.82352942
898.27807617	0.82352942
898.30682373	0.82352942
898.33563232	0.82352942
898.36816406	0.82352942
898.39697266	0.82352942
898.42572021	0.82352942
898.45831299	0.82352942
898.48712158	0.82352942
898.51568604	0.82352942
898.54846191	0.82352942
898.57714844	0.82352942
898.60583496	0.82352942
898.63861084	0.82352942
898.66735840	0.82352942
898.69592285	0.80392158
898.72863770	0.80392158
898.75738525	0.80392158
898.78613281	0.80392158
898.81896973	0.80392158
898.84753418	0.80392158
898.87615967	0.80392158
898.90893555	0.80392158
898.93762207	0.80392158
898.96630859	0.80392158
898.99902344	0.80392158
899.02777100	0.80392158
899.05633545	0.80392158
899.08917236	0.80392158
899.11791992	0.80392158
899.14654541	0.80392158
899.17926025	0.80392158
899.20800781	0.80392158
899.23675537	0.80392158
899.26940918	0.80392158
899.29821777	0.80392158
899.32684326	0.80392158
899.35955811	0.80392158
899.38812256	0.80392158
899.41693115	0.80392158
899.44964600	0.80392158
899.47827148	0.80392158
899.50695801	0.80392158
899.56835938	0.80392158
899.59704590	0.80392158
899.65863037	0.80392158
899.68725586	0.80392158
899.74865723	0.80392158
899.77746582	0.80392158
899.80596924	0.80392158
899.83874512	0.80392158
899.86749268	0.80392158
899.89617920	0.82352942
899.92889404	0.82352942
899.95770264	0.82352942
899.98626709	0.82352942
900.01904297	0.82352942
900.04779053	0.82352942
900.07641602	0.82352942
900.10913086	0.82352942
900.13793945	0.82352942
900.16650391	0.82352942
900.19934082	0.82352942
900.22802734	0.82352942
900.25665283	0.82352942
900.28936768	0.82352942
900.31817627	0.82352942
900.34680176	0.80392158
900.37963867	0.80392158
900.40826416	0.80392158
900.43688965	0.80392158
900.46960449	0.82352942
900.49841309	0.82352942
900.52709961	0.82352942
900.55975342	0.82352942
900.58843994	0.82352942
900.61712646	0.82352942
900.64990234	0.82352942
900.67864990	0.82352942
900.70733643	0.82352942
900.74005127	0.82352942
900.76867676	0.82352942
900.79736328	0.82352942
900.83013916	0.82352942
900.85876465	0.82352942
900.88751221	0.82352942
900.92028809	0.82352942
900.94891357	0.82352942
900.97766113	0.82352942
901.01037598	0.82352942
901.03900146	0.82352942
901.06774902	0.82352942
901.10052490	0.82352942
901.12915039	0.82352942
901.15789795	0.82352942
901.19061279	0.82352942
901.21923828	0.82352942
901.24804688	0.82352942
901.28082275	0.82352942
901.30938721	0.82352942
901.33819580	0.82352942
901.37091064	0.82352942
901.39971924	0.82352942
901.42828369	0.82352942
901.46105957	0.82352942
901.48962402	0.82352942
901.51837158	0.82352942
901.55114746	0.82352942
901.57977295	0.82352942
901.60852051	0.82352942
901.64129639	0.82352942
901.66986084	0.82352942
901.69866943	0.82352942
901.76000977	0.82352942
901.78875732	0.82352942
901.85009766	0.82352942
901.87872314	0.82352942
901.94018555	0.82352942
901.96893311	0.82352942
902.03039551	0.82352942
902.05902100	0.82352942
902.08782959	0.82352942
902.12048340	0.82352942
902.14916992	0.82352942
902.17791748	0.82352942
902.21069336	0.82352942
902.23925781	0.82352942
902.26800537	0.82352942
902.30078125	0.82352942
902.32940674	0.82352942
902.35809326	0.82352942
902.39086914	0.82352942
902.41955566	0.82352942
902.44824219	0.82352942
902.48095703	0.82352942
902.50964355	0.82352942
902.53839111	0.84313726
902.57110596	0.84313726
902.59973145	0.84313726
902.62854004	0.84313726
902.66125488	0.84313726
902.68981934	0.84313726
902.71862793	0.84313726
902.75140381	0.84313726
902.77996826	0.84313726
902.80877686	0.82352942
902.84155273	0.82352942
902.87005615	0.82352942
902.89886475	0.82352942
902.93164063	0.82352942
902.96026611	0.82352942
902.98901367	0.82352942
903.02178955	0.82352942
903.05029297	0.82352942
903.07891846	0.82352942
903.11187744	0.82352942
903.14050293	0.84313726
903.16906738	0.84313726
903.20202637	0.84313726
903.23059082	0.84313726
903.25927734	0.84313726
903.29211426	0.84313726
903.32080078	0.84313726
903.34936523	0.84313726
903.38226318	0.84313726
903.41088867	0.84313726
903.43963623	0.84313726
903.47235107	0.84313726
903.50097656	0.84313726
903.52960205	0.84313726
903.56237793	0.84313726
903.59106445	0.84313726
903.61975098	0.84313726
903.65264893	0.84313726
903.68121338	0.82352942
903.70989990	0.82352942
903.74267578	0.82352942
903.77142334	0.82352942
903.79992676	0.82352942
903.83276367	0.82352942
903.86151123	0.82352942
903.89013672	0.82352942
903.92285156	0.82352942
903.95159912	0.82352942
903.98022461	0.82352942
904.04174805	0.82352942
904.07037354	0.82352942
904.13183594	0.82352942
904.16064453	0.82352942
904.22198486	0.82352942
904.25061035	0.82352942
904.27935791	0.82352942
904.31213379	0.82352942
904.34082031	0.82352942
904.36932373	0.82352942
904.40234375	0.82352942
904.43084717	0.82352942
904.45959473	0.82352942
904.49237061	0.82352942
904.52105713	0.82352942
904.54956055	0.82352942
904.58251953	0.82352942
904.61108398	0.82352942
904.63977051	0.82352942
904.67260742	0.82352942
904.70123291	0.82352942
904.72985840	0.82352942
904.76251221	0.82352942
904.79138184	0.82352942
904.81994629	0.82352942
904.85266113	0.82352942
904.88146973	0.82352942
904.91009521	0.82352942
904.94287109	0.82352942
904.97155762	0.82352942
905.00018311	0.82352942
905.03295898	0.82352942
905.06170654	0.82352942
905.09033203	0.82352942
905.12310791	0.82352942
905.15191650	0.82352942
905.18060303	0.82352942
905.21325684	0.82352942
905.24200439	0.82352942
905.27069092	0.82352942
905.30334473	0.82352942
905.33215332	0.82352942
905.36083984	0.82352942
905.39361572	0.82352942
905.42224121	0.82352942
905.45086670	0.82352942
905.48358154	0.82352942
905.51232910	0.82352942
905.54095459	0.82352942
905.57373047	0.82352942
905.60241699	0.82352942
905.63110352	0.82352942
905.66381836	0.82352942
905.69256592	0.82352942
905.72125244	0.82352942
905.75396729	0.82352942
905.78271484	0.82352942
905.81134033	0.82352942
905.84411621	0.82352942
905.87286377	0.82352942
905.90155029	0.82352942
905.93420410	0.82352942
905.96301270	0.82352942
905.99157715	0.82352942
906.02435303	0.82352942
906.05291748	0.82352942
906.08178711	0.82352942
906.11450195	0.82352942
906.14312744	0.82352942
906.17187500	0.80392158
906.20458984	0.80392158
906.23321533	0.80392158
906.26202393	0.80392158
906.32330322	0.80392158
906.35211182	0.80392158
906.41357422	0.78431374
906.44219971	0.78431374
906.50354004	0.78431374
906.53240967	0.78431374
906.56097412	0.78431374
906.59368896	0.78431374
906.62249756	0.78431374
906.65106201	0.78431374
906.68383789	0.78431374
906.71258545	0.78431374
906.74121094	0.76470590
906.77404785	0.76470590
906.80273438	0.76470590
906.83129883	0.76470590
906.86413574	0.76470590
906.89282227	0.76470590
906.92150879	0.76470590
906.95410156	0.76470590
906.98297119	0.76470590
907.01159668	0.76470590
907.04431152	0.74509805
907.07312012	0.74509805
907.10168457	0.74509805
907.13446045	0.74509805
907.16320801	0.74509805
907.19183350	0.74509805
907.22454834	0.74509805
907.25329590	0.74509805
907.28192139	0.74509805
907.31469727	0.74509805
907.34332275	0.74509805
907.37207031	0.74509805
907.40484619	0.74509805
907.43359375	0.74509805
907.46228027	0.74509805
907.49493408	0.74509805
907.52355957	0.74509805
907.55242920	0.74509805
907.58508301	0.74509805
907.61364746	0.74509805
907.64245605	0.74509805
907.67517090	0.74509805
907.70385742	0.74509805
907.73254395	0.74509805
907.76531982	0.74509805
907.79394531	0.74509805
907.82269287	0.74509805
907.85540771	0.74509805
907.88409424	0.74509805
907.91278076	0.74509805
907.94555664	0.74509805
907.97424316	0.74509805
908.00292969	0.74509805
908.03588867	0.74509805
908.06427002	0.74509805
908.09313965	0.76470590
908.12579346	0.76470590
908.15460205	0.76470590
908.18316650	0.76470590
908.21600342	0.76470590
908.24456787	0.76470590
908.27325439	0.76470590
908.30603027	0.76470590
908.33471680	0.76470590
908.36340332	0.76470590
908.39630127	0.76470590
908.42474365	0.76470590
908.45361328	0.76470590
908.51495361	0.76470590
908.54357910	0.76470590
908.60504150	0.76470590
908.63372803	0.76470590
908.69519043	0.76470590
908.72381592	0.76470590
908.75250244	0.76470590
908.78533936	0.76470590
908.81390381	0.76470590
908.84271240	0.76470590
908.87542725	0.76470590
908.90411377	0.76470590
908.93280029	0.76470590
908.96557617	0.76470590
908.99420166	0.78431374
909.02294922	0.78431374
909.05566406	0.78431374
909.08428955	0.78431374
909.11303711	0.78431374
909.14581299	0.78431374
909.17456055	0.78431374
909.20312500	0.78431374
909.23590088	0.78431374
909.26452637	0.78431374
909.29327393	0.78431374
909.32604980	0.78431374
909.35467529	0.78431374
909.38348389	0.78431374
909.41619873	0.78431374
909.44482422	0.78431374
909.47357178	0.78431374
909.50634766	0.78431374
909.53497314	0.78431374
909.56359863	0.78431374
909.59643555	0.78431374
909.62493896	0.78431374
909.65362549	0.78431374
909.68646240	0.78431374
909.71514893	0.78431374
909.74383545	0.78431374
909.77673340	0.78431374
909.80529785	0.78431374
909.83392334	0.78431374
909.86676025	0.78431374
909.89544678	0.80392158
909.92401123	0.80392158
909.95690918	0.78431374
909.98559570	0.80392158
910.01422119	0.80392158
910.04705811	0.80392158
910.07562256	0.80392158
910.10430908	0.80392158
910.13702393	0.80392158
910.16577148	0.80392158
910.19458008	0.80392158
910.22717285	0.80392158
910.25592041	0.80392158
910.28448486	0.80392158
910.31726074	0.80392158
910.34606934	0.80392158
910.37463379	0.80392158
910.40759277	0.80392158
910.43615723	0.80392158
910.46484375	0.80392158
910.49749756	0.80392158
910.52636719	0.80392158
910.55493164	0.80392158
910.58770752	0.80392158
910.61639404	0.80392158
910.64501953	0.80392158
910.67773438	0.80392158
910.70648193	0.80392158
910.73516846	0.80392158
910.79663086	0.80392158
910.82531738	0.80392158
910.88684082	0.80392158
910.91546631	0.80392158
910.97698975	0.80392158
911.00555420	0.80392158
911.03417969	0.80392158
911.06701660	0.80392158
911.09570313	0.80392158
911.12432861	0.80392158
911.15716553	0.80392158
911.18579102	0.80392158
911.21453857	0.80392158
911.24731445	0.80392158
911.27593994	0.80392158
911.30450439	0.80392158
911.33721924	0.80392158
911.36596680	0.80392158
911.39471436	0.80392158
911.42755127	0.80392158
911.45617676	0.80392158
911.48474121	0.80392158
911.51757813	0.80392158
911.54626465	0.80392158
911.57489014	0.78431374
911.60766602	0.78431374
911.63641357	0.78431374
911.66497803	0.78431374
911.69781494	0.76470590
911.72650146	0.76470590
911.75512695	0.76470590
911.78790283	0.74509805
911.81671143	0.74509805
911.84521484	0.74509805
911.87799072	0.72549021
911.90686035	0.72549021
911.93554688	0.72549021
911.96820068	0.70588237
911.99688721	0.70588237
912.02557373	0.70588237
912.05822754	0.68627453
912.08703613	0.68627453
912.11566162	0.68627453
912.14855957	0.66666669
912.17712402	0.66666669
912.20574951	0.66666669
912.23846436	0.66666669
912.26721191	0.64705884
912.29589844	0.64705884
912.32867432	0.64705884
912.35742188	0.64705884
912.38598633	0.64705884
912.41876221	0.64705884
912.44757080	0.62745100
912.47613525	0.62745100
912.50891113	0.62745100
912.53759766	0.62745100
912.56622314	0.62745100
912.59899902	0.62745100
912.62762451	0.62745100
912.65643311	0.62745100
912.68914795	0.62745100
912.71783447	0.62745100
912.74652100	0.62745100
912.77929688	0.62745100
912.80792236	0.62745100
912.83666992	0.62745100
912.86938477	0.62745100
912.89801025	0.62745100
912.92681885	0.62745100
912.95953369	0.62745100
912.98815918	0.62745100
913.01690674	0.62745100
913.07824707	0.62745100
913.10699463	0.62745100
913.16857910	0.62745100
913.19714355	0.62745100
913.25854492	0.62745100
913.28723145	0.62745100
913.31585693	0.62745100
913.34857178	0.62745100
913.37738037	0.62745100
913.40606689	0.62745100
913.43872070	0.60784316
913.46759033	0.60784316
913.49615479	0.60784316
913.52893066	0.60784316
913.55761719	0.60784316
913.58624268	0.60784316
913.61901855	0.60784316
913.64782715	0.60784316
913.67639160	0.58823532
913.70910645	0.58823532
913.73785400	0.58823532
913.76647949	0.58823532
913.79925537	0.58823532
913.82794189	0.58823532
913.85662842	0.58823532
913.88946533	0.58823532
913.91796875	0.56862748
913.94671631	0.56862748
913.97955322	0.56862748
914.00811768	0.56862748
914.03686523	0.56862748
914.06964111	0.56862748
914.09820557	0.56862748
914.12695313	0.56862748
914.15972900	0.56862748
914.18847656	0.56862748
914.21716309	0.56862748
914.24987793	0.56862748
914.27850342	0.56862748
914.30725098	0.56862748
914.34002686	0.56862748
914.36859131	0.56862748
914.39746094	0.56862748
914.43011475	0.56862748
914.45867920	0.56862748
914.48748779	0.56862748
914.52026367	0.56862748
914.54882813	0.56862748
914.57763672	0.56862748
914.61035156	0.56862748
914.63903809	0.56862748
914.66772461	0.56862748
914.70050049	0.56862748
914.72912598	0.56862748
914.75787354	0.58823532
914.79058838	0.58823532
914.81921387	0.58823532
914.84796143	0.58823532
914.88079834	0.58823532
914.90948486	0.58823532
914.93811035	0.58823532
914.97088623	0.58823532
914.99951172	0.58823532
915.02832031	0.58823532
915.06097412	0.60784316
915.08966064	0.60784316
915.11822510	0.60784316
915.15118408	0.60784316
915.17974854	0.60784316
915.20849609	0.60784316
915.26983643	0.60784316
915.29846191	0.60784316
915.35998535	0.60784316
915.38861084	0.62745100
915.45007324	0.62745100
915.47875977	0.62745100
915.50750732	0.62745100
915.54022217	0.62745100
915.56884766	0.62745100
915.59765625	0.62745100
915.63043213	0.64705884
915.65899658	0.64705884
915.68774414	0.64705884
915.72052002	0.64705884
915.74908447	0.64705884
915.77789307	0.64705884
915.81060791	0.64705884
915.83923340	0.64705884
915.86791992	0.64705884
915.90075684	0.62745100
915.92944336	0.62745100
915.95819092	0.62745100
915.99084473	0.62745100
916.01953125	0.62745100
916.04821777	0.62745100
916.08093262	0.60784316
916.10955811	0.60784316
916.13830566	0.60784316
916.17108154	0.60784316
916.19976807	0.60784316
916.22845459	0.58823532
916.26123047	0.58823532
916.28991699	0.58823532
916.31848145	0.56862748
916.35137939	0.56862748
916.37994385	0.56862748
916.40863037	0.56862748
916.44146729	0.56862748
916.47015381	0.54901963
916.49871826	0.54901963
916.53167725	0.54901963
916.56018066	0.54901963
916.58886719	0.54901963
916.62170410	0.52941179
916.65039063	0.52941179
916.67889404	0.52941179
916.71173096	0.52941179
916.74041748	0.52941179
916.76910400	0.52941179
916.80181885	0.52941179
916.83068848	0.52941179
916.85919189	0.52941179
916.89196777	0.52941179
916.92071533	0.52941179
916.94946289	0.52941179
916.98205566	0.52941179
917.01080322	0.52941179
917.03948975	0.52941179
917.07220459	0.52941179
917.10101318	0.52941179
917.12957764	0.52941179
917.16253662	0.52941179
917.19104004	0.52941179
917.21972656	0.52941179
917.25244141	0.52941179
917.28125000	0.52941179
917.30981445	0.52941179
917.34259033	0.52941179
917.37133789	0.52941179
917.40002441	0.52941179
917.43261719	0.52941179
917.46148682	0.52941179
917.49005127	0.52941179
917.55151367	0.52941179
917.58020020	0.52941179
917.64172363	0.52941179
917.67034912	0.52941179
917.73181152	0.52941179
917.76049805	0.52941179
917.78906250	0.54901963
917.82189941	0.54901963
917.85064697	0.54901963
917.87921143	0.54901963
917.91198730	0.54901963
917.94073486	0.54901963
917.96948242	0.54901963
918.00219727	0.54901963
918.03088379	0.54901963
918.05944824	0.54901963
918.09240723	0.54901963
918.12091064	0.54901963
918.14959717	0.54901963
918.18237305	0.54901963
918.21112061	0.54901963
918.23962402	0.54901963
918.27252197	0.54901963
918.30114746	0.54901963
918.32983398	0.54901963
918.36254883	0.54901963
918.39123535	0.54901963
918.41992188	0.54901963
918.45275879	0.54901963
918.48144531	0.54901963
918.51007080	0.54901963
918.54278564	0.56862748
918.57159424	0.56862748
918.60028076	0.56862748
918.63293457	0.56862748
918.66174316	0.56862748
918.69030762	0.56862748
918.72308350	0.56862748
918.75183105	0.56862748
918.78051758	0.56862748
918.81317139	0.56862748
918.84197998	0.56862748
918.87054443	0.56862748
918.90350342	0.56862748
918.93200684	0.56862748
918.96075439	0.56862748
918.99340820	0.56862748
919.02221680	0.56862748
919.05078125	0.56862748
919.08361816	0.56862748
919.11230469	0.56862748
919.14099121	0.56862748
919.17370605	0.56862748
919.20245361	0.56862748
919.23101807	0.56862748
919.26385498	0.56862748
919.29241943	0.56862748
919.32116699	0.56862748
919.35394287	0.56862748
919.38256836	0.56862748
919.41137695	0.58823532
919.44403076	0.58823532
919.47271729	0.58823532
919.50146484	0.58823532
919.53424072	0.58823532
919.56274414	0.58823532
919.59161377	0.58823532
919.62420654	0.58823532
919.65283203	0.58823532
919.68164063	0.58823532
919.71447754	0.58823532
919.74291992	0.58823532
919.77185059	0.58823532
919.83319092	0.58823532
919.86187744	0.58823532
919.92346191	0.58823532
919.95202637	0.58823532
920.01342773	0.58823532
920.04217529	0.58823532
920.07080078	0.58823532
920.10351563	0.58823532
920.13232422	0.60784316
920.16094971	0.60784316
920.19366455	0.60784316
920.22247314	0.60784316
920.25103760	0.60784316
920.28387451	0.60784316
920.31256104	0.60784316
920.34124756	0.60784316
920.37390137	0.60784316
920.40283203	0.60784316
920.43127441	0.60784316
920.46405029	0.60784316
920.49261475	0.60784316
920.52148438	0.60784316
920.55413818	0.60784316
920.58288574	0.60784316
920.61151123	0.60784316
920.64428711	0.60784316
920.67291260	0.60784316
920.70166016	0.60784316
920.73443604	0.60784316
920.76306152	0.60784316
920.79180908	0.60784316
920.82464600	0.60784316
920.85314941	0.60784316
920.88189697	0.60784316
920.91473389	0.60784316
920.94348145	0.60784316
920.97204590	0.60784316
921.00482178	0.60784316
921.03344727	0.60784316
921.06213379	0.60784316
921.09497070	0.60784316
921.12353516	0.60784316
921.15234375	0.60784316
921.18499756	0.60784316
921.21368408	0.60784316
921.24237061	0.60784316
921.27520752	0.60784316
921.30371094	0.60784316
921.33264160	0.60784316
921.36523438	0.60784316
921.39392090	0.60784316
921.42266846	0.60784316
921.45538330	0.60784316
921.48406982	0.60784316
921.51281738	0.60784316
921.54553223	0.60784316
921.57415771	0.60784316
921.60284424	0.60784316
921.63568115	0.60784316
921.66424561	0.60784316
921.69293213	0.60784316
921.72583008	0.60784316
921.75439453	0.60784316
921.78308105	0.60784316
921.81591797	0.60784316
921.84460449	0.60784316
921.87316895	0.60784316
921.90606689	0.60784316
921.93469238	0.60784316
921.96343994	0.60784316
922.02478027	0.60784316
922.05334473	0.60784316
922.11486816	0.60784316
922.14361572	0.60784316
922.20507813	0.60784316
922.23364258	0.60784316
922.29516602	0.60784316
922.32379150	0.60784316
922.35253906	0.60784316
922.38531494	0.60784316
922.41387939	0.60784316
922.44262695	0.60784316
922.47546387	0.60784316
922.50408936	0.60784316
922.53277588	0.60784316
922.56555176	0.60784316
922.59417725	0.60784316
922.62292480	0.60784316
922.65570068	0.60784316
922.68438721	0.62745100
922.71313477	0.62745100
922.74572754	0.62745100
922.77441406	0.62745100
922.80303955	0.62745100
922.83593750	0.62745100
922.86450195	0.62745100
922.89337158	0.62745100
922.92602539	0.62745100
922.95465088	0.62745100
922.98339844	0.62745100
923.01617432	0.62745100
923.04473877	0.62745100
923.07342529	0.62745100
923.10626221	0.62745100
923.13488770	0.62745100
923.16351318	0.62745100
923.19641113	0.62745100
923.22497559	0.62745100
923.25360107	0.62745100
923.28656006	0.62745100
923.31512451	0.62745100
923.34381104	0.62745100
923.37658691	0.62745100
923.40527344	0.62745100
923.43383789	0.62745100
923.46667480	0.62745100
923.49536133	0.62745100
923.52398682	0.62745100
923.55676270	0.62745100
923.58557129	0.62745100
923.61407471	0.62745100
923.64691162	0.62745100
923.67559814	0.62745100
923.70446777	0.62745100
923.73693848	0.62745100
923.76580811	0.62745100
923.79443359	0.62745100
923.82714844	0.62745100
923.85595703	0.62745100
923.88452148	0.62745100
923.91741943	0.62745100
923.94604492	0.62745100
923.97467041	0.62745100
924.00738525	0.62745100
924.03631592	0.62745100
924.06475830	0.62745100
924.09747314	0.62745100
924.12628174	0.62745100
924.15490723	0.62745100
924.18756104	0.62745100
924.21643066	0.62745100
924.24493408	0.62745100
924.30645752	0.62745100
924.33508301	0.62745100
924.39666748	0.62745100
924.42523193	0.62745100
924.48669434	0.62745100
924.51538086	0.62745100
924.54406738	0.62745100
924.57678223	0.62745100
924.60546875	0.62745100
924.63409424	0.62745100
924.66693115	0.62745100
924.69567871	0.62745100
924.72442627	0.62745100
924.75701904	0.62745100
924.78582764	0.62745100
924.81433105	0.62745100
924.84716797	0.62745100
924.87585449	0.62745100
924.90454102	0.62745100
924.93731689	0.62745100
924.96606445	0.62745100
924.99450684	0.62745100
925.02740479	0.62745100
925.05609131	0.62745100
925.08471680	0.62745100
925.11749268	0.62745100
925.14630127	0.62745100
925.17486572	0.62745100
925.20770264	0.62745100
925.23632813	0.62745100
925.26501465	0.62745100
925.29772949	0.62745100
925.32653809	0.62745100
925.35516357	0.62745100
925.38787842	0.62745100
925.41668701	0.62745100
925.44537354	0.62745100
925.47802734	0.62745100
925.50677490	0.62745100
925.53540039	0.62745100
925.56811523	0.62745100
925.59692383	0.62745100
925.62542725	0.62745100
925.65844727	0.62745100
925.68701172	0.62745100
925.71569824	0.62745100
925.74835205	0.62745100
925.77716064	0.62745100
925.80566406	0.62745100
925.83856201	0.62745100
925.86706543	0.64705884
925.89587402	0.64705884
925.92858887	0.64705884
925.95733643	0.64705884
925.98596191	0.64705884
926.01885986	0.64705884
926.04736328	0.64705884
926.07611084	0.64705884
926.10888672	0.64705884
926.13751221	0.64705884
926.16625977	0.64705884
926.19885254	0.64705884
926.22760010	0.64705884
926.25640869	0.64705884
926.28918457	0.64705884
926.31774902	0.64705884
926.34655762	0.64705884
926.37921143	0.64705884
926.40789795	0.64705884
926.43652344	0.64705884
926.46942139	0.64705884
926.49792480	0.64705884
926.52679443	0.64705884
926.58813477	0.64705884
926.61682129	0.64705884
926.67834473	0.64705884
926.70703125	0.64705884
926.76831055	0.64705884
926.79711914	0.64705884
926.82574463	0.64705884
926.85845947	0.64705884
926.88726807	0.64705884
926.91589355	0.64705884
926.94860840	0.64705884
926.97741699	0.64705884
927.00598145	0.64705884
927.03875732	0.64705884
927.06738281	0.64705884
927.09613037	0.64705884
927.12884521	0.64705884
927.15753174	0.64705884
927.18627930	0.64705884
927.21899414	0.64705884
927.24755859	0.64705884
927.27642822	0.64705884
927.30908203	0.64705884
927.33776855	0.64705884
927.36645508	0.64705884
927.39923096	0.64705884
927.42785645	0.64705884
927.45660400	0.64705884
927.48937988	0.64705884
927.51794434	0.64705884
927.54669189	0.66666669
927.57946777	0.64705884
927.60815430	0.64705884
927.63684082	0.66666669
927.66967773	0.64705884
927.69842529	0.66666669
927.72698975	0.66666669
927.75976563	0.66666669
927.78839111	0.66666669
927.81707764	0.66666669
927.84991455	0.66666669
927.87847900	0.66666669
927.90728760	0.66666669
927.94000244	0.66666669
927.96862793	0.66666669
927.99731445	0.66666669
928.03015137	0.66666669
928.05871582	0.66666669
928.08752441	0.66666669
928.12017822	0.66666669
928.14886475	0.66666669
928.17755127	0.66666669
928.21032715	0.66666669
928.23907471	0.66666669
928.26770020	0.66666669
928.30047607	0.66666669
928.32904053	0.66666669
928.35772705	0.66666669
928.39062500	0.66666669
928.41918945	0.66666669
928.44781494	0.66666669
928.48077393	0.66666669
928.50933838	0.66666669
928.53796387	0.66666669
928.57086182	0.66666669
928.59948730	0.66666669
928.62805176	0.66666669
928.66101074	0.66666669
928.68957520	0.66666669
928.71838379	0.66666669
928.75103760	0.66666669
928.77978516	0.66666669
928.80828857	0.66666669
928.86968994	0.66666669
928.89849854	0.66666669
928.95996094	0.66666669
928.98858643	0.66666669
929.01733398	0.66666669
929.05010986	0.66666669
929.07873535	0.66666669
929.10748291	0.66666669
929.14013672	0.66666669
929.16876221	0.66666669
929.19763184	0.66666669
929.23040771	0.66666669
929.25897217	0.66666669
929.28771973	0.66666669
929.32043457	0.68627453
929.34912109	0.68627453
929.37786865	0.68627453
929.41064453	0.68627453
929.43933105	0.68627453
929.46801758	0.68627453
929.50073242	0.68627453
929.52929688	0.68627453
929.55792236	0.68627453
929.59075928	0.68627453
929.61932373	0.68627453
929.64807129	0.68627453
929.68096924	0.68627453
929.70953369	0.68627453
929.73828125	0.68627453
929.77105713	0.68627453
929.79974365	0.68627453
929.82830811	0.68627453
929.86126709	0.68627453
929.88983154	0.68627453
929.91851807	0.68627453
929.95129395	0.68627453
929.97998047	0.68627453
930.00860596	0.68627453
930.04138184	0.68627453
930.07006836	0.68627453
930.09875488	0.68627453
930.13146973	0.68627453
930.16021729	0.68627453
930.18878174	0.68627453
930.22155762	0.68627453
930.25030518	0.68627453
930.27893066	0.68627453
930.31164551	0.68627453
930.34051514	0.68627453
930.36901855	0.68627453
930.40179443	0.68627453
930.43060303	0.68627453
930.45928955	0.68627453
930.49194336	0.68627453
930.52069092	0.68627453
930.54931641	0.68627453
930.58203125	0.68627453
930.61083984	0.68627453
930.63946533	0.68627453
930.67242432	0.68627453
930.70098877	0.68627453
930.72955322	0.68627453
930.76232910	0.68627453
930.79107666	0.68627453
930.81970215	0.68627453
930.85241699	0.68627453
930.88116455	0.68627453
930.90985107	0.68627453
930.94262695	0.68627453
930.97131348	0.68627453
930.99993896	0.68627453
931.06146240	0.68627453
931.09002686	0.68627453
931.15155029	0.70588237
931.18017578	0.70588237
931.24169922	0.70588237
931.27069092	0.70588237
931.29895020	0.70588237
931.33172607	0.70588237
931.36041260	0.70588237
931.38909912	0.70588237
931.42181396	0.70588237
931.45056152	0.70588237
931.47937012	0.70588237
931.51190186	0.70588237
931.54071045	0.70588237
931.56927490	0.70588237
931.60205078	0.70588237
931.63079834	0.70588237
931.65948486	0.70588237
931.69226074	0.70588237
931.72088623	0.70588237
931.74951172	0.70588237
931.78228760	0.70588237
931.81103516	0.70588237
931.83966064	0.70588237
931.87249756	0.70588237
931.90118408	0.70588237
931.92974854	0.70588237
931.96258545	0.70588237
931.99133301	0.70588237
932.01995850	0.70588237
932.05267334	0.70588237
932.08142090	0.70588237
932.11010742	0.70588237
932.14282227	0.70588237
932.17156982	0.70588237
932.20019531	0.70588237
932.23297119	0.70588237
932.26165771	0.70588237
932.29034424	0.70588237
932.32312012	0.70588237
932.35174561	0.70588237
932.38043213	0.70588237
932.41320801	0.70588237
932.44177246	0.70588237
932.47058105	0.70588237
932.50329590	0.70588237
932.53192139	0.70588237
932.56060791	0.70588237
932.59338379	0.70588237
932.62207031	0.70588237
932.65081787	0.70588237
932.68353271	0.70588237
932.71228027	0.70588237
932.74090576	0.70588237
932.77362061	0.70588237
932.80224609	0.70588237
932.83105469	0.70588237
932.86389160	0.70588237
932.89233398	0.70588237
932.92114258	0.70588237
932.95391846	0.70588237
932.98254395	0.70588237
933.01129150	0.70588237
933.04406738	0.70588237
933.07263184	0.70588237
933.10150146	0.70588237
933.13415527	0.70588237
933.16271973	0.70588237
933.19146729	0.70588237
933.22430420	0.70588237
933.25286865	0.70588237
933.28173828	0.70588237
933.34301758	0.70588237
933.37176514	0.70588237
933.43328857	0.70588237
933.46191406	0.70588237
933.52325439	0.70588237
933.55187988	0.70588237
933.58068848	0.70588237
933.61340332	0.70588237
933.64202881	0.70588237
933.67077637	0.70588237
933.70349121	0.70588237
933.73236084	0.70588237
933.76092529	0.70588237
933.79370117	0.70588237
933.82232666	0.70588237
933.85107422	0.70588237
933.88385010	0.70588237
933.91241455	0.70588237
933.94097900	0.70588237
933.97393799	0.70588237
934.00250244	0.70588237
934.03131104	0.70588237
934.06402588	0.68627453
934.09271240	0.68627453
934.12133789	0.68627453
934.15411377	0.68627453
934.18267822	0.68627453
934.21166992	0.68627453
934.24426270	0.68627453
934.27294922	0.68627453
934.30157471	0.68627453
934.33441162	0.68627453
934.36297607	0.68627453
934.39178467	0.68627453
934.42456055	0.68627453
934.45324707	0.68627453
934.48187256	0.68627453
934.51458740	0.68627453
934.54327393	0.68627453
934.57202148	0.70588237
934.60479736	0.70588237
934.63336182	0.70588237
934.66223145	0.70588237
934.69488525	0.70588237
934.72357178	0.70588237
934.75219727	0.70588237
934.78503418	0.70588237
934.81359863	0.70588237
934.84246826	0.70588237
934.87512207	0.70588237
934.90374756	0.70588237
934.93231201	0.70588237
934.96533203	0.70588237
934.99389648	0.70588237
935.02258301	0.70588237
935.05535889	0.70588237
935.08404541	0.70588237
935.11260986	0.70588237
935.14550781	0.70588237
935.17419434	0.70588237
935.20275879	0.70588237
935.23571777	0.70588237
935.26428223	0.70588237
935.29290771	0.70588237
935.32562256	0.70588237
935.35443115	0.70588237
935.38299561	0.70588237
935.41577148	0.70588237
935.44451904	0.70588237
935.47332764	0.70588237
935.53472900	0.70588237
935.56317139	0.70588237
935.62469482	0.70588237
935.65344238	0.70588237
935.71496582	0.70588237
935.74346924	0.70588237
935.80493164	0.70588237
935.83367920	0.70588237
935.86236572	0.70588237
935.89520264	0.70588237
935.92370605	0.70588237
935.95251465	0.70588237
935.98529053	0.70588237
936.01385498	0.70588237
936.04260254	0.70588237
936.07531738	0.70588237
936.10406494	0.70588237
936.13275146	0.70588237
936.16552734	0.70588237
936.19415283	0.70588237
936.22277832	0.70588237
936.25561523	0.70588237
936.28430176	0.70588237
936.31280518	0.70588237
936.34582520	0.70588237
936.37432861	0.70588237
936.40307617	0.70588237
936.43585205	0.70588237
936.46447754	0.70588237
936.49322510	0.70588237
936.52600098	0.70588237
936.55462646	0.70588237
936.58331299	0.70588237
936.61596680	0.70588237
936.64477539	0.70588237
936.67333984	0.70588237
936.70629883	0.70588237
936.73492432	0.70588237
936.76354980	0.70588237
936.79626465	0.70588237
936.82501221	0.70588237
936.85369873	0.70588237
936.88635254	0.70588237
936.91516113	0.70588237
936.94372559	0.70588237
936.97656250	0.70588237
937.00524902	0.70588237
937.03387451	0.70588237
937.06658936	0.70588237
937.09539795	0.70588237
937.12390137	0.70588237
937.15679932	0.70588237
937.18542480	0.70588237
937.21435547	0.70588237
937.24682617	0.70588237
937.27563477	0.68627453
937.30413818	0.68627453
937.33703613	0.68627453
937.36572266	0.68627453
937.39440918	0.68627453
937.42724609	0.68627453
937.45587158	0.68627453
937.48455811	0.68627453
937.51727295	0.68627453
937.54602051	0.68627453
937.57458496	0.68627453
937.60742188	0.68627453
937.63616943	0.68627453
937.66479492	0.68627453
937.69750977	0.68627453
937.72631836	0.68627453
937.75482178	0.68627453
937.81628418	0.68627453
937.84503174	0.68627453
937.90643311	0.68627453
937.93505859	0.68627453
937.99645996	0.68627453
938.02526855	0.68627453
938.05383301	0.68627453
938.08673096	0.68627453
938.11535645	0.68627453
938.14398193	0.68627453
938.17675781	0.68627453
938.20556641	0.68627453
938.23425293	0.68627453
938.26684570	0.68627453
938.29559326	0.68627453
938.32427979	0.68627453
938.35693359	0.68627453
938.38574219	0.68627453
938.41430664	0.68627453
938.44720459	0.68627453
938.47583008	0.68627453
938.50445557	0.68627453
938.53723145	0.68627453
938.56597900	0.68627453
938.59454346	0.68627453
938.62725830	0.68627453
938.65618896	0.68627453
938.68475342	0.68627453
938.71746826	0.68627453
938.74621582	0.68627453
938.77490234	0.68627453
938.80767822	0.68627453
938.83636475	0.68627453
938.86499023	0.68627453
938.89776611	0.68627453
938.92645264	0.68627453
938.95507813	0.68627453
938.98785400	0.68627453
939.01660156	0.68627453
939.04522705	0.68627453
939.07800293	0.68627453
939.10656738	0.68627453
939.13525391	0.68627453
939.16815186	0.68627453
939.19677734	0.68627453
939.22546387	0.68627453
939.25823975	0.68627453
939.28680420	0.68627453
939.31561279	0.68627453
939.34832764	0.68627453
939.37695313	0.68627453
939.40563965	0.68627453
939.43847656	0.68627453
939.46722412	0.68627453
939.49584961	0.68627453
939.52868652	0.68627453
939.55718994	0.68627453
939.58593750	0.68627453
939.61865234	0.68627453
939.64727783	0.68627453
939.67608643	0.68627453
939.70886230	0.68627453
939.73742676	0.68627453
939.76635742	0.68627453
939.79901123	0.68627453
939.82757568	0.68627453
939.85632324	0.68627453
939.88909912	0.68627453
939.91766357	0.68627453
939.94647217	0.68627453
939.97918701	0.68627453
940.00781250	0.68627453
940.03668213	0.68627453
940.09796143	0.68627453
940.12670898	0.68627453
940.18823242	0.68627453
940.21685791	0.68627453
940.27819824	0.66666669
940.30682373	0.66666669
940.33557129	0.66666669
940.36834717	0.66666669
940.39697266	0.66666669
940.42572021	0.66666669
940.45855713	0.66666669
940.48718262	0.64705884
940.51580811	0.64705884
940.54864502	0.64705884
940.57720947	0.64705884
940.60595703	0.64705884
940.63867188	0.64705884
940.66729736	0.62745100
940.69610596	0.62745100
940.72882080	0.62745100
940.75744629	0.62745100
940.78619385	0.62745100
940.81896973	0.60784316
940.84753418	0.60784316
940.87634277	0.60784316
940.90905762	0.60784316
940.93768311	0.60784316
940.96643066	0.58823532
940.99920654	0.58823532
941.02777100	0.58823532
941.05651855	0.58823532
941.08929443	0.58823532
941.11791992	0.56862748
941.14672852	0.56862748
941.17956543	0.56862748
941.20812988	0.56862748
941.23675537	0.56862748
941.26965332	0.56862748
941.29821777	0.56862748
941.32696533	0.56862748
941.35968018	0.56862748
941.38830566	0.56862748
941.41705322	0.56862748
941.44982910	0.56862748
941.47845459	0.56862748
941.50720215	0.56862748
941.53991699	0.56862748
941.56860352	0.56862748
941.59716797	0.56862748
941.63006592	0.56862748
941.65863037	0.56862748
941.68731689	0.56862748
941.72021484	0.56862748
941.74877930	0.56862748
941.77740479	0.56862748
941.81030273	0.56862748
941.83898926	0.56862748
941.86755371	0.56862748
941.90039063	0.56862748
941.92907715	0.56862748
941.95770264	0.56862748
941.99060059	0.56862748
942.01922607	0.56862748
942.04785156	0.56862748
942.08056641	0.56862748
942.10925293	0.56862748
942.13793945	0.56862748
942.17065430	0.58823532
942.19946289	0.58823532
942.22814941	0.58823532
942.26080322	0.58823532
942.28955078	0.58823532
942.31817627	0.58823532
942.37969971	0.58823532
942.40826416	0.58823532
942.46978760	0.58823532
942.49841309	0.58823532
942.55993652	0.60784316
942.58856201	0.60784316
942.61730957	0.60784316
942.65008545	0.60784316
942.67871094	0.60784316
942.70727539	0.60784316
942.74023438	0.60784316
942.76879883	0.60784316
942.79742432	0.60784316
942.83038330	0.60784316
942.85894775	0.62745100
942.88757324	0.62745100
942.92053223	0.62745100
942.94903564	0.62745100
942.97766113	0.62745100
943.01055908	0.62745100
943.03912354	0.62745100
943.06781006	0.62745100
943.10064697	0.62745100
943.12927246	0.62745100
943.15789795	0.62745100
943.19067383	0.62745100
943.21942139	0.62745100
943.24816895	0.62745100
943.28076172	0.62745100
943.30957031	0.64705884
943.33813477	0.64705884
943.37091064	0.64705884
943.39971924	0.64705884
943.42828369	0.64705884
943.46118164	0.64705884
943.48980713	0.64705884
943.51843262	0.64705884
943.55120850	0.64705884
943.57995605	0.64705884
943.60858154	0.64705884
943.64129639	0.64705884
943.67016602	0.64705884
943.69866943	0.64705884
943.73138428	0.64705884
943.76019287	0.64705884
943.78875732	0.64705884
943.82159424	0.64705884
943.85028076	0.64705884
943.87890625	0.64705884
943.91162109	0.64705884
943.94042969	0.64705884
943.96905518	0.64705884
944.00177002	0.64705884
944.03051758	0.64705884
944.05920410	0.64705884
944.09191895	0.66666669
944.12066650	0.66666669
944.14929199	0.66666669
944.18218994	0.66666669
944.21075439	0.66666669
944.23950195	0.66666669
944.27215576	0.66666669
944.30096436	0.66666669
944.32958984	0.66666669
944.36236572	0.66666669
944.39111328	0.66666669
944.41967773	0.66666669
944.45239258	0.66666669
944.48114014	0.66666669
944.50976563	0.66666669
944.57116699	0.66666669
944.59991455	0.66666669
944.66125488	0.66666669
944.69000244	0.66666669
944.75140381	0.66666669
944.78021240	0.66666669
944.80883789	0.66666669
944.84155273	0.66666669
944.87023926	0.66666669
944.89892578	0.66666669
944.93157959	0.66666669
944.96038818	0.66666669
944.98913574	0.66666669
945.02172852	0.66666669
945.05047607	0.66666669
945.07910156	0.66666669
945.11187744	0.66666669
945.14068604	0.66666669
945.16931152	0.66666669
945.20220947	0.66666669
945.23083496	0.66666669
945.25939941	0.66666669
945.29211426	0.68627453
945.32086182	0.66666669
945.34954834	0.66666669
945.38232422	0.66666669
945.41107178	0.66666669
945.43963623	0.66666669
945.47247314	0.66666669
945.50115967	0.66666669
945.52984619	0.66666669
945.56250000	0.66666669
945.59130859	0.66666669
945.61987305	0.68627453
945.65270996	0.68627453
945.68127441	0.68627453
945.71008301	0.68627453
945.74273682	0.68627453
945.77142334	0.68627453
945.80010986	0.68627453
945.83288574	0.68627453
945.86151123	0.68627453
945.89019775	0.68627453
945.92297363	0.68627453
945.95159912	0.68627453
945.98046875	0.68627453
946.01318359	0.68627453
946.04174805	0.68627453
946.07043457	0.68627453
946.10327148	0.68627453
946.13189697	0.68627453
946.16064453	0.68627453
946.19342041	0.68627453
946.22210693	0.68627453
946.25073242	0.68627453
946.28350830	0.68627453
946.31213379	0.68627453
946.34094238	0.68627453
946.37365723	0.68627453
946.40234375	0.68627453
946.43103027	0.68627453
946.46380615	0.68627453
946.49237061	0.68627453
946.52117920	0.68627453
946.55389404	0.68627453
946.58251953	0.68627453
946.61126709	0.68627453
946.64398193	0.68627453
946.67266846	0.68627453
946.70141602	0.68627453
946.73413086	0.68627453
946.76275635	0.68627453
946.79150391	0.68627453
946.85284424	0.68627453
946.88146973	0.68627453
946.94299316	0.68627453
946.97161865	0.68627453
947.03314209	0.68627453
947.06176758	0.68627453
947.09051514	0.68627453
947.12322998	0.68627453
947.15185547	0.68627453
947.18066406	0.68627453
947.21343994	0.68627453
947.24212646	0.68627453
947.27081299	0.68627453
947.30364990	0.68627453
947.33215332	0.68627453
947.36090088	0.68627453
947.39361572	0.68627453
947.42224121	0.68627453
947.45092773	0.70588237
947.48370361	0.68627453
947.51239014	0.70588237
947.54113770	0.70588237
947.57385254	0.70588237
947.60247803	0.70588237
947.63128662	0.70588237
947.66400146	0.70588237
947.69262695	0.70588237
947.72137451	0.70588237
947.75408936	0.70588237
947.78271484	0.70588237
947.81152344	0.70588237
947.84429932	0.70588237
947.87298584	0.70588237
947.90161133	0.70588237
947.93438721	0.70588237
947.96313477	0.68627453
947.99169922	0.68627453
948.02447510	0.68627453
948.05310059	0.70588237
948.08172607	0.70588237
948.11462402	0.70588237
948.14324951	0.70588237
948.17187500	0.70588237
948.20471191	0.70588237
948.23333740	0.70588237
948.26214600	0.70588237
948.29492188	0.70588237
948.32348633	0.70588237
948.35211182	0.70588237
948.38500977	0.70588237
948.41363525	0.70588237
948.44226074	0.70588237
948.47515869	0.70588237
948.50372314	0.70588237
948.53234863	0.70588237
948.56524658	0.70588237
948.59387207	0.70588237
948.62249756	0.70588237
948.65539551	0.70588237
948.68402100	0.70588237
948.71264648	0.70588237
948.74536133	0.70588237
948.77416992	0.70588237
948.80273438	0.70588237
948.83557129	0.70588237
948.86425781	0.70588237
948.89282227	0.70588237
948.92559814	0.70588237
948.95428467	0.70588237
948.98309326	0.70588237
949.01574707	0.70588237
949.04449463	0.70588237
949.07305908	0.70588237
949.13458252	0.70588237
949.16320801	0.70588237
949.22473145	0.70588237
949.25335693	0.70588237
949.31481934	0.70588237
949.34344482	0.70588237
949.37207031	0.70588237
949.40502930	0.70588237
949.43359375	0.70588237
949.46228027	0.70588237
949.49511719	0.70588237
949.52374268	0.70588237
949.55230713	0.70588237
949.58526611	0.70588237
949.61376953	0.70588237
949.64239502	0.70588237
949.67523193	0.70588237
949.70397949	0.70588237
949.73260498	0.70588237
949.76531982	0.70588237
949.79406738	0.70588237
949.82275391	0.70588237
949.85546875	0.70588237
949.88427734	0.70588237
949.91284180	0.70588237
949.94555664	0.70588237
949.97436523	0.70588237
950.00311279	0.70588237
950.03564453	0.70588237
950.06445313	0.70588237
950.09313965	0.70588237
950.12585449	0.70588237
950.15460205	0.70588237
950.18322754	0.70588237
950.21612549	0.70588237
950.24475098	0.70588237
950.27343750	0.70588237
950.30609131	0.70588237
950.33489990	0.70588237
950.36346436	0.70588237
950.39624023	0.70588237
950.42498779	0.70588237
950.45367432	0.70588237
950.48632813	0.70588237
950.51507568	0.70588237
950.54370117	0.70588237
950.57647705	0.70588237
950.60522461	0.70588237
950.63385010	0.72549021
950.66650391	0.72549021
950.69537354	0.70588237
950.72399902	0.70588237
950.75677490	0.72549021
950.78546143	0.70588237
950.81408691	0.72549021
950.84680176	0.70588237
950.87561035	0.70588237
950.90417480	0.70588237
950.93701172	0.70588237
950.96575928	0.70588237
950.99432373	0.70588237
951.02709961	0.70588237
951.05584717	0.70588237
951.08447266	0.70588237
951.11718750	0.70588237
951.14587402	0.70588237
951.17462158	0.70588237
951.20733643	0.70588237
951.23608398	0.70588237
951.26470947	0.70588237
951.32604980	0.70588237
951.35479736	0.70588237
951.41619873	0.70588237
951.44494629	0.70588237
951.50628662	0.70588237
951.53509521	0.70588237
951.56365967	0.70588237
951.59649658	0.70588237
951.62518311	0.70588237
951.65380859	0.70588237
951.68658447	0.70588237
951.71539307	0.70588237
951.74395752	0.70588237
951.77673340	0.70588237
951.80548096	0.70588237
951.83404541	0.70588237
951.86682129	0.70588237
951.89562988	0.70588237
951.92419434	0.70588237
951.95715332	0.70588237
951.98571777	0.70588237
952.01434326	0.70588237
952.04705811	0.70588237
952.07580566	0.70588237
952.10461426	0.70588237
952.13720703	0.70588237
952.16595459	0.70588237
952.19458008	0.70588237
952.22729492	0.70588237
952.25610352	0.70588237
952.28472900	0.70588237
952.31744385	0.70588237
952.34613037	0.70588237
952.37481689	0.70588237
952.40765381	0.70588237
952.43615723	0.70588237
952.46502686	0.70588237
952.49768066	0.70588237
952.52636719	0.70588237
952.55505371	0.70588237
952.58789063	0.70588237
952.61633301	0.70588237
952.64520264	0.70588237
952.67797852	0.70588237
952.70666504	0.70588237
952.73529053	0.70588237
952.76812744	0.70588237
952.79663086	0.70588237
952.82543945	0.70588237
952.85821533	0.70588237
952.88684082	0.70588237
952.91558838	0.70588237
952.94830322	0.70588237
952.97705078	0.70588237
953.00567627	0.70588237
953.03845215	0.70588237
953.06707764	0.70588237
953.09588623	0.70588237
953.12854004	0.70588237
953.15722656	0.70588237
953.18591309	0.70588237
953.21875000	0.70588237
953.24731445	0.70588237
953.27612305	0.70588237
953.30883789	0.70588237
953.33752441	0.70588237
953.36614990	0.70588237
953.39898682	0.70588237
953.42749023	0.70588237
953.45617676	0.70588237
953.48907471	0.70588237
953.51770020	0.70588237
953.54626465	0.70588237
953.60778809	0.70588237
953.63647461	0.70588237
953.69793701	0.70588237
953.72656250	0.70588237
953.78802490	0.70588237
953.81665039	0.70588237
953.84552002	0.70588237
953.87817383	0.70588237
953.90686035	0.70588237
953.93554688	0.70588237
953.96838379	0.70588237
953.99707031	0.70588237
954.02575684	0.70588237
954.05841064	0.70588237
954.08709717	0.70588237
954.11584473	0.70588237
954.14868164	0.70588237
954.17712402	0.70588237
954.20593262	0.70588237
954.23870850	0.70588237
954.26733398	0.70588237
954.29608154	0.70588237
954.32885742	0.70588237
954.35742188	0.72549021
954.38623047	0.72549021
954.41894531	0.72549021
954.44757080	0.72549021
954.47631836	0.72549021
954.50909424	0.72549021
954.53759766	0.72549021
954.56640625	0.72549021
954.59924316	0.72549021
954.62780762	0.72549021
954.65661621	0.72549021
954.68933105	0.72549021
954.71795654	0.72549021
954.74652100	0.72549021
954.77947998	0.72549021
954.80804443	0.72549021
954.83673096	0.72549021
954.86956787	0.72549021
954.89813232	0.72549021
954.92675781	0.72549021
954.95977783	0.72549021
954.98828125	0.72549021
955.01708984	0.72549021
955.04980469	0.72549021
955.07843018	0.72549021
955.10699463	0.72549021
955.13983154	0.72549021
955.16851807	0.72549021
955.19720459	0.72549021
955.23004150	0.72549021
955.25860596	0.72549021
955.28729248	0.72549021
955.32006836	0.72549021
955.34881592	0.72549021
955.37738037	0.72549021
955.41021729	0.72549021
955.43890381	0.72549021
955.46759033	0.72549021
955.50024414	0.72549021
955.52911377	0.72549021
955.55767822	0.72549021
955.59045410	0.72549021
955.61920166	0.72549021
955.64776611	0.72549021
955.68054199	0.72549021
955.70922852	0.72549021
955.73797607	0.72549021
955.77075195	0.72549021
955.79943848	0.72549021
955.82806396	0.72549021
955.88958740	0.72549021
955.91815186	0.72549021
955.97973633	0.72549021
956.00830078	0.72549021
956.06982422	0.72549021
956.09838867	0.72549021
956.12701416	0.72549021
956.15997314	0.72549021
956.18853760	0.72549021
956.21722412	0.72549021
956.25006104	0.72549021
956.27868652	0.72549021
956.30731201	0.72549021
956.34008789	0.72549021
956.36877441	0.72549021
956.39739990	0.72549021
956.43017578	0.72549021
956.45892334	0.72549021
956.48748779	0.72549021
956.52032471	0.72549021
956.54901123	0.72549021
956.57763672	0.72549021
956.61035156	0.72549021
956.63916016	0.72549021
956.66778564	0.72549021
956.70050049	0.72549021
956.72924805	0.72549021
956.75799561	0.72549021
956.79064941	0.70588237
956.81945801	0.70588237
956.84802246	0.70588237
956.88079834	0.70588237
956.90954590	0.70588237
956.93817139	0.68627453
956.97106934	0.68627453
956.99963379	0.68627453
957.02832031	0.68627453
957.06103516	0.68627453
957.08978271	0.66666669
957.11834717	0.66666669
957.15118408	0.66666669
957.17993164	0.66666669
957.20849609	0.66666669
957.24127197	0.66666669
957.26995850	0.66666669
957.29858398	0.64705884
957.33142090	0.64705884
957.36016846	0.64705884
957.38873291	0.64705884
957.42150879	0.64705884
957.45031738	0.64705884
957.47888184	0.64705884
957.51165771	0.64705884
957.54040527	0.64705884
957.56903076	0.62745100
957.60174561	0.62745100
957.63043213	0.62745100
957.65911865	0.62745100
957.69189453	0.62745100
957.72064209	0.62745100
957.74926758	0.62745100
957.78204346	0.62745100
957.81066895	0.62745100
957.83941650	0.62745100
957.87213135	0.62745100
957.90081787	0.62745100
957.92950439	0.62745100
957.96228027	0.62745100
957.99108887	0.62745100
958.01965332	0.62745100
958.08099365	0.62745100
958.10974121	0.62745100
958.17108154	0.64705884
958.19982910	0.64705884
958.26129150	0.64705884
958.28997803	0.64705884
958.35137939	0.64705884
958.38006592	0.64705884
958.40875244	0.64705884
958.44152832	0.64705884
958.47027588	0.64705884
958.49890137	0.64705884
958.53167725	0.64705884
958.56036377	0.64705884
958.58905029	0.66666669
958.62176514	0.66666669
958.65057373	0.66666669
958.67913818	0.66666669
958.71209717	0.66666669
958.74066162	0.66666669
958.76922607	0.66666669
958.80200195	0.66666669
958.83074951	0.66666669
958.85931396	0.66666669
958.89215088	0.66666669
958.92071533	0.66666669
958.94952393	0.66666669
958.98223877	0.66666669
959.01098633	0.68627453
959.03967285	0.68627453
959.07244873	0.68627453
959.10101318	0.68627453
959.12969971	0.68627453
959.16247559	0.68627453
959.19110107	0.68627453
959.21990967	0.68627453
959.25262451	0.68627453
959.28131104	0.68627453
959.30993652	0.68627453
959.34277344	0.68627453
959.37133789	0.68627453
959.40014648	0.68627453
959.43286133	0.68627453
959.46154785	0.68627453
959.49023438	0.68627453
959.52301025	0.68627453
959.55157471	0.68627453
959.58032227	0.68627453
959.61303711	0.68627453
959.64166260	0.68627453
959.67047119	0.68627453
959.70324707	0.68627453
959.73199463	0.68627453
959.76055908	0.68627453
959.79339600	0.68627453
959.82208252	0.68627453
959.85076904	0.70588237
959.88348389	0.70588237
959.91217041	0.70588237
959.94079590	0.70588237
959.97363281	0.70588237
960.00225830	0.70588237
960.03106689	0.70588237
960.06372070	0.70588237
960.09234619	0.70588237
960.12091064	0.70588237
960.15399170	0.70588237
960.18243408	0.70588237
960.21118164	0.70588237
960.24395752	0.70588237
960.27258301	0.70588237
960.30120850	0.70588237
960.36273193	0.70588237
960.39135742	0.70588237
960.45288086	0.70588237
960.48138428	0.70588237
960.54302979	0.70588237
960.57159424	0.70588237
960.60040283	0.70588237
960.63323975	0.70588237
960.66174316	0.70588237
960.69042969	0.70588237
960.72326660	0.70588237
960.75207520	0.70588237
960.78063965	0.70588237
960.81335449	0.70588237
960.84197998	0.72549021
960.87060547	0.72549021
960.90356445	0.72549021
960.93206787	0.72549021
960.96087646	0.72549021
960.99359131	0.72549021
961.02227783	0.72549021
961.05090332	0.72549021
961.08374023	0.72549021
961.11230469	0.72549021
961.14111328	0.72549021
961.17382813	0.72549021
961.20251465	0.70588237
961.23126221	0.70588237
961.26397705	0.70588237
961.29260254	0.72549021
961.32122803	0.70588237
961.35424805	0.72549021
961.38269043	0.72549021
961.41137695	0.72549021
961.44427490	0.72549021
961.47296143	0.72549021
961.50134277	0.72549021
961.53436279	0.72549021
961.56298828	0.72549021
961.59161377	0.72549021
961.62445068	0.72549021
961.65313721	0.72549021
961.68164063	0.72549021
961.71453857	0.72549021
961.74322510	0.72549021
961.77203369	0.72549021
961.80468750	0.72549021
961.83337402	0.72549021
961.86193848	0.72549021
961.89477539	0.72549021
961.92346191	0.72549021
961.95208740	0.72549021
961.98492432	0.72549021
962.01361084	0.72549021
962.04223633	0.70588237
962.07495117	0.72549021
962.10375977	0.70588237
962.13232422	0.70588237
962.16510010	0.72549021
962.19384766	0.72549021
962.22253418	0.72549021
962.25524902	0.72549021
962.28399658	0.72549021
962.31262207	0.72549021
962.34539795	0.72549021
962.37402344	0.72549021
962.40277100	0.72549021
962.43536377	0.72549021
962.46429443	0.72549021
962.49285889	0.72549021
962.52563477	0.72549021
962.55432129	0.72549021
962.58294678	0.72549021
962.64447021	0.72549021
962.67315674	0.72549021
962.73461914	0.72549021
962.76318359	0.72549021
962.82464600	0.72549021
962.85333252	0.72549021
962.88195801	0.72549021
962.91473389	0.72549021
962.94342041	0.72549021
962.97210693	0.72549021
963.00494385	0.72549021
963.03369141	0.72549021
963.06213379	0.72549021
963.09497070	0.72549021
963.12365723	0.72549021
963.15234375	0.72549021
963.18505859	0.72549021
963.21386719	0.72549021
963.24237061	0.72549021
963.27526855	0.72549021
963.30395508	0.72549021
963.33264160	0.72549021
963.36529541	0.72549021
963.39404297	0.72549021
963.42272949	0.72549021
963.45544434	0.72549021
963.48413086	0.72549021
963.51293945	0.72549021
963.54553223	0.72549021
963.57434082	0.72549021
963.60296631	0.72549021
963.63568115	0.72549021
963.66448975	0.72549021
963.69305420	0.72549021
963.72601318	0.72549021
963.75451660	0.72549021
963.78326416	0.72549021
963.81591797	0.72549021
963.84478760	0.72549021
963.87329102	0.72549021
963.90612793	0.72549021
963.93475342	0.72549021
963.96356201	0.72549021
963.99615479	0.72549021
964.02502441	0.72549021
964.05352783	0.72549021
964.08636475	0.72549021
964.11492920	0.72549021
964.14373779	0.72549021
964.17645264	0.72549021
964.20520020	0.72549021
964.23382568	0.72549021
964.26654053	0.72549021
964.29516602	0.72549021
964.32391357	0.72549021
964.35668945	0.70588237
964.38531494	0.70588237
964.41412354	0.70588237
964.44683838	0.70588237
964.47558594	0.70588237
964.50421143	0.70588237
964.53698730	0.70588237
964.56555176	0.72549021
964.59436035	0.72549021
964.62707520	0.72549021
964.65576172	0.72549021
964.68438721	0.72549021
964.71722412	0.72549021
964.74597168	0.72549021
964.77459717	0.72549021
964.83593750	0.72549021
964.86462402	0.72549021
964.92602539	0.72549021
964.95483398	0.72549021
965.01617432	0.72549021
965.04486084	0.72549021
965.10626221	0.72549021
965.13494873	0.72549021
965.16369629	0.72549021
965.19641113	0.72549021
965.22521973	0.72549021
965.25378418	0.72549021
965.28662109	0.72549021
965.31518555	0.72549021
965.34399414	0.72549021
965.37664795	0.72549021
965.40545654	0.72549021
965.43408203	0.72549021
965.46697998	0.72549021
965.49536133	0.72549021
965.52416992	0.72549021
965.55688477	0.72549021
965.58557129	0.72549021
965.61431885	0.72549021
965.64709473	0.72549021
965.67565918	0.72549021
965.70446777	0.72549021
965.73718262	0.72549021
965.76593018	0.72549021
965.79455566	0.72549021
965.82727051	0.72549021
965.85589600	0.72549021
965.88470459	0.72549021
965.91741943	0.72549021
965.94604492	0.72549021
965.97485352	0.72549021
966.00756836	0.72549021
966.03619385	0.72549021
966.06494141	0.72549021
966.09771729	0.72549021
966.12634277	0.72549021
966.15509033	0.72549021
966.18780518	0.72549021
966.21643066	0.72549021
966.24511719	0.72549021
966.27795410	0.72549021
966.30651855	0.72549021
966.33532715	0.72549021
966.36798096	0.72549021
966.39672852	0.72549021
966.42535400	0.72549021
966.45819092	0.72549021
966.48687744	0.72549021
966.51556396	0.72549021
966.54827881	0.72549021
966.57690430	0.72549021
966.60565186	0.72549021
966.63842773	0.72549021
966.66705322	0.72549021
966.69580078	0.72549021
966.72857666	0.72549021
966.75720215	0.72549021
966.78594971	0.72549021
966.81866455	0.72549021
966.84735107	0.72549021
966.87591553	0.72549021
966.90887451	0.72549021
966.93737793	0.72549021
966.96606445	0.74509805
966.99890137	0.74509805
967.02758789	0.74509805
967.05609131	0.74509805
967.11761475	0.74509805
967.14636230	0.74509805
967.20782471	0.74509805
967.23638916	0.74509805
967.29791260	0.74509805
967.32647705	0.74509805
967.35528564	0.74509805
967.38800049	0.74509805
967.41662598	0.74509805
967.44537354	0.74509805
967.47814941	0.74509805
967.50689697	0.74509805
967.53558350	0.72549021
967.56829834	0.72549021
967.59698486	0.72549021
967.62567139	0.72549021
967.65844727	0.72549021
967.68701172	0.72549021
967.71582031	0.72549021
967.74853516	0.74509805
967.77722168	0.74509805
967.80584717	0.74509805
967.83862305	0.74509805
967.86724854	0.74509805
967.89611816	0.74509805
967.92877197	0.74509805
967.95745850	0.74509805
967.98596191	0.74509805
968.01885986	0.74509805
968.04754639	0.74509805
968.07617188	0.74509805
968.10906982	0.74509805
968.13763428	0.74509805
968.16625977	0.74509805
968.19915771	0.74509805
968.22784424	0.74509805
968.25634766	0.74509805
968.28912354	0.74509805
968.31787109	0.74509805
968.34655762	0.74509805
968.37927246	0.74509805
968.40808105	0.74509805
968.43658447	0.74509805
968.46942139	0.74509805
968.49810791	0.74509805
968.52697754	0.74509805
968.55944824	0.74509805
968.58831787	0.74509805
968.61682129	0.74509805
968.64965820	0.74509805
968.67834473	0.74509805
968.70709229	0.74509805
968.73986816	0.74509805
968.76843262	0.74509805
968.79711914	0.74509805
968.82989502	0.74509805
968.85870361	0.74509805
968.88726807	0.74509805
968.92004395	0.74509805
968.94879150	0.74509805
968.97741699	0.74509805
969.01007080	0.74509805
969.03894043	0.74509805
969.06744385	0.74509805
969.10021973	0.74509805
969.12896729	0.74509805
969.15771484	0.74509805
969.19042969	0.74509805
969.21917725	0.74509805
969.24768066	0.74509805
969.28051758	0.74509805
969.30926514	0.74509805
969.33789063	0.74509805
969.39941406	0.74509805
969.42797852	0.74509805
969.48944092	0.74509805
969.51824951	0.74509805
969.57952881	0.74509805
969.60827637	0.74509805
969.63677979	0.74509805
969.66961670	0.74509805
969.69830322	0.74509805
969.72705078	0.74509805
969.75988770	0.74509805
969.78863525	0.74509805
969.81707764	0.74509805
969.84997559	0.74509805
969.87860107	0.74509805
969.90728760	0.74509805
969.93994141	0.74509805
969.96881104	0.74509805
969.99731445	0.74509805
970.03015137	0.74509805
970.05883789	0.74509805
970.08764648	0.74509805
970.12017822	0.74509805
970.14904785	0.74509805
970.17761230	0.74509805
970.21038818	0.74509805
970.23907471	0.76470590
970.26788330	0.76470590
970.30047607	0.76470590
970.32916260	0.76470590
970.35791016	0.76470590
970.39062500	0.76470590
970.41943359	0.76470590
970.44799805	0.76470590
970.48095703	0.76470590
970.50952148	0.76470590
970.53826904	0.76470590
970.57092285	0.76470590
970.59967041	0.76470590
970.62817383	0.76470590
970.66107178	0.76470590
970.68957520	0.74509805
970.71844482	0.74509805
970.75109863	0.74509805
970.77990723	0.74509805
970.80841064	0.74509805
970.84130859	0.74509805
970.86993408	0.74509805
970.89868164	0.74509805
970.93133545	0.74509805
970.96002197	0.74509805
970.98876953	0.76470590
971.02148438	0.76470590
971.05010986	0.76470590
971.07891846	0.76470590
971.11157227	0.76470590
971.14025879	0.76470590
971.16906738	0.76470590
971.20178223	0.76470590
971.23040771	0.76470590
971.25915527	0.76470590
971.29193115	0.76470590
971.32049561	0.76470590
971.34930420	0.76470590
971.38195801	0.76470590
971.41064453	0.76470590
971.43933105	0.76470590
971.47216797	0.76470590
971.50079346	0.76470590
971.52954102	0.76470590
971.56219482	0.76470590
971.59088135	0.76470590
971.61956787	0.76470590
971.68096924	0.76470590
971.70971680	0.76470590
971.77117920	0.76470590
971.79980469	0.76470590
971.86114502	0.76470590
971.89001465	0.76470590
971.91857910	0.76470590
971.95129395	0.76470590
971.98016357	0.76470590
972.00878906	0.76470590
972.04150391	0.76470590
972.07012939	0.76470590
972.09887695	0.76470590
972.13159180	0.76470590
972.16027832	0.76470590
972.18890381	0.76470590
972.22174072	0.76470590
972.25030518	0.76470590
972.27917480	0.76470590
972.31176758	0.76470590
972.34051514	0.76470590
972.36920166	0.76470590
972.40203857	0.76470590
972.43060303	0.76470590
972.45928955	0.76470590
972.49206543	0.76470590
972.52093506	0.76470590
972.54949951	0.76470590
972.58227539	0.76470590
972.61077881	0.76470590
972.63958740	0.76470590
972.67236328	0.76470590
972.70098877	0.76470590
972.72979736	0.76470590
972.76245117	0.76470590
972.79113770	0.76470590
972.81988525	0.76470590
972.85266113	0.76470590
972.88122559	0.76470590
972.91003418	0.76470590
972.94268799	0.76470590
972.97137451	0.76470590
973.00006104	0.76470590
973.03289795	0.76470590
973.06140137	0.76470590
973.09020996	0.76470590
973.12292480	0.76470590
973.15167236	0.76470590
973.18035889	0.76470590
973.21319580	0.76470590
973.24182129	0.76470590
973.27044678	0.76470590
973.30322266	0.76470590
973.33190918	0.76470590
973.36047363	0.76470590
973.39337158	0.76470590
973.42193604	0.76470590
973.45062256	0.76470590
973.48352051	0.76470590
973.51208496	0.76470590
973.54089355	0.76470590
973.57360840	0.76470590
973.60223389	0.76470590
973.63085938	0.76470590
973.66375732	0.76470590
973.69232178	0.76470590
973.72113037	0.76470590
973.75384521	0.76470590
973.78253174	0.76470590
973.81103516	0.76470590
973.87255859	0.76470590
973.90124512	0.76470590
973.96276855	0.76470590
973.99127197	0.76470590
974.05279541	0.76470590
974.08148193	0.76470590
974.11022949	0.76470590
974.14306641	0.76470590
974.17163086	0.76470590
974.20031738	0.76470590
974.23315430	0.76470590
974.26184082	0.76470590
974.29034424	0.76470590
974.32324219	0.76470590
974.35186768	0.76470590
974.38061523	0.76470590
974.41339111	0.76470590
974.44195557	0.76470590
974.47070313	0.76470590
974.50347900	0.76470590
974.53216553	0.76470590
974.56079102	0.76470590
974.59356689	0.76470590
974.62213135	0.76470590
974.65087891	0.76470590
974.68365479	0.76470590
974.71234131	0.76470590
974.74096680	0.76470590
974.77398682	0.76470590
974.80242920	0.76470590
974.83105469	0.78431374
974.86395264	0.78431374
974.89257813	0.76470590
974.92114258	0.76470590
974.95410156	0.76470590
974.98266602	0.76470590
975.01123047	0.76470590
975.04412842	0.76470590
975.07287598	0.76470590
975.10144043	0.76470590
975.13421631	0.76470590
975.16296387	0.76470590
975.19158936	0.76470590
975.22430420	0.76470590
975.25305176	0.76470590
975.28179932	0.76470590
975.31445313	0.76470590
975.34320068	0.76470590
975.37182617	0.78431374
975.40454102	0.78431374
975.43334961	0.78431374
975.46191406	0.78431374
975.49481201	0.78431374
975.52343750	0.78431374
975.55212402	0.78431374
975.58483887	0.78431374
975.61364746	0.78431374
975.64221191	0.78431374
975.67498779	0.78431374
975.70373535	0.78431374
975.73236084	0.78431374
975.76507568	0.78431374
975.79382324	0.78431374
975.82250977	0.78431374
975.85510254	0.78431374
975.88385010	0.78431374
975.91247559	0.78431374
975.94519043	0.78431374
975.97393799	0.78431374
976.00256348	0.78431374
976.03540039	0.78431374
976.06408691	0.78431374
976.09271240	0.78431374
976.15447998	0.78431374
976.18292236	0.78431374
976.24432373	0.78431374
976.27307129	0.78431374
976.33441162	0.78431374
976.36322021	0.78431374
976.39184570	0.78431374
976.42462158	0.78431374
976.45330811	0.78431374
976.48199463	0.78431374
976.51483154	0.78431374
976.54339600	0.78431374
976.57202148	0.78431374
976.60479736	0.78431374
976.63354492	0.78431374
976.66217041	0.78431374
976.69494629	0.78431374
976.72369385	0.78431374
976.75225830	0.78431374
976.78503418	0.78431374
976.81378174	0.78431374
976.84240723	0.78431374
976.87518311	0.78431374
976.90399170	0.78431374
976.93255615	0.78431374
976.96527100	0.78431374
976.99407959	0.78431374
977.02264404	0.78431374
977.05541992	0.78431374
977.08410645	0.78431374
977.11279297	0.78431374
977.14556885	0.78431374
977.17437744	0.78431374
977.20294189	0.76470590
977.23583984	0.76470590
977.26440430	0.76470590
977.29309082	0.76470590
977.32574463	0.76470590
977.35449219	0.76470590
977.38317871	0.76470590
977.41589355	0.76470590
977.44464111	0.76470590
977.47326660	0.76470590
977.50604248	0.76470590
977.53479004	0.76470590
977.56341553	0.74509805
977.59613037	0.74509805
977.62481689	0.74509805
977.65356445	0.74509805
977.68627930	0.74509805
977.71490479	0.74509805
977.74365234	0.74509805
977.77642822	0.72549021
977.80505371	0.72549021
977.83380127	0.72549021
977.86657715	0.72549021
977.89514160	0.72549021
977.92395020	0.72549021
977.95666504	0.72549021
977.98535156	0.72549021
978.01409912	0.72549021
978.04681396	0.72549021
978.07543945	0.72549021
978.10412598	0.72549021
978.13696289	0.72549021
978.16558838	0.72549021
978.19427490	0.72549021
978.22705078	0.70588237
978.25585938	0.70588237
978.28442383	0.70588237
978.31713867	0.70588237
978.34576416	0.70588237
978.37457275	0.70588237
978.43591309	0.70588237
978.46466064	0.70588237
978.52600098	0.70588237
978.55474854	0.70588237
978.61621094	0.70588237
978.64477539	0.70588237
978.67364502	0.70588237
978.70623779	0.70588237
978.73498535	0.70588237
978.76367188	0.70588237
978.79644775	0.70588237
978.82501221	0.72549021
978.85375977	0.72549021
978.88653564	0.72549021
978.91516113	0.72549021
978.94384766	0.72549021
978.97668457	0.72549021
979.00524902	0.72549021
979.03399658	0.72549021
979.06683350	0.72549021
979.09539795	0.72549021
979.12414551	0.72549021
979.15692139	0.84313726
979.18554688	0.82352942
979.21429443	0.88235295
979.24700928	0.98039216
979.27575684	0.96078432
979.30450439	0.92156863
979.33715820	0.90196079
979.36578369	0.90196079
979.39453125	0.96078432
979.42730713	1.00000000
979.45599365	0.96078432
979.48468018	0.90196079
979.51745605	0.86274511
979.54608154	0.78431374
979.57476807	0.78431374
979.60754395	0.76470590
979.63604736	0.76470590
979.66479492	0.76470590
979.69757080	0.76470590
979.72619629	0.76470590
979.75500488	0.76470590
979.78784180	0.76470590
979.81640625	0.76470590
979.84515381	0.74509805
979.87792969	0.74509805
979.90649414	0.74509805
979.93511963	0.74509805
979.96801758	0.74509805
979.99664307	0.74509805
980.02526855	0.74509805
980.05816650	0.74509805
980.08673096	0.74509805
980.11541748	0.74509805
980.14831543	0.74509805
980.17687988	0.74509805
980.20550537	0.74509805
980.23834229	0.74509805
980.26702881	0.74509805
980.29583740	0.74509805
980.32849121	0.72549021
980.35723877	0.72549021
980.38574219	0.72549021
980.41851807	0.72549021
980.44726563	0.70588237
980.47583008	0.70588237
980.50878906	0.68627453
980.53735352	0.68627453
980.56597900	0.66666669
980.59875488	0.66666669
980.62750244	0.64705884
980.65612793	0.64705884
980.71771240	0.62745100
980.74627686	0.60784316
980.80780029	0.58823532
980.83636475	0.56862748
980.89788818	0.56862748
980.92657471	0.54901963
980.95526123	0.54901963
980.98803711	0.52941179
981.01666260	0.52941179
981.04553223	0.52941179
981.07812500	0.50980395
981.10681152	0.50980395
981.13537598	0.50980395
981.16833496	0.50980395
981.19683838	0.50980395
981.22546387	0.49019608
981.25842285	0.49019608
981.28698730	0.49019608
981.31573486	0.49019608
981.34851074	0.49019608
981.37713623	0.49019608
981.40570068	0.49019608
981.43865967	0.47058824
981.46722412	0.47058824
981.49584961	0.47058824
981.52874756	0.47058824
981.55737305	0.47058824
981.58599854	0.47058824
981.61877441	0.47058824
981.64746094	0.47058824
981.67614746	0.47058824
981.70892334	0.47058824
981.73767090	0.47058824
981.76623535	0.47058824
981.79901123	0.47058824
981.82775879	0.47058824
981.85638428	0.47058824
981.88909912	0.47058824
981.91790771	0.47058824
981.94647217	0.47058824
981.97924805	0.47058824
982.00793457	0.47058824
982.03668213	0.47058824
982.06927490	0.45098040
982.09802246	0.45098040
982.12658691	0.45098040
982.15942383	0.45098040
982.18817139	0.45098040
982.21673584	0.43137255
982.24963379	0.43137255
982.27825928	0.43137255
982.30688477	0.43137255
982.33966064	0.43137255
982.36853027	0.41176471
982.39709473	0.41176471
982.42987061	0.41176471
982.45861816	0.41176471
982.48730469	0.39215687
982.52008057	0.39215687
982.54876709	0.39215687
982.57739258	0.39215687
982.61016846	0.37254903
982.63891602	0.37254903
982.66754150	0.37254903
982.70025635	0.37254903
982.72894287	0.35294119
982.75762939	0.35294119
982.79028320	0.35294119
982.81896973	0.33333334
982.84771729	0.33333334
982.90911865	0.33333334
982.93792725	0.31372550
982.99926758	0.31372550
