2293.70361328	1.52941179
2293.73242188	1.52941179
2293.76098633	1.52941179
2293.79370117	1.52941179
2293.82250977	1.52941179
2293.85107422	1.52941179
2293.88378906	1.52941179
2293.91259766	1.52941179
2293.94140625	1.52941179
2293.97412109	1.52941179
2294.00268555	1.52941179
2294.03125000	1.52941179
2294.06420898	1.52941179
2294.09277344	1.52941179
2294.12158203	1.52941179
2294.15429688	1.52941179
2294.18286133	1.52941179
2294.21166992	1.52941179
2294.24438477	1.50980389
2294.27294922	1.50980389
2294.30175781	1.50980389
2294.33447266	1.50980389
2294.36328125	1.50980389
2294.39184570	1.50980389
2294.42480469	1.50980389
2294.45336914	1.50980389
2294.48193359	1.50980389
2294.51489258	1.50980389
2294.54345703	1.50980389
2294.57226563	1.50980389
2294.60498047	1.50980389
2294.63354492	1.50980389
2294.66235352	1.50980389
2294.69506836	1.50980389
2294.72363281	1.50980389
2294.75244141	1.50980389
2294.78515625	1.49019611
2294.81372070	1.49019611
2294.84252930	1.49019611
2294.87524414	1.49019611
2294.90380859	1.49019611
2294.93237305	1.49019611
2294.96533203	1.49019611
2294.99389648	1.49019611
2295.02246094	1.49019611
2295.05541992	1.49019611
2295.08398438	1.49019611
2295.11279297	1.49019611
2295.14550781	1.49019611
2295.17407227	1.49019611
2295.20288086	1.49019611
2295.23559570	1.49019611
2295.26440430	1.49019611
2295.29321289	1.49019611
2295.32592773	1.49019611
2295.35449219	1.49019611
2295.38330078	1.49019611
2295.44458008	1.49019611
2295.47338867	1.49019611
2295.53466797	1.49019611
2295.56323242	1.49019611
2295.62475586	1.49019611
2295.65356445	1.49019611
2295.68237305	1.49019611
2295.71508789	1.49019611
2295.74365234	1.49019611
2295.77246094	1.49019611
2295.80517578	1.49019611
2295.83374023	1.49019611
2295.86254883	1.49019611
2295.89526367	1.49019611
2295.92382813	1.49019611
2295.95263672	1.49019611
2295.98535156	1.49019611
2296.01391602	1.49019611
2296.04272461	1.49019611
2296.07543945	1.49019611
2296.10424805	1.49019611
2296.13281250	1.49019611
2296.16577148	1.49019611
2296.19433594	1.49019611
2296.22290039	1.49019611
2296.25585938	1.49019611
2296.28442383	1.49019611
2296.31323242	1.49019611
2296.34594727	1.49019611
2296.37451172	1.49019611
2296.40332031	1.49019611
2296.43603516	1.49019611
2296.46459961	1.49019611
2296.49316406	1.49019611
2296.52612305	1.49019611
2296.55468750	1.49019611
2296.58349609	1.49019611
2296.61621094	1.49019611
2296.64477539	1.49019611
2296.67358398	1.49019611
2296.70629883	1.49019611
2296.73510742	1.49019611
2296.76367188	1.49019611
2296.79638672	1.49019611
2296.82519531	1.49019611
2296.85375977	1.49019611
2296.88647461	1.49019611
2296.91528320	1.49019611
2296.94384766	1.49019611
2296.97656250	1.49019611
2297.00537109	1.49019611
2297.03393555	1.49019611
2297.06665039	1.49019611
2297.09570313	1.49019611
2297.12426758	1.49019611
2297.15673828	1.49019611
2297.18554688	1.49019611
2297.21411133	1.49019611
2297.24707031	1.49019611
2297.27587891	1.49019611
2297.30444336	1.49019611
2297.33715820	1.49019611
2297.36596680	1.49019611
2297.39453125	1.49019611
2297.42724609	1.49019611
2297.45605469	1.49019611
2297.48461914	1.49019611
2297.51733398	1.49019611
2297.54614258	1.49019611
2297.57470703	1.49019611
2297.60766602	1.50980389
2297.63623047	1.50980389
2297.66479492	1.50980389
2297.72656250	1.50980389
2297.75488281	1.50980389
2297.81640625	1.50980389
2297.84521484	1.50980389
2297.90673828	1.50980389
2297.93530273	1.50980389
2297.99682617	1.50980389
2298.02539063	1.50980389
2298.05395508	1.50980389
2298.08666992	1.50980389
2298.11547852	1.50980389
2298.14428711	1.50980389
2298.17700195	1.50980389
2298.20556641	1.50980389
2298.23437500	1.50980389
2298.26708984	1.50980389
2298.29589844	1.50980389
2298.32421875	1.50980389
2298.35717773	1.50980389
2298.38574219	1.50980389
2298.41455078	1.50980389
2298.44726563	1.50980389
2298.47607422	1.50980389
2298.50463867	1.50980389
2298.53735352	1.49019611
2298.56616211	1.50980389
2298.59472656	1.50980389
2298.62744141	1.50980389
2298.65625000	1.49019611
2298.68481445	1.50980389
2298.71752930	1.49019611
2298.74633789	1.49019611
2298.77490234	1.49019611
2298.80761719	1.49019611
2298.83642578	1.49019611
2298.86499023	1.50980389
2298.89794922	1.50980389
2298.92651367	1.50980389
2298.95532227	1.50980389
2298.98803711	1.50980389
2299.01684570	1.50980389
2299.04541016	1.50980389
2299.07836914	1.50980389
2299.10668945	1.50980389
2299.13549805	1.50980389
2299.16821289	1.50980389
2299.19702148	1.50980389
2299.22558594	1.50980389
2299.25830078	1.50980389
2299.28686523	1.50980389
2299.31567383	1.50980389
2299.34863281	1.50980389
2299.37719727	1.50980389
2299.40576172	1.50980389
2299.43847656	1.50980389
2299.46728516	1.50980389
2299.49609375	1.50980389
2299.52880859	1.50980389
2299.55737305	1.50980389
2299.58618164	1.50980389
2299.61889648	1.50980389
2299.64746094	1.50980389
2299.67626953	1.50980389
2299.70898438	1.50980389
2299.73754883	1.50980389
2299.76635742	1.50980389
2299.79907227	1.50980389
2299.82763672	1.50980389
2299.85644531	1.50980389
2299.88916016	1.50980389
2299.91796875	1.50980389
2299.94653320	1.50980389
2300.00781250	1.50980389
2300.03662109	1.50980389
2300.09838867	1.50980389
2300.12695313	1.50980389
2300.18823242	1.50980389
2300.21704102	1.50980389
2300.27832031	1.50980389
2300.30712891	1.50980389
2300.33569336	1.50980389
2300.36840820	1.50980389
2300.39721680	1.50980389
2300.42578125	1.50980389
2300.45849609	1.50980389
2300.48730469	1.50980389
2300.51586914	1.50980389
2300.54858398	1.50980389
2300.57714844	1.50980389
2300.60595703	1.50980389
2300.63891602	1.50980389
2300.66748047	1.50980389
2300.69604492	1.50980389
2300.72900391	1.50980389
2300.75756836	1.50980389
2300.78637695	1.50980389
2300.81909180	1.50980389
2300.84765625	1.50980389
2300.87646484	1.50980389
2300.90917969	1.50980389
2300.93774414	1.50980389
2300.96655273	1.50980389
2300.99926758	1.50980389
2301.02783203	1.50980389
2301.05664063	1.50980389
2301.08959961	1.50980389
2301.11816406	1.50980389
2301.14672852	1.50980389
2301.17944336	1.50980389
2301.20825195	1.50980389
2301.23706055	1.50980389
2301.26977539	1.50980389
2301.29833984	1.50980389
2301.32714844	1.50980389
2301.35986328	1.50980389
2301.38842773	1.50980389
2301.41723633	1.50980389
2301.44995117	1.50980389
2301.47851563	1.50980389
2301.50732422	1.50980389
2301.54003906	1.50980389
2301.56860352	1.50980389
2301.59741211	1.50980389
2301.63012695	1.50980389
2301.65893555	1.50980389
2301.68750000	1.50980389
2301.72021484	1.50980389
2301.74902344	1.50980389
2301.77758789	1.50980389
2301.81054688	1.50980389
2301.83911133	1.50980389
2301.86767578	1.50980389
2301.90063477	1.50980389
2301.92919922	1.50980389
2301.95776367	1.50980389
2301.99072266	1.50980389
2302.01928711	1.50980389
2302.04785156	1.50980389
2302.08081055	1.50980389
2302.10937500	1.50980389
2302.13818359	1.50980389
2302.17089844	1.50980389
2302.19970703	1.50980389
2302.22802734	1.50980389
2302.26098633	1.50980389
2302.28979492	1.50980389
2302.31835938	1.50980389
2302.37988281	1.50980389
2302.40844727	1.50980389
2302.46997070	1.52941179
2302.49853516	1.52941179
2302.56005859	1.52941179
2302.58862305	1.52941179
2302.61743164	1.52941179
2302.65014648	1.52941179
2302.67871094	1.52941179
2302.70751953	1.52941179
2302.74047852	1.52941179
2302.76879883	1.52941179
2302.79785156	1.52941179
2302.83056641	1.52941179
2302.85913086	1.52941179
2302.88769531	1.50980389
2302.92065430	1.52941179
2302.94921875	1.50980389
2302.97778320	1.50980389
2303.01074219	1.52941179
2303.03930664	1.50980389
2303.06787109	1.52941179
2303.10083008	1.52941179
2303.12939453	1.52941179
2303.15820313	1.52941179
2303.19091797	1.52941179
2303.21948242	1.52941179
2303.24829102	1.52941179
2303.28100586	1.52941179
2303.30957031	1.52941179
2303.33837891	1.52941179
2303.37109375	1.52941179
2303.39990234	1.52941179
2303.42846680	1.52941179
2303.46118164	1.52941179
2303.48999023	1.52941179
2303.51855469	1.52941179
2303.55126953	1.52941179
2303.58007813	1.52941179
2303.60864258	1.52941179
2303.64135742	1.52941179
2303.67016602	1.52941179
2303.69873047	1.52941179
2303.73168945	1.52941179
2303.76025391	1.52941179
2303.78906250	1.52941179
2303.82153320	1.52941179
2303.85058594	1.52941179
2303.87915039	1.52941179
2303.91186523	1.52941179
2303.94042969	1.52941179
2303.96923828	1.52941179
2304.00195313	1.52941179
2304.03076172	1.52941179
2304.05932617	1.52941179
2304.09228516	1.52941179
2304.12060547	1.52941179
2304.14941406	1.52941179
2304.18212891	1.52941179
2304.21093750	1.52941179
2304.23950195	1.52941179
2304.27246094	1.52941179
2304.30102539	1.52941179
2304.32958984	1.52941179
2304.36254883	1.52941179
2304.39111328	1.52941179
2304.41992188	1.52941179
2304.45239258	1.52941179
2304.48120117	1.52941179
2304.50976563	1.52941179
2304.54272461	1.52941179
2304.57128906	1.52941179
2304.60009766	1.52941179
2304.66137695	1.52941179
2304.69018555	1.52941179
2304.75146484	1.52941179
2304.78027344	1.52941179
2304.84179688	1.52941179
2304.87036133	1.52941179
2304.89916992	1.52941179
2304.93164063	1.52941179
2304.96044922	1.52941179
2304.98925781	1.52941179
2305.02197266	1.52941179
2305.05078125	1.52941179
2305.07934570	1.52941179
2305.11230469	1.52941179
2305.14086914	1.52941179
2305.16943359	1.52941179
2305.20214844	1.52941179
2305.23095703	1.52941179
2305.25952148	1.52941179
2305.29248047	1.52941179
2305.32104492	1.52941179
2305.34960938	1.52941179
2305.38232422	1.52941179
2305.41113281	1.52941179
2305.43969727	1.52941179
2305.47241211	1.52941179
2305.50122070	1.52941179
2305.52978516	1.52941179
2305.56250000	1.52941179
2305.59155273	1.52941179
2305.62011719	1.52941179
2305.65283203	1.52941179
2305.68164063	1.52941179
2305.71020508	1.52941179
2305.74291992	1.52941179
2305.77172852	1.52941179
2305.80029297	1.52941179
2305.83300781	1.52941179
2305.86157227	1.52941179
2305.89038086	1.52941179
2305.92309570	1.52941179
2305.95166016	1.52941179
2305.98046875	1.52941179
2306.01318359	1.52941179
2306.04199219	1.52941179
2306.07055664	1.50980389
2306.10351563	1.50980389
2306.13208008	1.50980389
2306.16088867	1.52941179
2306.19335938	1.52941179
2306.22216797	1.52941179
2306.25097656	1.50980389
2306.28369141	1.50980389
2306.31225586	1.50980389
2306.34106445	1.52941179
2306.37377930	1.52941179
2306.40234375	1.50980389
2306.43115234	1.50980389
2306.46386719	1.50980389
2306.49243164	1.50980389
2306.52124023	1.50980389
2306.55419922	1.50980389
2306.58251953	1.50980389
2306.61157227	1.50980389
2306.64404297	1.50980389
2306.67285156	1.50980389
2306.70141602	1.50980389
2306.73437500	1.50980389
2306.76293945	1.50980389
2306.79174805	1.50980389
2306.82446289	1.50980389
2306.85327148	1.50980389
2306.88183594	1.50980389
2306.94311523	1.50980389
2306.97192383	1.50980389
2307.03320313	1.50980389
2307.06176758	1.50980389
2307.12329102	1.50980389
2307.15209961	1.50980389
2307.18066406	1.50980389
2307.21337891	1.50980389
2307.24218750	1.50980389
2307.27099609	1.50980389
2307.30371094	1.50980389
2307.33227539	1.50980389
2307.36108398	1.50980389
2307.39379883	1.50980389
2307.42236328	1.50980389
2307.45117188	1.50980389
2307.48388672	1.52941179
2307.51245117	1.50980389
2307.54125977	1.50980389
2307.57397461	1.50980389
2307.60278320	1.50980389
2307.63134766	1.50980389
2307.66406250	1.50980389
2307.69262695	1.50980389
2307.72167969	1.50980389
2307.75415039	1.50980389
2307.78295898	1.50980389
2307.81152344	1.50980389
2307.84448242	1.50980389
2307.87304688	1.50980389
2307.90185547	1.50980389
2307.93457031	1.50980389
2307.96313477	1.50980389
2307.99194336	1.50980389
2308.02465820	1.52941179
2308.05322266	1.50980389
2308.08203125	1.50980389
2308.11474609	1.50980389
2308.14331055	1.50980389
2308.17211914	1.50980389
2308.20483398	1.50980389
2308.23364258	1.52941179
2308.26220703	1.52941179
2308.29492188	1.50980389
2308.32373047	1.52941179
2308.35229492	1.52941179
2308.38500977	1.52941179
2308.41381836	1.52941179
2308.44238281	1.52941179
2308.47534180	1.50980389
2308.50390625	1.52941179
2308.53247070	1.50980389
2308.56542969	1.52941179
2308.59399414	1.52941179
2308.62255859	1.52941179
2308.65551758	1.52941179
2308.68408203	1.52941179
2308.71289063	1.52941179
2308.74536133	1.52941179
2308.77416992	1.52941179
2308.80297852	1.52941179
2308.83569336	1.52941179
2308.86450195	1.52941179
2308.89306641	1.52941179
2308.92578125	1.52941179
2308.95458984	1.52941179
2308.98315430	1.52941179
2309.01586914	1.52941179
2309.04467773	1.52941179
2309.07324219	1.52941179
2309.10620117	1.52941179
2309.13476563	1.52941179
2309.16333008	1.50980389
2309.22485352	1.50980389
2309.25341797	1.50980389
2309.31494141	1.50980389
2309.34375000	1.50980389
2309.40502930	1.50980389
2309.43383789	1.50980389
2309.46240234	1.52941179
2309.49536133	1.50980389
2309.52392578	1.50980389
2309.55249023	1.50980389
2309.58544922	1.50980389
2309.61401367	1.50980389
2309.64257813	1.50980389
2309.67553711	1.50980389
2309.70410156	1.50980389
2309.73266602	1.50980389
2309.76562500	1.50980389
2309.79418945	1.50980389
2309.82275391	1.50980389
2309.85571289	1.50980389
2309.88427734	1.50980389
2309.91308594	1.50980389
2309.94580078	1.50980389
2309.97460938	1.50980389
2310.00317383	1.50980389
2310.03588867	1.50980389
2310.06445313	1.50980389
2310.09326172	1.50980389
2310.12597656	1.50980389
2310.15478516	1.50980389
2310.18334961	1.50980389
2310.21606445	1.50980389
2310.24511719	1.50980389
2310.27343750	1.50980389
2310.30615234	1.50980389
2310.33496094	1.50980389
2310.36376953	1.50980389
2310.39624023	1.50980389
2310.42504883	1.50980389
2310.45361328	1.50980389
2310.48657227	1.50980389
2310.51513672	1.50980389
2310.54370117	1.50980389
2310.57641602	1.50980389
2310.60546875	1.50980389
2310.63403320	1.50980389
2310.66674805	1.50980389
2310.69531250	1.50980389
2310.72412109	1.52941179
2310.75683594	1.52941179
2310.78564453	1.52941179
2310.81420898	1.52941179
2310.84716797	1.50980389
2310.87573242	1.52941179
2310.90429688	1.52941179
2310.93725586	1.52941179
2310.96582031	1.52941179
2310.99438477	1.52941179
2311.02709961	1.52941179
2311.05590820	1.52941179
2311.08471680	1.52941179
2311.11743164	1.52941179
2311.14599609	1.52941179
2311.17480469	1.52941179
2311.20751953	1.52941179
2311.23632813	1.52941179
2311.26489258	1.52941179
2311.29760742	1.52941179
2311.32617188	1.52941179
2311.35498047	1.52941179
2311.38769531	1.52941179
2311.41650391	1.52941179
2311.44506836	1.52941179
2311.50634766	1.52941179
2311.53515625	1.52941179
2311.59667969	1.52941179
2311.62524414	1.52941179
2311.68676758	1.52941179
2311.71557617	1.52941179
2311.74414063	1.52941179
2311.77685547	1.52941179
2311.80566406	1.52941179
2311.83422852	1.52941179
2311.86718750	1.52941179
2311.89575195	1.52941179
2311.92431641	1.52941179
2311.95703125	1.52941179
2311.98583984	1.52941179
2312.01440430	1.52941179
2312.04736328	1.52941179
2312.07592773	1.52941179
2312.10473633	1.52941179
2312.13720703	1.52941179
2312.16625977	1.52941179
2312.19458008	1.52941179
2312.22729492	1.52941179
2312.25634766	1.52941179
2312.28491211	1.52941179
2312.31762695	1.52941179
2312.34643555	1.52941179
2312.37500000	1.52941179
2312.40771484	1.52941179
2312.43652344	1.52941179
2312.46508789	1.52941179
2312.49780273	1.52941179
2312.52636719	1.52941179
2312.55517578	1.52941179
2312.58789063	1.52941179
2312.61645508	1.52941179
2312.64526367	1.52941179
2312.67822266	1.52941179
2312.70678711	1.52941179
2312.73559570	1.52941179
2312.76806641	1.52941179
2312.79687500	1.52941179
2312.82543945	1.52941179
2312.85839844	1.52941179
2312.88696289	1.52941179
2312.91577148	1.52941179
2312.94848633	1.52941179
2312.97705078	1.52941179
2313.00585938	1.52941179
2313.03857422	1.52941179
2313.06713867	1.52941179
2313.09594727	1.52941179
2313.12866211	1.52941179
2313.15722656	1.52941179
2313.18603516	1.52941179
2313.21875000	1.52941179
2313.24731445	1.52941179
2313.27612305	1.52941179
2313.30908203	1.52941179
2313.33764648	1.52941179
2313.36645508	1.52941179
2313.39916992	1.52941179
2313.42773438	1.52941179
2313.45629883	1.52941179
2313.48925781	1.52941179
2313.51782227	1.52941179
2313.54663086	1.52941179
2313.57934570	1.52941179
2313.60815430	1.52941179
2313.63671875	1.52941179
2313.66943359	1.52941179
2313.69799805	1.52941179
2313.72680664	1.52941179
2313.78833008	1.52941179
2313.81689453	1.52941179
2313.87817383	1.52941179
2313.90698242	1.52941179
2313.96850586	1.52941179
2313.99707031	1.52941179
2314.05859375	1.52941179
2314.08715820	1.52941179
2314.11596680	1.52941179
2314.14868164	1.52941179
2314.17724609	1.52941179
2314.20605469	1.52941179
2314.23876953	1.52941179
2314.26733398	1.52941179
2314.29614258	1.52941179
2314.32885742	1.52941179
2314.35766602	1.52941179
2314.38623047	1.52941179
2314.41918945	1.52941179
2314.44750977	1.52941179
2314.47656250	1.52941179
2314.50927734	1.52941179
2314.53784180	1.52941179
2314.56640625	1.52941179
2314.59936523	1.52941179
2314.62817383	1.52941179
2314.65673828	1.52941179
2314.68945313	1.52941179
2314.71801758	1.52941179
2314.74682617	1.52941179
2314.77954102	1.52941179
2314.80810547	1.52941179
2314.83691406	1.52941179
2314.86962891	1.52941179
2314.89819336	1.52941179
2314.92700195	1.52941179
2314.95996094	1.52941179
2314.98852539	1.52941179
2315.01708984	1.52941179
2315.05004883	1.52941179
2315.07861328	1.52941179
2315.10717773	1.52941179
2315.13989258	1.52941179
2315.16870117	1.52941179
2315.19726563	1.52941179
2315.23022461	1.52941179
2315.25878906	1.52941179
2315.28735352	1.52941179
2315.32031250	1.52941179
2315.34887695	1.52941179
2315.37744141	1.52941179
2315.41040039	1.52941179
2315.43896484	1.52941179
2315.46777344	1.52941179
2315.50048828	1.52941179
2315.52905273	1.52941179
2315.55786133	1.52941179
2315.59057617	1.52941179
2315.61938477	1.52941179
2315.64794922	1.52941179
2315.68066406	1.52941179
2315.70947266	1.52941179
2315.73803711	1.52941179
2315.77075195	1.52941179
2315.79956055	1.54901958
2315.82812500	1.54901958
2315.86108398	1.54901958
2315.88964844	1.54901958
2315.91821289	1.54901958
2315.95092773	1.54901958
2315.97973633	1.54901958
2316.00830078	1.54901958
2316.04125977	1.54901958
2316.06982422	1.54901958
2316.09863281	1.54901958
2316.16015625	1.54901958
2316.18872070	1.54901958
2316.25024414	1.54901958
2316.27880859	1.54901958
2316.34033203	1.54901958
2316.36889648	1.54901958
2316.39746094	1.54901958
2316.43041992	1.54901958
2316.45898438	1.54901958
2316.48779297	1.54901958
2316.52050781	1.54901958
2316.54931641	1.54901958
2316.57763672	1.54901958
2316.61059570	1.54901958
2316.63940430	1.54901958
2316.66796875	1.54901958
2316.70068359	1.54901958
2316.72949219	1.54901958
2316.75805664	1.54901958
2316.79077148	1.54901958
2316.81958008	1.54901958
2316.84814453	1.54901958
2316.88110352	1.54901958
2316.90966797	1.54901958
2316.93823242	1.54901958
2316.97094727	1.54901958
2316.99975586	1.54901958
2317.02832031	1.54901958
2317.06127930	1.54901958
2317.08984375	1.54901958
2317.11865234	1.54901958
2317.15112305	1.54901958
2317.18017578	1.54901958
2317.20849609	1.54901958
2317.24145508	1.54901958
2317.27026367	1.54901958
2317.29882813	1.54901958
2317.33154297	1.54901958
2317.36035156	1.54901958
2317.38891602	1.54901958
2317.42163086	1.54901958
2317.45043945	1.54901958
2317.47900391	1.54901958
2317.51171875	1.54901958
2317.54052734	1.54901958
2317.56909180	1.54901958
2317.60205078	1.54901958
2317.63061523	1.54901958
2317.65942383	1.54901958
2317.69189453	1.54901958
2317.72070313	1.54901958
2317.74951172	1.54901958
2317.78222656	1.54901958
2317.81079102	1.54901958
2317.83959961	1.54901958
2317.87231445	1.54901958
2317.90112305	1.54901958
2317.92968750	1.54901958
2317.96240234	1.54901958
2317.99096680	1.54901958
2318.01977539	1.54901958
2318.05249023	1.54901958
2318.08105469	1.54901958
2318.10986328	1.54901958
2318.14257813	1.54901958
2318.17138672	1.54901958
2318.19995117	1.54901958
2318.23266602	1.54901958
2318.26123047	1.54901958
2318.29003906	1.54901958
2318.32299805	1.54901958
2318.35156250	1.54901958
2318.38037109	1.54901958
2318.44165039	1.54901958
2318.47045898	1.54901958
2318.53173828	1.54901958
2318.56054688	1.54901958
2318.62207031	1.54901958
2318.65063477	1.54901958
2318.67919922	1.54901958
2318.71191406	1.54901958
2318.74072266	1.54901958
2318.76928711	1.54901958
2318.80224609	1.54901958
2318.83081055	1.54901958
2318.85961914	1.54901958
2318.89208984	1.54901958
2318.92114258	1.54901958
2318.94946289	1.54901958
2318.98242188	1.54901958
2319.01098633	1.54901958
2319.03979492	1.54901958
2319.07250977	1.54901958
2319.10107422	1.54901958
2319.12988281	1.54901958
2319.16259766	1.54901958
2319.19116211	1.54901958
2319.21997070	1.54901958
2319.25268555	1.54901958
2319.28125000	1.54901958
2319.31030273	1.54901958
2319.34301758	1.54901958
2319.37158203	1.54901958
2319.40014648	1.54901958
2319.43310547	1.54901958
2319.46166992	1.54901958
2319.49047852	1.54901958
2319.52319336	1.54901958
2319.55175781	1.54901958
2319.58056641	1.54901958
2319.61328125	1.54901958
2319.64184570	1.54901958
2319.67065430	1.54901958
2319.70336914	1.54901958
2319.73193359	1.54901958
2319.76074219	1.54901958
2319.79345703	1.54901958
2319.82202148	1.54901958
2319.85083008	1.54901958
2319.88378906	1.54901958
2319.91235352	1.54901958
2319.94091797	1.54901958
2319.97387695	1.54901958
2320.00244141	1.54901958
2320.03100586	1.54901958
2320.06396484	1.54901958
2320.09252930	1.54901958
2320.12133789	1.54901958
2320.15405273	1.54901958
2320.18261719	1.54901958
2320.21142578	1.54901958
2320.24414063	1.54901958
2320.27270508	1.54901958
2320.30151367	1.54901958
2320.33422852	1.54901958
2320.36279297	1.54901958
2320.39135742	1.54901958
2320.42431641	1.54901958
2320.45288086	1.54901958
2320.48168945	1.54901958
2320.51440430	1.54901958
2320.54321289	1.54901958
2320.57153320	1.54901958
2320.60449219	1.54901958
2320.63305664	1.54901958
2320.66210938	1.54901958
2320.72338867	1.56862748
2320.75195313	1.54901958
2320.81347656	1.54901958
2320.84204102	1.54901958
2320.90356445	1.56862748
2320.93212891	1.56862748
2320.96093750	1.54901958
2320.99365234	1.56862748
2321.02246094	1.56862748
2321.05126953	1.56862748
2321.08398438	1.56862748
2321.11254883	1.56862748
2321.14111328	1.56862748
2321.17407227	1.56862748
2321.20263672	1.56862748
2321.23144531	1.56862748
2321.26416016	1.56862748
2321.29272461	1.56862748
2321.32153320	1.56862748
2321.35424805	1.56862748
2321.38305664	1.56862748
2321.41162109	1.56862748
2321.44433594	1.56862748
2321.47290039	1.56862748
2321.50170898	1.56862748
2321.53466797	1.56862748
2321.56298828	1.56862748
2321.59179688	1.56862748
2321.62475586	1.56862748
2321.65332031	1.56862748
2321.68212891	1.56862748
2321.71484375	1.56862748
2321.74340820	1.56862748
2321.77197266	1.56862748
2321.80493164	1.56862748
2321.83349609	1.56862748
2321.86206055	1.56862748
2321.89501953	1.56862748
2321.92358398	1.56862748
2321.95214844	1.56862748
2321.98486328	1.56862748
2322.01367188	1.56862748
2322.04223633	1.56862748
2322.07519531	1.56862748
2322.10375977	1.56862748
2322.13256836	1.56862748
2322.16528320	1.56862748
2322.19409180	1.56862748
2322.22265625	1.56862748
2322.25537109	1.56862748
2322.28393555	1.56862748
2322.31274414	1.56862748
2322.34545898	1.56862748
2322.37426758	1.56862748
2322.40307617	1.56862748
2322.43554688	1.56862748
2322.46435547	1.56862748
2322.49291992	1.56862748
2322.52563477	1.56862748
2322.55444336	1.56862748
2322.58300781	1.56862748
2322.61596680	1.56862748
2322.64453125	1.56862748
2322.67309570	1.56862748
2322.70605469	1.56862748
2322.73461914	1.56862748
2322.76342773	1.56862748
2322.79614258	1.56862748
2322.82495117	1.56862748
2322.85351563	1.56862748
2322.88623047	1.56862748
2322.91503906	1.56862748
2322.94360352	1.56862748
2323.00512695	1.56862748
2323.03369141	1.56862748
2323.09521484	1.56862748
2323.12377930	1.56862748
2323.18530273	1.56862748
2323.21411133	1.56862748
2323.24267578	1.56862748
2323.27539063	1.56862748
2323.30395508	1.56862748
2323.33276367	1.56862748
2323.36547852	1.56862748
2323.39428711	1.56862748
2323.42285156	1.56862748
2323.45556641	1.56862748
2323.48437500	1.56862748
2323.51293945	1.56862748
2323.54565430	1.56862748
2323.57446289	1.56862748
2323.60302734	1.56862748
2323.63598633	1.56862748
2323.66455078	1.56862748
2323.69311523	1.56862748
2323.72607422	1.56862748
2323.75463867	1.56862748
2323.78344727	1.56862748
2323.81616211	1.56862748
2323.84497070	1.56862748
2323.87353516	1.56862748
2323.90625000	1.56862748
2323.93505859	1.56862748
2323.96362305	1.56862748
2323.99633789	1.56862748
2324.02514648	1.56862748
2324.05371094	1.56862748
2324.08642578	1.56862748
2324.11523438	1.56862748
2324.14379883	1.56862748
2324.17651367	1.56862748
2324.20532227	1.56862748
2324.23388672	1.56862748
2324.26660156	1.56862748
2324.29541016	1.56862748
2324.32397461	1.56862748
2324.35693359	1.56862748
2324.38549805	1.56862748
2324.41406250	1.56862748
2324.44702148	1.56862748
2324.47558594	1.56862748
2324.50439453	1.56862748
2324.53710938	1.56862748
2324.56567383	1.56862748
2324.59448242	1.56862748
2324.62719727	1.56862748
2324.65600586	1.56862748
2324.68457031	1.56862748
2324.71728516	1.56862748
2324.74584961	1.56862748
2324.77465820	1.56862748
2324.80737305	1.56862748
2324.83618164	1.56862748
2324.86474609	1.56862748
2324.89770508	1.56862748
2324.92626953	1.56862748
2324.95483398	1.56862748
2324.98779297	1.56862748
2325.01635742	1.56862748
2325.04516602	1.56862748
2325.07788086	1.56862748
2325.10644531	1.56862748
2325.13525391	1.56862748
2325.16796875	1.56862748
2325.19653320	1.56862748
2325.22534180	1.56862748
2325.28662109	1.56862748
2325.31542969	1.56862748
2325.37695313	1.56862748
2325.40551758	1.56862748
2325.46704102	1.56862748
2325.49560547	1.56862748
2325.52441406	1.56862748
2325.55712891	1.56862748
2325.58593750	1.56862748
2325.61450195	1.56862748
2325.64721680	1.56862748
2325.67602539	1.56862748
2325.70458984	1.56862748
2325.73730469	1.56862748
2325.76611328	1.56862748
2325.79467773	1.58823526
2325.82739258	1.58823526
2325.85595703	1.56862748
2325.88476563	1.56862748
2325.91748047	1.56862748
2325.94628906	1.56862748
2325.97485352	1.56862748
2326.00781250	1.56862748
2326.03637695	1.56862748
2326.06518555	1.56862748
2326.09790039	1.56862748
2326.12646484	1.56862748
2326.15502930	1.56862748
2326.18798828	1.56862748
2326.21655273	1.56862748
2326.24560547	1.56862748
2326.27807617	1.56862748
2326.30664063	1.56862748
2326.33544922	1.56862748
2326.36816406	1.56862748
2326.39697266	1.56862748
2326.42553711	1.56862748
2326.45825195	1.56862748
2326.48681641	1.56862748
2326.51562500	1.56862748
2326.54833984	1.56862748
2326.57714844	1.56862748
2326.60595703	1.56862748
2326.63867188	1.56862748
2326.66723633	1.56862748
2326.69580078	1.56862748
2326.72875977	1.54901958
2326.75732422	1.56862748
2326.78613281	1.54901958
2326.81884766	1.54901958
2326.84741211	1.54901958
2326.87622070	1.54901958
2326.90893555	1.54901958
2326.93750000	1.54901958
2326.96630859	1.54901958
2326.99902344	1.54901958
2327.02758789	1.54901958
2327.05639648	1.54901958
2327.08911133	1.54901958
2327.11767578	1.54901958
2327.14648438	1.54901958
2327.17919922	1.54901958
2327.20800781	1.54901958
2327.23657227	1.54901958
2327.26928711	1.54901958
2327.29809570	1.54901958
2327.32666016	1.54901958
2327.35961914	1.54901958
2327.38818359	1.54901958
2327.41699219	1.54901958
2327.44970703	1.54901958
2327.47827148	1.54901958
2327.50683594	1.54901958
2327.53979492	1.54901958
2327.56835938	1.54901958
2327.59692383	1.54901958
2327.65844727	1.54901958
2327.68725586	1.54901958
2327.74877930	1.54901958
2327.77734375	1.54901958
2327.83886719	1.54901958
2327.86743164	1.54901958
2327.89624023	1.54901958
2327.92895508	1.54901958
2327.95751953	1.54901958
2327.98632813	1.54901958
2328.01904297	1.54901958
2328.04760742	1.54901958
2328.07641602	1.54901958
2328.10913086	1.54901958
2328.13793945	1.54901958
2328.16650391	1.54901958
2328.19921875	1.54901958
2328.22778320	1.54901958
2328.25659180	1.54901958
2328.28955078	1.54901958
2328.31811523	1.54901958
2328.34667969	1.54901958
2328.37963867	1.54901958
2328.40820313	1.54901958
2328.43701172	1.54901958
2328.46972656	1.54901958
2328.49829102	1.54901958
2328.52685547	1.56862748
2328.55981445	1.54901958
2328.58837891	1.56862748
2328.61694336	1.56862748
2328.64990234	1.54901958
2328.67846680	1.54901958
2328.70703125	1.56862748
2328.73999023	1.54901958
2328.76855469	1.56862748
2328.79736328	1.56862748
2328.83007813	1.56862748
2328.85888672	1.56862748
2328.88745117	1.56862748
2328.92016602	1.56862748
2328.94897461	1.56862748
2328.97753906	1.56862748
2329.01025391	1.56862748
2329.03906250	1.56862748
2329.06762695	1.56862748
2329.10034180	1.56862748
2329.12915039	1.56862748
2329.15795898	1.56862748
2329.19042969	1.56862748
2329.21923828	1.56862748
2329.24804688	1.56862748
2329.28051758	1.56862748
2329.30932617	1.56862748
2329.33789063	1.56862748
2329.37084961	1.56862748
2329.39941406	1.56862748
2329.42822266	1.56862748
2329.46093750	1.56862748
2329.48974609	1.56862748
2329.51831055	1.56862748
2329.55102539	1.56862748
2329.57983398	1.56862748
2329.60839844	1.56862748
2329.64111328	1.56862748
2329.66992188	1.56862748
2329.69848633	1.56862748
2329.73120117	1.56862748
2329.76000977	1.56862748
2329.78881836	1.56862748
2329.82128906	1.56862748
2329.85009766	1.56862748
2329.87866211	1.56862748
2329.94018555	1.56862748
2329.96899414	1.56862748
2330.03027344	1.56862748
2330.05908203	1.56862748
2330.12036133	1.56862748
2330.14916992	1.56862748
2330.17797852	1.56862748
2330.21044922	1.56862748
2330.23925781	1.56862748
2330.26782227	1.56862748
2330.30078125	1.56862748
2330.32934570	1.56862748
2330.35791016	1.56862748
2330.39086914	1.56862748
2330.41943359	1.56862748
2330.44824219	1.56862748
2330.48095703	1.56862748
2330.50952148	1.56862748
2330.53833008	1.56862748
2330.57080078	1.56862748
2330.59960938	1.56862748
2330.62841797	1.56862748
2330.66113281	1.56862748
2330.68969727	1.56862748
2330.71850586	1.56862748
2330.75122070	1.56862748
2330.78002930	1.56862748
2330.80859375	1.56862748
2330.84130859	1.56862748
2330.87011719	1.56862748
2330.89868164	1.56862748
2330.93139648	1.56862748
2330.96020508	1.56862748
2330.98876953	1.56862748
2331.02148438	1.56862748
2331.05029297	1.56862748
2331.07910156	1.56862748
2331.11181641	1.56862748
2331.14038086	1.56862748
2331.16918945	1.56862748
2331.20190430	1.56862748
2331.23046875	1.56862748
2331.25927734	1.56862748
2331.29199219	1.56862748
2331.32055664	1.56862748
2331.34936523	1.56862748
2331.38208008	1.56862748
2331.41088867	1.56862748
2331.43945313	1.56862748
2331.47216797	1.56862748
2331.50073242	1.56862748
2331.52954102	1.56862748
2331.56225586	1.56862748
2331.59106445	1.56862748
2331.61962891	1.56862748
2331.65258789	1.56862748
2331.68115234	1.56862748
2331.70996094	1.56862748
2331.74267578	1.56862748
2331.77124023	1.56862748
2331.80004883	1.56862748
2331.83276367	1.56862748
2331.86132813	1.56862748
2331.89013672	1.56862748
2331.92285156	1.56862748
2331.95141602	1.56862748
2331.98022461	1.56862748
2332.01293945	1.56862748
2332.04174805	1.56862748
2332.07031250	1.56862748
2332.10327148	1.56862748
2332.13183594	1.56862748
2332.16064453	1.56862748
2332.22192383	1.56862748
2332.25073242	1.56862748
2332.31201172	1.56862748
2332.34082031	1.56862748
2332.40209961	1.56862748
2332.43090820	1.56862748
2332.45947266	1.56862748
2332.49218750	1.56862748
2332.52075195	1.56862748
2332.54956055	1.56862748
2332.58227539	1.56862748
2332.61083984	1.56862748
2332.63964844	1.56862748
2332.67236328	1.56862748
2332.70117188	1.56862748
2332.72998047	1.56862748
2332.76269531	1.56862748
2332.79125977	1.56862748
2332.82006836	1.56862748
2332.85278320	1.56862748
2332.88134766	1.56862748
2332.91015625	1.56862748
2332.94311523	1.56862748
2332.97143555	1.56862748
2333.00024414	1.56862748
2333.03295898	1.56862748
2333.06152344	1.56862748
2333.09033203	1.56862748
2333.12304688	1.56862748
2333.15185547	1.56862748
2333.18041992	1.56862748
2333.21313477	1.56862748
2333.24194336	1.56862748
2333.27050781	1.56862748
2333.30346680	1.56862748
2333.33203125	1.56862748
2333.36059570	1.56862748
2333.39331055	1.56862748
2333.42211914	1.56862748
2333.45092773	1.56862748
2333.48364258	1.56862748
2333.51220703	1.56862748
2333.54101563	1.58823526
2333.57373047	1.58823526
2333.60229492	1.58823526
2333.63085938	1.58823526
2333.66381836	1.58823526
2333.69238281	1.58823526
2333.72119141	1.58823526
2333.75390625	1.58823526
2333.78271484	1.58823526
2333.81127930	1.58823526
2333.84399414	1.58823526
2333.87280273	1.58823526
2333.90136719	1.58823526
2333.93432617	1.58823526
2333.96289063	1.58823526
2333.99145508	1.58823526
2334.02441406	1.58823526
2334.05297852	1.58823526
2334.08154297	1.58823526
2334.11450195	1.58823526
2334.14306641	1.58823526
2334.17187500	1.58823526
2334.20434570	1.58823526
2334.23315430	1.58823526
2334.26171875	1.58823526
2334.29467773	1.58823526
2334.32324219	1.58823526
2334.35205078	1.58823526
2334.38476563	1.58823526
2334.41357422	1.58823526
2334.44213867	1.58823526
2334.50366211	1.58823526
2334.53222656	1.58823526
2334.59375000	1.58823526
2334.62231445	1.58823526
2334.68383789	1.58823526
2334.71240234	1.58823526
2334.74121094	1.58823526
2334.77392578	1.58823526
2334.80249023	1.58823526
2334.83129883	1.58823526
2334.86401367	1.58823526
2334.89282227	1.58823526
2334.92138672	1.58823526
2334.95434570	1.58823526
2334.98291016	1.58823526
2335.01147461	1.58823526
2335.04443359	1.58823526
2335.07299805	1.58823526
2335.10156250	1.58823526
2335.13452148	1.58823526
2335.16308594	1.58823526
2335.19189453	1.58823526
2335.22460938	1.58823526
2335.25317383	1.58823526
2335.28198242	1.58823526
2335.31469727	1.58823526
2335.34350586	1.58823526
2335.37182617	1.58823526
2335.40478516	1.58823526
2335.43359375	1.58823526
2335.46215820	1.58823526
2335.49487305	1.58823526
2335.52368164	1.58823526
2335.55224609	1.58823526
2335.58496094	1.58823526
2335.61376953	1.58823526
2335.64233398	1.58823526
2335.67504883	1.58823526
2335.70385742	1.58823526
2335.73242188	1.58823526
2335.76513672	1.58823526
2335.79394531	1.58823526
2335.82250977	1.58823526
2335.85546875	1.58823526
2335.88403320	1.58823526
2335.91284180	1.58823526
2335.94555664	1.58823526
2335.97436523	1.58823526
2336.00292969	1.58823526
2336.03564453	1.58823526
2336.06445313	1.58823526
2336.09301758	1.58823526
2336.12573242	1.58823526
2336.15454102	1.58823526
2336.18310547	1.58823526
2336.21582031	1.58823526
2336.24462891	1.58823526
2336.27319336	1.58823526
2336.30590820	1.58823526
2336.33471680	1.58823526
2336.36328125	1.58823526
2336.39599609	1.58823526
2336.42480469	1.58823526
2336.45336914	1.58823526
2336.48608398	1.58823526
2336.51489258	1.58823526
2336.54345703	1.58823526
2336.57641602	1.58823526
2336.60498047	1.58823526
2336.63378906	1.58823526
2336.66650391	1.58823526
2336.69506836	1.58823526
2336.72387695	1.58823526
2336.78515625	1.58823526
2336.81396484	1.58823526
2336.87524414	1.58823526
2336.90405273	1.58823526
2336.96557617	1.58823526
2336.99414063	1.58823526
2337.02270508	1.58823526
2337.05541992	1.58823526
2337.08422852	1.58823526
2337.11303711	1.58823526
2337.14575195	1.58823526
2337.17456055	1.58823526
2337.20312500	1.58823526
2337.23583984	1.58823526
2337.26464844	1.58823526
2337.29321289	1.58823526
2337.32592773	1.58823526
2337.35473633	1.58823526
2337.38330078	1.58823526
2337.41601563	1.58823526
2337.44482422	1.58823526
2337.47338867	1.58823526
2337.50610352	1.58823526
2337.53491211	1.58823526
2337.56347656	1.58823526
2337.59643555	1.58823526
2337.62500000	1.58823526
2337.65356445	1.58823526
2337.68652344	1.58823526
2337.71508789	1.58823526
2337.74365234	1.58823526
2337.77661133	1.58823526
2337.80517578	1.58823526
2337.83398438	1.58823526
2337.86669922	1.58823526
2337.89526367	1.58823526
2337.92407227	1.58823526
2337.95678711	1.56862748
2337.98559570	1.56862748
2338.01416016	1.56862748
2338.04687500	1.56862748
2338.07543945	1.56862748
2338.10424805	1.56862748
2338.13696289	1.56862748
2338.16577148	1.56862748
2338.19433594	1.56862748
2338.22729492	1.56862748
2338.25561523	1.56862748
2338.28466797	1.56862748
2338.31738281	1.56862748
2338.34594727	1.56862748
2338.37451172	1.56862748
2338.40747070	1.56862748
2338.43603516	1.56862748
2338.46484375	1.56862748
2338.49755859	1.54901958
2338.52612305	1.54901958
2338.55493164	1.54901958
2338.58764648	1.54901958
2338.61621094	1.54901958
2338.64501953	1.54901958
2338.67773438	1.54901958
2338.70629883	1.54901958
2338.73510742	1.54901958
2338.76782227	1.54901958
2338.79663086	1.54901958
2338.82519531	1.54901958
2338.85815430	1.54901958
2338.88671875	1.54901958
2338.91528320	1.54901958
2338.94824219	1.54901958
2338.97680664	1.54901958
2339.00561523	1.54901958
2339.06689453	1.54901958
2339.09545898	1.54901958
2339.15722656	1.54901958
2339.18579102	1.54901958
2339.24707031	1.54901958
2339.27587891	1.54901958
2339.30444336	1.54901958
2339.33740234	1.54901958
2339.36596680	1.54901958
2339.39477539	1.54901958
2339.42724609	1.54901958
2339.45605469	1.54901958
2339.48486328	1.54901958
2339.51757813	1.54901958
2339.54614258	1.54901958
2339.57495117	1.54901958
2339.60766602	1.54901958
2339.63623047	1.54901958
2339.66503906	1.54901958
2339.69775391	1.54901958
2339.72631836	1.54901958
2339.75512695	1.54901958
2339.78808594	1.54901958
2339.81640625	1.54901958
2339.84521484	1.54901958
2339.87792969	1.54901958
2339.90673828	1.54901958
2339.93530273	1.54901958
2339.96826172	1.54901958
2339.99682617	1.54901958
2340.02563477	1.54901958
2340.05834961	1.54901958
2340.08691406	1.54901958
2340.11572266	1.54901958
2340.14843750	1.54901958
2340.17700195	1.54901958
2340.20581055	1.54901958
2340.23852539	1.54901958
2340.26708984	1.54901958
2340.29565430	1.54901958
2340.32861328	1.54901958
2340.35742188	1.54901958
2340.38598633	1.54901958
2340.41894531	1.54901958
2340.44750977	1.54901958
2340.47607422	1.54901958
2340.50878906	1.54901958
2340.53759766	1.54901958
2340.56616211	1.54901958
2340.59887695	1.54901958
2340.62768555	1.54901958
2340.65625000	1.54901958
2340.68920898	1.56862748
2340.71777344	1.54901958
2340.74633789	1.54901958
2340.77905273	1.54901958
2340.80786133	1.56862748
2340.83642578	1.56862748
2340.86914063	1.56862748
2340.89794922	1.56862748
2340.92675781	1.56862748
2340.95947266	1.56862748
2340.98828125	1.56862748
2341.01684570	1.56862748
2341.04956055	1.56862748
2341.07836914	1.56862748
2341.10693359	1.56862748
2341.13989258	1.56862748
2341.16845703	1.56862748
2341.19702148	1.56862748
2341.22973633	1.56862748
2341.25854492	1.56862748
2341.28710938	1.56862748
2341.34863281	1.56862748
2341.37719727	1.56862748
2341.43872070	1.56862748
2341.46728516	1.56862748
2341.52880859	1.56862748
2341.55737305	1.56862748
2341.61889648	1.56862748
2341.64770508	1.56862748
2341.67626953	1.56862748
2341.70922852	1.56862748
2341.73779297	1.56862748
2341.76635742	1.56862748
2341.79931641	1.56862748
2341.82788086	1.56862748
2341.85644531	1.56862748
2341.88916016	1.56862748
2341.91796875	1.56862748
2341.94677734	1.56862748
2341.97949219	1.56862748
2342.00805664	1.56862748
2342.03662109	1.56862748
2342.06958008	1.56862748
2342.09838867	1.56862748
2342.12670898	1.56862748
2342.15966797	1.56862748
2342.18823242	1.56862748
2342.21704102	1.56862748
2342.24975586	1.56862748
2342.27856445	1.56862748
2342.30712891	1.56862748
2342.33984375	1.56862748
2342.36865234	1.56862748
2342.39721680	1.56862748
2342.42993164	1.56862748
2342.45874023	1.56862748
2342.48730469	1.56862748
2342.52001953	1.56862748
2342.54882813	1.56862748
2342.57739258	1.56862748
2342.61035156	1.56862748
2342.63891602	1.56862748
2342.66772461	1.56862748
2342.70043945	1.56862748
2342.72900391	1.56862748
2342.75756836	1.56862748
2342.79052734	1.56862748
2342.81933594	1.56862748
2342.84790039	1.56862748
2342.88085938	1.56862748
2342.90942383	1.56862748
2342.93798828	1.56862748
2342.97070313	1.56862748
2342.99951172	1.56862748
2343.02807617	1.56862748
2343.06079102	1.56862748
2343.08959961	1.56862748
2343.11816406	1.56862748
2343.15087891	1.54901958
2343.17968750	1.54901958
2343.20825195	1.54901958
2343.24121094	1.54901958
2343.26977539	1.54901958
2343.29858398	1.54901958
2343.33129883	1.54901958
2343.35986328	1.54901958
2343.38867188	1.54901958
2343.42138672	1.54901958
2343.44995117	1.54901958
2343.47875977	1.52941179
2343.51147461	1.52941179
2343.54028320	1.52941179
2343.56884766	1.52941179
2343.60156250	1.52941179
2343.63012695	1.52941179
2343.65893555	1.52941179
2343.72045898	1.52941179
2343.74902344	1.52941179
2343.81054688	1.52941179
2343.83911133	1.52941179
2343.90087891	1.52941179
2343.92919922	1.52941179
2343.95800781	1.52941179
2343.99072266	1.52941179
2344.01953125	1.50980389
2344.04809570	1.50980389
2344.08081055	1.50980389
2344.10961914	1.50980389
2344.13818359	1.50980389
2344.17114258	1.50980389
2344.19970703	1.50980389
2344.22827148	1.50980389
2344.26123047	1.50980389
2344.28979492	1.50980389
2344.31835938	1.50980389
2344.35107422	1.50980389
2344.37988281	1.50980389
2344.40869141	1.50980389
2344.44140625	1.50980389
2344.46997070	1.50980389
2344.49877930	1.50980389
2344.53149414	1.50980389
2344.56005859	1.50980389
2344.58886719	1.50980389
2344.62158203	1.50980389
2344.65014648	1.50980389
2344.67895508	1.50980389
2344.71166992	1.50980389
2344.74047852	1.50980389
2344.76904297	1.50980389
2344.80200195	1.50980389
2344.83056641	1.50980389
2344.85937500	1.50980389
2344.89184570	1.50980389
2344.92089844	1.50980389
2344.94921875	1.50980389
2344.98217773	1.50980389
2345.01074219	1.50980389
2345.03955078	1.50980389
2345.07226563	1.50980389
2345.10083008	1.52941179
2345.12963867	1.52941179
2345.16235352	1.52941179
2345.19091797	1.52941179
2345.21972656	1.52941179
2345.25244141	1.52941179
2345.28100586	1.52941179
2345.30981445	1.52941179
2345.34252930	1.52941179
2345.37109375	1.52941179
2345.39990234	1.52941179
2345.43286133	1.52941179
2345.46142578	1.52941179
2345.49023438	1.52941179
2345.52294922	1.52941179
2345.55151367	1.52941179
2345.58007813	1.52941179
2345.61303711	1.52941179
2345.64160156	1.52941179
2345.67041016	1.52941179
2345.70312500	1.52941179
2345.73168945	1.52941179
2345.76025391	1.52941179
2345.79321289	1.52941179
2345.82177734	1.52941179
2345.85034180	1.52941179
2345.88330078	1.52941179
2345.91186523	1.52941179
2345.94067383	1.52941179
2346.00195313	1.52941179
2346.03076172	1.52941179
2346.09228516	1.52941179
2346.12084961	1.52941179
2346.18237305	1.52941179
2346.21093750	1.54901958
2346.23974609	1.54901958
2346.27246094	1.54901958
2346.30102539	1.54901958
2346.32983398	1.54901958
2346.36254883	1.54901958
2346.39111328	1.54901958
2346.41992188	1.54901958
2346.45263672	1.54901958
2346.48144531	1.54901958
2346.51000977	1.54901958
2346.54296875	1.54901958
2346.57128906	1.54901958
2346.60034180	1.54901958
2346.63281250	1.54901958
2346.66162109	1.54901958
2346.69018555	1.54901958
2346.72314453	1.54901958
2346.75170898	1.54901958
2346.78051758	1.54901958
2346.81323242	1.54901958
2346.84179688	1.54901958
2346.87036133	1.54901958
2346.90332031	1.54901958
2346.93188477	1.54901958
2346.96069336	1.54901958
2346.99365234	1.54901958
2347.02197266	1.54901958
2347.05078125	1.54901958
2347.08349609	1.54901958
2347.11230469	1.54901958
2347.14086914	1.54901958
2347.17382813	1.54901958
2347.20214844	1.54901958
2347.23095703	1.54901958
2347.26367188	1.54901958
2347.29248047	1.54901958
2347.32104492	1.54901958
2347.35375977	1.54901958
2347.38256836	1.54901958
2347.41113281	1.54901958
2347.44384766	1.54901958
2347.47265625	1.54901958
2347.50122070	1.54901958
2347.53417969	1.54901958
2347.56274414	1.54901958
2347.59155273	1.54901958
2347.62426758	1.54901958
2347.65283203	1.54901958
2347.68164063	1.54901958
2347.71435547	1.54901958
2347.74316406	1.54901958
2347.77172852	1.54901958
2347.80444336	1.54901958
2347.83325195	1.54901958
2347.86181641	1.54901958
2347.89477539	1.54901958
2347.92333984	1.54901958
2347.95190430	1.54901958
2347.98461914	1.54901958
2348.01342773	1.54901958
2348.04199219	1.54901958
2348.07470703	1.54901958
2348.10351563	1.54901958
2348.13208008	1.54901958
2348.16503906	1.54901958
2348.19360352	1.54901958
2348.22241211	1.54901958
2348.28393555	1.54901958
2348.31250000	1.56862748
2348.37402344	1.56862748
2348.40258789	1.56862748
2348.46411133	1.56862748
2348.49267578	1.56862748
2348.52124023	1.56862748
2348.55419922	1.56862748
2348.58276367	1.56862748
2348.61157227	1.56862748
2348.64404297	1.56862748
2348.67285156	1.56862748
2348.70166016	1.56862748
2348.73437500	1.56862748
2348.76293945	1.56862748
2348.79174805	1.56862748
2348.82446289	1.56862748
2348.85327148	1.56862748
2348.88183594	1.56862748
2348.91479492	1.56862748
2348.94335938	1.56862748
2348.97192383	1.56862748
2349.00463867	1.56862748
2349.03344727	1.56862748
2349.06201172	1.56862748
2349.09472656	1.56862748
2349.12353516	1.56862748
2349.15209961	1.56862748
2349.18481445	1.56862748
2349.21362305	1.56862748
2349.24218750	1.56862748
2349.27514648	1.56862748
2349.30395508	1.56862748
2349.33251953	1.56862748
2349.36523438	1.56862748
2349.39379883	1.56862748
2349.42260742	1.56862748
2349.45532227	1.56862748
2349.48413086	1.56862748
2349.51269531	1.56862748
2349.54541016	1.56862748
2349.57421875	1.56862748
2349.60302734	1.56862748
2349.63574219	1.56862748
2349.66430664	1.56862748
2349.69287109	1.56862748
2349.72558594	1.56862748
2349.75439453	1.56862748
2349.78295898	1.56862748
2349.81567383	1.56862748
2349.84448242	1.56862748
2349.87304688	1.56862748
2349.90600586	1.56862748
2349.93457031	1.56862748
2349.96337891	1.56862748
2349.99609375	1.56862748
2350.02465820	1.56862748
2350.05346680	1.56862748
2350.08618164	1.56862748
2350.11474609	1.56862748
2350.14355469	1.56862748
2350.17626953	1.56862748
2350.20483398	1.56862748
2350.23364258	1.56862748
2350.26635742	1.56862748
2350.29516602	1.56862748
2350.32373047	1.56862748
2350.35668945	1.56862748
2350.38500977	1.56862748
2350.41406250	1.56862748
2350.44653320	1.56862748
2350.47534180	1.56862748
2350.50390625	1.56862748
2350.56542969	1.56862748
2350.59399414	1.56862748
2350.65551758	1.56862748
2350.68432617	1.56862748
2350.74560547	1.56862748
2350.77441406	1.56862748
2350.80297852	1.56862748
2350.83569336	1.56862748
2350.86450195	1.56862748
2350.89306641	1.56862748
2350.92602539	1.56862748
2350.95458984	1.56862748
2350.98339844	1.56862748
2351.01611328	1.56862748
2351.04467773	1.56862748
2351.07348633	1.56862748
2351.10620117	1.56862748
2351.13476563	1.56862748
2351.16357422	1.56862748
2351.19628906	1.56862748
2351.22485352	1.56862748
2351.25366211	1.56862748
2351.28637695	1.56862748
2351.31494141	1.56862748
2351.34375000	1.56862748
2351.37646484	1.56862748
2351.40527344	1.56862748
2351.43383789	1.56862748
2351.46679688	1.56862748
2351.49536133	1.56862748
2351.52392578	1.56862748
2351.55688477	1.56862748
2351.58544922	1.56862748
2351.61425781	1.56862748
2351.64697266	1.56862748
2351.67578125	1.54901958
2351.70434570	1.54901958
2351.73706055	1.54901958
2351.76562500	1.54901958
2351.79443359	1.54901958
2351.82714844	1.54901958
2351.85571289	1.54901958
2351.88452148	1.54901958
2351.91723633	1.54901958
2351.94580078	1.54901958
2351.97460938	1.52941179
2352.00732422	1.52941179
2352.03613281	1.52941179
2352.06469727	1.52941179
2352.09741211	1.52941179
2352.12597656	1.50980389
2352.15502930	1.50980389
2352.18774414	1.50980389
2352.21630859	1.50980389
2352.24511719	1.49019611
2352.27783203	1.49019611
2352.30639648	1.49019611
2352.33520508	1.49019611
2352.36791992	1.47058821
2352.39648438	1.47058821
2352.42529297	1.47058821
2352.45800781	1.47058821
2352.48681641	1.47058821
2352.51513672	1.45098042
2352.54809570	1.45098042
2352.57666016	1.45098042
2352.60546875	1.45098042
2352.63818359	1.45098042
2352.66699219	1.45098042
2352.69555664	1.45098042
2352.72827148	1.45098042
2352.75683594	1.43137252
2352.78564453	1.43137252
2352.84716797	1.43137252
2352.87573242	1.43137252
2352.93725586	1.43137252
2352.96606445	1.43137252
2353.02734375	1.41176474
2353.05615234	1.41176474
2353.11767578	1.41176474
2353.14599609	1.39215684
2353.17504883	1.39215684
2353.20751953	1.39215684
2353.23632813	1.39215684
2353.26489258	1.39215684
2353.29785156	1.39215684
2353.32641602	1.39215684
2353.35522461	1.39215684
2353.38793945	1.39215684
2353.41650391	1.37254906
2353.44531250	1.37254906
2353.47802734	1.37254906
2353.50659180	1.37254906
2353.53540039	1.37254906
2353.56811523	1.37254906
2353.59692383	1.37254906
2353.62524414	1.35294116
2353.65820313	1.35294116
2353.68701172	1.35294116
2353.71557617	1.35294116
2353.74853516	1.35294116
2353.77709961	1.35294116
2353.80566406	1.35294116
2353.83862305	1.35294116
2353.86718750	1.33333337
2353.89575195	1.33333337
2353.92871094	1.33333337
2353.95727539	1.33333337
2353.98583984	1.33333337
2354.01879883	1.33333337
2354.04736328	1.33333337
2354.07592773	1.33333337
2354.10888672	1.33333337
2354.13745117	1.33333337
2354.16625977	1.33333337
2354.19873047	1.33333337
2354.22778320	1.31372547
2354.25610352	1.31372547
2354.28906250	1.31372547
2354.31762695	1.31372547
2354.34643555	1.31372547
2354.37915039	1.31372547
2354.40795898	1.31372547
2354.43652344	1.31372547
2354.46923828	1.31372547
2354.49804688	1.31372547
2354.52661133	1.31372547
2354.55932617	1.31372547
2354.58813477	1.31372547
2354.61669922	1.29411769
2354.64965820	1.29411769
2354.67822266	1.29411769
2354.70678711	1.29411769
2354.73974609	1.29411769
2354.76831055	1.29411769
2354.79711914	1.29411769
2354.82958984	1.29411769
2354.85864258	1.29411769
2354.88696289	1.27450979
2354.91992188	1.27450979
2354.94848633	1.27450979
2354.97729492	1.27450979
2355.01000977	1.27450979
2355.03881836	1.27450979
2355.06738281	1.27450979
2355.10009766	1.27450979
2355.12890625	1.27450979
2355.15747070	1.27450979
2355.21899414	1.25490201
2355.24755859	1.25490201
2355.30908203	1.25490201
2355.33764648	1.25490201
2355.39916992	1.23529410
2355.42797852	1.23529410
2355.45654297	1.23529410
2355.48925781	1.23529410
2355.51782227	1.23529410
2355.54663086	1.23529410
2355.57934570	1.23529410
2355.60815430	1.23529410
2355.63671875	1.23529410
2355.66967773	1.23529410
2355.69824219	1.23529410
2355.72680664	1.23529410
2355.75952148	1.23529410
2355.78833008	1.23529410
2355.81689453	1.21568632
2355.84985352	1.21568632
2355.87841797	1.21568632
2355.90722656	1.21568632
2355.93994141	1.21568632
2355.96875000	1.21568632
2355.99731445	1.21568632
2356.03002930	1.21568632
2356.05883789	1.21568632
2356.08740234	1.21568632
2356.12011719	1.21568632
2356.14892578	1.21568632
2356.17749023	1.21568632
2356.21020508	1.21568632
2356.23901367	1.19607842
2356.26757813	1.19607842
2356.30029297	1.19607842
2356.32910156	1.19607842
2356.35766602	1.19607842
2356.39038086	1.19607842
2356.41918945	1.19607842
2356.44775391	1.19607842
2356.48071289	1.19607842
2356.50927734	1.19607842
2356.53808594	1.17647064
2356.57080078	1.17647064
2356.59936523	1.17647064
2356.62792969	1.17647064
2356.66088867	1.17647064
2356.68945313	1.17647064
2356.71826172	1.17647064
2356.75097656	1.17647064
2356.77954102	1.17647064
2356.80834961	1.17647064
2356.84106445	1.17647064
2356.86962891	1.17647064
2356.89843750	1.17647064
2356.93115234	1.17647064
2356.95996094	1.17647064
2356.98852539	1.17647064
2357.02124023	1.17647064
2357.05004883	1.17647064
2357.07861328	1.17647064
2357.11157227	1.17647064
2357.13989258	1.15686274
2357.16894531	1.15686274
2357.20166016	1.15686274
2357.23022461	1.15686274
2357.25903320	1.15686274
2357.29174805	1.15686274
2357.32031250	1.15686274
2357.34912109	1.15686274
2357.38183594	1.15686274
2357.41064453	1.15686274
2357.43920898	1.15686274
2357.50048828	1.15686274
2357.52929688	1.15686274
2357.59082031	1.15686274
2357.61962891	1.15686274
2357.68090820	1.15686274
2357.70971680	1.15686274
2357.73828125	1.15686274
2357.77099609	1.15686274
2357.79956055	1.15686274
2357.82836914	1.15686274
2357.86108398	1.15686274
2357.88964844	1.15686274
2357.91845703	1.15686274
2357.95117188	1.15686274
2357.97973633	1.15686274
2358.00854492	1.15686274
2358.04125977	1.15686274
2358.06982422	1.15686274
2358.09863281	1.15686274
2358.13134766	1.15686274
2358.16015625	1.15686274
2358.18872070	1.15686274
2358.22167969	1.15686274
2358.25024414	1.15686274
2358.27905273	1.15686274
2358.31176758	1.15686274
2358.34033203	1.15686274
2358.36914063	1.15686274
2358.40185547	1.15686274
2358.43066406	1.15686274
2358.45922852	1.15686274
2358.49194336	1.15686274
2358.52050781	1.15686274
2358.54931641	1.15686274
2358.58203125	1.15686274
2358.61059570	1.15686274
2358.63940430	1.15686274
2358.67236328	1.15686274
2358.70068359	1.15686274
2358.72973633	1.15686274
2358.76220703	1.15686274
2358.79101563	1.15686274
2358.81958008	1.15686274
2358.85253906	1.15686274
2358.88110352	1.15686274
2358.90966797	1.15686274
2358.94262695	1.15686274
2358.97119141	1.15686274
2358.99975586	1.15686274
2359.03271484	1.15686274
2359.06127930	1.15686274
2359.08984375	1.15686274
2359.12280273	1.15686274
2359.15136719	1.15686274
2359.18017578	1.15686274
2359.21289063	1.15686274
2359.24169922	1.15686274
2359.27026367	1.15686274
2359.30322266	1.15686274
2359.33178711	1.15686274
2359.36035156	1.15686274
2359.39306641	1.15686274
2359.42187500	1.15686274
2359.45068359	1.15686274
2359.48315430	1.15686274
2359.51196289	1.15686274
2359.54052734	1.15686274
2359.57324219	1.15686274
2359.60205078	1.15686274
2359.63061523	1.15686274
2359.66357422	1.15686274
2359.69213867	1.15686274
2359.72094727	1.15686274
2359.78222656	1.15686274
2359.81103516	1.15686274
2359.87255859	1.15686274
2359.90112305	1.15686274
2359.96264648	1.15686274
2359.99121094	1.15686274
2360.02001953	1.15686274
2360.05273438	1.15686274
2360.08129883	1.15686274
2360.11010742	1.15686274
2360.14282227	1.15686274
2360.17138672	1.15686274
2360.19995117	1.15686274
2360.23291016	1.13725495
2360.26147461	1.13725495
2360.29028320	1.13725495
2360.32299805	1.13725495
2360.35156250	1.13725495
2360.38037109	1.13725495
2360.41308594	1.13725495
2360.44165039	1.13725495
2360.47045898	1.13725495
2360.50317383	1.13725495
2360.53198242	1.13725495
2360.56054688	1.13725495
2360.59350586	1.13725495
2360.62207031	1.13725495
2360.65063477	1.13725495
2360.68359375	1.13725495
2360.71215820	1.13725495
2360.74072266	1.13725495
2360.77368164	1.13725495
2360.80224609	1.13725495
2360.83081055	1.13725495
2360.86376953	1.13725495
2360.89257813	1.13725495
2360.92114258	1.13725495
2360.95385742	1.13725495
2360.98266602	1.13725495
2361.01123047	1.13725495
2361.04394531	1.13725495
2361.07275391	1.13725495
2361.10131836	1.13725495
2361.13403320	1.15686274
2361.16284180	1.15686274
2361.19165039	1.15686274
2361.22412109	1.15686274
2361.25292969	1.15686274
2361.28149414	1.15686274
2361.31420898	1.15686274
2361.34301758	1.15686274
2361.37158203	1.15686274
2361.40454102	1.15686274
2361.43310547	1.15686274
2361.46166992	1.15686274
2361.49462891	1.15686274
2361.52319336	1.15686274
2361.55200195	1.15686274
2361.58471680	1.15686274
2361.61352539	1.15686274
2361.64208984	1.15686274
2361.67480469	1.15686274
2361.70361328	1.15686274
2361.73217773	1.15686274
2361.76489258	1.15686274
2361.79345703	1.15686274
2361.82226563	1.15686274
2361.85498047	1.15686274
2361.88378906	1.15686274
2361.91235352	1.15686274
2361.94506836	1.15686274
2361.97387695	1.15686274
2362.00268555	1.15686274
2362.06396484	1.15686274
2362.09252930	1.17647064
2362.15405273	1.17647064
2362.18286133	1.17647064
2362.24414063	1.17647064
2362.27294922	1.17647064
2362.30151367	1.17647064
2362.33422852	1.17647064
2362.36303711	1.17647064
2362.39160156	1.17647064
2362.42456055	1.17647064
2362.45312500	1.17647064
2362.48168945	1.17647064
2362.51440430	1.17647064
2362.54321289	1.17647064
2362.57177734	1.17647064
2362.60473633	1.17647064
2362.63330078	1.17647064
2362.66210938	1.17647064
2362.69482422	1.17647064
2362.72363281	1.17647064
2362.75219727	1.17647064
2362.78491211	1.17647064
2362.81372070	1.17647064
2362.84228516	1.17647064
2362.87500000	1.17647064
2362.90380859	1.17647064
2362.93261719	1.17647064
2362.96508789	1.17647064
2362.99389648	1.17647064
2363.02246094	1.17647064
2363.05517578	1.17647064
2363.08398438	1.17647064
2363.11254883	1.17647064
2363.14550781	1.17647064
2363.17407227	1.15686274
2363.20263672	1.15686274
2363.23559570	1.15686274
2363.26416016	1.15686274
2363.29296875	1.15686274
2363.32568359	1.15686274
2363.35424805	1.15686274
2363.38305664	1.15686274
2363.41577148	1.15686274
2363.44458008	1.15686274
2363.47314453	1.15686274
2363.50585938	1.15686274
2363.53442383	1.15686274
2363.56323242	1.15686274
2363.59594727	1.15686274
2363.62475586	1.15686274
2363.65332031	1.15686274
2363.68627930	1.15686274
2363.71484375	1.15686274
2363.74340820	1.15686274
2363.77636719	1.15686274
2363.80493164	1.15686274
2363.83349609	1.15686274
2363.86645508	1.15686274
2363.89501953	1.15686274
2363.92382813	1.15686274
2363.95654297	1.15686274
2363.98510742	1.15686274
2364.01391602	1.15686274
2364.04663086	1.15686274
2364.07519531	1.15686274
2364.10400391	1.15686274
2364.13671875	1.15686274
2364.16552734	1.15686274
2364.19409180	1.17647064
2364.22680664	1.17647064
2364.25561523	1.17647064
2364.28417969	1.17647064
2364.34570313	1.17647064
2364.37426758	1.17647064
2364.43579102	1.17647064
2364.46459961	1.17647064
2364.52587891	1.17647064
2364.55444336	1.17647064
2364.58325195	1.17647064
2364.61596680	1.17647064
2364.64453125	1.17647064
2364.67333984	1.17647064
2364.70605469	1.17647064
2364.73461914	1.17647064
2364.76342773	1.17647064
2364.79614258	1.17647064
2364.82495117	1.17647064
2364.85375977	1.17647064
2364.88647461	1.17647064
2364.91503906	1.17647064
2364.94360352	1.17647064
2364.97656250	1.17647064
2365.00512695	1.17647064
2365.03393555	1.17647064
2365.06665039	1.17647064
2365.09521484	1.17647064
2365.12402344	1.17647064
2365.15673828	1.17647064
2365.18554688	1.17647064
2365.21411133	1.17647064
2365.24682617	1.17647064
2365.27539063	1.19607842
2365.30419922	1.19607842
2365.33691406	1.19607842
2365.36547852	1.19607842
2365.39428711	1.19607842
2365.42724609	1.19607842
2365.45581055	1.19607842
2365.48461914	1.19607842
2365.51733398	1.19607842
2365.54589844	1.19607842
2365.57446289	1.19607842
2365.60742188	1.19607842
2365.63598633	1.19607842
2365.66455078	1.19607842
2365.69750977	1.19607842
2365.72607422	1.19607842
2365.75463867	1.19607842
2365.78759766	1.19607842
2365.81616211	1.19607842
2365.84497070	1.19607842
2365.87768555	1.19607842
2365.90625000	1.19607842
2365.93505859	1.19607842
2365.96801758	1.19607842
2365.99658203	1.19607842
2366.02514648	1.19607842
2366.05786133	1.19607842
2366.08666992	1.19607842
2366.11523438	1.19607842
2366.14794922	1.19607842
2366.17675781	1.19607842
2366.20532227	1.19607842
2366.23803711	1.19607842
2366.26684570	1.19607842
2366.29541016	1.19607842
2366.32812500	1.19607842
2366.35693359	1.19607842
2366.38549805	1.19607842
2366.41845703	1.19607842
2366.44702148	1.19607842
2366.47583008	1.19607842
2366.50854492	1.19607842
2366.53735352	1.19607842
2366.56591797	1.19607842
2366.62768555	1.19607842
2366.65600586	1.19607842
2366.71752930	1.19607842
2366.74609375	1.19607842
2366.80761719	1.19607842
2366.83618164	1.19607842
2366.86499023	1.19607842
2366.89770508	1.19607842
2366.92651367	1.19607842
2366.95483398	1.19607842
2366.98779297	1.19607842
2367.01635742	1.21568632
2367.04516602	1.21568632
2367.07788086	1.21568632
2367.10668945	1.21568632
2367.13525391	1.21568632
2367.16821289	1.21568632
2367.19677734	1.21568632
2367.22558594	1.21568632
2367.25830078	1.21568632
2367.28686523	1.21568632
2367.31542969	1.21568632
2367.34838867	1.21568632
2367.37695313	1.21568632
2367.40551758	1.21568632
2367.43847656	1.21568632
2367.46704102	1.21568632
2367.49584961	1.21568632
2367.52856445	1.21568632
2367.55737305	1.21568632
2367.58593750	1.21568632
2367.61865234	1.21568632
2367.64721680	1.21568632
2367.67602539	1.21568632
2367.70874023	1.21568632
2367.73754883	1.21568632
2367.76611328	1.21568632
2367.79882813	1.21568632
2367.82763672	1.21568632
2367.85620117	1.21568632
2367.88891602	1.21568632
2367.91772461	1.21568632
2367.94653320	1.21568632
2367.97900391	1.21568632
2368.00781250	1.21568632
2368.03637695	1.21568632
2368.06909180	1.21568632
2368.09790039	1.21568632
2368.12646484	1.21568632
2368.15942383	1.21568632
2368.18798828	1.21568632
2368.21679688	1.21568632
2368.24951172	1.21568632
2368.27832031	1.21568632
2368.30688477	1.21568632
2368.33959961	1.21568632
2368.36840820	1.21568632
2368.39697266	1.21568632
2368.42968750	1.21568632
2368.45849609	1.21568632
2368.48706055	1.21568632
2368.51977539	1.21568632
2368.54858398	1.21568632
2368.57714844	1.21568632
2368.60986328	1.21568632
2368.63867188	1.21568632
2368.66748047	1.21568632
2368.70019531	1.21568632
2368.72875977	1.21568632
2368.75756836	1.21568632
2368.79028320	1.21568632
2368.81884766	1.21568632
2368.84765625	1.21568632
2368.90893555	1.21568632
2368.93774414	1.21568632
2368.99902344	1.21568632
2369.02783203	1.21568632
2369.08911133	1.21568632
2369.11791992	1.21568632
2369.17944336	1.21568632
2369.20800781	1.21568632
2369.23657227	1.21568632
2369.26953125	1.21568632
2369.29809570	1.21568632
2369.32690430	1.21568632
2369.35961914	1.21568632
2369.38842773	1.21568632
2369.41699219	1.21568632
2369.44970703	1.21568632
2369.47851563	1.21568632
2369.50708008	1.21568632
2369.53979492	1.21568632
2369.56860352	1.21568632
2369.59716797	1.21568632
2369.62988281	1.21568632
2369.65869141	1.21568632
2369.68725586	1.21568632
2369.72021484	1.21568632
2369.74877930	1.21568632
2369.77758789	1.21568632
2369.81030273	1.21568632
2369.83886719	1.21568632
2369.86743164	1.21568632
2369.90039063	1.21568632
2369.92895508	1.21568632
2369.95776367	1.21568632
2369.99047852	1.21568632
2370.01904297	1.21568632
2370.04785156	1.21568632
2370.08056641	1.21568632
2370.10913086	1.21568632
2370.13793945	1.21568632
2370.17065430	1.21568632
2370.19946289	1.21568632
2370.22827148	1.21568632
2370.26098633	1.21568632
2370.28955078	1.21568632
2370.31811523	1.21568632
2370.35083008	1.21568632
2370.37963867	1.21568632
2370.40820313	1.21568632
2370.44091797	1.21568632
2370.46972656	1.21568632
2370.49853516	1.21568632
2370.53125000	1.21568632
2370.55981445	1.21568632
2370.58837891	1.21568632
2370.62109375	1.21568632
2370.64990234	1.21568632
2370.67871094	1.21568632
2370.71142578	1.21568632
2370.73999023	1.21568632
2370.76879883	1.21568632
2370.80151367	1.21568632
2370.83007813	1.23529410
2370.85888672	1.21568632
2370.89160156	1.23529410
2370.92041016	1.23529410
2370.94897461	1.21568632
2370.98193359	1.23529410
2371.01049805	1.23529410
2371.03906250	1.21568632
2371.07202148	1.21568632
2371.10058594	1.23529410
2371.12915039	1.23529410
2371.16210938	1.23529410
2371.19067383	1.23529410
2371.21948242	1.23529410
2371.28076172	1.23529410
2371.30932617	1.23529410
2371.37084961	1.23529410
2371.39965820	1.23529410
2371.46093750	1.23529410
2371.48974609	1.23529410
2371.51831055	1.23529410
2371.55126953	1.23529410
2371.57983398	1.23529410
2371.60864258	1.23529410
2371.64135742	1.23529410
2371.66992188	1.23529410
2371.69873047	1.23529410
2371.73144531	1.23529410
2371.76000977	1.23529410
2371.78881836	1.23529410
2371.82153320	1.23529410
2371.85009766	1.23529410
2371.87890625	1.23529410
2371.91162109	1.23529410
2371.94042969	1.23529410
2371.96899414	1.23529410
2372.00195313	1.23529410
2372.03051758	1.23529410
2372.05908203	1.23529410
2372.09204102	1.23529410
2372.12060547	1.23529410
2372.14941406	1.23529410
2372.18212891	1.23529410
2372.21069336	1.23529410
2372.23950195	1.23529410
2372.27221680	1.23529410
2372.30078125	1.23529410
2372.32934570	1.23529410
2372.36230469	1.23529410
2372.39086914	1.23529410
2372.41967773	1.23529410
2372.45239258	1.23529410
2372.48095703	1.23529410
2372.50976563	1.23529410
2372.54248047	1.23529410
2372.57104492	1.23529410
2372.59985352	1.23529410
2372.63281250	1.23529410
2372.66137695	1.23529410
2372.68994141	1.23529410
2372.72265625	1.23529410
2372.75146484	1.23529410
2372.78002930	1.23529410
2372.81274414	1.23529410
2372.84155273	1.23529410
2372.87011719	1.23529410
2372.90283203	1.23529410
2372.93164063	1.23529410
2372.96044922	1.23529410
2372.99316406	1.23529410
2373.02172852	1.23529410
2373.05029297	1.23529410
2373.08325195	1.23529410
2373.11181641	1.23529410
2373.14062500	1.23529410
2373.17333984	1.23529410
2373.20214844	1.23529410
2373.23071289	1.23529410
2373.26342773	1.23529410
2373.29223633	1.23529410
2373.32080078	1.23529410
2373.35351563	1.23529410
2373.38232422	1.23529410
2373.41088867	1.23529410
2373.44360352	1.21568632
2373.47241211	1.23529410
2373.50097656	1.21568632
2373.56250000	1.21568632
2373.59106445	1.21568632
2373.65258789	1.21568632
2373.68115234	1.21568632
2373.74267578	1.21568632
2373.77148438	1.21568632
2373.80004883	1.21568632
2373.83300781	1.21568632
2373.86157227	1.21568632
2373.89013672	1.21568632
2373.92309570	1.21568632
2373.95166016	1.21568632
2373.98046875	1.21568632
2374.01293945	1.21568632
2374.04174805	1.21568632
2374.07031250	1.21568632
2374.10327148	1.21568632
2374.13183594	1.21568632
2374.16040039	1.21568632
2374.19335938	1.21568632
2374.22192383	1.21568632
2374.25073242	1.21568632
2374.28344727	1.21568632
2374.31225586	1.21568632
2374.34082031	1.21568632
2374.37353516	1.21568632
2374.40209961	1.21568632
2374.43090820	1.21568632
2374.46362305	1.21568632
2374.49243164	1.21568632
2374.52099609	1.21568632
2374.55371094	1.21568632
2374.58251953	1.21568632
2374.61108398	1.21568632
2374.64379883	1.21568632
2374.67260742	1.21568632
2374.70117188	1.21568632
2374.73388672	1.21568632
2374.76269531	1.21568632
2374.79150391	1.23529410
2374.82421875	1.23529410
2374.85278320	1.23529410
2374.88159180	1.23529410
2374.91455078	1.23529410
2374.94311523	1.23529410
2374.97167969	1.23529410
2375.00439453	1.23529410
2375.03320313	1.23529410
2375.06176758	1.23529410
2375.09448242	1.23529410
2375.12329102	1.23529410
2375.15185547	1.23529410
2375.18457031	1.23529410
2375.21337891	1.23529410
2375.24194336	1.23529410
2375.27490234	1.23529410
2375.30346680	1.23529410
2375.33227539	1.23529410
2375.36474609	1.23529410
2375.39355469	1.23529410
2375.42236328	1.23529410
2375.45507813	1.23529410
2375.48364258	1.23529410
2375.51245117	1.23529410
2375.54516602	1.23529410
2375.57373047	1.23529410
2375.60253906	1.23529410
2375.63525391	1.23529410
2375.66381836	1.23529410
2375.69262695	1.23529410
2375.72534180	1.23529410
2375.75390625	1.23529410
2375.78271484	1.23529410
2375.84423828	1.23529410
2375.87280273	1.23529410
2375.93432617	1.23529410
2375.96313477	1.21568632
2376.02441406	1.21568632
2376.05322266	1.21568632
2376.08178711	1.21568632
2376.11450195	1.21568632
2376.14331055	1.21568632
2376.17187500	1.21568632
2376.20458984	1.21568632
2376.23339844	1.21568632
2376.26196289	1.21568632
2376.29467773	1.21568632
2376.32348633	1.21568632
2376.35205078	1.21568632
2376.38476563	1.21568632
2376.41357422	1.21568632
2376.44213867	1.21568632
2376.47509766	1.21568632
2376.50366211	1.21568632
2376.53247070	1.21568632
2376.56518555	1.21568632
2376.59375000	1.21568632
2376.62255859	1.21568632
2376.65527344	1.19607842
2376.68383789	1.19607842
2376.71264648	1.19607842
2376.74536133	1.19607842
2376.77392578	1.19607842
2376.80273438	1.19607842
2376.83544922	1.19607842
2376.86425781	1.19607842
2376.89282227	1.19607842
2376.92553711	1.19607842
2376.95434570	1.19607842
2376.98315430	1.19607842
2377.01562500	1.19607842
2377.04443359	1.19607842
2377.07324219	1.19607842
2377.10595703	1.19607842
2377.13452148	1.19607842
2377.16333008	1.19607842
2377.19604492	1.19607842
2377.22460938	1.19607842
2377.25341797	1.19607842
2377.28613281	1.19607842
2377.31469727	1.19607842
2377.34350586	1.19607842
2377.37622070	1.19607842
2377.40478516	1.19607842
2377.43359375	1.19607842
2377.46630859	1.19607842
2377.49511719	1.19607842
2377.52368164	1.19607842
2377.55639648	1.19607842
2377.58520508	1.19607842
2377.61376953	1.19607842
2377.64672852	1.19607842
2377.67529297	1.19607842
2377.70385742	1.19607842
2377.73681641	1.19607842
2377.76538086	1.19607842
2377.79394531	1.19607842
2377.82690430	1.19607842
2377.85546875	1.19607842
2377.88403320	1.19607842
2377.91699219	1.19607842
2377.94555664	1.19607842
2377.97436523	1.19607842
2378.00708008	1.19607842
2378.03564453	1.19607842
2378.06420898	1.19607842
2378.12573242	1.21568632
2378.15454102	1.21568632
2378.21606445	1.21568632
2378.24462891	1.21568632
2378.30615234	1.21568632
2378.33471680	1.21568632
2378.36352539	1.21568632
2378.39624023	1.21568632
2378.42480469	1.21568632
2378.45361328	1.21568632
2378.48632813	1.21568632
2378.51489258	1.21568632
2378.54370117	1.21568632
2378.57641602	1.21568632
2378.60522461	1.21568632
2378.63378906	1.21568632
2378.66674805	1.21568632
2378.69531250	1.21568632
2378.72412109	1.21568632
2378.75683594	1.21568632
2378.78540039	1.21568632
2378.81396484	1.21568632
2378.84692383	1.21568632
2378.87548828	1.21568632
2378.90405273	1.21568632
2378.93701172	1.21568632
2378.96557617	1.21568632
2378.99438477	1.21568632
2379.02709961	1.21568632
2379.05566406	1.21568632
2379.08422852	1.21568632
2379.11718750	1.21568632
2379.14575195	1.21568632
2379.17456055	1.21568632
2379.20727539	1.21568632
2379.23583984	1.21568632
2379.26464844	1.21568632
2379.29760742	1.21568632
2379.32617188	1.21568632
2379.35473633	1.21568632
2379.38745117	1.21568632
2379.41625977	1.21568632
2379.44482422	1.21568632
2379.47753906	1.21568632
2379.50634766	1.21568632
2379.53491211	1.21568632
2379.56762695	1.21568632
2379.59643555	1.21568632
2379.62500000	1.21568632
2379.65795898	1.21568632
2379.68652344	1.21568632
2379.71533203	1.23529410
2379.74804688	1.23529410
2379.77661133	1.21568632
2379.80541992	1.23529410
2379.83813477	1.23529410
2379.86694336	1.23529410
2379.89550781	1.23529410
2379.92822266	1.23529410
2379.95703125	1.23529410
2379.98559570	1.23529410
2380.01831055	1.23529410
2380.04711914	1.23529410
2380.07568359	1.23529410
2380.10839844	1.23529410
2380.13720703	1.23529410
2380.16577148	1.23529410
2380.19848633	1.23529410
2380.22729492	1.23529410
2380.25585938	1.23529410
2380.28881836	1.23529410
2380.31738281	1.23529410
2380.34594727	1.23529410
2380.40747070	1.23529410
2380.43627930	1.23529410
2380.49780273	1.23529410
2380.52636719	1.23529410
2380.58789063	1.23529410
2380.61645508	1.23529410
2380.64501953	1.23529410
2380.67797852	1.23529410
2380.70654297	1.23529410
2380.73535156	1.23529410
2380.76782227	1.23529410
2380.79687500	1.23529410
2380.82519531	1.23529410
2380.85815430	1.23529410
2380.88671875	1.23529410
2380.91552734	1.23529410
2380.94824219	1.23529410
2380.97705078	1.23529410
2381.00561523	1.23529410
2381.03833008	1.23529410
2381.06713867	1.23529410
2381.09570313	1.23529410
2381.12841797	1.23529410
2381.15722656	1.23529410
2381.18579102	1.23529410
2381.21850586	1.23529410
2381.24731445	1.23529410
2381.27587891	1.23529410
2381.30859375	1.23529410
2381.33740234	1.23529410
2381.36596680	1.23529410
2381.39868164	1.23529410
2381.42749023	1.23529410
2381.45629883	1.23529410
2381.48901367	1.23529410
2381.51757813	1.23529410
2381.54638672	1.23529410
2381.57910156	1.23529410
2381.60791016	1.23529410
2381.63647461	1.23529410
2381.66943359	1.23529410
2381.69799805	1.23529410
2381.72656250	1.23529410
2381.75927734	1.23529410
2381.78808594	1.23529410
2381.81665039	1.23529410
2381.84936523	1.23529410
2381.87817383	1.23529410
2381.90673828	1.23529410
2381.93945313	1.23529410
2381.96826172	1.23529410
2381.99682617	1.23529410
2382.02978516	1.23529410
2382.05834961	1.23529410
2382.08715820	1.23529410
2382.11987305	1.23529410
2382.14843750	1.23529410
2382.17724609	1.23529410
2382.20996094	1.23529410
2382.23852539	1.23529410
2382.26733398	1.23529410
2382.30004883	1.23529410
2382.32861328	1.23529410
2382.35742188	1.23529410
2382.39013672	1.23529410
2382.41894531	1.23529410
2382.44775391	1.23529410
2382.48046875	1.23529410
2382.50878906	1.23529410
2382.53784180	1.23529410
2382.57031250	1.23529410
2382.59912109	1.23529410
2382.62792969	1.23529410
2382.66064453	1.23529410
2382.68920898	1.23529410
2382.71801758	1.23529410
2382.77929688	1.25490201
2382.80810547	1.25490201
2382.86938477	1.25490201
2382.89819336	1.25490201
2382.95971680	1.25490201
2382.98828125	1.25490201
2383.01684570	1.25490201
2383.04980469	1.25490201
2383.07836914	1.25490201
2383.10717773	1.25490201
2383.13964844	1.25490201
2383.16845703	1.25490201
2383.19726563	1.25490201
2383.22998047	1.25490201
2383.25854492	1.25490201
2383.28735352	1.25490201
2383.32006836	1.25490201
2383.34863281	1.25490201
2383.37744141	1.25490201
2383.41015625	1.25490201
2383.43872070	1.25490201
2383.46752930	1.25490201
2383.50024414	1.25490201
2383.52880859	1.25490201
2383.55761719	1.25490201
2383.59033203	1.25490201
2383.61889648	1.25490201
2383.64770508	1.25490201
2383.68066406	1.25490201
2383.70922852	1.25490201
2383.73803711	1.25490201
2383.77075195	1.25490201
2383.79931641	1.25490201
2383.82812500	1.25490201
2383.86083984	1.25490201
2383.88940430	1.25490201
2383.91821289	1.25490201
2383.95092773	1.25490201
2383.97949219	1.25490201
2384.00830078	1.25490201
2384.04101563	1.25490201
2384.06958008	1.25490201
2384.09838867	1.25490201
2384.13110352	1.25490201
2384.15991211	1.25490201
2384.18847656	1.25490201
2384.22119141	1.25490201
2384.25000000	1.25490201
2384.27856445	1.25490201
2384.31127930	1.25490201
2384.34008789	1.25490201
2384.36865234	1.25490201
2384.40161133	1.25490201
2384.43017578	1.25490201
2384.45874023	1.25490201
2384.49169922	1.25490201
2384.52026367	1.25490201
2384.54882813	1.25490201
2384.58178711	1.25490201
2384.61035156	1.25490201
2384.63891602	1.25490201
2384.67187500	1.25490201
2384.70043945	1.25490201
2384.72924805	1.25490201
2384.76196289	1.25490201
2384.79077148	1.25490201
2384.81933594	1.25490201
2384.85229492	1.25490201
2384.88061523	1.25490201
2384.90942383	1.25490201
2384.94213867	1.25490201
2384.97094727	1.25490201
2384.99951172	1.25490201
2385.06103516	1.25490201
2385.08959961	1.25490201
2385.15112305	1.25490201
2385.17968750	1.25490201
2385.24145508	1.25490201
2385.27001953	1.25490201
2385.29858398	1.25490201
2385.33129883	1.25490201
2385.36010742	1.25490201
2385.38867188	1.25490201
2385.42163086	1.25490201
2385.45019531	1.25490201
2385.47900391	1.25490201
2385.51147461	1.25490201
2385.54028320	1.25490201
2385.56884766	1.25490201
2385.60180664	1.25490201
2385.63037109	1.25490201
2385.65917969	1.25490201
2385.69189453	1.25490201
2385.72045898	1.25490201
2385.74926758	1.25490201
2385.78198242	1.25490201
2385.81079102	1.25490201
2385.83935547	1.25490201
2385.87207031	1.25490201
2385.90087891	1.25490201
2385.92944336	1.25490201
2385.96215820	1.25490201
2385.99096680	1.25490201
2386.01953125	1.25490201
2386.05249023	1.25490201
2386.08105469	1.25490201
2386.10961914	1.25490201
2386.14233398	1.25490201
2386.17114258	1.25490201
2386.19970703	1.25490201
2386.23266602	1.25490201
2386.26147461	1.25490201
2386.29003906	1.25490201
2386.32250977	1.25490201
2386.35156250	1.25490201
2386.37988281	1.25490201
2386.41284180	1.25490201
2386.44140625	1.25490201
2386.47021484	1.25490201
2386.50292969	1.25490201
2386.53173828	1.25490201
2386.56030273	1.25490201
2386.59301758	1.25490201
2386.62182617	1.25490201
2386.65039063	1.25490201
2386.68334961	1.25490201
2386.71191406	1.25490201
2386.74047852	1.25490201
2386.77319336	1.25490201
2386.80200195	1.25490201
2386.83056641	1.25490201
2386.86328125	1.25490201
2386.89208984	1.25490201
2386.92089844	1.25490201
2386.95336914	1.25490201
2386.98217773	1.25490201
2387.01098633	1.25490201
2387.04370117	1.25490201
2387.07226563	1.25490201
2387.10107422	1.25490201
2387.13378906	1.25490201
2387.16259766	1.25490201
2387.19116211	1.25490201
2387.22387695	1.25490201
2387.25244141	1.25490201
2387.28125000	1.25490201
2387.34252930	1.23529410
2387.37133789	1.23529410
2387.43286133	1.23529410
2387.46142578	1.23529410
2387.52294922	1.23529410
2387.55175781	1.23529410
2387.58007813	1.23529410
2387.61303711	1.21568632
2387.64160156	1.21568632
2387.67041016	1.21568632
2387.70336914	1.21568632
2387.73193359	1.21568632
2387.76049805	1.21568632
2387.79321289	1.21568632
2387.82202148	1.21568632
2387.85058594	1.21568632
2387.88330078	1.21568632
2387.91210938	1.21568632
2387.94067383	1.19607842
2387.97363281	1.19607842
2388.00219727	1.19607842
2388.03076172	1.19607842
2388.06372070	1.19607842
2388.09228516	1.19607842
2388.12109375	1.19607842
2388.15380859	1.19607842
2388.18237305	1.19607842
2388.21118164	1.17647064
2388.24389648	1.17647064
2388.27270508	1.17647064
2388.30126953	1.17647064
2388.33398438	1.17647064
2388.36279297	1.17647064
2388.39135742	1.17647064
2388.42407227	1.17647064
2388.45288086	1.17647064
2388.48144531	1.17647064
2388.51416016	1.17647064
2388.54296875	1.17647064
2388.57153320	1.17647064
2388.60449219	1.17647064
2388.63305664	1.17647064
2388.66186523	1.17647064
2388.69458008	1.17647064
2388.72338867	1.17647064
2388.75170898	1.17647064
2388.78466797	1.17647064
2388.81323242	1.15686274
2388.84204102	1.15686274
2388.87475586	1.15686274
2388.90332031	1.17647064
2388.93212891	1.15686274
2388.96484375	1.17647064
2388.99340820	1.17647064
2389.02221680	1.17647064
2389.05493164	1.17647064
2389.08349609	1.17647064
2389.11230469	1.17647064
2389.14501953	1.17647064
2389.17382813	1.17647064
2389.20239258	1.17647064
2389.23535156	1.17647064
2389.26391602	1.17647064
2389.29272461	1.17647064
2389.32543945	1.17647064
2389.35400391	1.17647064
2389.38281250	1.17647064
2389.41552734	1.17647064
2389.44433594	1.17647064
2389.47290039	1.17647064
2389.50561523	1.17647064
2389.53442383	1.17647064
2389.56298828	1.17647064
2389.62426758	1.17647064
2389.65307617	1.17647064
2389.71459961	1.17647064
2389.74316406	1.17647064
2389.80468750	1.17647064
2389.83325195	1.17647064
2389.86206055	1.17647064
2389.89477539	1.17647064
2389.92333984	1.17647064
2389.95214844	1.19607842
2389.98486328	1.19607842
2390.01342773	1.19607842
2390.04223633	1.19607842
2390.07495117	1.19607842
2390.10375977	1.19607842
2390.13232422	1.19607842
2390.16503906	1.19607842
2390.19360352	1.19607842
2390.22241211	1.19607842
2390.25512695	1.19607842
2390.28393555	1.19607842
2390.31250000	1.19607842
2390.34545898	1.19607842
2390.37377930	1.19607842
2390.40283203	1.19607842
2390.43554688	1.19607842
2390.46435547	1.19607842
2390.49291992	1.19607842
2390.52563477	1.19607842
2390.55419922	1.19607842
2390.58300781	1.19607842
2390.61572266	1.19607842
2390.64428711	1.19607842
2390.67309570	1.19607842
2390.70581055	1.19607842
2390.73461914	1.19607842
2390.76318359	1.19607842
2390.79589844	1.19607842
2390.82446289	1.19607842
2390.85351563	1.19607842
2390.88598633	1.19607842
2390.91479492	1.19607842
2390.94335938	1.19607842
2390.97631836	1.19607842
2391.00488281	1.19607842
2391.03344727	1.19607842
2391.06640625	1.19607842
2391.09497070	1.19607842
2391.12353516	1.19607842
2391.15649414	1.19607842
2391.18505859	1.19607842
2391.21362305	1.21568632
2391.24658203	1.21568632
2391.27514648	1.21568632
2391.30395508	1.21568632
2391.33666992	1.21568632
2391.36547852	1.21568632
2391.39404297	1.21568632
2391.42675781	1.21568632
2391.45532227	1.21568632
2391.48437500	1.21568632
2391.51684570	1.21568632
2391.54565430	1.21568632
2391.57421875	1.21568632
2391.60693359	1.21568632
2391.63574219	1.21568632
2391.66430664	1.21568632
2391.69726563	1.21568632
2391.72583008	1.21568632
2391.75439453	1.21568632
2391.78735352	1.21568632
2391.81591797	1.21568632
2391.84448242	1.21568632
2391.90600586	1.21568632
2391.93457031	1.21568632
2391.99633789	1.21568632
2392.02490234	1.21568632
2392.08642578	1.21568632
2392.11499023	1.21568632
2392.14379883	1.21568632
2392.17651367	1.21568632
2392.20507813	1.21568632
2392.23364258	1.21568632
2392.26660156	1.21568632
2392.29516602	1.21568632
2392.32373047	1.21568632
2392.35668945	1.21568632
2392.38525391	1.21568632
2392.41381836	1.21568632
2392.44677734	1.21568632
2392.47534180	1.21568632
2392.50415039	1.21568632
2392.53686523	1.21568632
2392.56567383	1.21568632
2392.59423828	1.21568632
2392.62695313	1.21568632
2392.65576172	1.21568632
2392.68432617	1.21568632
2392.71728516	1.21568632
2392.74584961	1.21568632
2392.77441406	1.21568632
2392.80712891	1.21568632
2392.83593750	1.21568632
2392.86450195	1.21568632
2392.89746094	1.21568632
2392.92602539	1.21568632
2392.95458984	1.21568632
2392.98754883	1.21568632
2393.01611328	1.21568632
2393.04492188	1.21568632
2393.07763672	1.21568632
2393.10620117	1.21568632
2393.13476563	1.21568632
2393.16772461	1.21568632
2393.19628906	1.21568632
2393.22509766	1.21568632
2393.25781250	1.21568632
2393.28662109	1.21568632
2393.31518555	1.21568632
2393.34790039	1.21568632
2393.37670898	1.21568632
2393.40527344	1.21568632
2393.43823242	1.21568632
2393.46679688	1.21568632
2393.49536133	1.21568632
2393.52832031	1.21568632
2393.55688477	1.21568632
2393.58569336	1.21568632
2393.61840820	1.21568632
2393.64697266	1.21568632
2393.67578125	1.21568632
2393.70849609	1.21568632
2393.73730469	1.21568632
2393.76562500	1.21568632
2393.79858398	1.21568632
2393.82714844	1.21568632
2393.85595703	1.21568632
2393.88867188	1.21568632
2393.91723633	1.21568632
2393.94604492	1.21568632
2393.97875977	1.21568632
2394.00732422	1.21568632
2394.03613281	1.21568632
2394.06884766	1.21568632
2394.09741211	1.21568632
2394.12622070	1.21568632
2394.18774414	1.21568632
2394.21655273	1.21568632
2394.27783203	1.21568632
2394.30664063	1.21568632
2394.36791992	1.21568632
2394.39672852	1.21568632
2394.42529297	1.21568632
2394.45825195	1.21568632
2394.48681641	1.21568632
2394.51538086	1.21568632
2394.54809570	1.21568632
2394.57690430	1.21568632
2394.60546875	1.21568632
2394.63818359	1.21568632
2394.66699219	1.21568632
2394.69555664	1.21568632
2394.72851563	1.21568632
2394.75708008	1.21568632
2394.78588867	1.21568632
2394.81860352	1.21568632
2394.84716797	1.21568632
2394.87597656	1.21568632
2394.90869141	1.21568632
2394.93750000	1.21568632
2394.96606445	1.21568632
2394.99877930	1.21568632
2395.02758789	1.21568632
2395.05615234	1.21568632
2395.08886719	1.21568632
2395.11767578	1.21568632
2395.14624023	1.21568632
2395.17895508	1.21568632
2395.20751953	1.21568632
2395.23657227	1.21568632
2395.26928711	1.21568632
2395.29785156	1.21568632
2395.32641602	1.21568632
2395.35937500	1.21568632
2395.38793945	1.21568632
2395.41674805	1.21568632
2395.44946289	1.21568632
2395.47827148	1.21568632
2395.50683594	1.21568632
2395.53955078	1.21568632
2395.56811523	1.21568632
2395.59692383	1.21568632
2395.62963867	1.21568632
2395.65820313	1.21568632
2395.68701172	1.21568632
2395.71972656	1.21568632
2395.74829102	1.21568632
2395.77709961	1.21568632
2395.81005859	1.21568632
2395.83862305	1.21568632
2395.86743164	1.21568632
2395.90014648	1.21568632
2395.92871094	1.23529410
2395.95727539	1.23529410
2395.99023438	1.23529410
2396.01879883	1.23529410
2396.04760742	1.23529410
2396.08032227	1.23529410
2396.10888672	1.23529410
2396.13769531	1.23529410
2396.17041016	1.23529410
2396.19921875	1.23529410
2396.22778320	1.23529410
2396.26049805	1.23529410
2396.28930664	1.23529410
2396.31787109	1.23529410
2396.35058594	1.23529410
2396.37915039	1.23529410
2396.40795898	1.23529410
2396.46948242	1.21568632
2396.49829102	1.23529410
2396.55957031	1.23529410
2396.58813477	1.23529410
2396.64965820	1.23529410
2396.67846680	1.23529410
2396.73974609	1.23529410
2396.76831055	1.23529410
2396.79711914	1.23529410
2396.82983398	1.23529410
2396.85864258	1.23529410
2396.88720703	1.23529410
2396.92016602	1.23529410
2396.94848633	1.23529410
2396.97753906	1.23529410
2397.01000977	1.23529410
2397.03881836	1.23529410
2397.06738281	1.23529410
2397.10034180	1.23529410
2397.12890625	1.23529410
2397.15771484	1.23529410
2397.19042969	1.23529410
2397.21923828	1.23529410
2397.24780273	1.23529410
2397.28051758	1.23529410
2397.30908203	1.23529410
2397.33789063	1.23529410
2397.37060547	1.23529410
2397.39916992	1.23529410
2397.42797852	1.23529410
2397.46069336	1.23529410
2397.48950195	1.23529410
2397.51806641	1.23529410
2397.55078125	1.23529410
2397.57934570	1.23529410
2397.60815430	1.23529410
2397.64111328	1.23529410
2397.66967773	1.23529410
2397.69824219	1.23529410
2397.73120117	1.23529410
2397.75976563	1.23529410
2397.78833008	1.23529410
2397.82128906	1.23529410
2397.84985352	1.23529410
2397.87841797	1.23529410
2397.91137695	1.23529410
2397.94018555	1.23529410
2397.96875000	1.23529410
2398.00146484	1.23529410
2398.03002930	1.23529410
2398.05883789	1.23529410
2398.09155273	1.23529410
2398.12036133	1.23529410
2398.14892578	1.23529410
2398.18188477	1.23529410
2398.21044922	1.23529410
2398.23925781	1.23529410
2398.27172852	1.23529410
2398.30053711	1.23529410
2398.32910156	1.23529410
2398.36181641	1.23529410
2398.39062500	1.23529410
2398.41943359	1.23529410
2398.45214844	1.23529410
2398.48071289	1.23529410
2398.50927734	1.23529410
2398.54223633	1.23529410
2398.57080078	1.23529410
2398.59960938	1.23529410
2398.63232422	1.23529410
2398.66088867	1.23529410
2398.68969727	1.23529410
2398.72241211	1.23529410
2398.75122070	1.23529410
2398.77978516	1.23529410
2398.84130859	1.23529410
2398.86987305	1.23529410
2398.93139648	1.23529410
2398.95996094	1.23529410
2399.02148438	1.23529410
2399.05029297	1.23529410
2399.07861328	1.23529410
2399.11181641	1.23529410
2399.14038086	1.23529410
2399.16894531	1.23529410
2399.20166016	1.23529410
2399.23046875	1.23529410
2399.25903320	1.23529410
2399.29174805	1.23529410
2399.32055664	1.23529410
2399.34912109	1.23529410
2399.38183594	1.23529410
2399.41064453	1.23529410
2399.43920898	1.23529410
2399.47216797	1.23529410
2399.50073242	1.23529410
2399.52929688	1.23529410
2399.56225586	1.23529410
2399.59082031	1.23529410
2399.61962891	1.23529410
2399.65234375	1.23529410
2399.68115234	1.23529410
2399.70947266	1.23529410
2399.74243164	1.23529410
2399.77124023	1.23529410
2399.79980469	1.23529410
2399.83251953	1.23529410
2399.86132813	1.23529410
2399.88989258	1.23529410
2399.92260742	1.23529410
2399.95141602	1.23529410
2399.98022461	1.23529410
2400.01269531	1.23529410
2400.04150391	1.23529410
2400.07006836	1.23529410
2400.10278320	1.25490201
2400.13159180	1.25490201
2400.16015625	1.25490201
2400.19311523	1.25490201
2400.22167969	1.25490201
2400.25048828	1.25490201
2400.28320313	1.25490201
2400.31201172	1.25490201
2400.34057617	1.25490201
2400.37329102	1.25490201
2400.40185547	1.25490201
2400.43066406	1.25490201
2400.46337891	1.25490201
2400.49218750	1.25490201
2400.52075195	1.25490201
2400.55346680	1.25490201
2400.58203125	1.25490201
2400.61083984	1.25490201
2400.64355469	1.25490201
2400.67211914	1.25490201
2400.70092773	1.25490201
2400.73364258	1.25490201
2400.76220703	1.25490201
2400.79101563	1.25490201
2400.82397461	1.25490201
2400.85253906	1.25490201
2400.88110352	1.25490201
2400.91406250	1.25490201
2400.94262695	1.25490201
2400.97143555	1.25490201
2401.00415039	1.25490201
2401.03271484	1.25490201
2401.06152344	1.25490201
2401.12280273	1.25490201
2401.15161133	1.25490201
2401.21313477	1.25490201
2401.24169922	1.25490201
2401.30297852	1.25490201
2401.33178711	1.25490201
2401.36059570	1.25490201
2401.39306641	1.25490201
2401.42187500	1.25490201
2401.45068359	1.25490201
2401.48339844	1.25490201
2401.51196289	1.25490201
2401.54077148	1.25490201
2401.57348633	1.25490201
2401.60229492	1.25490201
2401.63085938	1.25490201
2401.66357422	1.25490201
2401.69238281	1.25490201
2401.72094727	1.25490201
2401.75366211	1.25490201
2401.78247070	1.25490201
2401.81103516	1.25490201
2401.84375000	1.25490201
2401.87255859	1.25490201
2401.90112305	1.25490201
2401.93408203	1.25490201
2401.96264648	1.25490201
2401.99145508	1.25490201
2402.02416992	1.25490201
2402.05273438	1.25490201
2402.08154297	1.25490201
2402.11425781	1.25490201
2402.14282227	1.25490201
2402.17163086	1.25490201
2402.20434570	1.25490201
2402.23315430	1.25490201
2402.26171875	1.25490201
2402.29443359	1.25490201
2402.32299805	1.25490201
2402.35180664	1.25490201
2402.38452148	1.25490201
2402.41333008	1.25490201
2402.44189453	1.25490201
2402.47460938	1.25490201
2402.50317383	1.25490201
2402.53198242	1.25490201
2402.56494141	1.25490201
2402.59350586	1.25490201
2402.62231445	1.25490201
2402.65502930	1.25490201
2402.68359375	1.25490201
2402.71240234	1.25490201
2402.74511719	1.25490201
2402.77368164	1.25490201
2402.80249023	1.25490201
2402.83520508	1.25490201
2402.86376953	1.25490201
2402.89257813	1.25490201
2402.92529297	1.25490201
2402.95410156	1.25490201
2402.98266602	1.25490201
2403.01562500	1.25490201
2403.04418945	1.25490201
2403.07275391	1.25490201
2403.10571289	1.25490201
2403.13427734	1.25490201
2403.16284180	1.25490201
2403.19555664	1.25490201
2403.22436523	1.27450979
2403.25292969	1.27450979
2403.28588867	1.27450979
2403.31445313	1.27450979
2403.34301758	1.27450979
2403.40454102	1.27450979
2403.43334961	1.27450979
2403.49462891	1.27450979
2403.52319336	1.27450979
2403.58471680	1.27450979
2403.61352539	1.27450979
2403.64208984	1.27450979
2403.67504883	1.27450979
2403.70361328	1.27450979
2403.73242188	1.27450979
2403.76513672	1.27450979
2403.79370117	1.27450979
2403.82250977	1.27450979
2403.85522461	1.27450979
2403.88378906	1.27450979
2403.91259766	1.27450979
2403.94531250	1.27450979
2403.97412109	1.27450979
2404.00268555	1.27450979
2404.03540039	1.27450979
2404.06396484	1.27450979
2404.09277344	1.27450979
2404.12573242	1.27450979
2404.15429688	1.27450979
2404.18310547	1.27450979
2404.21557617	1.27450979
2404.24438477	1.27450979
2404.27294922	1.27450979
2404.30590820	1.27450979
2404.33447266	1.27450979
2404.36303711	1.27450979
2404.39599609	1.27450979
2404.42456055	1.27450979
2404.45312500	1.27450979
2404.48608398	1.27450979
2404.51464844	1.27450979
2404.54345703	1.27450979
2404.57617188	1.27450979
2404.60473633	1.27450979
2404.63330078	1.27450979
2404.66625977	1.27450979
2404.69482422	1.27450979
2404.72363281	1.27450979
2404.75634766	1.27450979
2404.78515625	1.27450979
2404.81372070	1.27450979
2404.84643555	1.27450979
2404.87524414	1.27450979
2404.90380859	1.27450979
2404.93652344	1.27450979
2404.96533203	1.27450979
2404.99414063	1.27450979
2405.02661133	1.27450979
2405.05541992	1.27450979
2405.08398438	1.27450979
2405.11694336	1.27450979
2405.14550781	1.27450979
2405.17431641	1.27450979
2405.20703125	1.27450979
2405.23583984	1.27450979
2405.26416016	1.27450979
2405.29711914	1.27450979
2405.32568359	1.27450979
2405.35449219	1.27450979
2405.38720703	1.27450979
2405.41601563	1.27450979
2405.44458008	1.27450979
2405.47729492	1.27450979
2405.50610352	1.27450979
2405.53491211	1.27450979
2405.56738281	1.27450979
2405.59619141	1.27450979
2405.62475586	1.27450979
2405.68627930	1.27450979
2405.71484375	1.27450979
2405.77636719	1.27450979
2405.80493164	1.27450979
2405.86645508	1.27450979
2405.89526367	1.27450979
2405.92382813	1.27450979
2405.95654297	1.27450979
2405.98535156	1.27450979
2406.01416016	1.27450979
2406.04663086	1.27450979
2406.07543945	1.27450979
2406.10400391	1.27450979
2406.13671875	1.27450979
2406.16577148	1.27450979
2406.19409180	1.27450979
2406.22705078	1.27450979
2406.25561523	1.29411769
2406.28442383	1.29411769
2406.31713867	1.29411769
2406.34594727	1.29411769
2406.37451172	1.29411769
2406.40722656	1.29411769
2406.43603516	1.29411769
2406.46459961	1.29411769
2406.49731445	1.29411769
2406.52612305	1.29411769
2406.55468750	1.29411769
2406.58740234	1.29411769
2406.61621094	1.29411769
2406.64477539	1.29411769
2406.67749023	1.29411769
2406.70629883	1.29411769
2406.73486328	1.29411769
2406.76757813	1.29411769
2406.79638672	1.29411769
2406.82495117	1.29411769
2406.85766602	1.29411769
2406.88671875	1.29411769
2406.91503906	1.29411769
2406.94824219	1.29411769
2406.97680664	1.29411769
2407.00537109	1.29411769
2407.03808594	1.29411769
2407.06689453	1.29411769
2407.09545898	1.29411769
2407.12817383	1.29411769
2407.15673828	1.29411769
2407.18554688	1.29411769
2407.21826172	1.29411769
2407.24707031	1.29411769
2407.27563477	1.29411769
2407.30834961	1.29411769
2407.33715820	1.29411769
2407.36572266	1.29411769
2407.39843750	1.29411769
2407.42724609	1.29411769
2407.45581055	1.29411769
2407.48852539	1.29411769
2407.51733398	1.29411769
2407.54589844	1.29411769
2407.57861328	1.29411769
2407.60742188	1.29411769
2407.63623047	1.29411769
2407.66894531	1.29411769
2407.69750977	1.29411769
2407.72631836	1.29411769
2407.75903320	1.29411769
2407.78784180	1.29411769
2407.81640625	1.29411769
2407.84912109	1.29411769
2407.87768555	1.29411769
2407.90649414	1.29411769
2407.96801758	1.29411769
2407.99658203	1.29411769
2408.05810547	1.29411769
2408.08691406	1.29411769
2408.14819336	1.29411769
2408.17700195	1.29411769
2408.23828125	1.29411769
2408.26708984	1.29411769
2408.29565430	1.29411769
2408.32836914	1.29411769
2408.35717773	1.29411769
2408.38574219	1.29411769
2408.41845703	1.29411769
2408.44726563	1.29411769
2408.47583008	1.29411769
2408.50854492	1.29411769
2408.53735352	1.29411769
2408.56616211	1.29411769
2408.59887695	1.29411769
2408.62744141	1.29411769
2408.65625000	1.29411769
2408.68896484	1.29411769
2408.71752930	1.29411769
2408.74633789	1.29411769
2408.77905273	1.31372547
2408.80761719	1.31372547
2408.83642578	1.31372547
2408.86914063	1.31372547
2408.89770508	1.31372547
2408.92651367	1.31372547
2408.95922852	1.31372547
2408.98803711	1.31372547
2409.01660156	1.31372547
2409.04931641	1.31372547
2409.07812500	1.31372547
2409.10668945	1.31372547
2409.13940430	1.31372547
2409.16821289	1.31372547
2409.19702148	1.31372547
2409.22973633	1.31372547
2409.25830078	1.31372547
2409.28710938	1.31372547
2409.31982422	1.31372547
2409.34838867	1.31372547
2409.37719727	1.31372547
2409.40991211	1.31372547
2409.43847656	1.31372547
2409.46728516	1.31372547
2409.50000000	1.31372547
2409.52880859	1.31372547
2409.55737305	1.31372547
2409.59008789	1.31372547
2409.61865234	1.31372547
2409.64746094	1.31372547
2409.68017578	1.31372547
2409.70898438	1.31372547
2409.73754883	1.31372547
2409.77026367	1.31372547
2409.79907227	1.31372547
2409.82763672	1.31372547
2409.86059570	1.31372547
2409.88916016	1.31372547
2409.91772461	1.31372547
2409.95068359	1.31372547
2409.97924805	1.31372547
2410.00805664	1.31372547
2410.04077148	1.31372547
2410.06933594	1.31372547
2410.09790039	1.31372547
2410.13085938	1.31372547
2410.15942383	1.31372547
2410.18823242	1.31372547
2410.22094727	1.31372547
2410.24951172	1.31372547
2410.27832031	1.31372547
2410.33984375	1.31372547
2410.36840820	1.31372547
2410.42993164	1.31372547
2410.45849609	1.31372547
2410.52001953	1.31372547
2410.54858398	1.31372547
2410.57739258	1.31372547
2410.61010742	1.31372547
2410.63867188	1.31372547
2410.66748047	1.31372547
2410.70019531	1.31372547
2410.72900391	1.31372547
2410.75756836	1.31372547
2410.79028320	1.31372547
2410.81909180	1.31372547
2410.84765625	1.31372547
2410.88061523	1.31372547
2410.90917969	1.31372547
2410.93774414	1.31372547
2410.97070313	1.31372547
2410.99926758	1.31372547
2411.02807617	1.31372547
2411.06079102	1.31372547
2411.08935547	1.31372547
2411.11791992	1.31372547
2411.15087891	1.31372547
2411.17944336	1.31372547
2411.20800781	1.31372547
2411.24096680	1.31372547
2411.26977539	1.31372547
2411.29833984	1.31372547
2411.33105469	1.31372547
2411.35961914	1.31372547
2411.38842773	1.31372547
2411.42114258	1.31372547
2411.44995117	1.31372547
2411.47851563	1.31372547
2411.51123047	1.31372547
2411.54003906	1.31372547
2411.56860352	1.31372547
2411.60131836	1.31372547
2411.63012695	1.31372547
2411.65869141	1.31372547
2411.69140625	1.31372547
2411.72021484	1.31372547
2411.74902344	1.31372547
2411.78173828	1.31372547
2411.81030273	1.31372547
2411.83886719	1.31372547
2411.87182617	1.31372547
2411.90063477	1.31372547
2411.92919922	1.31372547
2411.96215820	1.31372547
2411.99072266	1.31372547
2412.01928711	1.33333337
2412.05200195	1.33333337
2412.08081055	1.33333337
2412.10937500	1.33333337
2412.14208984	1.33333337
2412.17089844	1.33333337
2412.19946289	1.33333337
2412.23217773	1.33333337
2412.26098633	1.33333337
2412.28955078	1.33333337
2412.32250977	1.33333337
2412.35107422	1.33333337
2412.37963867	1.33333337
2412.41259766	1.33333337
2412.44116211	1.33333337
2412.46972656	1.33333337
2412.50268555	1.33333337
2412.53125000	1.33333337
2412.56005859	1.33333337
2412.62158203	1.33333337
2412.65014648	1.33333337
2412.71142578	1.33333337
2412.74023438	1.33333337
2412.80151367	1.33333337
2412.83032227	1.33333337
2412.85888672	1.33333337
2412.89160156	1.33333337
2412.92065430	1.33333337
2412.94897461	1.33333337
2412.98193359	1.33333337
2413.01074219	1.33333337
2413.03930664	1.33333337
2413.07202148	1.33333337
2413.10083008	1.33333337
2413.12939453	1.33333337
2413.16210938	1.33333337
2413.19067383	1.33333337
2413.21948242	1.33333337
2413.25219727	1.33333337
2413.28100586	1.33333337
2413.30957031	1.33333337
2413.34228516	1.33333337
2413.37109375	1.33333337
2413.39965820	1.33333337
2413.43237305	1.33333337
2413.46118164	1.33333337
2413.48974609	1.33333337
2413.52246094	1.33333337
2413.55126953	1.33333337
2413.58007813	1.33333337
2413.61279297	1.33333337
2413.64135742	1.33333337
2413.67016602	1.33333337
2413.70288086	1.33333337
2413.73168945	1.33333337
2413.76025391	1.33333337
2413.79296875	1.33333337
2413.82177734	1.33333337
2413.85034180	1.33333337
2413.88305664	1.33333337
2413.91162109	1.33333337
2413.94042969	1.33333337
2413.97314453	1.33333337
2414.00195313	1.33333337
2414.03051758	1.33333337
2414.06323242	1.33333337
2414.09204102	1.33333337
2414.12060547	1.33333337
2414.15356445	1.33333337
2414.18212891	1.33333337
2414.21093750	1.33333337
2414.24365234	1.33333337
2414.27221680	1.33333337
2414.30102539	1.33333337
2414.33374023	1.33333337
2414.36230469	1.33333337
2414.39111328	1.33333337
2414.42382813	1.33333337
2414.45239258	1.33333337
2414.48120117	1.33333337
2414.51391602	1.33333337
2414.54272461	1.33333337
2414.57128906	1.33333337
2414.60424805	1.33333337
2414.63256836	1.33333337
2414.66162109	1.33333337
2414.69409180	1.33333337
2414.72290039	1.33333337
2414.75146484	1.33333337
2414.78442383	1.33333337
2414.81298828	1.33333337
2414.84179688	1.33333337
2414.90307617	1.33333337
2414.93164063	1.33333337
2414.99316406	1.33333337
2415.02197266	1.33333337
2415.08325195	1.33333337
2415.11206055	1.33333337
2415.14062500	1.33333337
2415.17333984	1.33333337
2415.20214844	1.33333337
2415.23095703	1.35294116
2415.26367188	1.35294116
2415.29223633	1.35294116
2415.32104492	1.35294116
2415.35375977	1.35294116
2415.38232422	1.35294116
2415.41113281	1.35294116
2415.44384766	1.35294116
2415.47241211	1.35294116
2415.50122070	1.35294116
2415.53393555	1.35294116
2415.56250000	1.35294116
2415.59130859	1.35294116
2415.62402344	1.35294116
2415.65283203	1.35294116
2415.68139648	1.35294116
2415.71411133	1.35294116
2415.74291992	1.35294116
2415.77148438	1.35294116
2415.80419922	1.35294116
2415.83300781	1.35294116
2415.86181641	1.35294116
2415.89453125	1.35294116
2415.92309570	1.35294116
2415.95190430	1.35294116
2415.98461914	1.35294116
2416.01318359	1.35294116
2416.04199219	1.35294116
2416.07470703	1.35294116
2416.10327148	1.35294116
2416.13208008	1.35294116
2416.16479492	1.35294116
2416.19335938	1.35294116
2416.22216797	1.35294116
2416.25488281	1.35294116
2416.28344727	1.35294116
2416.31225586	1.35294116
2416.34497070	1.35294116
2416.37353516	1.35294116
2416.40234375	1.35294116
2416.43505859	1.35294116
2416.46386719	1.35294116
2416.49243164	1.35294116
2416.52539063	1.35294116
2416.55395508	1.35294116
2416.58251953	1.35294116
2416.61547852	1.35294116
2416.64404297	1.35294116
2416.67260742	1.35294116
2416.70556641	1.35294116
2416.73413086	1.35294116
2416.76293945	1.35294116
2416.79565430	1.35294116
2416.82421875	1.35294116
2416.85302734	1.35294116
2416.88574219	1.35294116
2416.91455078	1.35294116
2416.94311523	1.35294116
2416.97607422	1.35294116
2417.00463867	1.35294116
2417.03320313	1.35294116
2417.06591797	1.35294116
2417.09472656	1.35294116
2417.12329102	1.35294116
2417.18481445	1.35294116
2417.21337891	1.35294116
2417.27490234	1.35294116
2417.30346680	1.35294116
2417.36499023	1.35294116
2417.39355469	1.35294116
2417.42236328	1.35294116
2417.45507813	1.35294116
2417.48388672	1.35294116
2417.51245117	1.35294116
2417.54541016	1.35294116
2417.57397461	1.35294116
2417.60253906	1.35294116
2417.63549805	1.35294116
2417.66406250	1.35294116
2417.69262695	1.35294116
2417.72558594	1.35294116
2417.75415039	1.35294116
2417.78295898	1.35294116
2417.81542969	1.35294116
2417.84423828	1.35294116
2417.87280273	1.35294116
2417.90576172	1.35294116
2417.93432617	1.35294116
2417.96313477	1.35294116
2417.99584961	1.35294116
2418.02465820	1.35294116
2418.05322266	1.35294116
2418.08593750	1.35294116
2418.11450195	1.35294116
2418.14331055	1.35294116
2418.17602539	1.35294116
2418.20483398	1.37254906
2418.23339844	1.37254906
2418.26611328	1.37254906
2418.29492188	1.37254906
2418.32348633	1.37254906
2418.35644531	1.37254906
2418.38500977	1.37254906
2418.41381836	1.37254906
2418.44628906	1.37254906
2418.47534180	1.37254906
2418.50390625	1.37254906
2418.53662109	1.37254906
2418.56518555	1.37254906
2418.59399414	1.37254906
2418.62670898	1.37254906
2418.65551758	1.37254906
2418.68408203	1.37254906
2418.71704102	1.37254906
2418.74560547	1.37254906
2418.77416992	1.37254906
2418.80688477	1.37254906
2418.83569336	1.37254906
2418.86425781	1.37254906
2418.89697266	1.37254906
2418.92578125	1.37254906
2418.95434570	1.37254906
2418.98706055	1.37254906
2419.01586914	1.37254906
2419.04443359	1.37254906
2419.07739258	1.37254906
2419.10595703	1.37254906
2419.13476563	1.37254906
2419.16748047	1.37254906
2419.19604492	1.37254906
2419.22485352	1.37254906
2419.25756836	1.37254906
2419.28613281	1.37254906
2419.31494141	1.37254906
2419.34765625	1.37254906
2419.37622070	1.37254906
2419.40502930	1.37254906
2419.46630859	1.37254906
2419.49511719	1.37254906
2419.55664063	1.37254906
2419.58520508	1.37254906
2419.64672852	1.37254906
2419.67529297	1.37254906
2419.70410156	1.37254906
2419.73681641	1.37254906
2419.76562500	1.37254906
2419.79418945	1.37254906
2419.82690430	1.37254906
2419.85571289	1.37254906
2419.88427734	1.37254906
2419.91699219	1.37254906
2419.94580078	1.37254906
2419.97436523	1.37254906
2420.00708008	1.37254906
2420.03588867	1.37254906
2420.06445313	1.37254906
2420.09716797	1.37254906
2420.12597656	1.37254906
2420.15454102	1.37254906
2420.18750000	1.37254906
2420.21606445	1.37254906
2420.24487305	1.37254906
2420.27758789	1.37254906
2420.30615234	1.37254906
2420.33496094	1.37254906
2420.36767578	1.37254906
2420.39648438	1.37254906
2420.42504883	1.37254906
2420.45776367	1.37254906
2420.48657227	1.37254906
2420.51513672	1.37254906
2420.54785156	1.37254906
2420.57641602	1.37254906
2420.60522461	1.37254906
2420.63793945	1.37254906
2420.66650391	1.37254906
2420.69531250	1.37254906
2420.72827148	1.37254906
2420.75683594	1.37254906
2420.78564453	1.37254906
2420.81811523	1.37254906
2420.84692383	1.37254906
2420.87548828	1.37254906
2420.90844727	1.37254906
2420.93701172	1.37254906
2420.96582031	1.37254906
2420.99853516	1.37254906
2421.02709961	1.37254906
2421.05590820	1.37254906
2421.08862305	1.37254906
2421.11718750	1.37254906
2421.14599609	1.37254906
2421.17871094	1.39215684
2421.20727539	1.39215684
2421.23608398	1.39215684
2421.26879883	1.39215684
2421.29760742	1.39215684
2421.32617188	1.39215684
2421.35913086	1.39215684
2421.38769531	1.39215684
2421.41650391	1.39215684
2421.44897461	1.39215684
2421.47802734	1.39215684
2421.50659180	1.39215684
2421.53930664	1.39215684
2421.56787109	1.39215684
2421.59667969	1.39215684
2421.62939453	1.39215684
2421.65795898	1.39215684
2421.68676758	1.37254906
2421.74829102	1.39215684
2421.77685547	1.39215684
2421.83813477	1.39215684
2421.86694336	1.39215684
2421.92846680	1.39215684
2421.95703125	1.39215684
2422.01855469	1.39215684
2422.04711914	1.39215684
2422.07592773	1.39215684
2422.10864258	1.39215684
2422.13720703	1.39215684
2422.16601563	1.39215684
2422.19873047	1.39215684
2422.22753906	1.39215684
2422.25610352	1.39215684
2422.28881836	1.39215684
2422.31738281	1.39215684
2422.34643555	1.39215684
2422.37890625	1.39215684
2422.40771484	1.39215684
2422.43627930	1.39215684
2422.46899414	1.39215684
2422.49780273	1.39215684
2422.52661133	1.39215684
2422.55932617	1.39215684
2422.58789063	1.39215684
2422.61669922	1.39215684
2422.64941406	1.39215684
2422.67797852	1.39215684
2422.70678711	1.39215684
2422.73950195	1.39215684
2422.76806641	1.39215684
2422.79687500	1.39215684
2422.82958984	1.39215684
2422.85839844	1.39215684
2422.88696289	1.39215684
2422.91967773	1.39215684
2422.94824219	1.39215684
2422.97705078	1.39215684
2423.00976563	1.39215684
2423.03857422	1.39215684
2423.06713867	1.39215684
2423.10009766	1.39215684
2423.12866211	1.39215684
2423.15722656	1.39215684
2423.19018555	1.39215684
2423.21875000	1.39215684
2423.24731445	1.39215684
2423.28027344	1.37254906
2423.30883789	1.37254906
2423.33740234	1.37254906
2423.37036133	1.37254906
2423.39892578	1.37254906
2423.42749023	1.37254906
2423.46044922	1.37254906
2423.48925781	1.37254906
2423.51782227	1.37254906
2423.55053711	1.37254906
2423.57910156	1.37254906
2423.60791016	1.37254906
2423.64062500	1.37254906
2423.66943359	1.35294116
2423.69799805	1.35294116
2423.73095703	1.35294116
2423.75952148	1.35294116
2423.78808594	1.35294116
2423.82080078	1.35294116
2423.84960938	1.35294116
2423.87817383	1.35294116
2423.91088867	1.35294116
2423.93969727	1.35294116
2423.96826172	1.35294116
2424.00097656	1.35294116
2424.02978516	1.35294116
2424.05834961	1.33333337
2424.11987305	1.33333337
2424.14868164	1.33333337
2424.21020508	1.33333337
2424.23876953	1.33333337
2424.30029297	1.33333337
2424.32885742	1.33333337
2424.35742188	1.33333337
2424.39038086	1.33333337
2424.41894531	1.33333337
2424.44750977	1.33333337
2424.48046875	1.33333337
2424.50903320	1.33333337
2424.53784180	1.33333337
2424.57055664	1.33333337
2424.59936523	1.31372547
2424.62768555	1.31372547
2424.66064453	1.31372547
2424.68920898	1.31372547
2424.71801758	1.31372547
2424.75073242	1.31372547
2424.77954102	1.31372547
2424.80810547	1.31372547
2424.84082031	1.31372547
2424.86962891	1.31372547
2424.89819336	1.31372547
2424.93090820	1.31372547
2424.95971680	1.31372547
2424.98828125	1.31372547
2425.02099609	1.31372547
2425.04980469	1.31372547
2425.07836914	1.31372547
2425.11132813	1.31372547
2425.13989258	1.31372547
2425.16870117	1.31372547
2425.20141602	1.31372547
2425.23022461	1.31372547
2425.25878906	1.31372547
2425.29150391	1.31372547
2425.32031250	1.31372547
2425.34887695	1.31372547
2425.38159180	1.31372547
2425.41040039	1.31372547
2425.43896484	1.29411769
2425.47192383	1.29411769
2425.50048828	1.29411769
2425.52929688	1.29411769
2425.56176758	1.29411769
2425.59057617	1.29411769
2425.61914063	1.29411769
2425.65185547	1.29411769
2425.68066406	1.29411769
2425.70922852	1.29411769
2425.74194336	1.29411769
2425.77075195	1.29411769
2425.79931641	1.29411769
2425.83227539	1.29411769
2425.86108398	1.29411769
2425.88964844	1.29411769
2425.92236328	1.29411769
2425.95092773	1.29411769
2425.97973633	1.29411769
2426.01245117	1.29411769
2426.04101563	1.29411769
2426.06982422	1.29411769
2426.10253906	1.29411769
2426.13110352	1.29411769
2426.15991211	1.29411769
2426.19262695	1.29411769
2426.22119141	1.29411769
2426.25000000	1.29411769
2426.28295898	1.27450979
2426.31152344	1.27450979
2426.34033203	1.27450979
2426.40161133	1.27450979
2426.43041992	1.27450979
2426.49169922	1.27450979
2426.52050781	1.27450979
2426.58178711	1.27450979
2426.61059570	1.27450979
2426.63916016	1.27450979
2426.67187500	1.27450979
2426.70068359	1.27450979
2426.72924805	1.27450979
2426.76196289	1.27450979
2426.79077148	1.27450979
2426.81933594	1.27450979
2426.85229492	1.27450979
2426.88085938	1.27450979
2426.90966797	1.27450979
2426.94238281	1.27450979
2426.97094727	1.27450979
2426.99975586	1.27450979
2427.03247070	1.27450979
2427.06127930	1.27450979
2427.08984375	1.27450979
2427.12255859	1.27450979
2427.15112305	1.27450979
2427.17993164	1.27450979
2427.21264648	1.27450979
2427.24145508	1.27450979
2427.27001953	1.27450979
2427.30273438	1.27450979
2427.33154297	1.27450979
2427.36035156	1.27450979
2427.39282227	1.27450979
2427.42163086	1.27450979
2427.45043945	1.27450979
2427.48315430	1.27450979
2427.51171875	1.27450979
2427.54052734	1.27450979
2427.57299805	1.27450979
2427.60180664	1.27450979
2427.63061523	1.27450979
2427.66333008	1.27450979
2427.69189453	1.27450979
2427.72070313	1.27450979
2427.75341797	1.27450979
2427.78198242	1.27450979
2427.81079102	1.27450979
2427.84350586	1.27450979
2427.87207031	1.27450979
2427.90087891	1.27450979
2427.93383789	1.27450979
2427.96215820	1.27450979
2427.99121094	1.27450979
2428.02392578	1.27450979
2428.05249023	1.27450979
2428.08105469	1.27450979
2428.11401367	1.27450979
2428.14257813	1.27450979
2428.17138672	1.27450979
2428.20410156	1.27450979
2428.23291016	1.27450979
2428.26147461	1.27450979
2428.29418945	1.27450979
2428.32275391	1.27450979
2428.35156250	1.27450979
2428.38427734	1.27450979
2428.41284180	1.27450979
2428.44165039	1.27450979
2428.47436523	1.27450979
2428.50317383	1.27450979
2428.53173828	1.27450979
2428.56445313	1.27450979
2428.59326172	1.27450979
2428.62182617	1.27450979
2428.68334961	1.27450979
2428.71191406	1.27450979
2428.77343750	1.25490201
2428.80200195	1.25490201
2428.86352539	1.25490201
2428.89208984	1.25490201
2428.92089844	1.25490201
2428.95361328	1.25490201
2428.98242188	1.25490201
2429.01098633	1.25490201
2429.04394531	1.25490201
2429.07226563	1.25490201
2429.10131836	1.25490201
2429.13378906	1.25490201
2429.16259766	1.23529410
2429.19116211	1.23529410
2429.22412109	1.23529410
2429.25268555	1.23529410
2429.28149414	1.23529410
2429.31420898	1.23529410
2429.34277344	1.23529410
2429.37158203	1.23529410
2429.40429688	1.21568632
2429.43286133	1.21568632
2429.46166992	1.21568632
2429.49438477	1.21568632
2429.52294922	1.21568632
2429.55175781	1.21568632
2429.58447266	1.21568632
2429.61328125	1.21568632
2429.64184570	1.21568632
2429.67480469	1.19607842
2429.70336914	1.19607842
2429.73193359	1.19607842
2429.76464844	1.19607842
2429.79345703	1.19607842
2429.82202148	1.19607842
2429.85498047	1.19607842
2429.88354492	1.19607842
2429.91210938	1.19607842
2429.94506836	1.19607842
2429.97363281	1.17647064
2430.00219727	1.17647064
2430.03491211	1.17647064
2430.06372070	1.17647064
2430.09252930	1.17647064
2430.12524414	1.17647064
2430.15380859	1.17647064
2430.18261719	1.17647064
2430.21533203	1.17647064
2430.24414063	1.17647064
2430.27270508	1.17647064
2430.30541992	1.17647064
2430.33422852	1.17647064
2430.36279297	1.17647064
2430.39550781	1.17647064
2430.42431641	1.17647064
2430.45288086	1.17647064
2430.48583984	1.17647064
2430.51440430	1.17647064
2430.54296875	1.17647064
2430.57568359	1.17647064
2430.60449219	1.17647064
2430.63305664	1.17647064
2430.66577148	1.17647064
2430.69458008	1.17647064
2430.72338867	1.17647064
2430.75585938	1.17647064
2430.78466797	1.17647064
2430.81323242	1.17647064
2430.84619141	1.17647064
2430.87500000	1.15686274
2430.90356445	1.15686274
2430.96508789	1.15686274
2430.99365234	1.17647064
2431.05517578	1.17647064
2431.08374023	1.17647064
2431.14526367	1.17647064
2431.17407227	1.17647064
2431.20239258	1.17647064
2431.23535156	1.17647064
2431.26391602	1.17647064
2431.29272461	1.17647064
2431.32543945	1.17647064
2431.35424805	1.17647064
2431.38281250	1.17647064
2431.41552734	1.17647064
2431.44433594	1.17647064
2431.47290039	1.17647064
2431.50561523	1.17647064
2431.53442383	1.17647064
2431.56323242	1.17647064
2431.59570313	1.17647064
2431.62451172	1.17647064
2431.65307617	1.17647064
2431.68579102	1.17647064
2431.71459961	1.17647064
2431.74316406	1.17647064
2431.77587891	1.17647064
2431.80493164	1.17647064
2431.83349609	1.17647064
2431.86621094	1.17647064
2431.89477539	1.17647064
2431.92358398	1.17647064
2431.95629883	1.17647064
2431.98510742	1.17647064
2432.01367188	1.17647064
2432.04638672	1.19607842
2432.07519531	1.19607842
2432.10375977	1.19607842
2432.13647461	1.19607842
2432.16528320	1.19607842
2432.19384766	1.19607842
2432.22680664	1.19607842
2432.25537109	1.19607842
2432.28393555	1.19607842
2432.31665039	1.19607842
2432.34545898	1.19607842
2432.37402344	1.19607842
2432.40698242	1.19607842
2432.43554688	1.19607842
2432.46435547	1.19607842
2432.49707031	1.19607842
2432.52587891	1.19607842
2432.55444336	1.19607842
2432.58715820	1.19607842
2432.61572266	1.19607842
2432.64453125	1.19607842
2432.67724609	1.19607842
2432.70581055	1.19607842
2432.73461914	1.19607842
2432.76733398	1.19607842
2432.79614258	1.19607842
2432.82470703	1.19607842
2432.85766602	1.19607842
2432.88598633	1.19607842
2432.91479492	1.19607842
2432.94750977	1.21568632
2432.97631836	1.21568632
2433.00488281	1.21568632
2433.03784180	1.21568632
2433.06640625	1.21568632
2433.09521484	1.21568632
2433.12792969	1.21568632
2433.15649414	1.21568632
2433.18530273	1.21568632
2433.24682617	1.21568632
2433.27539063	1.21568632
2433.33666992	1.21568632
2433.36547852	1.21568632
2433.42700195	1.21568632
2433.45556641	1.21568632
2433.51708984	1.21568632
2433.54589844	1.21568632
2433.57446289	1.21568632
2433.60717773	1.21568632
2433.63574219	1.21568632
2433.66455078	1.21568632
2433.69726563	1.21568632
2433.72607422	1.21568632
2433.75463867	1.21568632
2433.78735352	1.21568632
2433.81591797	1.21568632
2433.84472656	1.21568632
2433.87744141	1.21568632
2433.90600586	1.21568632
2433.93481445	1.21568632
2433.96752930	1.21568632
2433.99609375	1.21568632
2434.02490234	1.21568632
2434.05786133	1.21568632
2434.08642578	1.21568632
2434.11523438	1.21568632
2434.14794922	1.21568632
2434.17651367	1.21568632
2434.20507813	1.21568632
2434.23803711	1.21568632
2434.26684570	1.21568632
2434.29541016	1.21568632
2434.32812500	1.21568632
2434.35668945	1.21568632
2434.38549805	1.21568632
2434.41845703	1.21568632
2434.44677734	1.21568632
2434.47558594	1.21568632
2434.50830078	1.21568632
2434.53710938	1.21568632
2434.56567383	1.21568632
2434.59838867	1.21568632
2434.62695313	1.21568632
2434.65576172	1.21568632
2434.68872070	1.21568632
2434.71728516	1.21568632
2434.74609375	1.23529410
2434.77880859	1.23529410
2434.80737305	1.23529410
2434.83618164	1.23529410
2434.86889648	1.23529410
2434.89746094	1.23529410
2434.92626953	1.23529410
2434.95898438	1.23529410
2434.98754883	1.23529410
2435.01611328	1.23529410
2435.04907227	1.23529410
2435.07763672	1.23529410
2435.10644531	1.23529410
2435.13916016	1.23529410
2435.16796875	1.23529410
2435.19653320	1.23529410
2435.22949219	1.23529410
2435.25781250	1.23529410
2435.28686523	1.23529410
2435.31933594	1.23529410
2435.34814453	1.23529410
2435.37670898	1.23529410
2435.40942383	1.23529410
2435.43823242	1.23529410
2435.46679688	1.23529410
2435.49975586	1.23529410
2435.52832031	1.23529410
2435.55688477	1.23529410
2435.61840820	1.23529410
2435.64697266	1.23529410
2435.70849609	1.23529410
2435.73730469	1.23529410
2435.79882813	1.23529410
2435.82714844	1.23529410
2435.85620117	1.23529410
2435.88891602	1.23529410
2435.91748047	1.23529410
2435.94604492	1.23529410
2435.97900391	1.23529410
2436.00756836	1.23529410
2436.03637695	1.23529410
2436.06909180	1.23529410
2436.09790039	1.23529410
2436.12646484	1.23529410
2436.15917969	1.23529410
2436.18798828	1.23529410
2436.21655273	1.23529410
2436.24951172	1.23529410
2436.27807617	1.23529410
2436.30688477	1.23529410
2436.33935547	1.23529410
2436.36816406	1.23529410
2436.39672852	1.23529410
2436.42968750	1.23529410
2436.45825195	1.23529410
2436.48681641	1.23529410
2436.51977539	1.23529410
2436.54833984	1.23529410
2436.57690430	1.23529410
2436.60961914	1.25490201
2436.63842773	1.25490201
2436.66723633	1.25490201
2436.69995117	1.25490201
2436.72875977	1.25490201
2436.75708008	1.25490201
2436.79003906	1.25490201
2436.81860352	1.25490201
2436.84741211	1.25490201
2436.88012695	1.25490201
2436.90893555	1.25490201
2436.93750000	1.25490201
2436.97021484	1.25490201
2436.99902344	1.25490201
2437.02783203	1.25490201
2437.06030273	1.25490201
2437.08911133	1.25490201
2437.11767578	1.25490201
2437.15039063	1.25490201
2437.17919922	1.25490201
2437.20776367	1.25490201
2437.24072266	1.25490201
2437.26928711	1.25490201
2437.29785156	1.25490201
2437.33056641	1.25490201
2437.35961914	1.25490201
2437.38793945	1.25490201
2437.42089844	1.25490201
2437.44946289	1.25490201
2437.47827148	1.25490201
2437.51098633	1.25490201
2437.53979492	1.25490201
2437.56835938	1.25490201
2437.60107422	1.25490201
2437.62963867	1.25490201
2437.65844727	1.25490201
2437.69116211	1.25490201
2437.71997070	1.25490201
2437.74853516	1.25490201
2437.78125000	1.25490201
2437.81005859	1.25490201
2437.83862305	1.25490201
2437.90014648	1.25490201
2437.92895508	1.25490201
2437.99023438	1.25490201
2438.01904297	1.25490201
2438.08032227	1.25490201
2438.10913086	1.25490201
2438.13769531	1.25490201
2438.17041016	1.25490201
2438.19921875	1.25490201
2438.22778320	1.25490201
2438.26074219	1.25490201
2438.28930664	1.25490201
2438.31787109	1.25490201
2438.35083008	1.25490201
2438.37939453	1.25490201
2438.40795898	1.25490201
2438.44067383	1.25490201
2438.46948242	1.25490201
2438.49829102	1.25490201
2438.53100586	1.25490201
2438.55981445	1.25490201
2438.58837891	1.25490201
2438.62109375	1.25490201
2438.64965820	1.25490201
2438.67846680	1.25490201
2438.71118164	1.25490201
2438.73999023	1.25490201
2438.76855469	1.25490201
2438.80126953	1.25490201
2438.83007813	1.25490201
2438.85864258	1.27450979
2438.89135742	1.27450979
2438.92016602	1.27450979
2438.94873047	1.27450979
2438.98168945	1.27450979
2439.01025391	1.27450979
2439.03906250	1.27450979
2439.07153320	1.27450979
2439.10034180	1.27450979
2439.12890625	1.27450979
2439.16186523	1.27450979
2439.19067383	1.27450979
2439.21923828	1.27450979
2439.25195313	1.27450979
2439.28076172	1.27450979
2439.30932617	1.27450979
2439.34204102	1.27450979
2439.37060547	1.27450979
2439.39941406	1.27450979
2439.43212891	1.27450979
2439.46069336	1.27450979
2439.48950195	1.27450979
2439.52221680	1.27450979
2439.55102539	1.27450979
2439.57958984	1.27450979
2439.61254883	1.27450979
2439.64086914	1.27450979
2439.66992188	1.27450979
2439.70239258	1.27450979
2439.73120117	1.27450979
2439.75976563	1.27450979
2439.79272461	1.27450979
2439.82128906	1.27450979
2439.85009766	1.27450979
2439.88281250	1.27450979
2439.91137695	1.27450979
2439.94018555	1.27450979
2439.97290039	1.27450979
2440.00170898	1.27450979
2440.03027344	1.27450979
2440.06298828	1.27450979
2440.09179688	1.27450979
2440.12036133	1.27450979
2440.18188477	1.27450979
2440.21069336	1.27450979
2440.27197266	1.27450979
2440.30078125	1.27450979
2440.36206055	1.27450979
2440.39086914	1.27450979
2440.41943359	1.27450979
2440.45214844	1.27450979
2440.48071289	1.27450979
2440.50952148	1.27450979
2440.54223633	1.27450979
2440.57080078	1.27450979
2440.59960938	1.27450979
2440.63232422	1.27450979
2440.66088867	1.27450979
2440.68969727	1.27450979
2440.72265625	1.27450979
2440.75122070	1.27450979
2440.78002930	1.27450979
2440.81274414	1.27450979
2440.84130859	1.27450979
2440.87011719	1.27450979
2440.90283203	1.27450979
2440.93139648	1.27450979
2440.96020508	1.27450979
2440.99291992	1.27450979
2441.02172852	1.27450979
2441.05029297	1.27450979
2441.08300781	1.27450979
2441.11157227	1.27450979
2441.14038086	1.27450979
2441.17309570	1.27450979
2441.20166016	1.27450979
2441.23046875	1.27450979
2441.26318359	1.27450979
2441.29199219	1.27450979
2441.32055664	1.27450979
2441.35351563	1.29411769
2441.38208008	1.29411769
2441.41088867	1.29411769
2441.44360352	1.29411769
2441.47216797	1.29411769
2441.50097656	1.29411769
2441.53369141	1.29411769
2441.56225586	1.29411769
2441.59106445	1.29411769
2441.62377930	1.29411769
2441.65234375	1.29411769
2441.68090820	1.29411769
2441.71386719	1.29411769
2441.74243164	1.29411769
2441.77124023	1.29411769
2441.80395508	1.29411769
2441.83276367	1.29411769
2441.86132813	1.29411769
2441.89404297	1.29411769
2441.92285156	1.29411769
2441.95141602	1.29411769
2441.98437500	1.29411769
2442.01293945	1.29411769
2442.04174805	1.29411769
2442.07446289	1.29411769
2442.10302734	1.29411769
2442.13159180	1.29411769
2442.16430664	1.29411769
2442.19311523	1.29411769
2442.22167969	1.29411769
2442.25463867	1.29411769
2442.28320313	1.29411769
2442.31201172	1.29411769
2442.34472656	1.29411769
2442.37353516	1.29411769
2442.40209961	1.29411769
2442.46362305	1.29411769
2442.49218750	1.29411769
2442.55371094	1.29411769
2442.58227539	1.29411769
2442.64379883	1.29411769
2442.67236328	1.29411769
2442.70117188	1.29411769
2442.73388672	1.29411769
2442.76269531	1.29411769
2442.79125977	1.29411769
2442.82397461	1.29411769
2442.85253906	1.29411769
2442.88134766	1.29411769
2442.91406250	1.29411769
2442.94287109	1.29411769
2442.97143555	1.29411769
2443.00415039	1.29411769
2443.03295898	1.29411769
2443.06176758	1.29411769
2443.09448242	1.29411769
2443.12304688	1.29411769
2443.15161133	1.29411769
2443.18457031	1.29411769
2443.21313477	1.29411769
2443.24169922	1.29411769
2443.27465820	1.29411769
2443.30322266	1.29411769
2443.33178711	1.29411769
2443.36450195	1.29411769
2443.39331055	1.29411769
2443.42187500	1.29411769
2443.45483398	1.29411769
2443.48364258	1.29411769
2443.51220703	1.29411769
2443.54492188	1.29411769
2443.57373047	1.29411769
2443.60229492	1.29411769
2443.63500977	1.29411769
2443.66381836	1.29411769
2443.69238281	1.29411769
2443.72509766	1.29411769
2443.75390625	1.29411769
2443.78271484	1.29411769
2443.81518555	1.29411769
2443.84399414	1.29411769
2443.87255859	1.29411769
2443.90551758	1.29411769
2443.93408203	1.29411769
2443.96264648	1.29411769
2443.99560547	1.29411769
2444.02416992	1.29411769
2444.05297852	1.29411769
2444.08569336	1.29411769
2444.11425781	1.29411769
2444.14306641	1.29411769
2444.17578125	1.29411769
2444.20458984	1.31372547
2444.23315430	1.31372547
2444.26586914	1.31372547
2444.29467773	1.31372547
2444.32324219	1.31372547
2444.35595703	1.31372547
2444.38476563	1.31372547
2444.41333008	1.31372547
2444.44604492	1.31372547
2444.47485352	1.31372547
2444.50341797	1.31372547
2444.53613281	1.31372547
2444.56494141	1.31372547
2444.59350586	1.31372547
2444.62646484	1.31372547
2444.65502930	1.31372547
2444.68383789	1.31372547
2444.74511719	1.31372547
2444.77392578	1.31372547
2444.83520508	1.31372547
2444.86401367	1.31372547
2444.92529297	1.31372547
2444.95410156	1.31372547
2444.98266602	1.31372547
2445.01562500	1.31372547
2445.04418945	1.31372547
2445.07275391	1.31372547
2445.10571289	1.31372547
2445.13427734	1.31372547
2445.16308594	1.31372547
2445.19580078	1.31372547
2445.22436523	1.31372547
2445.25317383	1.31372547
2445.28588867	1.31372547
2445.31469727	1.31372547
2445.34326172	1.31372547
2445.37597656	1.31372547
2445.40478516	1.31372547
2445.43334961	1.31372547
2445.46606445	1.31372547
2445.49487305	1.31372547
2445.52343750	1.31372547
2445.55615234	1.31372547
2445.58496094	1.31372547
2445.61352539	1.31372547
2445.64648438	1.31372547
2445.67504883	1.31372547
2445.70385742	1.31372547
2445.73657227	1.31372547
2445.76513672	1.31372547
2445.79394531	1.31372547
2445.82666016	1.31372547
2445.85522461	1.31372547
2445.88403320	1.31372547
2445.91674805	1.31372547
2445.94531250	1.31372547
2445.97412109	1.31372547
2446.00683594	1.31372547
2446.03564453	1.31372547
2446.06420898	1.31372547
2446.09692383	1.31372547
2446.12548828	1.31372547
2446.15429688	1.31372547
2446.18725586	1.31372547
2446.21582031	1.31372547
2446.24438477	1.31372547
2446.27734375	1.31372547
2446.30590820	1.31372547
2446.33447266	1.31372547
2446.36743164	1.31372547
2446.39599609	1.31372547
2446.42480469	1.31372547
2446.45751953	1.31372547
2446.48608398	1.31372547
2446.51489258	1.31372547
2446.54760742	1.31372547
2446.57617188	1.31372547
2446.60498047	1.31372547
2446.63769531	1.31372547
2446.66625977	1.31372547
2446.69506836	1.31372547
2446.72778320	1.31372547
2446.75659180	1.31372547
2446.78515625	1.31372547
2446.81811523	1.31372547
2446.84667969	1.31372547
2446.87548828	1.31372547
2446.90820313	1.31372547
2446.93676758	1.31372547
2446.96557617	1.31372547
2447.02685547	1.31372547
2447.05566406	1.33333337
2447.11694336	1.33333337
2447.14550781	1.33333337
2447.20703125	1.33333337
2447.23559570	1.33333337
2447.29711914	1.33333337
2447.32592773	1.33333337
2447.35449219	1.33333337
2447.38745117	1.33333337
2447.41601563	1.33333337
2447.44482422	1.33333337
2447.47753906	1.33333337
2447.50610352	1.33333337
2447.53491211	1.33333337
2447.56762695	1.33333337
2447.59619141	1.33333337
2447.62500000	1.33333337
2447.65771484	1.33333337
2447.68627930	1.33333337
2447.71508789	1.33333337
2447.74780273	1.33333337
2447.77661133	1.33333337
2447.80517578	1.33333337
2447.83789063	1.33333337
2447.86669922	1.33333337
2447.89526367	1.33333337
2447.92797852	1.33333337
2447.95678711	1.33333337
2447.98559570	1.33333337
2448.01831055	1.33333337
2448.04687500	1.33333337
2448.07568359	1.33333337
2448.10839844	1.33333337
2448.13696289	1.33333337
2448.16577148	1.33333337
2448.19848633	1.33333337
2448.22705078	1.33333337
2448.25585938	1.33333337
2448.28857422	1.33333337
2448.31713867	1.33333337
2448.34594727	1.33333337
2448.37866211	1.33333337
2448.40722656	1.33333337
2448.43603516	1.33333337
2448.46875000	1.33333337
2448.49755859	1.33333337
2448.52612305	1.33333337
2448.55883789	1.33333337
2448.58764648	1.33333337
2448.61621094	1.33333337
2448.64916992	1.33333337
2448.67773438	1.33333337
2448.70629883	1.33333337
2448.73901367	1.33333337
2448.76782227	1.33333337
2448.79663086	1.33333337
2448.82910156	1.33333337
2448.85791016	1.33333337
2448.88647461	1.33333337
2448.91943359	1.33333337
2448.94799805	1.35294116
2448.97680664	1.35294116
2449.00952148	1.35294116
2449.03833008	1.35294116
2449.06689453	1.35294116
2449.09960938	1.35294116
2449.12841797	1.35294116
2449.15698242	1.35294116
2449.18994141	1.35294116
2449.21850586	1.35294116
2449.24707031	1.35294116
2449.27978516	1.35294116
2449.30859375	1.35294116
2449.33715820	1.35294116
2449.39868164	1.35294116
2449.42724609	1.35294116
2449.48876953	1.35294116
2449.51757813	1.35294116
2449.57885742	1.35294116
2449.60766602	1.35294116
2449.63623047	1.35294116
2449.66918945	1.35294116
2449.69775391	1.35294116
2449.72631836	1.35294116
2449.75927734	1.35294116
2449.78784180	1.35294116
2449.81640625	1.35294116
2449.84936523	1.35294116
2449.87792969	1.35294116
2449.90649414	1.35294116
2449.93945313	1.35294116
2449.96801758	1.35294116
2449.99658203	1.35294116
2450.02954102	1.35294116
2450.05810547	1.35294116
2450.08666992	1.35294116
2450.11962891	1.35294116
2450.14819336	1.35294116
2450.17700195	1.35294116
2450.20971680	1.35294116
2450.23828125	1.35294116
2450.26708984	1.35294116
2450.29980469	1.35294116
2450.32861328	1.35294116
2450.35717773	1.35294116
2450.38989258	1.35294116
2450.41870117	1.35294116
2450.44726563	1.35294116
2450.47998047	1.35294116
2450.50878906	1.35294116
2450.53759766	1.35294116
2450.57006836	1.35294116
2450.59887695	1.35294116
2450.62768555	1.35294116
2450.66015625	1.35294116
2450.68896484	1.35294116
2450.71777344	1.35294116
2450.75048828	1.35294116
2450.77905273	1.35294116
2450.80786133	1.35294116
2450.84057617	1.35294116
2450.86938477	1.35294116
2450.89794922	1.35294116
2450.93066406	1.35294116
2450.95947266	1.35294116
2450.98803711	1.35294116
2451.02075195	1.35294116
2451.04956055	1.35294116
2451.07812500	1.35294116
2451.11083984	1.35294116
2451.13964844	1.35294116
2451.16845703	1.35294116
2451.20092773	1.35294116
2451.22998047	1.35294116
2451.25830078	1.35294116
2451.29125977	1.35294116
2451.31982422	1.35294116
2451.34863281	1.35294116
2451.38134766	1.35294116
2451.40991211	1.35294116
2451.43872070	1.35294116
2451.47143555	1.35294116
2451.50000000	1.35294116
2451.52880859	1.35294116
2451.56152344	1.35294116
2451.59008789	1.35294116
2451.61889648	1.35294116
2451.68017578	1.35294116
2451.70898438	1.35294116
2451.77050781	1.35294116
2451.79931641	1.35294116
2451.86059570	1.35294116
2451.88940430	1.35294116
2451.91796875	1.35294116
2451.95068359	1.35294116
2451.97949219	1.35294116
2452.00805664	1.35294116
2452.04077148	1.35294116
2452.06958008	1.35294116
2452.09814453	1.35294116
2452.13085938	1.35294116
2452.15966797	1.35294116
2452.18823242	1.35294116
2452.22094727	1.35294116
2452.24975586	1.35294116
2452.27832031	1.35294116
2452.31103516	1.35294116
2452.33984375	1.35294116
2452.36865234	1.35294116
2452.40112305	1.35294116
2452.42993164	1.35294116
2452.45874023	1.35294116
2452.49145508	1.35294116
2452.52001953	1.35294116
2452.54882813	1.35294116
2452.58154297	1.35294116
2452.61010742	1.35294116
2452.63891602	1.35294116
2452.67163086	1.35294116
2452.70019531	1.35294116
2452.72900391	1.35294116
2452.76171875	1.35294116
2452.79052734	1.35294116
2452.81909180	1.35294116
2452.85180664	1.35294116
2452.88037109	1.35294116
2452.90917969	1.35294116
2452.94213867	1.35294116
2452.97070313	1.35294116
2452.99951172	1.37254906
2453.03222656	1.37254906
2453.06079102	1.37254906
2453.08959961	1.37254906
2453.12207031	1.37254906
2453.15087891	1.37254906
2453.17968750	1.37254906
2453.21240234	1.37254906
2453.24096680	1.37254906
2453.26977539	1.37254906
2453.30249023	1.37254906
2453.33105469	1.37254906
2453.35986328	1.37254906
2453.39257813	1.37254906
2453.42114258	1.37254906
2453.44995117	1.37254906
2453.48291016	1.37254906
2453.51147461	1.37254906
2453.54028320	1.37254906
2453.57299805	1.37254906
2453.60156250	1.37254906
2453.63012695	1.37254906
2453.66308594	1.37254906
2453.69165039	1.37254906
2453.72021484	1.37254906
2453.75317383	1.37254906
2453.78173828	1.37254906
2453.81054688	1.37254906
2453.84326172	1.37254906
2453.87182617	1.37254906
2453.90063477	1.37254906
2453.96191406	1.35294116
2453.99072266	1.35294116
2454.05200195	1.35294116
2454.08081055	1.35294116
2454.14233398	1.35294116
2454.17089844	1.35294116
2454.19970703	1.35294116
2454.23242188	1.35294116
2454.26098633	1.35294116
2454.28979492	1.35294116
2454.32250977	1.35294116
2454.35107422	1.35294116
2454.38012695	1.35294116
2454.41259766	1.35294116
2454.44116211	1.35294116
2454.46997070	1.35294116
2454.50268555	1.35294116
2454.53149414	1.35294116
2454.56005859	1.35294116
2454.59301758	1.35294116
2454.62158203	1.35294116
2454.65039063	1.35294116
2454.68310547	1.35294116
2454.71166992	1.35294116
2454.74047852	1.35294116
2454.77319336	1.35294116
2454.80175781	1.35294116
2454.83056641	1.35294116
2454.86328125	1.35294116
2454.89184570	1.35294116
2454.92065430	1.35294116
2454.95336914	1.35294116
2454.98193359	1.35294116
2455.01074219	1.35294116
2455.04345703	1.35294116
2455.07202148	1.35294116
2455.10083008	1.35294116
2455.13378906	1.35294116
2455.16235352	1.35294116
2455.19091797	1.35294116
2455.22387695	1.35294116
2455.25244141	1.35294116
2455.28100586	1.33333337
2455.31372070	1.33333337
2455.34252930	1.33333337
2455.37109375	1.33333337
2455.40380859	1.33333337
2455.43261719	1.33333337
2455.46118164	1.33333337
2455.49389648	1.33333337
2455.52270508	1.33333337
2455.55151367	1.33333337
2455.58422852	1.33333337
2455.61279297	1.33333337
2455.64160156	1.31372547
2455.67431641	1.31372547
2455.70288086	1.31372547
2455.73168945	1.31372547
2455.76440430	1.31372547
2455.79321289	1.31372547
2455.82177734	1.31372547
2455.85449219	1.29411769
2455.88330078	1.29411769
2455.91186523	1.29411769
2455.94458008	1.29411769
2455.97338867	1.29411769
2456.00195313	1.27450979
2456.03466797	1.27450979
2456.06347656	1.27450979
2456.09204102	1.27450979
2456.12475586	1.27450979
2456.15356445	1.27450979
2456.18237305	1.27450979
2456.24365234	1.25490201
2456.27246094	1.25490201
2456.33398438	1.25490201
2456.36254883	1.25490201
2456.42407227	1.25490201
2456.45263672	1.23529410
2456.48120117	1.23529410
2456.51416016	1.23529410
2456.54272461	1.23529410
2456.57153320	1.23529410
2456.60424805	1.23529410
2456.63281250	1.23529410
2456.66137695	1.23529410
2456.69433594	1.23529410
2456.72314453	1.23529410
2456.75170898	1.21568632
2456.78442383	1.21568632
2456.81298828	1.21568632
2456.84179688	1.21568632
2456.87451172	1.21568632
2456.90332031	1.21568632
2456.93188477	1.21568632
2456.96459961	1.21568632
2456.99340820	1.21568632
2457.02197266	1.21568632
2457.05468750	1.21568632
2457.08349609	1.21568632
2457.11206055	1.21568632
2457.14477539	1.21568632
2457.17358398	1.21568632
2457.20214844	1.21568632
2457.23486328	1.21568632
2457.26367188	1.21568632
2457.29248047	1.21568632
2457.32519531	1.21568632
2457.35375977	1.21568632
2457.38256836	1.21568632
2457.41528320	1.21568632
2457.44409180	1.21568632
2457.47265625	1.21568632
2457.50537109	1.21568632
2457.53417969	1.21568632
2457.56274414	1.21568632
2457.59545898	1.19607842
2457.62426758	1.19607842
2457.65283203	1.19607842
2457.68554688	1.19607842
2457.71435547	1.19607842
2457.74291992	1.19607842
2457.77587891	1.19607842
2457.80444336	1.19607842
2457.83300781	1.19607842
2457.86596680	1.19607842
2457.89453125	1.19607842
2457.92333984	1.19607842
2457.95605469	1.19607842
2457.98461914	1.19607842
2458.01342773	1.19607842
2458.04614258	1.19607842
2458.07470703	1.19607842
2458.10351563	1.19607842
2458.13623047	1.19607842
2458.16479492	1.19607842
2458.19360352	1.19607842
2458.22631836	1.19607842
2458.25488281	1.19607842
2458.28369141	1.19607842
2458.31640625	1.19607842
2458.34521484	1.19607842
2458.37377930	1.19607842
2458.40673828	1.19607842
2458.43530273	1.19607842
2458.46411133	1.19607842
2458.52539063	1.19607842
2458.55419922	1.19607842
2458.61547852	1.19607842
2458.64428711	1.19607842
2458.70556641	1.19607842
2458.73437500	1.19607842
2458.79589844	1.19607842
2458.82446289	1.19607842
2458.85302734	1.19607842
2458.88574219	1.21568632
2458.91455078	1.21568632
2458.94311523	1.21568632
2458.97607422	1.21568632
2459.00463867	1.21568632
2459.03344727	1.21568632
2459.06591797	1.21568632
2459.09497070	1.21568632
2459.12353516	1.21568632
2459.15625000	1.21568632
2459.18481445	1.21568632
2459.21362305	1.21568632
2459.24633789	1.21568632
2459.27490234	1.21568632
2459.30371094	1.21568632
2459.33642578	1.21568632
2459.36499023	1.21568632
2459.39379883	1.21568632
2459.42651367	1.21568632
2459.45532227	1.21568632
2459.48413086	1.21568632
2459.51660156	1.21568632
2459.54541016	1.21568632
2459.57421875	1.21568632
2459.60693359	1.21568632
2459.63549805	1.21568632
2459.66430664	1.21568632
2459.69677734	1.21568632
2459.72558594	1.21568632
2459.75439453	1.21568632
2459.78710938	1.21568632
2459.81567383	1.21568632
2459.84448242	1.21568632
2459.87719727	1.21568632
2459.90576172	1.21568632
2459.93457031	1.21568632
2459.96728516	1.21568632
2459.99584961	1.21568632
2460.02465820	1.21568632
2460.05737305	1.21568632
2460.08618164	1.21568632
2460.11474609	1.21568632
2460.14770508	1.21568632
2460.17626953	1.21568632
2460.20507813	1.21568632
2460.23779297	1.21568632
2460.26660156	1.21568632
2460.29516602	1.21568632
2460.32788086	1.21568632
2460.35644531	1.21568632
2460.38525391	1.21568632
2460.41796875	1.19607842
2460.44653320	1.19607842
2460.47509766	1.19607842
2460.50805664	1.19607842
2460.53662109	1.19607842
2460.56542969	1.19607842
2460.59814453	1.19607842
2460.62670898	1.19607842
2460.65527344	1.19607842
2460.68823242	1.19607842
2460.71679688	1.19607842
2460.74560547	1.19607842
2460.77856445	1.19607842
2460.80712891	1.19607842
2460.83569336	1.19607842
2460.89721680	1.19607842
2460.92578125	1.19607842
2460.98730469	1.19607842
2461.01586914	1.19607842
2461.07739258	1.19607842
2461.10620117	1.19607842
2461.13476563	1.19607842
2461.16772461	1.19607842
2461.19628906	1.19607842
2461.22509766	1.19607842
2461.25781250	1.19607842
2461.28637695	1.19607842
2461.31518555	1.17647064
2461.34790039	1.17647064
2461.37646484	1.17647064
2461.40527344	1.17647064
2461.43798828	1.17647064
2461.46655273	1.17647064
2461.49536133	1.17647064
2461.52807617	1.17647064
2461.55664063	1.17647064
2461.58544922	1.17647064
2461.61816406	1.17647064
2461.64697266	1.19607842
2461.67553711	1.19607842
2461.70825195	1.19607842
2461.73681641	1.19607842
2461.76562500	1.19607842
2461.79858398	1.19607842
2461.82714844	1.19607842
2461.85571289	1.19607842
2461.88867188	1.19607842
2461.91723633	1.19607842
2461.94580078	1.19607842
2461.97875977	1.19607842
2462.00732422	1.19607842
2462.03588867	1.19607842
2462.06860352	1.19607842
2462.09741211	1.19607842
2462.12597656	1.19607842
2462.15869141	1.19607842
2462.18750000	1.19607842
2462.21606445	1.19607842
2462.24902344	1.19607842
2462.27758789	1.19607842
2462.30639648	1.19607842
2462.33911133	1.19607842
2462.36791992	1.19607842
2462.39648438	1.19607842
2462.42919922	1.19607842
2462.45800781	1.19607842
2462.48657227	1.19607842
2462.51953125	1.19607842
2462.54809570	1.19607842
2462.57666016	1.19607842
2462.60937500	1.19607842
2462.63818359	1.19607842
2462.66674805	1.19607842
2462.69946289	1.19607842
2462.72827148	1.19607842
2462.75683594	1.19607842
2462.78979492	1.19607842
2462.81835938	1.19607842
2462.84716797	1.19607842
2462.87988281	1.19607842
2462.90844727	1.19607842
2462.93725586	1.19607842
2462.96997070	1.19607842
2462.99877930	1.19607842
2463.02734375	1.19607842
2463.06005859	1.19607842
2463.08886719	1.19607842
2463.11743164	1.19607842
2463.17895508	1.19607842
2463.20751953	1.19607842
2463.26904297	1.19607842
2463.29760742	1.19607842
2463.35913086	1.19607842
2463.38769531	1.19607842
2463.41650391	1.19607842
2463.44921875	1.19607842
2463.47802734	1.19607842
2463.50659180	1.19607842
2463.53955078	1.19607842
2463.56811523	1.19607842
2463.59667969	1.19607842
2463.62939453	1.19607842
2463.65820313	1.19607842
2463.68676758	1.19607842
2463.71948242	1.19607842
2463.74829102	1.19607842
2463.77685547	1.19607842
2463.80957031	1.19607842
2463.83837891	1.19607842
2463.86694336	1.19607842
2463.89965820	1.19607842
2463.92846680	1.19607842
2463.95727539	1.19607842
2463.98999023	1.19607842
2464.01855469	1.21568632
2464.04736328	1.19607842
2464.08007813	1.21568632
2464.10888672	1.21568632
2464.13745117	1.21568632
2464.17016602	1.21568632
2464.19897461	1.21568632
2464.22753906	1.19607842
2464.26049805	1.19607842
2464.28906250	1.19607842
2464.31762695	1.19607842
2464.35034180	1.19607842
2464.37915039	1.19607842
2464.40771484	1.19607842
2464.44042969	1.21568632
2464.46923828	1.21568632
2464.49780273	1.21568632
2464.53051758	1.21568632
2464.55932617	1.19607842
2464.58813477	1.19607842
2464.62084961	1.19607842
2464.64941406	1.19607842
2464.67822266	1.19607842
2464.71093750	1.19607842
2464.73950195	1.19607842
2464.76831055	1.19607842
2464.80102539	1.19607842
2464.82958984	1.19607842
2464.85864258	1.19607842
2464.89111328	1.19607842
2464.91992188	1.19607842
2464.94848633	1.17647064
2464.98120117	1.17647064
2465.00976563	1.17647064
2465.03881836	1.17647064
2465.07128906	1.17647064
2465.10009766	1.17647064
2465.12866211	1.17647064
2465.16162109	1.17647064
2465.19018555	1.15686274
2465.21899414	1.15686274
2465.25170898	1.15686274
2465.28027344	1.15686274
2465.30908203	1.15686274
2465.34179688	1.15686274
2465.37036133	1.15686274
2465.39916992	1.13725495
2465.46044922	1.13725495
2465.48925781	1.13725495
2465.55078125	1.13725495
2465.57934570	1.13725495
2465.64062500	1.11764705
2465.66967773	1.11764705
2465.69799805	1.11764705
2465.73095703	1.11764705
2465.75952148	1.11764705
2465.78833008	1.11764705
2465.82104492	1.11764705
2465.84960938	1.11764705
2465.87841797	1.11764705
2465.91113281	1.11764705
2465.93969727	1.11764705
2465.96850586	1.11764705
2466.00122070	1.11764705
2466.02978516	1.11764705
2466.05859375	1.11764705
2466.09130859	1.11764705
2466.11987305	1.11764705
2466.14868164	1.11764705
2466.18164063	1.11764705
2466.21020508	1.11764705
2466.23901367	1.11764705
2466.27172852	1.11764705
2466.30029297	1.11764705
2466.32910156	1.11764705
2466.36181641	1.11764705
2466.39038086	1.11764705
2466.41918945	1.11764705
2466.45190430	1.11764705
2466.48046875	1.11764705
2466.50927734	1.11764705
2466.54199219	1.11764705
2466.57055664	1.11764705
2466.59936523	1.11764705
2466.63208008	1.11764705
2466.66064453	1.11764705
2466.68945313	1.11764705
2466.72216797	1.11764705
2466.75097656	1.11764705
2466.77954102	1.11764705
2466.81225586	1.11764705
2466.84106445	1.11764705
2466.86962891	1.11764705
2466.90258789	1.11764705
2466.93115234	1.11764705
2466.95971680	1.11764705
2466.99267578	1.11764705
2467.02124023	1.11764705
2467.04980469	1.11764705
2467.08276367	1.11764705
2467.11157227	1.11764705
2467.13989258	1.11764705
2467.17285156	1.13725495
2467.20166016	1.13725495
2467.23022461	1.13725495
2467.26293945	1.13725495
2467.29174805	1.13725495
2467.32031250	1.13725495
2467.35327148	1.13725495
2467.38183594	1.13725495
2467.41040039	1.13725495
2467.44311523	1.13725495
2467.47192383	1.13725495
2467.50048828	1.13725495
2467.53344727	1.13725495
2467.56201172	1.13725495
2467.59057617	1.13725495
2467.62329102	1.13725495
2467.65209961	1.13725495
2467.68090820	1.13725495
2467.74218750	1.13725495
2467.77075195	1.13725495
2467.83227539	1.15686274
2467.86108398	1.15686274
2467.92260742	1.15686274
2467.95117188	1.15686274
2467.97998047	1.15686274
2468.01269531	1.15686274
2468.04150391	1.15686274
2468.06982422	1.15686274
2468.10278320	1.15686274
2468.13134766	1.15686274
2468.16015625	1.15686274
2468.19287109	1.15686274
2468.22143555	1.15686274
2468.25000000	1.15686274
2468.28295898	1.15686274
2468.31152344	1.15686274
2468.34033203	1.15686274
2468.37304688	1.15686274
2468.40185547	1.15686274
2468.43041992	1.15686274
2468.46313477	1.15686274
2468.49194336	1.15686274
2468.52050781	1.15686274
2468.55346680	1.15686274
2468.58203125	1.15686274
2468.61059570	1.15686274
2468.64331055	1.15686274
2468.67211914	1.15686274
2468.70068359	1.15686274
2468.73364258	1.15686274
2468.76220703	1.15686274
2468.79101563	1.15686274
2468.82348633	1.15686274
2468.85229492	1.15686274
2468.88085938	1.15686274
2468.91381836	1.15686274
2468.94238281	1.15686274
2468.97119141	1.15686274
2469.00366211	1.15686274
2469.03271484	1.15686274
2469.06127930	1.15686274
2469.09399414	1.15686274
2469.12280273	1.15686274
2469.15136719	1.17647064
2469.18408203	1.17647064
2469.21289063	1.17647064
2469.24145508	1.17647064
2469.27441406	1.17647064
2469.30297852	1.17647064
2469.33154297	1.17647064
2469.36450195	1.17647064
2469.39306641	1.17647064
2469.42187500	1.17647064
2469.45434570	1.17647064
2469.48339844	1.17647064
2469.51171875	1.17647064
2469.54467773	1.17647064
2469.57324219	1.17647064
2469.60205078	1.17647064
2469.63476563	1.17647064
2469.66357422	1.17647064
2469.69213867	1.17647064
2469.72485352	1.17647064
2469.75366211	1.17647064
2469.78222656	1.17647064
2469.81494141	1.17647064
2469.84350586	1.17647064
2469.87231445	1.17647064
2469.90502930	1.17647064
2469.93383789	1.17647064
2469.96240234	1.17647064
2470.02368164	1.17647064
2470.05273438	1.17647064
2470.11401367	1.17647064
2470.14282227	1.17647064
2470.20410156	1.17647064
2470.23291016	1.17647064
2470.26147461	1.17647064
2470.29443359	1.17647064
2470.32299805	1.17647064
2470.35156250	1.17647064
2470.38427734	1.17647064
2470.41308594	1.17647064
2470.44165039	1.17647064
2470.47460938	1.17647064
2470.50317383	1.17647064
2470.53173828	1.17647064
2470.56469727	1.17647064
2470.59326172	1.17647064
2470.62207031	1.17647064
2470.65478516	1.17647064
2470.68334961	1.17647064
2470.71191406	1.17647064
2470.74487305	1.17647064
2470.77368164	1.17647064
2470.80224609	1.17647064
2470.83496094	1.17647064
2470.86401367	1.17647064
2470.89233398	1.17647064
2470.92504883	1.17647064
2470.95385742	1.17647064
2470.98242188	1.17647064
2471.01538086	1.17647064
2471.04394531	1.17647064
2471.07250977	1.17647064
2471.10546875	1.17647064
2471.13403320	1.17647064
2471.16259766	1.19607842
2471.19555664	1.17647064
2471.22436523	1.19607842
2471.25268555	1.19607842
2471.28564453	1.19607842
2471.31420898	1.19607842
2471.34301758	1.19607842
2471.37573242	1.19607842
2471.40429688	1.19607842
2471.43310547	1.19607842
2471.46582031	1.19607842
2471.49438477	1.19607842
2471.52319336	1.19607842
2471.55590820	1.19607842
2471.58447266	1.19607842
2471.61328125	1.19607842
2471.64599609	1.19607842
2471.67480469	1.19607842
2471.70336914	1.19607842
2471.73632813	1.19607842
2471.76489258	1.19607842
2471.79370117	1.19607842
2471.82641602	1.19607842
2471.85498047	1.19607842
2471.88354492	1.19607842
2471.91650391	1.19607842
2471.94506836	1.19607842
2471.97387695	1.19607842
2472.00659180	1.19607842
2472.03540039	1.19607842
2472.06396484	1.19607842
2472.09667969	1.19607842
2472.12524414	1.19607842
2472.15405273	1.19607842
2472.18676758	1.19607842
2472.21557617	1.19607842
2472.24414063	1.19607842
2472.30566406	1.19607842
2472.33447266	1.19607842
2472.39575195	1.19607842
2472.42456055	1.19607842
2472.48583984	1.19607842
2472.51440430	1.19607842
2472.57592773	1.19607842
2472.60473633	1.19607842
2472.63330078	1.19607842
2472.66625977	1.19607842
2472.69458008	1.19607842
2472.72338867	1.19607842
2472.75610352	1.19607842
2472.78491211	1.19607842
2472.81347656	1.19607842
2472.84643555	1.19607842
2472.87500000	1.19607842
2472.90380859	1.19607842
2472.93652344	1.19607842
2472.96508789	1.19607842
2472.99389648	1.19607842
2473.02661133	1.19607842
2473.05541992	1.19607842
2473.08398438	1.19607842
2473.11669922	1.19607842
2473.14526367	1.19607842
2473.17407227	1.19607842
2473.20678711	1.19607842
2473.23559570	1.19607842
2473.26416016	1.19607842
2473.29711914	1.19607842
2473.32543945	1.19607842
2473.35424805	1.19607842
2473.38696289	1.19607842
2473.41577148	1.19607842
2473.44433594	1.19607842
2473.47729492	1.19607842
2473.50585938	1.19607842
2473.53466797	1.19607842
2473.56738281	1.19607842
2473.59594727	1.19607842
2473.62451172	1.19607842
2473.65747070	1.19607842
2473.68603516	1.19607842
2473.71459961	1.19607842
2473.74755859	1.19607842
2473.77636719	1.19607842
2473.80493164	1.19607842
2473.83764648	1.19607842
2473.86645508	1.19607842
2473.89501953	1.19607842
2473.92797852	1.21568632
2473.95629883	1.19607842
2473.98510742	1.21568632
2474.01782227	1.21568632
2474.04663086	1.21568632
2474.07519531	1.21568632
2474.10815430	1.21568632
2474.13671875	1.21568632
2474.16528320	1.21568632
2474.19799805	1.21568632
2474.22680664	1.21568632
2474.25537109	1.21568632
2474.28833008	1.21568632
2474.31689453	1.21568632
2474.34545898	1.21568632
2474.37817383	1.21568632
2474.40722656	1.21568632
2474.43554688	1.21568632
2474.46850586	1.21568632
2474.49731445	1.21568632
2474.52587891	1.21568632
2474.55859375	1.21568632
2474.58740234	1.21568632
2474.61596680	1.21568632
2474.67749023	1.21568632
2474.70605469	1.21568632
2474.76757813	1.21568632
2474.79638672	1.21568632
2474.85766602	1.21568632
2474.88623047	1.21568632
2474.91503906	1.21568632
2474.94775391	1.21568632
2474.97631836	1.21568632
2475.00512695	1.21568632
2475.03784180	1.21568632
2475.06640625	1.21568632
2475.09521484	1.21568632
2475.12792969	1.21568632
2475.15673828	1.21568632
2475.18530273	1.21568632
2475.21801758	1.21568632
2475.24682617	1.21568632
2475.27539063	1.21568632
2475.30834961	1.21568632
2475.33691406	1.21568632
2475.36547852	1.21568632
2475.39819336	1.21568632
2475.42700195	1.21568632
2475.45556641	1.21568632
2475.48852539	1.21568632
2475.51708984	1.21568632
2475.54589844	1.21568632
2475.57836914	1.21568632
2475.60742188	1.21568632
2475.63598633	1.21568632
2475.66870117	1.21568632
2475.69726563	1.21568632
2475.72607422	1.21568632
2475.75878906	1.21568632
2475.78759766	1.21568632
2475.81640625	1.21568632
2475.84887695	1.21568632
2475.87768555	1.21568632
2475.90625000	1.21568632
2475.93896484	1.21568632
2475.96777344	1.21568632
2475.99633789	1.21568632
2476.02929688	1.21568632
2476.05786133	1.21568632
2476.08642578	1.21568632
2476.11938477	1.21568632
2476.14794922	1.21568632
2476.17675781	1.21568632
2476.20947266	1.21568632
2476.23828125	1.21568632
2476.26684570	1.21568632
2476.29956055	1.21568632
2476.32812500	1.21568632
2476.35693359	1.21568632
2476.38964844	1.21568632
2476.41845703	1.21568632
2476.44702148	1.21568632
2476.47973633	1.21568632
2476.50854492	1.21568632
2476.53710938	1.21568632
2476.56982422	1.21568632
2476.59863281	1.21568632
2476.62719727	1.21568632
2476.65991211	1.21568632
2476.68872070	1.21568632
2476.71728516	1.21568632
2476.75024414	1.21568632
2476.77880859	1.21568632
2476.80737305	1.23529410
2476.84033203	1.23529410
2476.86889648	1.23529410
2476.89770508	1.23529410
2476.95898438	1.23529410
2476.98779297	1.23529410
2477.04931641	1.23529410
2477.07788086	1.23529410
2477.13916016	1.23529410
2477.16796875	1.23529410
2477.19653320	1.23529410
2477.22949219	1.23529410
2477.25805664	1.23529410
2477.28686523	1.23529410
2477.31958008	1.23529410
2477.34838867	1.23529410
2477.37695313	1.23529410
2477.40966797	1.23529410
2477.43847656	1.23529410
2477.46704102	1.23529410
2477.49975586	1.23529410
2477.52856445	1.23529410
2477.55712891	1.23529410
2477.58984375	1.23529410
2477.61865234	1.23529410
2477.64746094	1.23529410
2477.68017578	1.23529410
2477.70874023	1.23529410
2477.73730469	1.23529410
2477.77026367	1.23529410
2477.79882813	1.23529410
2477.82739258	1.23529410
2477.86035156	1.23529410
2477.88891602	1.23529410
2477.91772461	1.23529410
2477.95043945	1.23529410
2477.97900391	1.23529410
2478.00756836	1.23529410
2478.04052734	1.23529410
2478.06909180	1.23529410
2478.09790039	1.23529410
2478.13061523	1.23529410
2478.15917969	1.23529410
2478.18798828	1.23529410
2478.22070313	1.23529410
2478.24926758	1.23529410
2478.27807617	1.23529410
2478.31103516	1.23529410
2478.33959961	1.23529410
2478.36840820	1.23529410
2478.40112305	1.23529410
2478.42968750	1.23529410
2478.45825195	1.23529410
2478.49121094	1.23529410
2478.51977539	1.23529410
2478.54858398	1.23529410
2478.58129883	1.23529410
2478.60986328	1.23529410
2478.63867188	1.23529410
2478.67138672	1.23529410
2478.69995117	1.23529410
2478.72875977	1.23529410
2478.76147461	1.23529410
2478.79028320	1.23529410
2478.81884766	1.23529410
2478.85156250	1.23529410
2478.88012695	1.23529410
2478.90893555	1.23529410
2478.94165039	1.23529410
2478.97045898	1.23529410
2478.99902344	1.23529410
2479.03173828	1.23529410
2479.06054688	1.23529410
2479.08911133	1.23529410
2479.12207031	1.23529410
2479.15063477	1.23529410
2479.17919922	1.23529410
2479.24072266	1.23529410
2479.26928711	1.23529410
2479.33081055	1.23529410
2479.35961914	1.23529410
2479.42114258	1.23529410
2479.44970703	1.23529410
2479.47827148	1.23529410
2479.51098633	1.23529410
2479.53979492	1.23529410
2479.56835938	1.23529410
2479.60131836	1.23529410
2479.62988281	1.23529410
2479.65869141	1.23529410
2479.69140625	1.23529410
2479.71997070	1.23529410
2479.74877930	1.23529410
2479.78149414	1.23529410
2479.81030273	1.23529410
2479.83886719	1.23529410
2479.87158203	1.23529410
2479.90014648	1.23529410
2479.92895508	1.23529410
2479.96191406	1.23529410
2479.99023438	1.23529410
2480.01904297	1.23529410
2480.05175781	1.23529410
2480.08056641	1.23529410
2480.10913086	1.23529410
2480.14208984	1.23529410
2480.17065430	1.23529410
2480.19921875	1.23529410
2480.23217773	1.23529410
2480.26074219	1.23529410
2480.28955078	1.23529410
2480.32226563	1.23529410
2480.35083008	1.23529410
2480.37939453	1.23529410
2480.41235352	1.23529410
2480.44091797	1.23529410
2480.46972656	1.23529410
2480.50244141	1.23529410
2480.53125000	1.23529410
2480.55981445	1.23529410
2480.59252930	1.23529410
2480.62133789	1.23529410
2480.64990234	1.23529410
2480.68261719	1.23529410
2480.71118164	1.23529410
2480.73999023	1.23529410
2480.77270508	1.23529410
2480.80151367	1.23529410
2480.83032227	1.23529410
2480.86279297	1.23529410
2480.89160156	1.23529410
2480.92016602	1.23529410
2480.95288086	1.23529410
2480.98168945	1.23529410
2481.01025391	1.23529410
2481.04321289	1.23529410
2481.07177734	1.23529410
2481.10034180	1.23529410
2481.13330078	1.23529410
2481.16210938	1.23529410
2481.19067383	1.23529410
2481.22338867	1.23529410
2481.25219727	1.23529410
2481.28076172	1.23529410
2481.31347656	1.23529410
2481.34228516	1.23529410
2481.37084961	1.23529410
2481.40356445	1.23529410
2481.43237305	1.23529410
2481.46093750	1.23529410
2481.52246094	1.23529410
2481.55102539	1.23529410
2481.61254883	1.23529410
2481.64111328	1.23529410
2481.70263672	1.23529410
2481.73144531	1.23529410
2481.76000977	1.23529410
2481.79272461	1.23529410
2481.82153320	1.23529410
2481.85034180	1.23529410
2481.88305664	1.23529410
2481.91162109	1.23529410
2481.94018555	1.23529410
2481.97290039	1.23529410
2482.00170898	1.23529410
2482.03027344	1.23529410
2482.06323242	1.23529410
2482.09179688	1.23529410
2482.12036133	1.23529410
2482.15332031	1.23529410
2482.18188477	1.23529410
2482.21044922	1.23529410
2482.24340820	1.23529410
2482.27197266	1.23529410
2482.30078125	1.23529410
2482.33349609	1.23529410
2482.36230469	1.23529410
2482.39086914	1.23529410
2482.42358398	1.23529410
2482.45239258	1.23529410
2482.48095703	1.23529410
2482.51367188	1.23529410
2482.54248047	1.23529410
2482.57104492	1.25490201
2482.60375977	1.25490201
2482.63256836	1.25490201
2482.66113281	1.25490201
2482.69384766	1.25490201
2482.72265625	1.25490201
2482.75146484	1.25490201
2482.78417969	1.25490201
2482.81298828	1.25490201
2482.84155273	1.25490201
2482.87426758	1.25490201
2482.90307617	1.25490201
2482.93164063	1.25490201
2482.96435547	1.25490201
2482.99316406	1.25490201
2483.02172852	1.25490201
2483.05444336	1.25490201
2483.08325195	1.25490201
2483.11181641	1.25490201
2483.14453125	1.25490201
2483.17333984	1.25490201
2483.20190430	1.25490201
2483.23461914	1.25490201
2483.26342773	1.25490201
2483.29199219	1.25490201
2483.32495117	1.25490201
2483.35351563	1.25490201
2483.38208008	1.25490201
2483.41503906	1.25490201
2483.44360352	1.25490201
2483.47241211	1.25490201
2483.50512695	1.25490201
2483.53369141	1.25490201
2483.56250000	1.25490201
2483.59521484	1.25490201
2483.62377930	1.25490201
2483.65258789	1.25490201
2483.68530273	1.25490201
2483.71386719	1.25490201
2483.74267578	1.25490201
2483.80419922	1.25490201
2483.83276367	1.25490201
2483.89404297	1.25490201
2483.92309570	1.25490201
2483.98437500	1.25490201
2484.01293945	1.25490201
2484.07446289	1.25490201
2484.10327148	1.25490201
2484.13183594	1.25490201
2484.16455078	1.25490201
2484.19335938	1.25490201
2484.22192383	1.25490201
2484.25463867	1.25490201
2484.28344727	1.25490201
2484.31201172	1.25490201
2484.34472656	1.25490201
2484.37353516	1.25490201
2484.40209961	1.25490201
2484.43505859	1.25490201
2484.46362305	1.25490201
2484.49243164	1.25490201
2484.52514648	1.25490201
2484.55371094	1.25490201
2484.58251953	1.25490201
2484.61523438	1.25490201
2484.64379883	1.25490201
2484.67260742	1.25490201
2484.70532227	1.25490201
2484.73388672	1.27450979
2484.76269531	1.27450979
2484.79541016	1.27450979
2484.82421875	1.27450979
2484.85278320	1.27450979
2484.88549805	1.27450979
2484.91430664	1.27450979
2484.94287109	1.27450979
2484.97583008	1.27450979
2485.00415039	1.27450979
2485.03320313	1.27450979
2485.06591797	1.27450979
2485.09423828	1.27450979
2485.12329102	1.27450979
2485.15600586	1.27450979
2485.18457031	1.27450979
2485.21337891	1.27450979
2485.24609375	1.27450979
2485.27465820	1.27450979
2485.30346680	1.27450979
2485.33618164	1.27450979
2485.36474609	1.27450979
2485.39355469	1.27450979
2485.42626953	1.27450979
2485.45483398	1.27450979
2485.48364258	1.27450979
2485.51635742	1.27450979
2485.54516602	1.27450979
2485.57373047	1.27450979
2485.60668945	1.27450979
2485.63500977	1.27450979
2485.66406250	1.27450979
2485.69653320	1.27450979
2485.72534180	1.27450979
2485.75390625	1.27450979
2485.78686523	1.27450979
2485.81542969	1.27450979
2485.84423828	1.27450979
2485.87695313	1.27450979
2485.90551758	1.27450979
2485.93408203	1.27450979
2485.96704102	1.27450979
2485.99560547	1.27450979
2486.02441406	1.27450979
2486.05712891	1.27450979
2486.08569336	1.27450979
2486.11450195	1.27450979
2486.17602539	1.27450979
2486.20458984	1.27450979
2486.26586914	1.27450979
2486.29467773	1.27450979
2486.35620117	1.27450979
2486.38476563	1.27450979
2486.41357422	1.27450979
2486.44628906	1.27450979
2486.47509766	1.27450979
2486.50366211	1.27450979
2486.53637695	1.27450979
2486.56518555	1.27450979
2486.59375000	1.27450979
2486.62646484	1.27450979
2486.65527344	1.27450979
2486.68383789	1.27450979
2486.71655273	1.27450979
2486.74536133	1.27450979
2486.77392578	1.27450979
2486.80688477	1.27450979
2486.83544922	1.27450979
2486.86425781	1.27450979
2486.89697266	1.27450979
2486.92553711	1.27450979
2486.95410156	1.27450979
2486.98706055	1.27450979
2487.01562500	1.27450979
2487.04418945	1.27450979
2487.07714844	1.27450979
2487.10571289	1.29411769
2487.13452148	1.29411769
2487.16723633	1.29411769
2487.19580078	1.29411769
2487.22460938	1.29411769
2487.25756836	1.29411769
2487.28613281	1.29411769
2487.31469727	1.29411769
2487.34765625	1.29411769
2487.37622070	1.29411769
2487.40478516	1.29411769
2487.43750000	1.29411769
2487.46630859	1.29411769
2487.49487305	1.29411769
2487.52758789	1.29411769
2487.55639648	1.29411769
2487.58520508	1.29411769
2487.61767578	1.29411769
2487.64648438	1.29411769
2487.67529297	1.29411769
2487.70776367	1.29411769
2487.73681641	1.29411769
2487.76513672	1.29411769
2487.79809570	1.29411769
2487.82666016	1.29411769
2487.85546875	1.29411769
2487.88818359	1.29411769
2487.91699219	1.29411769
2487.94555664	1.29411769
2487.97827148	1.29411769
2488.00708008	1.29411769
2488.03564453	1.29411769
2488.06835938	1.29411769
2488.09716797	1.29411769
2488.12597656	1.29411769
2488.15844727	1.29411769
2488.18725586	1.29411769
2488.21582031	1.29411769
2488.24853516	1.29411769
2488.27734375	1.29411769
2488.30590820	1.29411769
2488.33886719	1.29411769
2488.36743164	1.29411769
2488.39624023	1.29411769
2488.45776367	1.29411769
2488.48632813	1.29411769
2488.54760742	1.29411769
2488.57641602	1.29411769
2488.63793945	1.29411769
2488.66650391	1.29411769
2488.69506836	1.29411769
2488.72778320	1.29411769
2488.75659180	1.29411769
2488.78540039	1.29411769
2488.81811523	1.29411769
2488.84692383	1.29411769
2488.87548828	1.29411769
2488.90820313	1.29411769
2488.93701172	1.29411769
2488.96557617	1.29411769
2488.99829102	1.29411769
2489.02709961	1.29411769
2489.05566406	1.29411769
2489.08837891	1.29411769
2489.11718750	1.29411769
2489.14575195	1.29411769
2489.17846680	1.29411769
2489.20727539	1.29411769
2489.23583984	1.29411769
2489.26855469	1.29411769
2489.29736328	1.29411769
2489.32617188	1.29411769
2489.35864258	1.29411769
2489.38745117	1.29411769
2489.41601563	1.29411769
2489.44873047	1.29411769
2489.47778320	1.29411769
2489.50634766	1.29411769
2489.53930664	1.29411769
2489.56787109	1.29411769
2489.59643555	1.29411769
2489.62915039	1.29411769
2489.65795898	1.31372547
2489.68652344	1.31372547
2489.71923828	1.31372547
2489.74804688	1.31372547
2489.77661133	1.31372547
2489.80932617	1.31372547
2489.83813477	1.31372547
2489.86669922	1.31372547
2489.89941406	1.31372547
2489.92822266	1.31372547
2489.95678711	1.31372547
2489.98950195	1.31372547
2490.01831055	1.31372547
2490.04687500	1.31372547
2490.07983398	1.31372547
2490.10839844	1.31372547
2490.13720703	1.31372547
2490.16992188	1.31372547
2490.19848633	1.31372547
2490.22729492	1.31372547
2490.26000977	1.31372547
2490.28857422	1.31372547
2490.31738281	1.31372547
2490.35009766	1.31372547
2490.37866211	1.31372547
2490.40747070	1.31372547
2490.44018555	1.31372547
2490.46899414	1.31372547
2490.49780273	1.31372547
2490.53027344	1.31372547
2490.55908203	1.31372547
2490.58789063	1.31372547
2490.62060547	1.31372547
2490.64916992	1.31372547
2490.67773438	1.31372547
2490.73925781	1.31372547
2490.76806641	1.31372547
2490.82934570	1.29411769
2490.85815430	1.29411769
2490.91943359	1.29411769
2490.94824219	1.29411769
2490.97680664	1.29411769
2491.00952148	1.29411769
2491.03833008	1.29411769
2491.06713867	1.29411769
2491.09960938	1.29411769
2491.12841797	1.29411769
2491.15722656	1.29411769
2491.18994141	1.29411769
2491.21850586	1.29411769
2491.24731445	1.29411769
2491.28002930	1.29411769
2491.30859375	1.29411769
2491.33740234	1.29411769
2491.37011719	1.29411769
2491.39868164	1.29411769
2491.42749023	1.29411769
2491.46020508	1.29411769
2491.48876953	1.29411769
2491.51757813	1.29411769
2491.55029297	1.29411769
2491.57910156	1.29411769
2491.60766602	1.29411769
2491.64062500	1.29411769
2491.66918945	1.29411769
2491.69775391	1.29411769
2491.73046875	1.29411769
2491.75903320	1.29411769
2491.78808594	1.29411769
2491.82080078	1.29411769
2491.84936523	1.29411769
2491.87817383	1.29411769
2491.91088867	1.29411769
2491.93945313	1.29411769
2491.96826172	1.29411769
2492.00097656	1.29411769
2492.02954102	1.29411769
2492.05834961	1.29411769
2492.09106445	1.29411769
2492.11962891	1.29411769
2492.14843750	1.29411769
2492.18115234	1.29411769
2492.20996094	1.29411769
2492.23852539	1.29411769
2492.27124023	1.29411769
2492.30004883	1.29411769
2492.32861328	1.29411769
2492.36157227	1.29411769
2492.39013672	1.29411769
2492.41870117	1.29411769
2492.45166016	1.29411769
2492.48022461	1.29411769
2492.50878906	1.29411769
2492.54174805	1.29411769
2492.57031250	1.29411769
2492.59912109	1.29411769
2492.63183594	1.29411769
2492.66040039	1.29411769
2492.68920898	1.29411769
2492.72192383	1.29411769
2492.75048828	1.29411769
2492.77929688	1.29411769
2492.81225586	1.29411769
2492.84082031	1.29411769
2492.86938477	1.29411769
2492.90209961	1.29411769
2492.93090820	1.29411769
2492.95947266	1.29411769
2493.02099609	1.29411769
2493.04956055	1.29411769
2493.11108398	1.29411769
2493.13964844	1.29411769
2493.20117188	1.29411769
2493.22973633	1.29411769
2493.25854492	1.29411769
2493.29125977	1.29411769
2493.32006836	1.29411769
2493.34863281	1.29411769
2493.38134766	1.29411769
2493.41015625	1.29411769
2493.43872070	1.29411769
2493.47167969	1.29411769
2493.50024414	1.29411769
2493.52905273	1.29411769
2493.56176758	1.29411769
2493.59033203	1.29411769
2493.61914063	1.29411769
2493.65185547	1.29411769
2493.68041992	1.29411769
2493.70898438	1.29411769
2493.74194336	1.29411769
2493.77050781	1.29411769
2493.79931641	1.29411769
2493.83203125	1.29411769
2493.86059570	1.29411769
2493.88940430	1.29411769
2493.92236328	1.29411769
2493.95092773	1.29411769
2493.97949219	1.29411769
2494.01220703	1.29411769
2494.04101563	1.29411769
2494.06958008	1.29411769
2494.10253906	1.29411769
2494.13110352	1.29411769
2494.15966797	1.29411769
2494.19238281	1.29411769
2494.22119141	1.29411769
2494.24975586	1.29411769
2494.28247070	1.29411769
2494.31127930	1.29411769
2494.34008789	1.29411769
2494.37280273	1.29411769
2494.40136719	1.29411769
2494.43017578	1.29411769
2494.46289063	1.29411769
2494.49145508	1.29411769
2494.52026367	1.29411769
2494.55297852	1.29411769
2494.58178711	1.29411769
2494.61035156	1.29411769
2494.64306641	1.29411769
2494.67187500	1.29411769
2494.70043945	1.29411769
2494.73315430	1.29411769
2494.76196289	1.29411769
2494.79052734	1.29411769
2494.82324219	1.29411769
2494.85205078	1.29411769
2494.88061523	1.29411769
2494.91333008	1.29411769
2494.94213867	1.29411769
2494.97070313	1.29411769
2495.00366211	1.29411769
2495.03222656	1.29411769
2495.06103516	1.29411769
2495.09375000	1.29411769
2495.12231445	1.29411769
2495.15112305	1.29411769
2495.18383789	1.29411769
2495.21240234	1.29411769
2495.24121094	1.29411769
2495.30273438	1.29411769
2495.33129883	1.29411769
2495.39282227	1.29411769
2495.42138672	1.31372547
2495.48291016	1.31372547
2495.51147461	1.31372547
2495.57299805	1.31372547
2495.60180664	1.31372547
2495.63037109	1.31372547
2495.66308594	1.31372547
2495.69189453	1.31372547
2495.72045898	1.31372547
2495.75317383	1.31372547
2495.78198242	1.31372547
2495.81054688	1.31372547
2495.84326172	1.31372547
2495.87207031	1.31372547
2495.90063477	1.31372547
2495.93359375	1.31372547
2495.96215820	1.31372547
2495.99072266	1.31372547
2496.02368164	1.31372547
2496.05224609	1.31372547
2496.08081055	1.31372547
2496.11376953	1.31372547
2496.14233398	1.31372547
2496.17089844	1.31372547
2496.20385742	1.31372547
2496.23266602	1.31372547
2496.26123047	1.31372547
2496.29418945	1.31372547
2496.32275391	1.31372547
2496.35131836	1.31372547
2496.38403320	1.31372547
2496.41284180	1.31372547
2496.44140625	1.31372547
2496.47412109	1.31372547
2496.50292969	1.31372547
2496.53149414	1.31372547
2496.56420898	1.31372547
2496.59301758	1.31372547
2496.62158203	1.31372547
2496.65454102	1.31372547
2496.68310547	1.31372547
2496.71166992	1.31372547
2496.74462891	1.31372547
2496.77319336	1.31372547
2496.80200195	1.31372547
2496.83471680	1.31372547
2496.86328125	1.31372547
2496.89208984	1.31372547
2496.92480469	1.31372547
2496.95336914	1.31372547
2496.98217773	1.31372547
2497.01489258	1.31372547
2497.04345703	1.31372547
2497.07226563	1.31372547
2497.10522461	1.31372547
2497.13354492	1.31372547
2497.16259766	1.31372547
2497.19506836	1.31372547
2497.22387695	1.31372547
2497.25244141	1.31372547
2497.28540039	1.31372547
2497.31396484	1.31372547
2497.34277344	1.31372547
2497.37548828	1.31372547
2497.40405273	1.31372547
2497.43286133	1.31372547
2497.46557617	1.31372547
2497.49414063	1.31372547
2497.52294922	1.31372547
2497.55566406	1.31372547
2497.58422852	1.31372547
2497.61303711	1.31372547
2497.67431641	1.31372547
2497.70312500	1.31372547
2497.76440430	1.31372547
2497.79345703	1.31372547
2497.85473633	1.31372547
2497.88330078	1.31372547
2497.91210938	1.31372547
2497.94482422	1.31372547
2497.97338867	1.31372547
2498.00219727	1.31372547
2498.03491211	1.31372547
2498.06347656	1.31372547
2498.09228516	1.31372547
2498.12500000	1.31372547
2498.15380859	1.33333337
2498.18237305	1.33333337
2498.21508789	1.33333337
2498.24365234	1.33333337
2498.27246094	1.33333337
2498.30517578	1.33333337
2498.33398438	1.33333337
2498.36254883	1.33333337
2498.39526367	1.33333337
2498.42407227	1.33333337
2498.45288086	1.33333337
2498.48559570	1.33333337
2498.51416016	1.33333337
2498.54296875	1.33333337
2498.57568359	1.33333337
2498.60424805	1.33333337
2498.63305664	1.33333337
2498.66577148	1.33333337
2498.69433594	1.33333337
2498.72314453	1.33333337
2498.75585938	1.33333337
2498.78442383	1.33333337
2498.81323242	1.33333337
2498.84594727	1.33333337
2498.87451172	1.33333337
2498.90332031	1.33333337
2498.93603516	1.33333337
2498.96484375	1.33333337
2498.99340820	1.33333337
2499.02636719	1.33333337
2499.05493164	1.33333337
2499.08349609	1.33333337
2499.11645508	1.33333337
2499.14501953	1.33333337
2499.17358398	1.33333337
2499.20654297	1.33333337
2499.23510742	1.33333337
2499.26367188	1.33333337
2499.29663086	1.33333337
2499.32543945	1.33333337
2499.35400391	1.33333337
2499.38671875	1.33333337
2499.41552734	1.33333337
2499.44409180	1.33333337
2499.47680664	1.33333337
2499.50561523	1.33333337
2499.53417969	1.33333337
2499.56713867	1.33333337
2499.59570313	1.33333337
2499.62426758	1.33333337
2499.65698242	1.33333337
2499.68579102	1.33333337
2499.71435547	1.33333337
2499.74707031	1.33333337
2499.77587891	1.33333337
2499.80444336	1.33333337
2499.83715820	1.33333337
2499.86596680	1.33333337
2499.89453125	1.33333337
2499.95605469	1.33333337
2499.98461914	1.33333337
2500.04614258	1.33333337
2500.07495117	1.33333337
2500.13647461	1.33333337
2500.16503906	1.33333337
2500.19360352	1.33333337
2500.22656250	1.33333337
2500.25512695	1.33333337
2500.28393555	1.33333337
2500.31665039	1.33333337
2500.34521484	1.33333337
2500.37402344	1.33333337
2500.40673828	1.33333337
2500.43530273	1.33333337
2500.46411133	1.33333337
2500.49682617	1.33333337
2500.52539063	1.33333337
2500.55419922	1.33333337
2500.58691406	1.33333337
2500.61572266	1.33333337
2500.64428711	1.33333337
2500.67700195	1.33333337
2500.70556641	1.33333337
2500.73437500	1.33333337
2500.76708984	1.33333337
2500.79589844	1.33333337
2500.82446289	1.33333337
2500.85742188	1.33333337
2500.88598633	1.33333337
2500.91479492	1.33333337
2500.94726563	1.35294116
2500.97607422	1.35294116
2501.00463867	1.35294116
2501.03759766	1.35294116
2501.06616211	1.35294116
2501.09497070	1.35294116
2501.12768555	1.35294116
2501.15649414	1.35294116
2501.18505859	1.35294116
2501.21777344	1.35294116
2501.24658203	1.35294116
2501.27514648	1.35294116
2501.30810547	1.35294116
2501.33666992	1.35294116
2501.36523438	1.35294116
2501.39819336	1.35294116
2501.42675781	1.35294116
2501.45532227	1.35294116
2501.48828125	1.35294116
2501.51684570	1.35294116
2501.54565430	1.35294116
2501.57812500	1.35294116
2501.60693359	1.35294116
2501.63574219	1.35294116
2501.66845703	1.35294116
2501.69702148	1.35294116
2501.72583008	1.35294116
2501.75830078	1.35294116
2501.78735352	1.35294116
2501.81591797	1.35294116
2501.84863281	1.35294116
2501.87719727	1.35294116
2501.90600586	1.35294116
2501.93872070	1.35294116
2501.96728516	1.35294116
2501.99609375	1.35294116
2502.02880859	1.35294116
2502.05737305	1.35294116
2502.08618164	1.35294116
2502.11889648	1.35294116
2502.14770508	1.35294116
2502.17651367	1.35294116
2502.23779297	1.35294116
2502.26660156	1.35294116
2502.32788086	1.35294116
2502.35668945	1.35294116
2502.41796875	1.35294116
2502.44677734	1.35294116
2502.47534180	1.35294116
2502.50805664	1.35294116
2502.53686523	1.35294116
2502.56542969	1.35294116
2502.59814453	1.35294116
2502.62695313	1.35294116
2502.65551758	1.35294116
2502.68823242	1.35294116
2502.71704102	1.35294116
2502.74560547	1.35294116
2502.77856445	1.35294116
2502.80737305	1.35294116
2502.83593750	1.35294116
2502.86865234	1.35294116
2502.89746094	1.35294116
2502.92602539	1.35294116
2502.95874023	1.35294116
2502.98754883	1.35294116
2503.01611328	1.35294116
2503.04907227	1.35294116
2503.07763672	1.35294116
2503.10620117	1.35294116
2503.13891602	1.35294116
2503.16772461	1.35294116
2503.19628906	1.35294116
2503.22924805	1.35294116
2503.25756836	1.35294116
2503.28662109	1.35294116
2503.31909180	1.35294116
2503.34814453	1.35294116
2503.37646484	1.35294116
2503.40942383	1.35294116
2503.43798828	1.35294116
2503.46679688	1.35294116
2503.49951172	1.35294116
2503.52807617	1.35294116
2503.55688477	1.35294116
2503.58959961	1.35294116
2503.61816406	1.35294116
2503.64697266	1.35294116
2503.67968750	1.35294116
2503.70825195	1.35294116
2503.73706055	1.35294116
2503.76977539	1.35294116
2503.79858398	1.35294116
2503.82714844	1.35294116
2503.86010742	1.35294116
2503.88867188	1.35294116
2503.91748047	1.35294116
2503.95019531	1.35294116
2503.97875977	1.35294116
2504.00732422	1.35294116
2504.04028320	1.35294116
2504.06884766	1.35294116
2504.09765625	1.35294116
2504.13037109	1.35294116
2504.15893555	1.35294116
2504.18774414	1.35294116
2504.22045898	1.35294116
2504.24902344	1.35294116
2504.27783203	1.35294116
2504.31054688	1.35294116
2504.33935547	1.35294116
2504.36791992	1.35294116
2504.40063477	1.35294116
2504.42944336	1.35294116
2504.45800781	1.35294116
2504.51953125	1.35294116
2504.54809570	1.37254906
2504.60961914	1.37254906
2504.63818359	1.37254906
2504.69970703	1.37254906
2504.72827148	1.37254906
2504.75708008	1.37254906
2504.78979492	1.37254906
2504.81860352	1.37254906
2504.84716797	1.37254906
2504.87988281	1.37254906
2504.90869141	1.37254906
2504.93725586	1.37254906
2504.96997070	1.37254906
2504.99877930	1.37254906
2505.02758789	1.37254906
2505.06030273	1.37254906
2505.08911133	1.37254906
2505.11767578	1.37254906
2505.15039063	1.37254906
2505.17895508	1.37254906
2505.20776367	1.37254906
2505.24047852	1.37254906
2505.26904297	1.37254906
2505.29785156	1.37254906
2505.33056641	1.37254906
2505.35913086	1.37254906
2505.38793945	1.37254906
2505.42065430	1.37254906
2505.44921875	1.37254906
2505.47802734	1.37254906
2505.51074219	1.37254906
2505.53955078	1.37254906
2505.56811523	1.37254906
2505.60107422	1.37254906
2505.62939453	1.37254906
2505.65844727	1.37254906
2505.69116211	1.37254906
2505.71972656	1.37254906
2505.74829102	1.37254906
2505.78125000	1.37254906
2505.80981445	1.37254906
2505.83837891	1.37254906
2505.87133789	1.37254906
2505.89990234	1.37254906
2505.92846680	1.37254906
2505.96142578	1.37254906
2505.98999023	1.37254906
2506.01855469	1.37254906
2506.05151367	1.37254906
2506.08007813	1.37254906
2506.10913086	1.37254906
2506.14160156	1.37254906
2506.17041016	1.37254906
2506.19897461	1.37254906
2506.23168945	1.37254906
2506.26049805	1.37254906
2506.28906250	1.37254906
2506.32202148	1.37254906
2506.35058594	1.37254906
2506.37915039	1.37254906
2506.41210938	1.37254906
2506.44067383	1.37254906
2506.46923828	1.37254906
2506.50195313	1.37254906
2506.53076172	1.37254906
2506.55932617	1.37254906
2506.59228516	1.37254906
2506.62084961	1.37254906
2506.64965820	1.37254906
2506.68237305	1.37254906
2506.71118164	1.37254906
2506.73974609	1.37254906
2506.80126953	1.37254906
2506.82983398	1.37254906
2506.89135742	1.37254906
2506.91992188	1.37254906
2506.98168945	1.37254906
2507.01000977	1.37254906
2507.07153320	1.37254906
2507.10009766	1.37254906
2507.12890625	1.37254906
2507.16162109	1.37254906
2507.19042969	1.37254906
2507.21899414	1.37254906
2507.25170898	1.37254906
2507.28051758	1.37254906
2507.30908203	1.37254906
2507.34204102	1.37254906
2507.37060547	1.37254906
2507.39916992	1.39215684
2507.43188477	1.39215684
2507.46069336	1.39215684
2507.48925781	1.39215684
2507.52197266	1.39215684
2507.55078125	1.39215684
2507.57934570	1.39215684
2507.61230469	1.39215684
2507.64086914	1.39215684
2507.66967773	1.39215684
2507.70239258	1.39215684
2507.73120117	1.39215684
2507.75976563	1.39215684
2507.79248047	1.39215684
2507.82128906	1.39215684
2507.84985352	1.39215684
2507.88256836	1.39215684
2507.91137695	1.39215684
2507.93994141	1.39215684
2507.97265625	1.39215684
2508.00146484	1.39215684
2508.03002930	1.39215684
2508.06298828	1.39215684
2508.09155273	1.39215684
2508.12011719	1.39215684
2508.15283203	1.39215684
2508.18164063	1.39215684
2508.21020508	1.39215684
2508.24291992	1.39215684
2508.27172852	1.39215684
2508.30053711	1.39215684
2508.33325195	1.39215684
2508.36206055	1.39215684
2508.39038086	1.39215684
2508.42333984	1.39215684
2508.45214844	1.39215684
2508.48071289	1.39215684
2508.51342773	1.39215684
2508.54223633	1.39215684
2508.57080078	1.39215684
2508.60351563	1.39215684
2508.63232422	1.39215684
2508.66088867	1.39215684
2508.69360352	1.39215684
2508.72241211	1.39215684
2508.75097656	1.39215684
2508.78393555	1.39215684
2508.81250000	1.39215684
2508.84106445	1.39215684
2508.87377930	1.39215684
2508.90258789	1.39215684
2508.93139648	1.39215684
2508.96411133	1.39215684
2508.99267578	1.39215684
2509.02148438	1.39215684
2509.05419922	1.39215684
2509.08300781	1.39215684
2509.11157227	1.39215684
2509.17285156	1.39215684
2509.20166016	1.39215684
2509.26293945	1.39215684
2509.29174805	1.39215684
2509.35327148	1.39215684
2509.38183594	1.39215684
2509.41064453	1.39215684
2509.44335938	1.39215684
2509.47192383	1.39215684
2509.50073242	1.39215684
2509.53344727	1.39215684
2509.56201172	1.39215684
2509.59082031	1.39215684
2509.62353516	1.39215684
2509.65234375	1.39215684
2509.68090820	1.39215684
2509.71362305	1.39215684
2509.74243164	1.39215684
2509.77099609	1.39215684
2509.80371094	1.39215684
2509.83227539	1.39215684
2509.86108398	1.39215684
2509.89379883	1.41176474
2509.92260742	1.41176474
2509.95117188	1.41176474
2509.98388672	1.41176474
2510.01269531	1.41176474
2510.04150391	1.41176474
2510.07421875	1.41176474
2510.10302734	1.41176474
2510.13159180	1.41176474
2510.16430664	1.41176474
2510.19287109	1.41176474
2510.22167969	1.41176474
2510.25439453	1.41176474
2510.28295898	1.41176474
2510.31176758	1.41176474
2510.34448242	1.41176474
2510.37304688	1.41176474
2510.40185547	1.41176474
2510.43481445	1.41176474
2510.46313477	1.41176474
2510.49218750	1.41176474
2510.52490234	1.41176474
2510.55346680	1.41176474
2510.58203125	1.41176474
2510.61499023	1.41176474
2510.64355469	1.41176474
2510.67236328	1.41176474
2510.70483398	1.41176474
2510.73364258	1.41176474
2510.76245117	1.41176474
2510.79516602	1.41176474
2510.82373047	1.41176474
2510.85253906	1.41176474
2510.88525391	1.41176474
2510.91406250	1.41176474
2510.94262695	1.41176474
2510.97534180	1.41176474
2511.00390625	1.41176474
2511.03271484	1.41176474
2511.06542969	1.41176474
2511.09399414	1.41176474
2511.12280273	1.41176474
2511.15551758	1.41176474
2511.18408203	1.41176474
2511.21289063	1.41176474
2511.24584961	1.41176474
2511.27441406	1.41176474
2511.30297852	1.41176474
2511.33593750	1.41176474
2511.36450195	1.41176474
2511.39306641	1.41176474
2511.45458984	1.41176474
2511.48339844	1.41176474
2511.54492188	1.41176474
2511.57324219	1.41176474
2511.63476563	1.41176474
2511.66357422	1.41176474
2511.69213867	1.41176474
2511.72485352	1.41176474
2511.75366211	1.41176474
2511.78247070	1.41176474
2511.81518555	1.41176474
2511.84399414	1.41176474
2511.87255859	1.41176474
2511.90527344	1.41176474
2511.93383789	1.41176474
2511.96264648	1.41176474
2511.99536133	1.41176474
2512.02392578	1.41176474
2512.05273438	1.41176474
2512.08544922	1.41176474
2512.11401367	1.41176474
2512.14282227	1.41176474
2512.17553711	1.41176474
2512.20434570	1.41176474
2512.23315430	1.41176474
2512.26586914	1.41176474
2512.29443359	1.41176474
2512.32299805	1.41176474
2512.35595703	1.41176474
2512.38452148	1.41176474
2512.41308594	1.41176474
2512.44604492	1.41176474
2512.47460938	1.41176474
2512.50317383	1.41176474
2512.53613281	1.41176474
2512.56469727	1.41176474
2512.59350586	1.41176474
2512.62622070	1.41176474
2512.65478516	1.41176474
2512.68359375	1.41176474
2512.71630859	1.41176474
2512.74487305	1.41176474
2512.77368164	1.41176474
2512.80639648	1.41176474
2512.83520508	1.41176474
2512.86401367	1.41176474
2512.89648438	1.41176474
2512.92529297	1.41176474
2512.95385742	1.41176474
2512.98657227	1.41176474
2513.01538086	1.41176474
2513.04394531	1.41176474
2513.07690430	1.41176474
2513.10546875	1.41176474
2513.13403320	1.43137252
2513.16699219	1.43137252
2513.19555664	1.43137252
2513.22436523	1.43137252
2513.25683594	1.43137252
2513.28564453	1.43137252
2513.31445313	1.43137252
2513.34716797	1.43137252
2513.37597656	1.43137252
2513.40454102	1.43137252
2513.43725586	1.43137252
2513.46606445	1.43137252
2513.49462891	1.43137252
2513.52734375	1.43137252
2513.55615234	1.43137252
2513.58471680	1.43137252
2513.61743164	1.43137252
2513.64624023	1.43137252
2513.67480469	1.43137252
2513.73632813	1.43137252
2513.76513672	1.43137252
2513.82641602	1.43137252
2513.85522461	1.43137252
2513.91674805	1.43137252
2513.94506836	1.43137252
2513.97387695	1.43137252
2514.00659180	1.43137252
2514.03540039	1.43137252
2514.06396484	1.43137252
2514.09692383	1.43137252
2514.12548828	1.43137252
2514.15405273	1.43137252
2514.18701172	1.43137252
2514.21557617	1.43137252
2514.24414063	1.41176474
2514.27709961	1.41176474
2514.30566406	1.41176474
2514.33422852	1.41176474
2514.36718750	1.41176474
2514.39575195	1.41176474
2514.42456055	1.41176474
2514.45727539	1.41176474
2514.48608398	1.41176474
2514.51464844	1.41176474
2514.54736328	1.41176474
2514.57617188	1.41176474
2514.60498047	1.41176474
2514.63745117	1.41176474
2514.66625977	1.41176474
2514.69482422	1.41176474
2514.72753906	1.41176474
2514.75634766	1.41176474
2514.78491211	1.41176474
2514.81787109	1.41176474
2514.84643555	1.41176474
2514.87500000	1.41176474
2514.90795898	1.41176474
2514.93652344	1.41176474
2514.96533203	1.41176474
2514.99804688	1.41176474
2515.02661133	1.41176474
2515.05541992	1.41176474
2515.08813477	1.41176474
2515.11694336	1.41176474
2515.14550781	1.41176474
2515.17822266	1.41176474
2515.20703125	1.41176474
2515.23559570	1.41176474
2515.26831055	1.39215684
2515.29711914	1.39215684
2515.32568359	1.39215684
2515.35864258	1.39215684
2515.38696289	1.39215684
2515.41577148	1.39215684
2515.44848633	1.39215684
2515.47729492	1.39215684
2515.50585938	1.39215684
2515.53881836	1.39215684
2515.56738281	1.39215684
2515.59619141	1.39215684
2515.62890625	1.39215684
2515.65747070	1.37254906
2515.68627930	1.37254906
2515.71899414	1.37254906
2515.74755859	1.37254906
2515.77636719	1.37254906
2515.80908203	1.37254906
2515.83789063	1.37254906
2515.86645508	1.37254906
2515.89916992	1.37254906
2515.92797852	1.35294116
2515.95654297	1.35294116
2516.01782227	1.35294116
2516.04687500	1.35294116
2516.10815430	1.35294116
2516.13671875	1.35294116
2516.19824219	1.33333337
2516.22705078	1.33333337
2516.25561523	1.33333337
2516.28833008	1.33333337
2516.31713867	1.33333337
2516.34570313	1.33333337
2516.37841797	1.33333337
2516.40722656	1.33333337
2516.43579102	1.33333337
2516.46850586	1.31372547
2516.49731445	1.31372547
2516.52587891	1.31372547
2516.55883789	1.31372547
2516.58740234	1.31372547
2516.61596680	1.31372547
2516.64892578	1.31372547
2516.67749023	1.31372547
2516.70629883	1.31372547
2516.73901367	1.31372547
2516.76757813	1.31372547
2516.79638672	1.31372547
2516.82910156	1.29411769
2516.85791016	1.29411769
2516.88647461	1.29411769
2516.91943359	1.29411769
2516.94775391	1.29411769
2516.97656250	1.29411769
2517.00927734	1.29411769
2517.03808594	1.29411769
2517.06665039	1.29411769
2517.09960938	1.29411769
2517.12792969	1.29411769
2517.15673828	1.29411769
2517.18969727	1.29411769
2517.21826172	1.29411769
2517.24707031	1.29411769
2517.27978516	1.29411769
2517.30834961	1.29411769
2517.33715820	1.29411769
2517.36987305	1.29411769
2517.39843750	1.29411769
2517.42724609	1.29411769
2517.45996094	1.29411769
2517.48852539	1.29411769
2517.51733398	1.29411769
2517.55004883	1.29411769
2517.57885742	1.29411769
2517.60742188	1.29411769
2517.64013672	1.29411769
2517.66894531	1.29411769
2517.69750977	1.27450979
2517.73046875	1.27450979
2517.75878906	1.27450979
2517.78759766	1.29411769
2517.82055664	1.29411769
2517.84912109	1.29411769
2517.87768555	1.29411769
2517.91064453	1.29411769
2517.93920898	1.29411769
2517.96777344	1.29411769
2518.00073242	1.29411769
2518.02929688	1.29411769
2518.05786133	1.27450979
2518.09082031	1.27450979
2518.11938477	1.27450979
2518.14794922	1.27450979
2518.18090820	1.27450979
2518.20947266	1.27450979
2518.23828125	1.27450979
2518.29980469	1.27450979
2518.32836914	1.27450979
2518.38964844	1.27450979
2518.41845703	1.27450979
2518.47998047	1.27450979
2518.50854492	1.27450979
2518.57006836	1.27450979
2518.59887695	1.27450979
2518.62744141	1.27450979
2518.66015625	1.27450979
2518.68872070	1.27450979
2518.71752930	1.27450979
2518.75024414	1.27450979
2518.77905273	1.27450979
2518.80761719	1.27450979
2518.84057617	1.27450979
2518.86914063	1.27450979
2518.89770508	1.27450979
2518.93066406	1.27450979
2518.95922852	1.27450979
2518.98779297	1.27450979
2519.02050781	1.27450979
2519.04931641	1.27450979
2519.07788086	1.27450979
2519.11083984	1.27450979
2519.13940430	1.27450979
2519.16796875	1.27450979
2519.20092773	1.27450979
2519.22973633	1.27450979
2519.25805664	1.25490201
2519.29101563	1.25490201
2519.31958008	1.25490201
2519.34814453	1.25490201
2519.38110352	1.25490201
2519.40991211	1.25490201
2519.43847656	1.25490201
2519.47119141	1.25490201
2519.50000000	1.25490201
2519.52856445	1.25490201
2519.56127930	1.23529410
2519.59008789	1.23529410
2519.61889648	1.23529410
2519.65136719	1.23529410
2519.68017578	1.23529410
2519.70874023	1.23529410
2519.74145508	1.23529410
2519.77026367	1.23529410
2519.79907227	1.23529410
2519.83178711	1.23529410
2519.86035156	1.23529410
2519.88891602	1.21568632
2519.92187500	1.21568632
2519.95043945	1.21568632
2519.97924805	1.21568632
2520.01196289	1.21568632
2520.04077148	1.21568632
2520.06933594	1.21568632
2520.10205078	1.21568632
2520.13061523	1.21568632
2520.15942383	1.21568632
2520.19213867	1.21568632
2520.22094727	1.21568632
2520.24951172	1.21568632
2520.28222656	1.21568632
2520.31103516	1.21568632
2520.33984375	1.21568632
2520.37255859	1.21568632
2520.40112305	1.19607842
2520.42968750	1.19607842
2520.46264648	1.19607842
2520.49145508	1.19607842
2520.52001953	1.19607842
2520.55273438	1.19607842
2520.58129883	1.19607842
2520.61010742	1.19607842
2520.67163086	1.19607842
2520.70019531	1.19607842
2520.76147461	1.19607842
2520.79028320	1.19607842
2520.85180664	1.19607842
2520.88037109	1.19607842
2520.90917969	1.19607842
2520.94189453	1.19607842
2520.97045898	1.19607842
2520.99902344	1.19607842
2521.03198242	1.19607842
2521.06079102	1.19607842
2521.08935547	1.19607842
2521.12207031	1.19607842
2521.15087891	1.19607842
2521.17944336	1.19607842
2521.21215820	1.19607842
2521.24096680	1.19607842
2521.26953125	1.19607842
2521.30224609	1.19607842
2521.33105469	1.19607842
2521.35961914	1.19607842
2521.39233398	1.19607842
2521.42114258	1.19607842
2521.44970703	1.19607842
2521.48266602	1.21568632
2521.51123047	1.21568632
2521.53979492	1.21568632
2521.57275391	1.21568632
2521.60156250	1.21568632
2521.62988281	1.21568632
2521.66284180	1.21568632
2521.69140625	1.21568632
2521.72021484	1.21568632
2521.75292969	1.21568632
2521.78173828	1.21568632
2521.81030273	1.21568632
2521.84301758	1.21568632
2521.87182617	1.21568632
2521.90039063	1.21568632
2521.93310547	1.21568632
2521.96166992	1.21568632
2521.99047852	1.21568632
2522.02319336	1.21568632
2522.05200195	1.21568632
2522.08056641	1.21568632
2522.11352539	1.21568632
2522.14208984	1.21568632
2522.17089844	1.21568632
2522.20336914	1.21568632
2522.23217773	1.21568632
2522.26074219	1.21568632
2522.29370117	1.21568632
2522.32226563	1.21568632
2522.35107422	1.21568632
2522.38378906	1.21568632
2522.41235352	1.21568632
2522.44116211	1.21568632
2522.47387695	1.21568632
2522.50244141	1.21568632
2522.53125000	1.21568632
2522.56396484	1.21568632
2522.59277344	1.21568632
2522.62133789	1.21568632
2522.65405273	1.21568632
2522.68286133	1.21568632
2522.71142578	1.21568632
2522.74438477	1.21568632
2522.77294922	1.21568632
2522.80175781	1.21568632
2522.83447266	1.21568632
2522.86303711	1.21568632
2522.89160156	1.21568632
2522.95312500	1.21568632
2522.98168945	1.21568632
2523.04321289	1.21568632
2523.07202148	1.23529410
2523.13330078	1.23529410
2523.16210938	1.23529410
2523.19067383	1.23529410
2523.22363281	1.23529410
2523.25219727	1.23529410
2523.28100586	1.23529410
2523.31372070	1.23529410
2523.34228516	1.23529410
2523.37109375	1.23529410
2523.40380859	1.23529410
2523.43237305	1.23529410
2523.46118164	1.23529410
2523.49389648	1.23529410
2523.52246094	1.23529410
2523.55126953	1.23529410
2523.58398438	1.23529410
2523.61279297	1.23529410
2523.64135742	1.23529410
2523.67407227	1.23529410
2523.70263672	1.23529410
2523.73144531	1.23529410
2523.76416016	1.23529410
2523.79272461	1.23529410
2523.82153320	1.23529410
2523.85449219	1.23529410
2523.88305664	1.23529410
2523.91186523	1.23529410
2523.94458008	1.23529410
2523.97314453	1.23529410
2524.00195313	1.23529410
2524.03466797	1.23529410
2524.06323242	1.23529410
2524.09204102	1.23529410
2524.12475586	1.23529410
2524.15332031	1.23529410
2524.18212891	1.23529410
2524.21484375	1.23529410
2524.24340820	1.23529410
2524.27221680	1.23529410
2524.30493164	1.23529410
2524.33374023	1.23529410
2524.36230469	1.23529410
2524.39501953	1.23529410
2524.42382813	1.23529410
2524.45239258	1.23529410
2524.48535156	1.23529410
2524.51391602	1.23529410
2524.54248047	1.23529410
2524.57543945	1.23529410
2524.60400391	1.23529410
2524.63281250	1.23529410
2524.66552734	1.23529410
2524.69409180	1.23529410
2524.72265625	1.23529410
2524.75561523	1.23529410
2524.78417969	1.23529410
2524.81298828	1.23529410
2524.84570313	1.23529410
2524.87451172	1.23529410
2524.90307617	1.23529410
2524.93579102	1.23529410
2524.96459961	1.23529410
2524.99316406	1.23529410
2525.02587891	1.23529410
2525.05468750	1.23529410
2525.08325195	1.23529410
2525.11596680	1.23529410
2525.14477539	1.23529410
2525.17333984	1.23529410
2525.23486328	1.23529410
2525.26342773	1.23529410
2525.32495117	1.23529410
2525.35375977	1.23529410
2525.41503906	1.23529410
2525.44384766	1.25490201
2525.47241211	1.25490201
2525.50537109	1.25490201
2525.53393555	1.25490201
2525.56274414	1.25490201
2525.59545898	1.25490201
2525.62402344	1.25490201
2525.65258789	1.25490201
2525.68554688	1.25490201
2525.71411133	1.25490201
2525.74267578	1.25490201
2525.77563477	1.25490201
2525.80419922	1.25490201
2525.83276367	1.25490201
2525.86572266	1.25490201
2525.89428711	1.25490201
2525.92285156	1.25490201
2525.95581055	1.25490201
2525.98437500	1.25490201
2526.01318359	1.25490201
2526.04589844	1.25490201
2526.07470703	1.25490201
2526.10327148	1.25490201
2526.13598633	1.25490201
2526.16479492	1.25490201
2526.19335938	1.25490201
2526.22607422	1.25490201
2526.25488281	1.25490201
2526.28344727	1.25490201
2526.31616211	1.25490201
2526.34497070	1.25490201
2526.37377930	1.25490201
2526.40649414	1.25490201
2526.43505859	1.25490201
2526.46362305	1.25490201
2526.49633789	1.25490201
2526.52514648	1.25490201
2526.55395508	1.25490201
2526.58666992	1.25490201
2526.61547852	1.25490201
2526.64404297	1.25490201
2526.67675781	1.25490201
2526.70556641	1.25490201
2526.73413086	1.25490201
2526.76684570	1.25490201
2526.79565430	1.25490201
2526.82421875	1.25490201
2526.85693359	1.25490201
2526.88574219	1.25490201
2526.91430664	1.25490201
2526.94702148	1.25490201
2526.97583008	1.25490201
2527.00439453	1.25490201
2527.03710938	1.25490201
2527.06616211	1.25490201
2527.09448242	1.25490201
2527.12744141	1.25490201
2527.15625000	1.25490201
2527.18481445	1.25490201
2527.21752930	1.25490201
2527.24633789	1.25490201
2527.27490234	1.25490201
2527.30761719	1.25490201
2527.33618164	1.25490201
2527.36499023	1.25490201
2527.39770508	1.25490201
2527.42626953	1.25490201
2527.45507813	1.25490201
2527.51635742	1.25490201
2527.54516602	1.25490201
2527.60668945	1.27450979
2527.63525391	1.27450979
2527.69677734	1.27450979
2527.72534180	1.27450979
2527.75390625	1.27450979
2527.78686523	1.27450979
2527.81567383	1.27450979
2527.84423828	1.27450979
2527.87695313	1.27450979
2527.90576172	1.27450979
2527.93432617	1.27450979
2527.96704102	1.27450979
2527.99584961	1.27450979
2528.02441406	1.27450979
2528.05712891	1.27450979
2528.08593750	1.27450979
2528.11474609	1.27450979
2528.14721680	1.27450979
2528.17602539	1.27450979
2528.20458984	1.27450979
2528.23754883	1.27450979
2528.26611328	1.27450979
2528.29492188	1.27450979
2528.32763672	1.27450979
2528.35644531	1.27450979
2528.38476563	1.27450979
2528.41772461	1.27450979
2528.44653320	1.27450979
2528.47509766	1.27450979
2528.50781250	1.27450979
2528.53662109	1.27450979
2528.56518555	1.27450979
2528.59790039	1.27450979
2528.62670898	1.27450979
2528.65527344	1.27450979
2528.68798828	1.27450979
2528.71655273	1.27450979
2528.74536133	1.27450979
2528.77832031	1.27450979
2528.80688477	1.27450979
2528.83544922	1.27450979
2528.86840820	1.27450979
2528.89697266	1.27450979
2528.92578125	1.27450979
2528.95849609	1.27450979
2528.98706055	1.27450979
2529.01586914	1.27450979
2529.04858398	1.27450979
2529.07714844	1.27450979
2529.10595703	1.27450979
2529.13867188	1.27450979
2529.16723633	1.27450979
2529.19604492	1.27450979
2529.22875977	1.27450979
2529.25732422	1.27450979
2529.28613281	1.27450979
2529.31884766	1.27450979
2529.34765625	1.27450979
2529.37646484	1.27450979
2529.40893555	1.27450979
2529.43774414	1.27450979
2529.46630859	1.27450979
2529.49926758	1.27450979
2529.52783203	1.27450979
2529.55664063	1.27450979
2529.58935547	1.27450979
2529.61791992	1.27450979
2529.64672852	1.27450979
2529.67944336	1.27450979
2529.70800781	1.27450979
2529.73681641	1.27450979
2529.79809570	1.27450979
2529.82666016	1.27450979
2529.88818359	1.27450979
2529.91699219	1.27450979
2529.97851563	1.27450979
2530.00708008	1.27450979
2530.03588867	1.27450979
2530.06860352	1.27450979
2530.09716797	1.27450979
2530.12597656	1.27450979
2530.15869141	1.27450979
2530.18725586	1.27450979
2530.21606445	1.27450979
2530.24877930	1.27450979
2530.27734375	1.27450979
2530.30615234	1.27450979
2530.33886719	1.27450979
2530.36767578	1.27450979
2530.39624023	1.29411769
2530.42895508	1.29411769
2530.45776367	1.29411769
2530.48632813	1.29411769
2530.51904297	1.29411769
2530.54785156	1.29411769
2530.57666016	1.29411769
2530.60937500	1.29411769
2530.63793945	1.29411769
2530.66674805	1.29411769
2530.69946289	1.29411769
2530.72802734	1.29411769
2530.75683594	1.29411769
2530.78955078	1.29411769
2530.81811523	1.29411769
2530.84692383	1.29411769
2530.87963867	1.29411769
2530.90820313	1.29411769
2530.93701172	1.29411769
2530.96972656	1.29411769
2530.99829102	1.29411769
2531.02709961	1.29411769
2531.05981445	1.29411769
2531.08862305	1.29411769
2531.11718750	1.29411769
2531.14990234	1.29411769
2531.17871094	1.29411769
2531.20727539	1.29411769
2531.24023438	1.29411769
2531.26879883	1.29411769
2531.29736328	1.29411769
2531.33032227	1.29411769
2531.35888672	1.29411769
2531.38769531	1.29411769
2531.42041016	1.29411769
2531.44897461	1.29411769
2531.47778320	1.29411769
2531.51049805	1.29411769
2531.53930664	1.29411769
2531.56787109	1.29411769
2531.60058594	1.29411769
2531.62939453	1.29411769
2531.65795898	1.29411769
2531.69067383	1.29411769
2531.71948242	1.29411769
2531.74804688	1.29411769
2531.78076172	1.29411769
2531.80957031	1.29411769
2531.83813477	1.29411769
2531.87084961	1.29411769
2531.89965820	1.29411769
2531.92822266	1.29411769
2531.96093750	1.29411769
2531.98974609	1.29411769
2532.01831055	1.29411769
2532.05102539	1.29411769
2532.08007813	1.29411769
2532.10864258	1.29411769
2532.17016602	1.29411769
2532.19873047	1.29411769
2532.26025391	1.29411769
2532.28881836	1.29411769
2532.35034180	1.29411769
2532.37890625	1.29411769
2532.40771484	1.29411769
2532.44042969	1.29411769
2532.46899414	1.29411769
2532.49755859	1.29411769
2532.53051758	1.29411769
2532.55908203	1.29411769
2532.58789063	1.29411769
2532.62060547	1.29411769
2532.64916992	1.29411769
2532.67797852	1.29411769
2532.71069336	1.29411769
2532.73950195	1.29411769
2532.76806641	1.29411769
2532.80078125	1.29411769
2532.82958984	1.29411769
2532.85815430	1.29411769
2532.89086914	1.29411769
2532.91967773	1.29411769
2532.94824219	1.29411769
2532.98095703	1.31372547
2533.00976563	1.31372547
2533.03857422	1.31372547
2533.07128906	1.29411769
2533.09985352	1.29411769
2533.12866211	1.29411769
2533.16137695	1.29411769
2533.19018555	1.31372547
2533.21875000	1.31372547
2533.25146484	1.31372547
2533.28027344	1.31372547
2533.30883789	1.31372547
2533.34155273	1.31372547
2533.37036133	1.31372547
2533.39892578	1.31372547
2533.43164063	1.31372547
2533.46044922	1.31372547
2533.48901367	1.31372547
2533.52172852	1.31372547
2533.55053711	1.31372547
2533.57910156	1.31372547
2533.61181641	1.31372547
2533.64062500	1.31372547
2533.66918945	1.31372547
2533.70190430	1.31372547
2533.73071289	1.31372547
2533.75927734	1.31372547
2533.79223633	1.31372547
2533.82080078	1.31372547
2533.84960938	1.31372547
2533.88232422	1.31372547
2533.91113281	1.31372547
2533.93969727	1.31372547
2533.97241211	1.31372547
2534.00097656	1.31372547
2534.02978516	1.31372547
2534.06250000	1.31372547
2534.09106445	1.31372547
2534.11987305	1.31372547
2534.15258789	1.31372547
2534.18115234	1.31372547
2534.20996094	1.31372547
2534.24267578	1.31372547
2534.27148438	1.31372547
2534.30004883	1.31372547
2534.33276367	1.31372547
2534.36157227	1.31372547
2534.39038086	1.31372547
2534.45166016	1.31372547
2534.48046875	1.31372547
2534.54199219	1.31372547
2534.57055664	1.31372547
2534.63183594	1.31372547
2534.66064453	1.31372547
2534.68920898	1.31372547
2534.72216797	1.31372547
2534.75073242	1.31372547
2534.77929688	1.31372547
2534.81201172	1.31372547
2534.84082031	1.31372547
2534.86938477	1.31372547
2534.90209961	1.31372547
2534.93090820	1.31372547
2534.95947266	1.31372547
2534.99218750	1.31372547
2535.02099609	1.31372547
2535.04956055	1.31372547
2535.08251953	1.31372547
2535.11108398	1.31372547
2535.13989258	1.31372547
2535.17260742	1.31372547
2535.20117188	1.31372547
2535.22973633	1.31372547
2535.26269531	1.31372547
2535.29125977	1.31372547
2535.32006836	1.31372547
2535.35278320	1.31372547
2535.38159180	1.31372547
2535.41015625	1.31372547
2535.44287109	1.33333337
2535.47143555	1.33333337
2535.50024414	1.33333337
2535.53295898	1.33333337
2535.56176758	1.33333337
2535.59033203	1.33333337
2535.62329102	1.33333337
2535.65185547	1.33333337
2535.68066406	1.33333337
2535.71337891	1.33333337
2535.74194336	1.33333337
2535.77075195	1.33333337
2535.80346680	1.33333337
2535.83203125	1.33333337
2535.86083984	1.33333337
2535.89355469	1.33333337
2535.92211914	1.33333337
2535.95092773	1.33333337
2535.98364258	1.33333337
2536.01245117	1.33333337
2536.04101563	1.33333337
2536.07397461	1.33333337
2536.10253906	1.33333337
2536.13134766	1.33333337
2536.16406250	1.33333337
2536.19262695	1.33333337
2536.22143555	1.33333337
2536.25415039	1.33333337
2536.28295898	1.33333337
2536.31152344	1.33333337
2536.34423828	1.33333337
2536.37280273	1.33333337
2536.40161133	1.33333337
2536.43432617	1.33333337
2536.46289063	1.33333337
2536.49169922	1.33333337
2536.52441406	1.33333337
2536.55297852	1.33333337
2536.58178711	1.33333337
2536.61450195	1.33333337
2536.64331055	1.33333337
2536.67187500	1.33333337
2536.73339844	1.33333337
2536.76196289	1.33333337
2536.82348633	1.33333337
2536.85205078	1.33333337
2536.91357422	1.33333337
2536.94213867	1.33333337
2536.97094727	1.33333337
2537.00366211	1.33333337
2537.03222656	1.33333337
2537.06103516	1.33333337
2537.09375000	1.33333337
2537.12255859	1.33333337
2537.15136719	1.33333337
2537.18383789	1.33333337
2537.21264648	1.33333337
2537.24145508	1.33333337
2537.27416992	1.33333337
2537.30273438	1.33333337
2537.33154297	1.33333337
2537.36425781	1.33333337
2537.39282227	1.33333337
2537.42163086	1.33333337
2537.45434570	1.33333337
2537.48291016	1.33333337
2537.51171875	1.33333337
2537.54443359	1.33333337
2537.57299805	1.33333337
2537.60180664	1.33333337
2537.63452148	1.33333337
2537.66333008	1.33333337
2537.69189453	1.33333337
2537.72485352	1.33333337
2537.75341797	1.33333337
2537.78198242	1.33333337
2537.81494141	1.33333337
2537.84350586	1.35294116
2537.87207031	1.35294116
2537.90502930	1.33333337
2537.93359375	1.35294116
2537.96215820	1.33333337
2537.99511719	1.33333337
2538.02368164	1.35294116
2538.05249023	1.33333337
2538.08520508	1.33333337
2538.11376953	1.35294116
2538.14257813	1.35294116
2538.17529297	1.35294116
2538.20410156	1.35294116
2538.23266602	1.35294116
2538.26538086	1.35294116
2538.29418945	1.35294116
2538.32275391	1.35294116
2538.35571289	1.35294116
2538.38427734	1.35294116
2538.41284180	1.35294116
2538.44555664	1.35294116
2538.47436523	1.35294116
2538.50292969	1.35294116
2538.53588867	1.35294116
2538.56445313	1.35294116
2538.59301758	1.35294116
2538.62573242	1.35294116
2538.65454102	1.35294116
2538.68334961	1.35294116
2538.71606445	1.35294116
2538.74462891	1.35294116
2538.77343750	1.35294116
2538.80615234	1.35294116
2538.83496094	1.35294116
2538.86352539	1.35294116
2538.89624023	1.35294116
2538.92504883	1.35294116
2538.95361328	1.35294116
2539.01513672	1.35294116
2539.04370117	1.35294116
2539.10522461	1.35294116
2539.13378906	1.35294116
2539.19531250	1.35294116
2539.22387695	1.35294116
2539.25244141	1.35294116
2539.28540039	1.35294116
2539.31396484	1.35294116
2539.34277344	1.35294116
2539.37548828	1.35294116
2539.40429688	1.35294116
2539.43286133	1.35294116
2539.46557617	1.35294116
2539.49438477	1.35294116
2539.52294922	1.35294116
2539.55566406	1.35294116
2539.58447266	1.35294116
2539.61303711	1.35294116
2539.64575195	1.35294116
2539.67456055	1.35294116
2539.70312500	1.35294116
2539.73608398	1.35294116
2539.76464844	1.35294116
2539.79345703	1.35294116
2539.82617188	1.35294116
2539.85473633	1.35294116
2539.88354492	1.35294116
2539.91625977	1.35294116
2539.94506836	1.35294116
2539.97363281	1.37254906
2540.00634766	1.37254906
2540.03515625	1.37254906
2540.06372070	1.37254906
2540.09667969	1.37254906
2540.12524414	1.37254906
2540.15380859	1.37254906
2540.18652344	1.37254906
2540.21533203	1.37254906
2540.24389648	1.37254906
2540.27661133	1.37254906
2540.30541992	1.37254906
2540.33398438	1.37254906
2540.36669922	1.37254906
2540.39550781	1.37254906
2540.42407227	1.37254906
2540.45703125	1.37254906
2540.48583984	1.37254906
2540.51440430	1.37254906
2540.54711914	1.37254906
2540.57592773	1.37254906
2540.60449219	1.37254906
2540.63720703	1.37254906
2540.66577148	1.37254906
2540.69433594	1.37254906
2540.72729492	1.37254906
2540.75585938	1.37254906
2540.78466797	1.37254906
2540.81738281	1.37254906
2540.84619141	1.37254906
2540.87475586	1.37254906
2540.90747070	1.37254906
2540.93627930	1.37254906
2540.96484375	1.37254906
2540.99755859	1.37254906
2541.02636719	1.37254906
2541.05493164	1.37254906
2541.08789063	1.37254906
2541.11645508	1.37254906
2541.14526367	1.37254906
2541.17797852	1.37254906
2541.20654297	1.37254906
2541.23535156	1.37254906
2541.29663086	1.37254906
2541.32543945	1.37254906
2541.38671875	1.37254906
2541.41552734	1.37254906
2541.47680664	1.37254906
2541.50561523	1.37254906
2541.53417969	1.37254906
2541.56713867	1.37254906
2541.59570313	1.37254906
2541.62451172	1.37254906
2541.65722656	1.37254906
2541.68603516	1.37254906
2541.71459961	1.37254906
2541.74731445	1.37254906
2541.77612305	1.37254906
2541.80468750	1.37254906
2541.83740234	1.37254906
2541.86596680	1.37254906
2541.89477539	1.37254906
2541.92749023	1.37254906
2541.95605469	1.37254906
2541.98486328	1.37254906
2542.01757813	1.37254906
2542.04638672	1.37254906
2542.07519531	1.39215684
2542.10766602	1.39215684
2542.13647461	1.39215684
2542.16528320	1.39215684
2542.19799805	1.39215684
2542.22656250	1.39215684
2542.25537109	1.39215684
2542.28808594	1.39215684
2542.31665039	1.39215684
2542.34545898	1.39215684
2542.37817383	1.39215684
2542.40673828	1.39215684
2542.43554688	1.39215684
2542.46826172	1.39215684
2542.49682617	1.39215684
2542.52563477	1.39215684
2542.55834961	1.39215684
2542.58715820	1.39215684
2542.61596680	1.39215684
2542.64868164	1.39215684
2542.67724609	1.39215684
2542.70581055	1.39215684
2542.73876953	1.39215684
2542.76733398	1.39215684
2542.79614258	1.39215684
2542.82885742	1.39215684
2542.85766602	1.39215684
2542.88623047	1.39215684
2542.91894531	1.39215684
2542.94750977	1.39215684
2542.97607422	1.39215684
2543.00903320	1.39215684
2543.03759766	1.39215684
2543.06616211	1.39215684
2543.09912109	1.39215684
2543.12768555	1.39215684
2543.15649414	1.39215684
2543.18920898	1.39215684
2543.21801758	1.39215684
2543.24658203	1.39215684
2543.27954102	1.39215684
2543.30810547	1.39215684
2543.33666992	1.39215684
2543.36962891	1.39215684
2543.39819336	1.39215684
2543.42675781	1.39215684
2543.45971680	1.39215684
2543.48828125	1.39215684
2543.51684570	1.39215684
2543.57836914	1.39215684
2543.60717773	1.39215684
2543.66870117	1.39215684
2543.69702148	1.39215684
2543.75878906	1.39215684
2543.78735352	1.39215684
2543.84863281	1.39215684
2543.87744141	1.39215684
2543.90625000	1.39215684
2543.93896484	1.39215684
2543.96752930	1.39215684
2543.99609375	1.39215684
2544.02905273	1.39215684
2544.05761719	1.39215684
2544.08642578	1.39215684
2544.11914063	1.39215684
2544.14770508	1.39215684
2544.17651367	1.39215684
2544.20922852	1.39215684
2544.23779297	1.41176474
2544.26660156	1.41176474
2544.29956055	1.41176474
2544.32812500	1.41176474
2544.35668945	1.41176474
2544.38964844	1.41176474
2544.41821289	1.41176474
2544.44677734	1.41176474
2544.47973633	1.41176474
2544.50830078	1.41176474
2544.53686523	1.41176474
2544.56982422	1.41176474
2544.59838867	1.41176474
2544.62695313	1.41176474
2544.65991211	1.41176474
2544.68847656	1.41176474
2544.71728516	1.41176474
2544.75000000	1.41176474
2544.77856445	1.41176474
2544.80712891	1.41176474
2544.84008789	1.41176474
2544.86865234	1.41176474
2544.89746094	1.41176474
2544.93017578	1.41176474
2544.95874023	1.41176474
2544.98754883	1.41176474
2545.02026367	1.41176474
2545.04907227	1.41176474
2545.07763672	1.41176474
2545.11059570	1.41176474
2545.13916016	1.41176474
2545.16772461	1.41176474
2545.20043945	1.41176474
2545.22924805	1.41176474
2545.25781250	1.41176474
2545.29077148	1.41176474
2545.31933594	1.41176474
2545.34814453	1.41176474
2545.38061523	1.41176474
2545.40942383	1.41176474
2545.43798828	1.41176474
2545.47094727	1.41176474
2545.49951172	1.41176474
2545.52832031	1.41176474
2545.56103516	1.41176474
2545.58984375	1.41176474
2545.61840820	1.41176474
2545.65112305	1.41176474
2545.67993164	1.41176474
2545.70849609	1.41176474
2545.74121094	1.41176474
2545.77001953	1.41176474
2545.79858398	1.41176474
2545.83154297	1.41176474
2545.86010742	1.41176474
2545.88867188	1.41176474
2545.95019531	1.41176474
2545.97875977	1.41176474
2546.04052734	1.41176474
2546.06884766	1.41176474
2546.13037109	1.41176474
2546.15917969	1.41176474
2546.18774414	1.41176474
2546.22045898	1.41176474
2546.24926758	1.41176474
2546.27783203	1.43137252
2546.31054688	1.43137252
2546.33935547	1.43137252
2546.36816406	1.43137252
2546.40063477	1.43137252
2546.42944336	1.43137252
2546.45800781	1.43137252
2546.49096680	1.43137252
2546.51953125	1.43137252
2546.54833984	1.43137252
2546.58105469	1.43137252
2546.60986328	1.43137252
2546.63842773	1.43137252
2546.67114258	1.43137252
2546.69970703	1.43137252
2546.72851563	1.43137252
2546.76123047	1.43137252
2546.79003906	1.43137252
2546.81860352	1.43137252
2546.85156250	1.43137252
2546.88012695	1.43137252
2546.90869141	1.43137252
2546.94165039	1.43137252
2546.97021484	1.43137252
2546.99877930	1.43137252
2547.03173828	1.43137252
2547.06030273	1.43137252
2547.08911133	1.43137252
2547.12158203	1.43137252
2547.15039063	1.43137252
2547.17919922	1.43137252
2547.21191406	1.43137252
2547.24072266	1.43137252
2547.26928711	1.43137252
2547.30200195	1.43137252
2547.33056641	1.43137252
2547.35937500	1.43137252
2547.39208984	1.43137252
2547.42089844	1.43137252
2547.44946289	1.43137252
2547.48217773	1.43137252
2547.51074219	1.43137252
2547.53955078	1.43137252
2547.57226563	1.43137252
2547.60107422	1.43137252
2547.62963867	1.43137252
2547.66259766	1.43137252
2547.69116211	1.43137252
2547.71997070	1.43137252
2547.75268555	1.43137252
2547.78125000	1.43137252
2547.81005859	1.43137252
2547.84277344	1.43137252
2547.87158203	1.43137252
2547.90014648	1.43137252
2547.93286133	1.43137252
2547.96142578	1.43137252
2547.99023438	1.43137252
2548.02294922	1.43137252
2548.05175781	1.43137252
2548.08032227	1.43137252
2548.11328125	1.43137252
2548.14160156	1.43137252
2548.17065430	1.43137252
2548.23193359	1.43137252
2548.26049805	1.43137252
2548.32202148	1.43137252
2548.35083008	1.43137252
2548.41210938	1.45098042
2548.44091797	1.45098042
2548.46948242	1.43137252
2548.50219727	1.45098042
2548.53076172	1.45098042
2548.55957031	1.45098042
2548.59228516	1.45098042
2548.62109375	1.45098042
2548.64965820	1.45098042
2548.68261719	1.45098042
2548.71118164	1.45098042
2548.73999023	1.45098042
2548.77246094	1.45098042
2548.80126953	1.45098042
2548.83007813	1.45098042
2548.86279297	1.45098042
2548.89160156	1.45098042
2548.92016602	1.45098042
2548.95288086	1.45098042
2548.98144531	1.45098042
2549.01025391	1.45098042
2549.04296875	1.45098042
2549.07153320	1.45098042
2549.10058594	1.45098042
2549.13305664	1.45098042
2549.16162109	1.45098042
2549.19042969	1.45098042
2549.22314453	1.45098042
2549.25195313	1.45098042
2549.28051758	1.45098042
2549.31323242	1.45098042
2549.34204102	1.45098042
2549.37060547	1.45098042
2549.40356445	1.45098042
2549.43212891	1.45098042
2549.46093750	1.45098042
2549.49365234	1.45098042
2549.52221680	1.45098042
2549.55102539	1.45098042
2549.58374023	1.45098042
2549.61254883	1.45098042
2549.64111328	1.45098042
2549.67382813	1.45098042
2549.70239258	1.45098042
2549.73120117	1.45098042
2549.76391602	1.45098042
2549.79272461	1.45098042
2549.82104492	1.45098042
2549.85424805	1.45098042
2549.88256836	1.45098042
2549.91162109	1.45098042
2549.94409180	1.45098042
2549.97290039	1.45098042
2550.00146484	1.45098042
2550.03442383	1.45098042
2550.06298828	1.45098042
2550.09155273	1.45098042
2550.12451172	1.45098042
2550.15307617	1.45098042
2550.18164063	1.45098042
2550.21435547	1.45098042
2550.24316406	1.45098042
2550.27172852	1.45098042
2550.30468750	1.45098042
2550.33325195	1.45098042
2550.36206055	1.45098042
2550.39477539	1.45098042
2550.42358398	1.45098042
2550.45214844	1.45098042
2550.51342773	1.45098042
2550.54223633	1.45098042
2550.60375977	1.45098042
2550.63232422	1.45098042
2550.69384766	1.45098042
2550.72241211	1.45098042
2550.75122070	1.45098042
2550.78393555	1.45098042
2550.81250000	1.45098042
2550.84130859	1.45098042
2550.87402344	1.45098042
2550.90283203	1.45098042
2550.93139648	1.45098042
2550.96411133	1.47058821
2550.99267578	1.47058821
2551.02148438	1.47058821
2551.05444336	1.47058821
2551.08300781	1.47058821
2551.11157227	1.47058821
2551.14453125	1.47058821
2551.17309570	1.47058821
2551.20166016	1.47058821
2551.23461914	1.47058821
2551.26318359	1.47058821
2551.29199219	1.47058821
2551.32470703	1.47058821
2551.35327148	1.47058821
2551.38183594	1.47058821
2551.41479492	1.47058821
2551.44335938	1.47058821
2551.47216797	1.47058821
2551.50488281	1.47058821
2551.53344727	1.47058821
2551.56225586	1.47058821
2551.59497070	1.47058821
2551.62377930	1.47058821
2551.65258789	1.47058821
2551.68505859	1.47058821
2551.71386719	1.47058821
2551.74243164	1.47058821
2551.77514648	1.47058821
2551.80395508	1.47058821
2551.83251953	1.47058821
2551.86547852	1.47058821
2551.89404297	1.47058821
2551.92260742	1.47058821
2551.95532227	1.47058821
2551.98413086	1.47058821
2552.01269531	1.47058821
2552.04565430	1.47058821
2552.07421875	1.47058821
2552.10302734	1.47058821
2552.13574219	1.47058821
2552.16455078	1.47058821
2552.19311523	1.47058821
2552.22583008	1.47058821
2552.25463867	1.47058821
2552.28320313	1.47058821
2552.31591797	1.47058821
2552.34472656	1.47058821
2552.37329102	1.47058821
2552.40600586	1.47058821
2552.43481445	1.47058821
2552.46337891	1.47058821
2552.49609375	1.47058821
2552.52490234	1.47058821
2552.55346680	1.47058821
2552.58642578	1.47058821
2552.61523438	1.47058821
2552.64379883	1.47058821
2552.67651367	1.47058821
2552.70507813	1.47058821
2552.73388672	1.47058821
2552.79516602	1.47058821
2552.82397461	1.47058821
2552.88525391	1.47058821
2552.91406250	1.47058821
2552.97534180	1.47058821
2553.00415039	1.47058821
2553.03295898	1.47058821
2553.06542969	1.47058821
2553.09423828	1.47058821
2553.12280273	1.47058821
2553.15551758	1.47058821
2553.18457031	1.47058821
2553.21313477	1.47058821
2553.24584961	1.47058821
2553.27465820	1.47058821
2553.30322266	1.47058821
2553.33593750	1.47058821
2553.36474609	1.47058821
2553.39331055	1.47058821
2553.42602539	1.47058821
2553.45483398	1.47058821
2553.48339844	1.47058821
2553.51611328	1.47058821
2553.54492188	1.47058821
2553.57348633	1.47058821
2553.60644531	1.49019611
2553.63500977	1.49019611
2553.66357422	1.49019611
2553.69628906	1.49019611
2553.72509766	1.49019611
2553.75366211	1.49019611
2553.78662109	1.49019611
2553.81518555	1.49019611
2553.84399414	1.49019611
2553.87670898	1.49019611
2553.90551758	1.49019611
2553.93408203	1.49019611
2553.96679688	1.49019611
2553.99536133	1.49019611
2554.02416992	1.49019611
2554.05688477	1.49019611
2554.08544922	1.49019611
2554.11425781	1.49019611
2554.14697266	1.49019611
2554.17578125	1.49019611
2554.20434570	1.49019611
2554.23730469	1.49019611
2554.26586914	1.49019611
2554.29467773	1.49019611
2554.32714844	1.49019611
2554.35595703	1.49019611
2554.38452148	1.49019611
2554.41748047	1.49019611
2554.44604492	1.49019611
2554.47485352	1.49019611
2554.50756836	1.49019611
2554.53637695	1.49019611
2554.56494141	1.49019611
2554.59765625	1.49019611
2554.62646484	1.49019611
2554.65502930	1.49019611
2554.68774414	1.49019611
2554.71655273	1.49019611
2554.74511719	1.49019611
2554.77783203	1.49019611
2554.80664063	1.49019611
2554.83520508	1.49019611
2554.86816406	1.49019611
2554.89672852	1.49019611
2554.92529297	1.49019611
2554.95800781	1.49019611
2554.98681641	1.49019611
2555.01538086	1.49019611
2555.07690430	1.49019611
2555.10571289	1.49019611
2555.16699219	1.49019611
2555.19580078	1.49019611
2555.25708008	1.49019611
2555.28588867	1.49019611
2555.34741211	1.49019611
2555.37573242	1.49019611
2555.40478516	1.49019611
2555.43750000	1.49019611
2555.46606445	1.49019611
2555.49487305	1.49019611
2555.52758789	1.49019611
2555.55615234	1.49019611
2555.58496094	1.49019611
2555.61767578	1.49019611
2555.64648438	1.49019611
2555.67504883	1.49019611
2555.70776367	1.49019611
2555.73632813	1.49019611
2555.76513672	1.49019611
2555.79785156	1.49019611
2555.82641602	1.49019611
2555.85522461	1.49019611
2555.88793945	1.49019611
2555.91674805	1.50980389
2555.94531250	1.50980389
2555.97827148	1.50980389
2556.00659180	1.50980389
2556.03564453	1.50980389
2556.06835938	1.50980389
2556.09692383	1.50980389
2556.12573242	1.50980389
2556.15844727	1.50980389
2556.18701172	1.50980389
2556.21582031	1.50980389
2556.24853516	1.50980389
2556.27709961	1.50980389
2556.30590820	1.50980389
2556.33862305	1.50980389
2556.36743164	1.50980389
2556.39599609	1.50980389
2556.42871094	1.50980389
2556.45727539	1.50980389
2556.48608398	1.50980389
2556.51879883	1.50980389
2556.54760742	1.50980389
2556.57617188	1.50980389
2556.60913086	1.50980389
2556.63745117	1.50980389
2556.66650391	1.50980389
2556.69921875	1.50980389
2556.72778320	1.50980389
2556.75634766	1.50980389
2556.78930664	1.50980389
2556.81787109	1.50980389
2556.84643555	1.50980389
2556.87939453	1.50980389
2556.90795898	1.50980389
2556.93652344	1.50980389
2556.96948242	1.50980389
2556.99804688	1.50980389
2557.02685547	1.50980389
2557.05957031	1.50980389
2557.08837891	1.50980389
2557.11694336	1.50980389
2557.14965820	1.50980389
2557.17846680	1.50980389
2557.20703125	1.50980389
2557.23974609	1.50980389
2557.26855469	1.50980389
2557.29711914	1.50980389
2557.32983398	1.50980389
2557.35864258	1.50980389
2557.38745117	1.50980389
2557.44873047	1.50980389
2557.47753906	1.50980389
2557.53906250	1.50980389
2557.56738281	1.50980389
2557.62890625	1.50980389
2557.65771484	1.50980389
2557.68627930	1.50980389
2557.71923828	1.50980389
2557.74780273	1.50980389
2557.77636719	1.50980389
2557.80932617	1.50980389
2557.83789063	1.50980389
2557.86645508	1.50980389
2557.89941406	1.50980389
2557.92797852	1.50980389
2557.95654297	1.50980389
2557.98950195	1.50980389
2558.01806641	1.50980389
2558.04687500	1.50980389
2558.07934570	1.50980389
2558.10839844	1.50980389
2558.13671875	1.50980389
2558.16967773	1.50980389
2558.19824219	1.50980389
2558.22705078	1.50980389
2558.25976563	1.50980389
2558.28857422	1.50980389
2558.31713867	1.50980389
2558.34985352	1.50980389
2558.37866211	1.50980389
2558.40747070	1.50980389
2558.43994141	1.50980389
2558.46875000	1.50980389
2558.49731445	1.50980389
2558.53027344	1.50980389
2558.55883789	1.50980389
2558.58740234	1.50980389
2558.62036133	1.50980389
2558.64892578	1.50980389
2558.67773438	1.50980389
2558.71044922	1.52941179
2558.73925781	1.52941179
2558.76782227	1.52941179
2558.80053711	1.52941179
2558.82910156	1.52941179
2558.85791016	1.52941179
2558.89062500	1.52941179
2558.91943359	1.52941179
2558.94799805	1.52941179
2558.98071289	1.52941179
2559.00952148	1.52941179
2559.03808594	1.52941179
2559.07080078	1.52941179
2559.09960938	1.52941179
2559.12817383	1.52941179
2559.16088867	1.52941179
2559.18969727	1.52941179
2559.21826172	1.52941179
2559.25122070	1.52941179
2559.27978516	1.52941179
2559.30859375	1.52941179
2559.34130859	1.52941179
2559.36987305	1.52941179
2559.39868164	1.52941179
2559.43139648	1.52941179
2559.45996094	1.52941179
2559.48876953	1.52941179
2559.52148438	1.52941179
2559.55004883	1.52941179
2559.57885742	1.52941179
2559.61157227	1.52941179
2559.64038086	1.52941179
2559.66894531	1.52941179
2559.73046875	1.52941179
2559.75903320	1.52941179
2559.82031250	1.52941179
2559.84936523	1.52941179
2559.91064453	1.52941179
2559.93920898	1.52941179
2559.96801758	1.52941179
2560.00073242	1.52941179
2560.02954102	1.52941179
2560.05810547	1.52941179
2560.09082031	1.52941179
2560.11962891	1.52941179
2560.14819336	1.52941179
2560.18090820	1.52941179
2560.20971680	1.52941179
2560.23828125	1.52941179
2560.27124023	1.52941179
2560.29980469	1.52941179
2560.32836914	1.52941179
2560.36132813	1.52941179
2560.38989258	1.52941179
2560.41870117	1.52941179
2560.45141602	1.52941179
2560.48022461	1.52941179
2560.50854492	1.52941179
2560.54150391	1.52941179
2560.57006836	1.52941179
2560.59887695	1.52941179
2560.63159180	1.52941179
2560.66040039	1.52941179
2560.68896484	1.52941179
2560.72167969	1.52941179
2560.75024414	1.52941179
2560.77905273	1.52941179
2560.81176758	1.52941179
2560.84057617	1.52941179
2560.86938477	1.52941179
2560.90209961	1.52941179
2560.93041992	1.52941179
2560.95922852	1.52941179
2560.99218750	1.52941179
2561.02075195	1.52941179
2561.04956055	1.52941179
2561.08227539	1.52941179
2561.11083984	1.52941179
2561.13964844	1.52941179
2561.17236328	1.52941179
2561.20092773	1.52941179
2561.22973633	1.52941179
2561.26245117	1.52941179
2561.29101563	1.52941179
2561.31982422	1.52941179
2561.35253906	1.52941179
2561.38134766	1.52941179
2561.40991211	1.52941179
2561.44287109	1.52941179
2561.47143555	1.52941179
2561.50000000	1.52941179
2561.53295898	1.52941179
2561.56152344	1.52941179
2561.59033203	1.52941179
2561.62304688	1.52941179
2561.65161133	1.52941179
2561.68017578	1.52941179
2561.71313477	1.50980389
2561.74169922	1.50980389
2561.77050781	1.50980389
2561.80322266	1.50980389
2561.83178711	1.50980389
2561.86035156	1.50980389
2561.89331055	1.50980389
2561.92187500	1.50980389
2561.95043945	1.50980389
2562.01196289	1.50980389
2562.04077148	1.50980389
2562.10229492	1.50980389
2562.13085938	1.50980389
2562.19238281	1.49019611
2562.22094727	1.49019611
2562.24975586	1.49019611
2562.28247070	1.49019611
2562.31103516	1.49019611
2562.33984375	1.49019611
2562.37255859	1.49019611
2562.40136719	1.49019611
2562.42993164	1.49019611
2562.46264648	1.49019611
2562.49121094	1.49019611
2562.52001953	1.49019611
2562.55273438	1.49019611
2562.58129883	1.49019611
2562.61010742	1.47058821
2562.64306641	1.47058821
2562.67163086	1.47058821
2562.70043945	1.47058821
2562.73315430	1.47058821
2562.76171875	1.47058821
2562.79052734	1.47058821
2562.82324219	1.47058821
2562.85180664	1.47058821
2562.88061523	1.47058821
2562.91333008	1.47058821
2562.94189453	1.47058821
2562.97070313	1.47058821
2563.00341797	1.47058821
2563.03198242	1.47058821
2563.06079102	1.47058821
2563.09350586	1.47058821
2563.12231445	1.47058821
2563.15087891	1.47058821
2563.18359375	1.45098042
2563.21240234	1.45098042
2563.24096680	1.45098042
2563.27392578	1.45098042
2563.30249023	1.45098042
2563.33105469	1.45098042
2563.36401367	1.45098042
2563.39257813	1.45098042
2563.42138672	1.43137252
2563.45410156	1.43137252
2563.48266602	1.43137252
2563.51123047	1.43137252
2563.54418945	1.43137252
2563.57275391	1.43137252
2563.60131836	1.41176474
2563.63427734	1.41176474
2563.66284180	1.41176474
2563.69140625	1.41176474
2563.72436523	1.41176474
2563.75317383	1.41176474
2563.78173828	1.39215684
2563.81445313	1.39215684
2563.84326172	1.39215684
2563.87182617	1.39215684
2563.90454102	1.39215684
2563.93334961	1.37254906
2563.96191406	1.37254906
2563.99462891	1.37254906
2564.02343750	1.37254906
2564.05224609	1.37254906
2564.08496094	1.35294116
2564.11352539	1.35294116
2564.14233398	1.35294116
2564.17480469	1.35294116
2564.20361328	1.35294116
2564.23217773	1.35294116
2564.29370117	1.35294116
2564.32226563	1.33333337
2564.38378906	1.33333337
2564.41259766	1.33333337
2564.47412109	1.33333337
2564.50268555	1.33333337
2564.53125000	1.33333337
2564.56420898	1.33333337
2564.59277344	1.31372547
2564.62133789	1.31372547
2564.65429688	1.31372547
2564.68310547	1.31372547
2564.71166992	1.31372547
2564.74438477	1.31372547
2564.77294922	1.31372547
2564.80175781	1.31372547
2564.83447266	1.31372547
2564.86303711	1.31372547
2564.89160156	1.31372547
2564.92456055	1.31372547
2564.95312500	1.29411769
2564.98193359	1.29411769
2565.01464844	1.29411769
2565.04345703	1.29411769
2565.07202148	1.29411769
2565.10473633	1.29411769
2565.13354492	1.29411769
2565.16235352	1.29411769
2565.19482422	1.29411769
2565.22363281	1.29411769
2565.25244141	1.29411769
2565.28491211	1.29411769
2565.31396484	1.29411769
2565.34228516	1.29411769
2565.37524414	1.29411769
2565.40405273	1.29411769
2565.43261719	1.29411769
2565.46533203	1.29411769
2565.49414063	1.29411769
2565.52270508	1.29411769
2565.55541992	1.29411769
2565.58422852	1.29411769
2565.61279297	1.29411769
2565.64550781	1.29411769
2565.67431641	1.29411769
2565.70288086	1.29411769
2565.73559570	1.29411769
2565.76440430	1.29411769
2565.79296875	1.29411769
2565.82568359	1.29411769
2565.85449219	1.29411769
2565.88305664	1.29411769
2565.91601563	1.29411769
2565.94458008	1.29411769
2565.97338867	1.29411769
2566.00610352	1.31372547
2566.03466797	1.31372547
2566.06347656	1.31372547
2566.09619141	1.31372547
2566.12475586	1.31372547
2566.15356445	1.31372547
2566.18627930	1.31372547
2566.21484375	1.31372547
2566.24365234	1.31372547
2566.27636719	1.31372547
2566.30493164	1.31372547
2566.33374023	1.31372547
2566.36669922	1.31372547
2566.39526367	1.31372547
2566.42407227	1.31372547
2566.45654297	1.31372547
2566.48535156	1.31372547
2566.51391602	1.31372547
2566.57543945	1.31372547
2566.60424805	1.31372547
2566.66552734	1.31372547
2566.69433594	1.31372547
2566.75561523	1.31372547
2566.78442383	1.31372547
2566.84570313	1.29411769
2566.87451172	1.29411769
2566.90307617	1.29411769
2566.93603516	1.29411769
2566.96459961	1.29411769
2566.99340820	1.29411769
2567.02587891	1.29411769
2567.05493164	1.29411769
2567.08325195	1.29411769
2567.11621094	1.29411769
2567.14501953	1.29411769
2567.17358398	1.29411769
2567.20629883	1.29411769
2567.23486328	1.27450979
2567.26367188	1.27450979
2567.29638672	1.27450979
2567.32495117	1.27450979
2567.35375977	1.27450979
2567.38647461	1.27450979
2567.41528320	1.27450979
2567.44384766	1.27450979
2567.47656250	1.27450979
2567.50512695	1.27450979
2567.53417969	1.27450979
2567.56689453	1.25490201
2567.59545898	1.25490201
2567.62426758	1.25490201
2567.65673828	1.25490201
2567.68554688	1.25490201
2567.71411133	1.25490201
2567.74707031	1.25490201
2567.77563477	1.25490201
2567.80444336	1.25490201
2567.83715820	1.25490201
2567.86572266	1.25490201
2567.89453125	1.25490201
2567.92724609	1.25490201
2567.95581055	1.25490201
2567.98461914	1.25490201
2568.01733398	1.23529410
2568.04614258	1.23529410
2568.07470703	1.23529410
2568.10766602	1.23529410
2568.13623047	1.23529410
2568.16479492	1.23529410
2568.19775391	1.23529410
2568.22631836	1.23529410
2568.25488281	1.23529410
2568.28784180	1.23529410
2568.31640625	1.23529410
2568.34521484	1.23529410
2568.37792969	1.23529410
2568.40649414	1.23529410
2568.43530273	1.23529410
2568.46801758	1.23529410
2568.49658203	1.23529410
2568.52514648	1.23529410
2568.55810547	1.23529410
2568.58666992	1.23529410
2568.61547852	1.23529410
2568.64819336	1.21568632
2568.67700195	1.21568632
2568.70556641	1.21568632
2568.73852539	1.21568632
2568.76708984	1.21568632
2568.79565430	1.21568632
2568.82836914	1.21568632
2568.85717773	1.21568632
2568.88574219	1.21568632
2568.94726563	1.21568632
2568.97583008	1.21568632
2569.03735352	1.21568632
2569.06591797	1.21568632
2569.12744141	1.21568632
2569.15625000	1.21568632
2569.18481445	1.19607842
2569.21752930	1.19607842
2569.24609375	1.19607842
2569.27514648	1.19607842
2569.30786133	1.19607842
2569.33642578	1.19607842
2569.36523438	1.19607842
2569.39794922	1.19607842
2569.42651367	1.19607842
2569.45532227	1.19607842
2569.48803711	1.19607842
2569.51660156	1.19607842
2569.54541016	1.19607842
2569.57812500	1.19607842
2569.60668945	1.19607842
2569.63549805	1.19607842
2569.66821289	1.19607842
2569.69677734	1.19607842
2569.72534180	1.19607842
2569.75854492	1.19607842
2569.78710938	1.19607842
2569.81567383	1.19607842
2569.84838867	1.19607842
2569.87719727	1.19607842
2569.90576172	1.19607842
2569.93872070	1.19607842
2569.96728516	1.19607842
2569.99584961	1.19607842
2570.02880859	1.19607842
2570.05737305	1.19607842
2570.08593750	1.19607842
2570.11889648	1.19607842
2570.14746094	1.19607842
2570.17626953	1.19607842
2570.20898438	1.19607842
2570.23754883	1.19607842
2570.26611328	1.19607842
2570.29907227	1.19607842
2570.32763672	1.19607842
2570.35644531	1.19607842
2570.38916016	1.19607842
2570.41796875	1.21568632
2570.44653320	1.21568632
2570.47924805	1.21568632
2570.50805664	1.21568632
2570.53662109	1.21568632
2570.56958008	1.21568632
2570.59814453	1.21568632
2570.62670898	1.21568632
2570.65942383	1.21568632
2570.68823242	1.21568632
2570.71679688	1.21568632
2570.74951172	1.21568632
2570.77832031	1.21568632
2570.80688477	1.21568632
2570.83984375	1.21568632
2570.86840820	1.21568632
2570.89721680	1.21568632
2570.92993164	1.21568632
2570.95849609	1.21568632
2570.98730469	1.21568632
2571.02001953	1.21568632
2571.04882813	1.21568632
2571.07739258	1.21568632
2571.11035156	1.21568632
2571.13891602	1.21568632
2571.16748047	1.21568632
2571.22900391	1.21568632
2571.25756836	1.21568632
2571.31909180	1.21568632
2571.34790039	1.21568632
2571.40917969	1.23529410
2571.43774414	1.23529410
2571.46655273	1.23529410
2571.49926758	1.23529410
2571.52807617	1.23529410
2571.55664063	1.23529410
2571.58935547	1.23529410
2571.61816406	1.23529410
2571.64672852	1.23529410
2571.67944336	1.23529410
2571.70825195	1.23529410
2571.73681641	1.23529410
2571.76953125	1.23529410
2571.79833984	1.23529410
2571.82690430	1.23529410
2571.85961914	1.23529410
2571.88842773	1.23529410
2571.91723633	1.23529410
2571.94995117	1.23529410
2571.97851563	1.23529410
2572.00732422	1.23529410
2572.04003906	1.23529410
2572.06860352	1.23529410
2572.09741211	1.23529410
2572.13037109	1.23529410
2572.15893555	1.23529410
2572.18750000	1.23529410
2572.22021484	1.23529410
2572.24902344	1.23529410
2572.27758789	1.23529410
2572.31030273	1.23529410
2572.33911133	1.23529410
2572.36767578	1.23529410
2572.40039063	1.23529410
2572.42919922	1.23529410
2572.45776367	1.23529410
2572.49047852	1.23529410
2572.51928711	1.23529410
2572.54785156	1.23529410
2572.58081055	1.23529410
2572.60937500	1.23529410
2572.63818359	1.23529410
2572.67089844	1.23529410
2572.69946289	1.23529410
2572.72827148	1.23529410
2572.76098633	1.23529410
2572.78979492	1.23529410
2572.81835938	1.23529410
2572.85107422	1.23529410
2572.87963867	1.23529410
2572.90844727	1.23529410
2572.94116211	1.23529410
2572.96997070	1.23529410
2572.99853516	1.23529410
2573.03125000	1.23529410
2573.05981445	1.23529410
2573.08862305	1.23529410
2573.12133789	1.23529410
2573.15014648	1.23529410
2573.17871094	1.23529410
2573.21166992	1.23529410
2573.24023438	1.23529410
2573.26904297	1.23529410
2573.30175781	1.23529410
2573.33032227	1.23529410
2573.35913086	1.23529410
2573.39184570	1.23529410
2573.42041016	1.25490201
2573.44921875	1.25490201
2573.51049805	1.25490201
2573.53930664	1.25490201
2573.60058594	1.25490201
2573.62939453	1.25490201
2573.69091797	1.25490201
2573.71948242	1.25490201
2573.74829102	1.25490201
2573.78100586	1.25490201
2573.80981445	1.25490201
2573.83837891	1.25490201
2573.87109375	1.25490201
2573.89965820	1.25490201
2573.92846680	1.25490201
2573.96118164	1.25490201
2573.98974609	1.25490201
2574.01855469	1.25490201
2574.05126953	1.25490201
2574.07983398	1.25490201
2574.10864258	1.25490201
2574.14135742	1.25490201
2574.17016602	1.25490201
2574.19873047	1.25490201
2574.23144531	1.25490201
2574.26025391	1.25490201
2574.28906250	1.25490201
2574.32177734	1.25490201
2574.35034180	1.25490201
2574.37915039	1.25490201
2574.41186523	1.25490201
2574.44042969	1.25490201
2574.46923828	1.25490201
2574.50195313	1.25490201
2574.53051758	1.25490201
2574.55932617	1.25490201
2574.59204102	1.25490201
2574.62060547	1.25490201
2574.64941406	1.25490201
2574.68212891	1.25490201
2574.71093750	1.25490201
2574.73950195	1.25490201
2574.77246094	1.25490201
2574.80102539	1.25490201
2574.82958984	1.25490201
2574.86230469	1.25490201
2574.89111328	1.25490201
2574.91992188	1.25490201
2574.95263672	1.25490201
2574.98120117	1.25490201
2575.01000977	1.25490201
2575.04272461	1.25490201
2575.07128906	1.25490201
2575.10009766	1.25490201
2575.13281250	1.25490201
2575.16137695	1.25490201
2575.19018555	1.25490201
2575.22290039	1.25490201
2575.25170898	1.25490201
2575.28027344	1.25490201
2575.31298828	1.25490201
2575.34179688	1.25490201
2575.37036133	1.25490201
2575.40307617	1.25490201
2575.43188477	1.25490201
2575.46044922	1.25490201
2575.49340820	1.25490201
2575.52197266	1.25490201
2575.55053711	1.25490201
2575.58349609	1.25490201
2575.61206055	1.27450979
2575.64062500	1.25490201
2575.67358398	1.25490201
2575.70214844	1.27450979
2575.73071289	1.27450979
2575.79248047	1.27450979
2575.82080078	1.27450979
2575.88232422	1.27450979
2575.91113281	1.27450979
2575.97265625	1.27450979
2576.00122070	1.27450979
2576.06274414	1.27450979
2576.09130859	1.27450979
2576.12011719	1.27450979
2576.15283203	1.27450979
2576.18139648	1.27450979
2576.21020508	1.27450979
2576.24291992	1.27450979
2576.27148438	1.27450979
2576.30004883	1.27450979
2576.33300781	1.27450979
2576.36157227	1.27450979
2576.39038086	1.27450979
2576.42333984	1.27450979
2576.45190430	1.27450979
2576.48022461	1.27450979
2576.51318359	1.27450979
2576.54199219	1.27450979
2576.57055664	1.27450979
2576.60351563	1.27450979
2576.63208008	1.27450979
2576.66064453	1.27450979
2576.69360352	1.27450979
2576.72216797	1.27450979
2576.75073242	1.27450979
2576.78344727	1.27450979
2576.81225586	1.27450979
2576.84082031	1.27450979
2576.87353516	1.27450979
2576.90234375	1.27450979
2576.93115234	1.27450979
2576.96386719	1.27450979
2576.99267578	1.27450979
2577.02124023	1.27450979
2577.05395508	1.27450979
2577.08251953	1.27450979
2577.11132813	1.27450979
2577.14404297	1.27450979
2577.17285156	1.27450979
2577.20141602	1.27450979
2577.23413086	1.27450979
2577.26293945	1.27450979
2577.29150391	1.27450979
2577.32421875	1.27450979
2577.35302734	1.27450979
2577.38159180	1.27450979
2577.41455078	1.27450979
2577.44311523	1.27450979
2577.47167969	1.27450979
2577.50439453	1.27450979
2577.53320313	1.27450979
2577.56176758	1.27450979
2577.59472656	1.27450979
2577.62329102	1.27450979
2577.65209961	1.27450979
2577.68481445	1.27450979
2577.71362305	1.27450979
2577.74218750	1.27450979
2577.77490234	1.27450979
2577.80371094	1.27450979
2577.83227539	1.27450979
2577.86523438	1.27450979
2577.89379883	1.27450979
2577.92236328	1.27450979
2577.95507813	1.27450979
2577.98388672	1.27450979
2578.01245117	1.27450979
2578.04516602	1.27450979
2578.07397461	1.27450979
2578.10278320	1.27450979
2578.16430664	1.29411769
2578.19287109	1.29411769
2578.25415039	1.29411769
2578.28295898	1.29411769
2578.34423828	1.29411769
2578.37304688	1.29411769
2578.40161133	1.29411769
2578.43432617	1.29411769
2578.46313477	1.29411769
2578.49169922	1.29411769
2578.52465820	1.29411769
2578.55322266	1.29411769
2578.58178711	1.29411769
2578.61474609	1.29411769
2578.64331055	1.29411769
2578.67211914	1.29411769
2578.70483398	1.29411769
2578.73364258	1.29411769
2578.76220703	1.29411769
2578.79492188	1.29411769
2578.82373047	1.29411769
2578.85229492	1.29411769
2578.88525391	1.29411769
2578.91381836	1.29411769
2578.94238281	1.29411769
2578.97509766	1.29411769
2579.00390625	1.29411769
2579.03247070	1.29411769
2579.06518555	1.29411769
2579.09399414	1.29411769
2579.12255859	1.29411769
2579.15527344	1.29411769
2579.18408203	1.29411769
2579.21264648	1.29411769
2579.24560547	1.29411769
2579.27416992	1.29411769
2579.30297852	1.29411769
2579.33569336	1.29411769
2579.36425781	1.29411769
2579.39306641	1.29411769
2579.42578125	1.29411769
2579.45434570	1.29411769
2579.48315430	1.29411769
2579.51586914	1.29411769
2579.54443359	1.29411769
2579.57324219	1.29411769
2579.60595703	1.29411769
2579.63452148	1.29411769
2579.66333008	1.29411769
2579.69604492	1.29411769
2579.72485352	1.29411769
2579.75341797	1.29411769
2579.78637695	1.29411769
2579.81494141	1.29411769
2579.84375000	1.29411769
2579.87646484	1.29411769
2579.90502930	1.29411769
2579.93383789	1.29411769
2579.96655273	1.29411769
2579.99511719	1.29411769
2580.02392578	1.29411769
2580.05664063	1.29411769
2580.08520508	1.29411769
2580.11401367	1.29411769
2580.14672852	1.29411769
2580.17529297	1.29411769
2580.20410156	1.29411769
2580.23681641	1.29411769
2580.26538086	1.29411769
2580.29418945	1.29411769
2580.32690430	1.29411769
2580.35571289	1.29411769
2580.38427734	1.29411769
2580.44580078	1.29411769
2580.47460938	1.29411769
2580.53588867	1.29411769
2580.56445313	1.29411769
2580.62597656	1.29411769
2580.65454102	1.29411769
2580.68334961	1.31372547
2580.71606445	1.29411769
2580.74462891	1.31372547
2580.77343750	1.29411769
2580.80615234	1.29411769
2580.83496094	1.29411769
2580.86376953	1.29411769
2580.89624023	1.31372547
2580.92504883	1.31372547
2580.95385742	1.31372547
2580.98657227	1.31372547
2581.01513672	1.31372547
2581.04394531	1.31372547
2581.07666016	1.31372547
2581.10522461	1.31372547
2581.13378906	1.31372547
2581.16674805	1.31372547
2581.19531250	1.31372547
2581.22412109	1.31372547
2581.25683594	1.31372547
2581.28564453	1.31372547
2581.31420898	1.31372547
2581.34692383	1.31372547
2581.37548828	1.31372547
2581.40429688	1.31372547
2581.43701172	1.31372547
2581.46582031	1.31372547
2581.49438477	1.31372547
2581.52734375	1.31372547
2581.55590820	1.31372547
2581.58471680	1.31372547
2581.61743164	1.31372547
2581.64624023	1.31372547
2581.67480469	1.31372547
2581.70751953	1.31372547
2581.73608398	1.31372547
2581.76464844	1.31372547
2581.79760742	1.31372547
2581.82617188	1.31372547
2581.85498047	1.31372547
2581.88769531	1.31372547
2581.91650391	1.31372547
2581.94506836	1.31372547
2581.97778320	1.31372547
2582.00634766	1.31372547
2582.03515625	1.31372547
2582.06787109	1.31372547
2582.09667969	1.31372547
2582.12524414	1.31372547
2582.15820313	1.31372547
2582.18676758	1.31372547
2582.21533203	1.31372547
2582.24804688	1.31372547
2582.27685547	1.31372547
2582.30541992	1.31372547
2582.33813477	1.31372547
2582.36694336	1.31372547
2582.39550781	1.31372547
2582.42846680	1.31372547
2582.45703125	1.31372547
2582.48583984	1.31372547
2582.51855469	1.31372547
2582.54736328	1.31372547
2582.57592773	1.31372547
2582.60864258	1.31372547
2582.63745117	1.31372547
2582.66625977	1.31372547
2582.72753906	1.31372547
2582.75610352	1.31372547
2582.81738281	1.31372547
2582.84619141	1.31372547
2582.90771484	1.31372547
2582.93627930	1.31372547
2582.96508789	1.31372547
2582.99780273	1.31372547
2583.02636719	1.31372547
2583.05517578	1.31372547
2583.08789063	1.31372547
2583.11669922	1.31372547
2583.14526367	1.33333337
2583.17797852	1.33333337
2583.20678711	1.33333337
2583.23535156	1.33333337
2583.26831055	1.33333337
2583.29687500	1.33333337
2583.32543945	1.33333337
2583.35839844	1.33333337
2583.38696289	1.33333337
2583.41577148	1.33333337
2583.44848633	1.33333337
2583.47705078	1.33333337
2583.50561523	1.33333337
2583.53857422	1.33333337
2583.56713867	1.33333337
2583.59594727	1.33333337
2583.62866211	1.33333337
2583.65722656	1.33333337
2583.68603516	1.33333337
2583.71875000	1.33333337
2583.74755859	1.33333337
2583.77612305	1.33333337
2583.80883789	1.33333337
2583.83764648	1.33333337
2583.86621094	1.33333337
2583.89916992	1.33333337
2583.92773438	1.33333337
2583.95629883	1.33333337
2583.98901367	1.33333337
2584.01782227	1.33333337
2584.04663086	1.33333337
2584.07910156	1.33333337
2584.10791016	1.33333337
2584.13647461	1.33333337
2584.16943359	1.33333337
2584.19799805	1.33333337
2584.22680664	1.33333337
2584.25952148	1.33333337
2584.28833008	1.33333337
2584.31665039	1.33333337
2584.34960938	1.33333337
2584.37817383	1.33333337
2584.40698242	1.33333337
2584.43969727	1.33333337
2584.46850586	1.33333337
2584.49707031	1.33333337
2584.52978516	1.33333337
2584.55859375	1.33333337
2584.58715820	1.33333337
2584.62011719	1.33333337
2584.64868164	1.33333337
2584.67724609	1.33333337
2584.70996094	1.33333337
2584.73876953	1.33333337
2584.76757813	1.33333337
2584.80029297	1.33333337
2584.82885742	1.33333337
2584.85766602	1.33333337
2584.89038086	1.33333337
2584.91918945	1.33333337
2584.94775391	1.33333337
2585.00903320	1.33333337
2585.03784180	1.33333337
2585.09936523	1.33333337
2585.12792969	1.33333337
2585.18920898	1.33333337
2585.21801758	1.33333337
2585.24658203	1.33333337
2585.27954102	1.33333337
2585.30834961	1.33333337
2585.33691406	1.33333337
2585.36962891	1.35294116
2585.39819336	1.35294116
2585.42700195	1.35294116
2585.45971680	1.35294116
2585.48852539	1.35294116
2585.51708984	1.35294116
2585.54980469	1.35294116
2585.57861328	1.35294116
2585.60717773	1.35294116
2585.64013672	1.35294116
2585.66870117	1.35294116
2585.69726563	1.35294116
2585.73022461	1.35294116
2585.75878906	1.35294116
2585.78735352	1.35294116
2585.82006836	1.35294116
2585.84887695	1.35294116
2585.87744141	1.35294116
2585.91040039	1.35294116
2585.93896484	1.35294116
2585.96777344	1.35294116
2586.00048828	1.35294116
2586.02905273	1.35294116
2586.05786133	1.35294116
2586.09057617	1.35294116
2586.11914063	1.35294116
2586.14794922	1.35294116
2586.18066406	1.35294116
2586.20922852	1.35294116
2586.23803711	1.35294116
2586.27075195	1.35294116
2586.29956055	1.35294116
2586.32812500	1.35294116
2586.36083984	1.35294116
2586.38940430	1.35294116
2586.41845703	1.35294116
2586.45117188	1.35294116
2586.47973633	1.35294116
2586.50854492	1.35294116
2586.54125977	1.35294116
2586.56982422	1.35294116
2586.59863281	1.35294116
2586.63134766	1.35294116
2586.66015625	1.35294116
2586.68872070	1.35294116
2586.72143555	1.35294116
2586.75000000	1.35294116
2586.77880859	1.35294116
2586.81152344	1.35294116
2586.84033203	1.35294116
2586.86889648	1.35294116
2586.90161133	1.35294116
2586.93017578	1.35294116
2586.95898438	1.35294116
2586.99169922	1.35294116
2587.02050781	1.35294116
2587.04931641	1.35294116
2587.08203125	1.35294116
2587.11059570	1.35294116
2587.13940430	1.35294116
2587.17211914	1.35294116
2587.20068359	1.35294116
2587.22924805	1.35294116
2587.29077148	1.35294116
2587.31933594	1.35294116
2587.38085938	1.35294116
2587.40966797	1.37254906
2587.47094727	1.37254906
2587.49975586	1.37254906
2587.56103516	1.37254906
2587.58984375	1.37254906
2587.61840820	1.37254906
2587.65136719	1.37254906
2587.67993164	1.37254906
2587.70874023	1.37254906
2587.74145508	1.37254906
2587.77001953	1.37254906
2587.79882813	1.37254906
2587.83154297	1.37254906
2587.86010742	1.37254906
2587.88891602	1.37254906
2587.92163086	1.37254906
2587.95019531	1.37254906
2587.97900391	1.37254906
2588.01171875	1.37254906
2588.04052734	1.37254906
2588.06909180	1.37254906
2588.10205078	1.37254906
2588.13061523	1.37254906
2588.15917969	1.37254906
2588.19213867	1.37254906
2588.22070313	1.37254906
2588.24951172	1.37254906
2588.28222656	1.37254906
2588.31079102	1.37254906
2588.33959961	1.37254906
2588.37231445	1.37254906
2588.40087891	1.37254906
2588.42968750	1.37254906
2588.46240234	1.37254906
2588.49096680	1.37254906
2588.51977539	1.37254906
2588.55249023	1.37254906
2588.58105469	1.37254906
2588.60986328	1.37254906
2588.64257813	1.37254906
2588.67138672	1.37254906
2588.69995117	1.37254906
2588.73291016	1.37254906
2588.76147461	1.37254906
2588.79003906	1.37254906
2588.82275391	1.37254906
2588.85156250	1.37254906
2588.88012695	1.37254906
2588.91308594	1.37254906
2588.94165039	1.37254906
2588.97021484	1.37254906
2589.00292969	1.37254906
2589.03173828	1.37254906
2589.06030273	1.37254906
2589.09326172	1.37254906
2589.12207031	1.37254906
2589.15039063	1.37254906
2589.18334961	1.37254906
2589.21215820	1.37254906
2589.24072266	1.37254906
2589.27343750	1.37254906
2589.30224609	1.37254906
2589.33081055	1.37254906
2589.36352539	1.37254906
2589.39233398	1.37254906
2589.42114258	1.37254906
2589.45361328	1.37254906
2589.48242188	1.37254906
2589.51098633	1.37254906
2589.54394531	1.37254906
2589.57250977	1.37254906
2589.60107422	1.37254906
2589.66259766	1.37254906
2589.69116211	1.37254906
2589.75292969	1.37254906
2589.78149414	1.37254906
2589.84301758	1.37254906
2589.87158203	1.37254906
2589.90014648	1.37254906
2589.93310547	1.37254906
2589.96166992	1.37254906
2589.99023438	1.37254906
2590.02294922	1.37254906
2590.05175781	1.37254906
2590.08032227	1.37254906
2590.11328125	1.37254906
2590.14184570	1.37254906
2590.17041016	1.39215684
2590.20312500	1.39215684
2590.23217773	1.39215684
2590.26049805	1.39215684
2590.29345703	1.39215684
2590.32202148	1.39215684
2590.35083008	1.39215684
2590.38354492	1.39215684
2590.41210938	1.39215684
2590.44091797	1.39215684
2590.47363281	1.39215684
2590.50244141	1.39215684
2590.53100586	1.39215684
2590.56372070	1.39215684
2590.59252930	1.39215684
2590.62109375	1.39215684
2590.65405273	1.39215684
2590.68261719	1.39215684
2590.71118164	1.39215684
2590.74414063	1.39215684
2590.77270508	1.39215684
2590.80126953	1.39215684
2590.83398438	1.39215684
2590.86279297	1.39215684
2590.89160156	1.39215684
2590.92431641	1.39215684
2590.95312500	1.39215684
2590.98168945	1.39215684
2591.01440430	1.39215684
2591.04296875	1.39215684
2591.07177734	1.39215684
2591.10449219	1.39215684
2591.13330078	1.39215684
2591.16186523	1.39215684
2591.19458008	1.39215684
2591.22314453	1.39215684
2591.25195313	1.39215684
2591.28466797	1.39215684
2591.31347656	1.39215684
2591.34204102	1.39215684
2591.37500000	1.39215684
2591.40356445	1.39215684
2591.43212891	1.39215684
2591.46508789	1.39215684
2591.49365234	1.39215684
2591.52246094	1.39215684
2591.55517578	1.39215684
2591.58374023	1.39215684
2591.61254883	1.39215684
2591.64526367	1.39215684
2591.67407227	1.39215684
2591.70263672	1.39215684
2591.73535156	1.39215684
2591.76391602	1.39215684
2591.79272461	1.39215684
2591.82543945	1.39215684
2591.85424805	1.39215684
2591.88281250	1.39215684
2591.94409180	1.39215684
2591.97314453	1.39215684
2592.03442383	1.39215684
2592.06323242	1.39215684
2592.12451172	1.39215684
2592.15332031	1.39215684
2592.18188477	1.39215684
2592.21459961	1.39215684
2592.24340820	1.39215684
2592.27197266	1.39215684
2592.30468750	1.39215684
2592.33349609	1.39215684
2592.36206055	1.39215684
2592.39501953	1.39215684
2592.42358398	1.41176474
2592.45214844	1.41176474
2592.48510742	1.41176474
2592.51367188	1.41176474
2592.54248047	1.41176474
2592.57519531	1.41176474
2592.60400391	1.41176474
2592.63256836	1.41176474
2592.66528320	1.41176474
2592.69384766	1.41176474
2592.72265625	1.41176474
2592.75537109	1.41176474
2592.78393555	1.41176474
2592.81274414	1.41176474
2592.84545898	1.41176474
2592.87402344	1.41176474
2592.90283203	1.41176474
2592.93554688	1.41176474
2592.96411133	1.41176474
2592.99291992	1.41176474
2593.02563477	1.41176474
2593.05444336	1.41176474
2593.08325195	1.41176474
2593.11596680	1.41176474
2593.14428711	1.41176474
2593.17333984	1.41176474
2593.20605469	1.41176474
2593.23461914	1.41176474
2593.26342773	1.41176474
2593.29614258	1.41176474
2593.32470703	1.41176474
2593.35351563	1.41176474
2593.38623047	1.41176474
2593.41503906	1.41176474
2593.44360352	1.41176474
2593.47631836	1.41176474
2593.50488281	1.41176474
2593.53369141	1.41176474
2593.56640625	1.41176474
2593.59521484	1.41176474
2593.62377930	1.41176474
2593.65649414	1.41176474
2593.68530273	1.41176474
2593.71386719	1.41176474
2593.74682617	1.41176474
2593.77539063	1.41176474
2593.80395508	1.41176474
2593.83691406	1.41176474
2593.86547852	1.41176474
2593.89404297	1.41176474
2593.92700195	1.41176474
2593.95556641	1.41176474
2593.98437500	1.41176474
2594.01708984	1.41176474
2594.04565430	1.41176474
2594.07446289	1.41176474
2594.10717773	1.41176474
2594.13574219	1.41176474
2594.16455078	1.41176474
2594.22607422	1.41176474
2594.25463867	1.41176474
2594.31616211	1.41176474
2594.34472656	1.41176474
2594.40625000	1.41176474
2594.43505859	1.41176474
2594.46362305	1.41176474
2594.49633789	1.41176474
2594.52490234	1.41176474
2594.55371094	1.41176474
2594.58642578	1.41176474
2594.61523438	1.41176474
2594.64379883	1.43137252
2594.67651367	1.43137252
2594.70507813	1.43137252
2594.73388672	1.43137252
2594.76660156	1.43137252
2594.79541016	1.43137252
2594.82421875	1.43137252
2594.85693359	1.43137252
2594.88549805	1.43137252
2594.91430664	1.43137252
2594.94702148	1.43137252
2594.97558594	1.43137252
2595.00439453	1.43137252
2595.03710938	1.43137252
2595.06567383	1.43137252
2595.09448242	1.43137252
2595.12719727	1.43137252
2595.15576172	1.43137252
2595.18457031	1.43137252
2595.21728516	1.43137252
2595.24609375	1.43137252
2595.27465820	1.43137252
2595.30761719	1.43137252
2595.33618164	1.43137252
2595.36474609	1.43137252
2595.39746094	1.43137252
2595.42626953	1.43137252
2595.45483398	1.43137252
2595.48779297	1.43137252
2595.51635742	1.43137252
2595.54492188	1.43137252
2595.57788086	1.43137252
2595.60644531	1.43137252
2595.63500977	1.43137252
2595.66796875	1.43137252
2595.69653320	1.43137252
2595.72534180	1.43137252
2595.75781250	1.43137252
2595.78662109	1.43137252
2595.81518555	1.43137252
2595.84814453	1.43137252
2595.87670898	1.43137252
2595.90551758	1.43137252
2595.93823242	1.43137252
2595.96728516	1.43137252
2595.99560547	1.43137252
2596.02832031	1.43137252
2596.05712891	1.43137252
2596.08569336	1.43137252
2596.11840820	1.43137252
2596.14721680	1.43137252
2596.17602539	1.43137252
2596.20849609	1.43137252
2596.23730469	1.43137252
2596.26586914	1.43137252
2596.29882813	1.43137252
2596.32739258	1.43137252
2596.35620117	1.43137252
2596.38891602	1.43137252
2596.41772461	1.43137252
2596.44604492	1.43137252
2596.50756836	1.43137252
2596.53637695	1.43137252
2596.59790039	1.43137252
2596.62646484	1.43137252
2596.68798828	1.43137252
2596.71655273	1.43137252
2596.74511719	1.43137252
2596.77807617	1.43137252
2596.80664063	1.43137252
2596.83520508	1.43137252
2596.86816406	1.45098042
2596.89672852	1.45098042
2596.92553711	1.45098042
2596.95825195	1.45098042
2596.98706055	1.45098042
2597.01538086	1.45098042
2597.04833984	1.45098042
2597.07714844	1.45098042
2597.10571289	1.45098042
2597.13842773	1.45098042
2597.16723633	1.45098042
2597.19604492	1.45098042
2597.22851563	1.45098042
2597.25732422	1.45098042
2597.28588867	1.45098042
2597.31860352	1.45098042
2597.34765625	1.45098042
2597.37597656	1.45098042
2597.40893555	1.45098042
2597.43750000	1.45098042
2597.46630859	1.45098042
2597.49902344	1.45098042
2597.52783203	1.45098042
2597.55639648	1.45098042
2597.58911133	1.45098042
2597.61791992	1.45098042
2597.64648438	1.45098042
2597.67919922	1.45098042
2597.70800781	1.45098042
2597.73657227	1.45098042
2597.76928711	1.45098042
2597.79809570	1.45098042
2597.82666016	1.45098042
2597.85937500	1.45098042
2597.88818359	1.45098042
2597.91674805	1.45098042
2597.94946289	1.45098042
2597.97827148	1.45098042
2598.00683594	1.45098042
2598.03979492	1.45098042
2598.06835938	1.45098042
2598.09692383	1.45098042
2598.12988281	1.45098042
2598.15844727	1.45098042
2598.18725586	1.45098042
2598.21997070	1.45098042
2598.24853516	1.45098042
2598.27734375	1.45098042
2598.31005859	1.45098042
2598.33862305	1.45098042
2598.36767578	1.45098042
2598.40014648	1.45098042
2598.42895508	1.45098042
2598.45751953	1.45098042
2598.49047852	1.45098042
2598.51879883	1.45098042
2598.54785156	1.45098042
2598.58032227	1.45098042
2598.60913086	1.45098042
2598.63769531	1.45098042
2598.67065430	1.45098042
2598.69921875	1.45098042
2598.72802734	1.45098042
2598.78930664	1.45098042
2598.81811523	1.45098042
2598.87939453	1.45098042
2598.90820313	1.45098042
2598.96948242	1.45098042
2598.99829102	1.45098042
2599.05981445	1.47058821
2599.08837891	1.47058821
2599.11718750	1.47058821
2599.14990234	1.47058821
2599.17871094	1.47058821
2599.20727539	1.47058821
2599.23999023	1.47058821
2599.26855469	1.47058821
2599.29736328	1.47058821
2599.33007813	1.47058821
2599.35864258	1.47058821
2599.38745117	1.47058821
2599.42016602	1.47058821
2599.44897461	1.47058821
2599.47753906	1.47058821
2599.51025391	1.47058821
2599.53881836	1.47058821
2599.56762695	1.47058821
2599.60058594	1.47058821
2599.62890625	1.47058821
2599.65771484	1.47058821
2599.69042969	1.47058821
2599.71923828	1.47058821
2599.74780273	1.47058821
2599.78076172	1.47058821
2599.80932617	1.47058821
2599.83813477	1.47058821
2599.87084961	1.47058821
2599.89941406	1.47058821
2599.92822266	1.47058821
2599.96093750	1.47058821
2599.98950195	1.47058821
2600.01831055	1.47058821
2600.05102539	1.47058821
2600.07958984	1.47058821
2600.10839844	1.47058821
2600.14111328	1.47058821
2600.16992188	1.47058821
2600.19848633	1.47058821
2600.23144531	1.47058821
2600.25976563	1.47058821
2600.28857422	1.47058821
2600.32128906	1.47058821
2600.35009766	1.47058821
2600.37890625	1.47058821
2600.41162109	1.47058821
2600.44018555	1.47058821
2600.46875000	1.47058821
2600.50146484	1.47058821
2600.53027344	1.47058821
2600.55883789	1.47058821
2600.59179688	1.47058821
2600.62036133	1.47058821
2600.64916992	1.47058821
2600.68188477	1.47058821
2600.71044922	1.47058821
2600.73925781	1.47058821
2600.77197266	1.47058821
2600.80053711	1.47058821
2600.82910156	1.47058821
2600.86230469	1.47058821
2600.89086914	1.47058821
2600.91943359	1.47058821
2600.95239258	1.47058821
2600.98095703	1.47058821
2601.00952148	1.47058821
2601.04223633	1.47058821
2601.07104492	1.47058821
2601.09960938	1.47058821
2601.16113281	1.47058821
2601.18994141	1.47058821
2601.25122070	1.47058821
2601.28002930	1.47058821
2601.34130859	1.47058821
2601.37011719	1.47058821
2601.39868164	1.47058821
2601.43139648	1.49019611
2601.45996094	1.49019611
2601.48876953	1.49019611
2601.52172852	1.49019611
2601.55029297	1.49019611
2601.57885742	1.49019611
2601.61181641	1.49019611
2601.64038086	1.49019611
2601.66918945	1.49019611
2601.70190430	1.49019611
2601.73046875	1.49019611
2601.75903320	1.49019611
2601.79199219	1.49019611
2601.82055664	1.49019611
2601.84936523	1.49019611
2601.88208008	1.49019611
2601.91064453	1.49019611
2601.93945313	1.49019611
2601.97216797	1.49019611
2602.00097656	1.49019611
2602.02954102	1.49019611
2602.06250000	1.49019611
2602.09106445	1.49019611
2602.11962891	1.49019611
2602.15234375	1.49019611
2602.18115234	1.49019611
2602.20996094	1.49019611
2602.24267578	1.49019611
2602.27124023	1.49019611
2602.29980469	1.49019611
2602.33251953	1.49019611
2602.36132813	1.49019611
2602.38989258	1.49019611
2602.42285156	1.49019611
2602.45141602	1.49019611
2602.47998047	1.49019611
2602.51293945	1.49019611
2602.54174805	1.49019611
2602.57031250	1.49019611
2602.60302734	1.49019611
2602.63183594	1.49019611
2602.66040039	1.49019611
2602.69311523	1.49019611
2602.72192383	1.49019611
2602.75048828	1.49019611
2602.78320313	1.49019611
2602.81201172	1.49019611
2602.84057617	1.49019611
2602.87353516	1.49019611
2602.90209961	1.49019611
2602.93066406	1.49019611
2602.96362305	1.49019611
2602.99218750	1.49019611
2603.02075195	1.49019611
2603.05346680	1.49019611
2603.08251953	1.49019611
2603.11083984	1.49019611
2603.14379883	1.49019611
2603.17260742	1.49019611
2603.20117188	1.49019611
2603.23388672	1.49019611
2603.26269531	1.49019611
2603.29125977	1.49019611
2603.32397461	1.49019611
2603.35253906	1.49019611
2603.38134766	1.49019611
2603.44287109	1.49019611
2603.47143555	1.49019611
2603.53271484	1.49019611
2603.56176758	1.49019611
2603.62304688	1.49019611
2603.65161133	1.49019611
2603.68041992	1.49019611
2603.71313477	1.49019611
2603.74194336	1.49019611
2603.77050781	1.49019611
2603.80322266	1.49019611
2603.83203125	1.49019611
2603.86059570	1.49019611
2603.89331055	1.49019611
2603.92211914	1.49019611
2603.95092773	1.49019611
2603.98339844	1.49019611
2604.01220703	1.49019611
2604.04077148	1.49019611
2604.07348633	1.50980389
2604.10229492	1.50980389
2604.13085938	1.50980389
2604.16381836	1.50980389
2604.19238281	1.50980389
2604.22119141	1.50980389
2604.25390625	1.50980389
2604.28271484	1.50980389
2604.31127930	1.50980389
2604.34399414	1.50980389
2604.37280273	1.50980389
2604.40136719	1.50980389
2604.43432617	1.50980389
2604.46289063	1.50980389
2604.49145508	1.50980389
2604.52416992	1.50980389
2604.55297852	1.50980389
2604.58154297	1.50980389
2604.61425781	1.50980389
2604.64306641	1.50980389
2604.67187500	1.50980389
2604.70434570	1.50980389
2604.73315430	1.50980389
2604.76196289	1.50980389
2604.79467773	1.50980389
2604.82324219	1.50980389
2604.85205078	1.50980389
2604.88476563	1.50980389
2604.91333008	1.50980389
2604.94213867	1.50980389
2604.97485352	1.50980389
2605.00341797	1.50980389
2605.03222656	1.50980389
2605.06494141	1.50980389
2605.09350586	1.50980389
2605.12231445	1.50980389
2605.15502930	1.50980389
2605.18383789	1.50980389
2605.21240234	1.50980389
2605.24511719	1.50980389
2605.27392578	1.50980389
2605.30273438	1.50980389
2605.33544922	1.50980389
2605.36401367	1.50980389
2605.39282227	1.50980389
2605.42553711	1.50980389
2605.45410156	1.50980389
2605.48291016	1.50980389
2605.51562500	1.50980389
2605.54418945	1.50980389
2605.57299805	1.50980389
2605.60571289	1.50980389
2605.63427734	1.50980389
2605.66308594	1.50980389
2605.72460938	1.50980389
2605.75317383	1.50980389
2605.81469727	1.50980389
2605.84326172	1.50980389
2605.90478516	1.50980389
2605.93334961	1.50980389
2605.96215820	1.50980389
2605.99487305	1.50980389
2606.02343750	1.50980389
2606.05224609	1.50980389
2606.08496094	1.50980389
2606.11352539	1.50980389
2606.14233398	1.50980389
2606.17504883	1.50980389
2606.20385742	1.50980389
2606.23242188	1.50980389
2606.26513672	1.50980389
2606.29394531	1.50980389
2606.32250977	1.50980389
2606.35522461	1.50980389
2606.38378906	1.50980389
2606.41284180	1.50980389
2606.44555664	1.50980389
2606.47412109	1.50980389
2606.50268555	1.50980389
2606.53564453	1.50980389
2606.56420898	1.52941179
2606.59301758	1.52941179
2606.62573242	1.52941179
2606.65429688	1.52941179
2606.68310547	1.52941179
2606.71582031	1.52941179
2606.74462891	1.52941179
2606.77319336	1.52941179
2606.80590820	1.52941179
2606.83447266	1.52941179
2606.86328125	1.52941179
2606.89599609	1.52941179
2606.92480469	1.52941179
2606.95336914	1.52941179
2606.98632813	1.52941179
2607.01489258	1.52941179
2607.04370117	1.52941179
2607.07641602	1.52941179
2607.10498047	1.52941179
2607.13354492	1.52941179
2607.16650391	1.52941179
2607.19506836	1.52941179
2607.22387695	1.52941179
2607.25659180	1.52941179
2607.28515625	1.52941179
2607.31396484	1.52941179
2607.34667969	1.52941179
2607.37524414	1.52941179
2607.40405273	1.52941179
2607.43701172	1.52941179
2607.46557617	1.52941179
2607.49414063	1.52941179
2607.52685547	1.52941179
2607.55566406	1.52941179
2607.58422852	1.52941179
2607.61694336	1.52941179
2607.64575195	1.52941179
2607.67431641	1.52941179
2607.70703125	1.52941179
2607.73583984	1.52941179
2607.76440430	1.52941179
2607.79711914	1.52941179
2607.82592773	1.52941179
2607.85473633	1.52941179
2607.88720703	1.52941179
2607.91601563	1.52941179
2607.94482422	1.52941179
2608.00610352	1.52941179
2608.03491211	1.52941179
2608.09643555	1.52941179
2608.12500000	1.52941179
2608.18652344	1.52941179
2608.21508789	1.52941179
2608.24389648	1.52941179
2608.27661133	1.52941179
2608.30517578	1.52941179
2608.33398438	1.52941179
2608.36669922	1.52941179
2608.39526367	1.52941179
2608.42407227	1.52941179
2608.45678711	1.52941179
2608.48559570	1.52941179
2608.51391602	1.52941179
2608.54711914	1.52941179
2608.57543945	1.52941179
2608.60449219	1.52941179
2608.63696289	1.52941179
2608.66577148	1.52941179
2608.69433594	1.52941179
2608.72705078	1.52941179
2608.75585938	1.52941179
2608.78442383	1.52941179
2608.81738281	1.52941179
2608.84594727	1.52941179
2608.87451172	1.52941179
2608.90747070	1.52941179
2608.93603516	1.52941179
2608.96484375	1.52941179
2608.99755859	1.52941179
2609.02612305	1.52941179
2609.05493164	1.52941179
2609.08764648	1.52941179
2609.11645508	1.52941179
2609.14477539	1.52941179
2609.17797852	1.54901958
2609.20654297	1.54901958
2609.23510742	1.54901958
2609.26782227	1.54901958
2609.29663086	1.54901958
2609.32519531	1.54901958
2609.35791016	1.54901958
2609.38671875	1.54901958
2609.41528320	1.54901958
2609.44799805	1.54901958
2609.47680664	1.54901958
2609.50537109	1.54901958
2609.53833008	1.54901958
2609.56689453	1.54901958
2609.59570313	1.54901958
2609.62817383	1.54901958
2609.65698242	1.54901958
2609.68579102	1.54901958
2609.71850586	1.54901958
2609.74707031	1.54901958
2609.77587891	1.54901958
2609.80859375	1.54901958
2609.83740234	1.54901958
2609.86596680	1.54901958
2609.89892578	1.54901958
2609.92749023	1.54901958
2609.95605469	1.54901958
2609.98876953	1.54901958
2610.01757813	1.54901958
2610.04614258	1.54901958
2610.07885742	1.54901958
2610.10766602	1.54901958
2610.13623047	1.54901958
2610.16918945	1.54901958
2610.19775391	1.54901958
2610.22631836	1.54901958
2610.28784180	1.54901958
2610.31665039	1.54901958
2610.37792969	1.54901958
2610.40673828	1.54901958
2610.46801758	1.54901958
2610.49682617	1.54901958
2610.55810547	1.54901958
2610.58691406	1.54901958
2610.61547852	1.54901958
2610.64819336	1.54901958
2610.67700195	1.54901958
2610.70581055	1.54901958
2610.73852539	1.54901958
2610.76708984	1.54901958
2610.79565430	1.54901958
2610.82861328	1.54901958
2610.85717773	1.54901958
2610.88598633	1.54901958
2610.91894531	1.54901958
2610.94750977	1.54901958
2610.97607422	1.54901958
2611.00878906	1.54901958
2611.03759766	1.54901958
2611.06616211	1.54901958
2611.09887695	1.54901958
2611.12768555	1.54901958
2611.15625000	1.54901958
2611.18896484	1.54901958
2611.21777344	1.54901958
2611.24633789	1.54901958
2611.27905273	1.54901958
2611.30761719	1.54901958
2611.33642578	1.54901958
2611.36914063	1.54901958
2611.39770508	1.54901958
2611.42651367	1.54901958
2611.45922852	1.54901958
2611.48803711	1.54901958
2611.51660156	1.54901958
2611.54956055	1.54901958
2611.57812500	1.54901958
2611.60693359	1.54901958
2611.63964844	1.54901958
2611.66821289	1.54901958
2611.69702148	1.54901958
2611.72973633	1.54901958
2611.75830078	1.54901958
2611.78710938	1.54901958
2611.81982422	1.54901958
2611.84863281	1.54901958
2611.87719727	1.54901958
2611.91015625	1.54901958
2611.93872070	1.56862748
2611.96752930	1.56862748
2612.00024414	1.56862748
2612.02880859	1.56862748
2612.05761719	1.56862748
2612.09033203	1.56862748
2612.11889648	1.56862748
2612.14770508	1.56862748
2612.18041992	1.56862748
2612.20898438	1.56862748
2612.23779297	1.56862748
2612.27050781	1.56862748
2612.29907227	1.56862748
2612.32788086	1.56862748
2612.36059570	1.56862748
2612.38916016	1.56862748
2612.41796875	1.56862748
2612.45068359	1.56862748
2612.47949219	1.54901958
2612.50805664	1.54901958
2612.54101563	1.54901958
2612.56958008	1.54901958
2612.59814453	1.54901958
