1243.34838867	0.37254903
1243.37707520	0.37254903
1243.40991211	0.37254903
1243.43847656	0.37254903
1243.46728516	0.37254903
1243.50000000	0.37254903
1243.52868652	0.37254903
1243.55737305	0.37254903
1243.59020996	0.37254903
1243.61889648	0.37254903
1243.64746094	0.37254903
1243.68017578	0.37254903
1243.70886230	0.37254903
1243.73742676	0.37254903
1243.77038574	0.37254903
1243.79907227	0.37254903
1243.82763672	0.37254903
1243.86059570	0.37254903
1243.88916016	0.37254903
1243.91784668	0.37254903
1243.95056152	0.37254903
1243.97924805	0.37254903
1244.00781250	0.37254903
1244.04077148	0.37254903
1244.06933594	0.37254903
1244.09802246	0.37254903
1244.13085938	0.37254903
1244.15942383	0.37254903
1244.18811035	0.37254903
1244.22094727	0.37254903
1244.24951172	0.37254903
1244.27807617	0.37254903
1244.31091309	0.37254903
1244.33972168	0.37254903
1244.36828613	0.37254903
1244.40100098	0.37254903
1244.42980957	0.37254903
1244.45837402	0.37254903
1244.49121094	0.37254903
1244.51989746	0.37254903
1244.54846191	0.37254903
1244.58129883	0.37254903
1244.61010742	0.37254903
1244.63867188	0.37254903
1244.67138672	0.37254903
1244.70019531	0.37254903
1244.72888184	0.37254903
1244.76159668	0.37254903
1244.79040527	0.37254903
1244.81896973	0.37254903
1244.85192871	0.37254903
1244.88037109	0.37254903
1244.90905762	0.37254903
1244.94177246	0.37254903
1244.97058105	0.37254903
1244.99914551	0.37254903
1245.03186035	0.37254903
1245.06066895	0.37254903
1245.08935547	0.37254903
1245.12207031	0.37254903
1245.15075684	0.37254903
1245.17932129	0.37254903
1245.21215820	0.37254903
1245.24096680	0.37254903
1245.26965332	0.37254903
1245.33105469	0.37254903
1245.35974121	0.37254903
1245.42114258	0.37254903
1245.44982910	0.37254903
1245.51123047	0.37254903
1245.53991699	0.37254903
1245.56860352	0.37254903
1245.60131836	0.37254903
1245.63012695	0.37254903
1245.65893555	0.37254903
1245.69152832	0.37254903
1245.72021484	0.37254903
1245.74890137	0.37254903
1245.78161621	0.37254903
1245.81030273	0.37254903
1245.83898926	0.37254903
1245.87170410	0.37254903
1245.90051270	0.37254903
1245.92907715	0.37254903
1245.96179199	0.37254903
1245.99060059	0.37254903
1246.01916504	0.37254903
1246.05200195	0.37254903
1246.08068848	0.37254903
1246.10937500	0.37254903
1246.14208984	0.37254903
1246.17089844	0.37254903
1246.19946289	0.37254903
1246.23229980	0.37254903
1246.26098633	0.37254903
1246.28955078	0.37254903
1246.32238770	0.37254903
1246.35107422	0.37254903
1246.37963867	0.37254903
1246.41247559	0.37254903
1246.44116211	0.37254903
1246.46984863	0.37254903
1246.50256348	0.37254903
1246.53137207	0.37254903
1246.55993652	0.37254903
1246.59277344	0.37254903
1246.62145996	0.37254903
1246.65014648	0.37254903
1246.68286133	0.37254903
1246.71154785	0.37254903
1246.74023438	0.37254903
1246.77294922	0.37254903
1246.80151367	0.37254903
1246.83032227	0.37254903
1246.86315918	0.37254903
1246.89184570	0.49019608
1246.92053223	0.58823532
1246.95324707	0.72549021
1246.98181152	0.84313726
1247.01049805	0.92156863
1247.04321289	0.96078432
1247.07189941	0.96078432
1247.10058594	0.94117647
1247.13330078	0.92156863
1247.16210938	0.92156863
1247.19079590	0.92156863
1247.22351074	0.92156863
1247.25207520	0.92156863
1247.28088379	0.94117647
1247.31359863	0.96078432
1247.34216309	0.96078432
1247.37097168	0.96078432
1247.40380859	0.96078432
1247.43237305	0.96078432
1247.46105957	0.96078432
1247.49377441	0.96078432
1247.52246094	0.94117647
1247.55126953	0.94117647
1247.61279297	0.94117647
1247.64123535	0.92156863
1247.70275879	0.92156863
1247.73144531	0.92156863
1247.79284668	0.90196079
1247.82153320	0.88235295
1247.85021973	0.88235295
1247.88293457	0.86274511
1247.91174316	0.86274511
1247.94030762	0.86274511
1247.97314453	0.86274511
1248.00170898	0.86274511
1248.03051758	0.86274511
1248.06323242	0.88235295
1248.09179688	0.88235295
1248.12060547	0.88235295
1248.15332031	0.86274511
1248.18200684	0.86274511
1248.21069336	0.84313726
1248.24353027	0.84313726
1248.27209473	0.82352942
1248.30090332	0.80392158
1248.33361816	0.78431374
1248.36218262	0.78431374
1248.39099121	0.76470590
1248.42370605	0.76470590
1248.45239258	0.76470590
1248.48107910	0.76470590
1248.51391602	0.76470590
1248.54248047	0.76470590
1248.57128906	0.76470590
1248.60400391	0.76470590
1248.63269043	0.76470590
1248.66137695	0.74509805
1248.69421387	0.74509805
1248.72277832	0.74509805
1248.75146484	0.76470590
1248.78430176	0.76470590
1248.81286621	0.76470590
1248.84155273	0.78431374
1248.87438965	0.76470590
1248.90295410	0.78431374
1248.93176270	0.78431374
1248.96447754	0.80392158
1248.99304199	0.80392158
1249.02185059	0.82352942
1249.05456543	0.80392158
1249.08325195	0.80392158
1249.11181641	0.80392158
1249.14477539	0.80392158
1249.17333984	0.80392158
1249.20202637	0.78431374
1249.23486328	0.78431374
1249.26342773	0.78431374
1249.29211426	0.78431374
1249.32495117	0.76470590
1249.35363770	0.76470590
1249.38220215	0.76470590
1249.41516113	0.76470590
1249.44372559	0.76470590
1249.47241211	0.76470590
1249.50524902	0.76470590
1249.53381348	0.78431374
1249.56250000	0.78431374
1249.59533691	0.78431374
1249.62402344	0.78431374
1249.65270996	0.78431374
1249.68530273	0.76470590
1249.71411133	0.76470590
1249.74267578	0.76470590
1249.77551270	0.76470590
1249.80419922	0.76470590
1249.83288574	0.78431374
1249.89428711	0.78431374
1249.92297363	0.78431374
1249.98449707	0.78431374
1250.01318359	0.78431374
1250.07458496	0.78431374
1250.10327148	0.78431374
1250.13195801	0.78431374
1250.16467285	0.80392158
1250.19335938	0.80392158
1250.22204590	0.80392158
1250.25488281	0.80392158
1250.28344727	0.80392158
1250.31213379	0.80392158
1250.34509277	0.82352942
1250.37353516	0.82352942
1250.40222168	0.84313726
1250.43505859	0.84313726
1250.46374512	0.84313726
1250.49230957	0.84313726
1250.52514648	0.84313726
1250.55383301	0.84313726
1250.58239746	0.84313726
1250.61535645	0.84313726
1250.64392090	0.84313726
1250.67272949	0.84313726
1250.70544434	0.84313726
1250.73413086	0.84313726
1250.76269531	0.82352942
1250.79553223	0.82352942
1250.82421875	0.80392158
1250.85278320	0.80392158
1250.88574219	0.78431374
1250.91442871	0.78431374
1250.94299316	0.78431374
1250.97570801	0.78431374
1251.00451660	0.80392158
1251.03308105	0.80392158
1251.06579590	0.80392158
1251.09460449	0.80392158
1251.12316895	0.82352942
1251.15600586	0.82352942
1251.18469238	0.84313726
1251.21325684	0.86274511
1251.24609375	0.88235295
1251.27478027	0.90196079
1251.30346680	0.90196079
1251.33618164	0.90196079
1251.36499023	0.88235295
1251.39367676	0.88235295
1251.42639160	0.86274511
1251.45507813	0.86274511
1251.48388672	0.86274511
1251.51647949	0.86274511
1251.54528809	0.86274511
1251.57385254	0.86274511
1251.60681152	0.86274511
1251.63537598	0.86274511
1251.66406250	0.90196079
1251.69677734	0.92156863
1251.72558594	0.94117647
1251.75415039	0.94117647
1251.78686523	0.94117647
1251.81567383	0.96078432
1251.84436035	0.98039216
1251.87695313	0.98039216
1251.90576172	0.98039216
1251.93432617	0.98039216
1251.96716309	0.98039216
1251.99572754	1.00000000
1252.02453613	1.00000000
1252.08593750	1.00000000
1252.11474609	1.01960790
1252.17602539	1.01960790
1252.20471191	1.01960790
1252.26623535	1.03921568
1252.29492188	1.03921568
1252.32348633	1.03921568
1252.35632324	1.03921568
1252.38500977	1.03921568
1252.41381836	1.01960790
1252.44628906	1.01960790
1252.47521973	1.03921568
1252.50366211	1.03921568
1252.53649902	1.01960790
1252.56518555	1.01960790
1252.59387207	1.01960790
1252.62683105	1.01960790
1252.65539551	1.03921568
1252.68408203	1.03921568
1252.71679688	1.03921568
1252.74560547	1.03921568
1252.77416992	1.03921568
1252.80688477	1.03921568
1252.83569336	1.03921568
1252.86425781	1.01960790
1252.89697266	1.01960790
1252.92578125	1.03921568
1252.95434570	1.01960790
1252.98718262	1.01960790
1253.01586914	1.01960790
1253.04455566	1.01960790
1253.07727051	1.01960790
1253.10607910	1.01960790
1253.13464355	1.01960790
1253.16735840	1.01960790
1253.19604492	1.01960790
1253.22485352	1.00000000
1253.25744629	1.00000000
1253.28625488	0.98039216
1253.31494141	0.98039216
1253.34765625	0.98039216
1253.37622070	0.96078432
1253.40502930	0.96078432
1253.43774414	0.96078432
1253.46643066	0.96078432
1253.49511719	0.96078432
1253.52795410	0.96078432
1253.55651855	0.98039216
1253.58532715	0.96078432
1253.61804199	0.96078432
1253.64672852	0.96078432
1253.67541504	0.96078432
1253.70800781	0.96078432
1253.73681641	0.96078432
1253.76550293	0.96078432
1253.79833984	0.96078432
1253.82690430	0.96078432
1253.85571289	0.96078432
1253.88830566	0.96078432
1253.91699219	0.94117647
1253.94567871	0.94117647
1253.97851563	0.94117647
1254.00708008	0.94117647
1254.03601074	0.94117647
1254.06860352	0.94117647
1254.09729004	0.94117647
1254.12597656	0.94117647
1254.15881348	0.94117647
1254.18737793	0.92156863
1254.21618652	0.92156863
1254.24890137	0.92156863
1254.27746582	0.92156863
1254.30627441	0.92156863
1254.36779785	0.92156863
1254.39636230	0.92156863
1254.45764160	0.92156863
1254.48645020	0.92156863
1254.54785156	0.94117647
1254.57641602	0.94117647
1254.60534668	0.94117647
1254.63793945	0.96078432
1254.66674805	0.96078432
1254.69531250	0.96078432
1254.72814941	0.96078432
1254.75671387	0.96078432
1254.78552246	0.96078432
1254.81823730	0.96078432
1254.84680176	0.96078432
1254.87561035	0.96078432
1254.90844727	0.96078432
1254.93688965	0.96078432
1254.96569824	0.96078432
1254.99865723	0.96078432
1255.02709961	0.96078432
1255.05590820	0.96078432
1255.08862305	0.96078432
1255.11730957	0.96078432
1255.14599609	0.96078432
1255.17883301	0.96078432
1255.20739746	0.96078432
1255.23620605	0.96078432
1255.26879883	0.96078432
1255.29748535	0.96078432
1255.32629395	0.98039216
1255.35900879	0.96078432
1255.38769531	0.96078432
1255.41638184	0.96078432
1255.44909668	0.96078432
1255.47778320	0.96078432
1255.50646973	0.96078432
1255.53930664	0.96078432
1255.56774902	0.96078432
1255.59667969	0.94117647
1255.62927246	0.94117647
1255.65795898	0.94117647
1255.68676758	0.94117647
1255.71948242	0.94117647
1255.74816895	0.94117647
1255.77673340	0.94117647
1255.80969238	0.94117647
1255.83825684	0.94117647
1255.86694336	0.94117647
1255.89978027	0.94117647
1255.92834473	0.94117647
1255.95690918	0.94117647
1255.98986816	0.94117647
1256.01843262	0.94117647
1256.04711914	0.94117647
1256.07995605	0.94117647
1256.10864258	0.94117647
1256.13720703	0.94117647
1256.17016602	0.92156863
1256.19873047	0.92156863
1256.22741699	0.92156863
1256.26000977	0.92156863
1256.28881836	0.92156863
1256.31750488	0.92156863
1256.35021973	0.92156863
1256.37902832	0.92156863
1256.40771484	0.94117647
1256.44042969	0.94117647
1256.46911621	0.94117647
1256.49768066	0.94117647
1256.53039551	0.94117647
1256.55920410	0.96078432
1256.58789063	0.96078432
1256.64929199	0.96078432
1256.67797852	0.96078432
1256.73950195	0.98039216
1256.76806641	0.98039216
1256.82958984	1.00000000
1256.85827637	1.00000000
1256.88696289	1.00000000
1256.91979980	1.00000000
1256.94824219	1.00000000
1256.97705078	0.98039216
1257.00988770	0.98039216
1257.03845215	0.98039216
1257.06701660	0.98039216
1257.09997559	0.98039216
1257.12866211	0.98039216
1257.15722656	0.98039216
1257.19006348	1.00000000
1257.21875000	1.00000000
1257.24731445	1.00000000
1257.28015137	1.00000000
1257.30883789	1.00000000
1257.33740234	0.98039216
1257.37023926	0.98039216
1257.39904785	0.98039216
1257.42773438	1.00000000
1257.46032715	1.00000000
1257.48913574	0.98039216
1257.51757813	1.00000000
1257.55053711	1.00000000
1257.57910156	1.00000000
1257.60791016	0.98039216
1257.64062500	0.98039216
1257.66943359	0.96078432
1257.69787598	0.96078432
1257.73071289	0.96078432
1257.75939941	0.96078432
1257.78808594	0.98039216
1257.82080078	0.98039216
1257.84948730	0.98039216
1257.87817383	0.96078432
1257.91101074	0.96078432
1257.93969727	0.96078432
1257.96826172	0.96078432
1258.00097656	0.96078432
1258.02978516	0.96078432
1258.05834961	0.96078432
1258.09118652	0.96078432
1258.11987305	0.96078432
1258.14843750	0.96078432
1258.18139648	0.96078432
1258.20996094	0.96078432
1258.23864746	0.98039216
1258.27136230	0.98039216
1258.30004883	0.98039216
1258.32873535	1.00000000
1258.36157227	1.00000000
1258.39025879	1.00000000
1258.41894531	1.00000000
1258.45153809	1.00000000
1258.48034668	1.00000000
1258.50903320	1.00000000
1258.54174805	1.00000000
1258.57043457	1.00000000
1258.59912109	1.01960790
1258.63183594	1.01960790
1258.66076660	1.00000000
1258.68933105	1.00000000
1258.72204590	0.98039216
1258.75073242	0.98039216
1258.77941895	0.98039216
1258.81213379	0.96078432
1258.84082031	0.98039216
1258.86962891	0.98039216
1258.93103027	0.98039216
1258.95971680	0.96078432
1259.02111816	0.96078432
1259.04992676	0.96078432
1259.11120605	0.96078432
1259.14001465	0.96078432
1259.16870117	0.96078432
1259.20129395	0.96078432
1259.23010254	0.96078432
1259.25866699	0.96078432
1259.29150391	0.96078432
1259.32019043	0.96078432
1259.34887695	0.96078432
1259.38171387	0.96078432
1259.41027832	0.96078432
1259.43896484	0.98039216
1259.47167969	0.98039216
1259.50048828	0.98039216
1259.52917480	0.98039216
1259.56188965	0.98039216
1259.59057617	0.98039216
1259.61926270	0.96078432
1259.65197754	0.96078432
1259.68066406	0.96078432
1259.70922852	0.96078432
1259.74206543	0.94117647
1259.77075195	0.94117647
1259.79943848	0.94117647
1259.83203125	0.94117647
1259.86083984	0.94117647
1259.88952637	0.94117647
1259.92236328	0.94117647
1259.95092773	0.94117647
1259.97973633	0.96078432
1260.01245117	0.96078432
1260.04113770	0.98039216
1260.06982422	0.98039216
1260.10253906	0.98039216
1260.13122559	0.98039216
1260.15991211	0.98039216
1260.19274902	0.98039216
1260.22131348	0.98039216
1260.25012207	0.98039216
1260.28283691	0.98039216
1260.31140137	0.98039216
1260.34020996	0.98039216
1260.37292480	1.00000000
1260.40173340	1.00000000
1260.43029785	1.00000000
1260.46313477	0.98039216
1260.49169922	0.98039216
1260.52038574	1.00000000
1260.55322266	1.00000000
1260.58178711	1.00000000
1260.61059570	1.00000000
1260.64331055	0.98039216
1260.67187500	0.98039216
1260.70068359	0.98039216
1260.73339844	0.98039216
1260.76196289	0.98039216
1260.79077148	0.98039216
1260.82360840	1.00000000
1260.85217285	1.00000000
1260.88098145	0.98039216
1260.91369629	0.98039216
1260.94238281	0.98039216
1260.97106934	0.96078432
1261.00390625	0.96078432
1261.03234863	0.94117647
1261.06103516	0.94117647
1261.09387207	0.96078432
1261.12255859	0.96078432
1261.15112305	0.96078432
1261.21264648	0.96078432
1261.24133301	0.96078432
1261.30273438	0.98039216
1261.33142090	0.98039216
1261.39294434	0.96078432
1261.42175293	0.96078432
1261.45031738	0.96078432
1261.48303223	0.96078432
1261.51159668	0.96078432
1261.54040527	0.96078432
1261.57312012	0.96078432
1261.60180664	0.96078432
1261.63049316	0.96078432
1261.66333008	0.96078432
1261.69189453	0.96078432
1261.72058105	0.96078432
1261.75341797	0.96078432
1261.78198242	0.96078432
1261.81079102	0.96078432
1261.84362793	0.96078432
1261.87219238	0.96078432
1261.90087891	0.96078432
1261.93371582	0.96078432
1261.96228027	0.96078432
1261.99108887	0.96078432
1262.02380371	0.96078432
1262.05236816	0.96078432
1262.08117676	0.96078432
1262.11389160	0.96078432
1262.14270020	0.96078432
1262.17126465	0.96078432
1262.20410156	0.94117647
1262.23266602	0.94117647
1262.26135254	0.94117647
1262.29418945	0.92156863
1262.32275391	0.94117647
1262.35144043	0.94117647
1262.38427734	0.94117647
1262.41284180	0.94117647
1262.44165039	0.96078432
1262.47436523	0.96078432
1262.50305176	0.98039216
1262.53161621	0.98039216
1262.56457520	0.98039216
1262.59313965	0.98039216
1262.62182617	0.98039216
1262.65478516	0.98039216
1262.68334961	0.98039216
1262.71191406	0.98039216
1262.74462891	0.98039216
1262.77343750	0.98039216
1262.80200195	1.00000000
1262.83483887	1.00000000
1262.86352539	0.98039216
1262.89208984	0.98039216
1262.92492676	0.98039216
1262.95361328	0.98039216
1262.98229980	0.98039216
1263.01501465	0.98039216
1263.04370117	0.98039216
1263.07226563	0.98039216
1263.10522461	0.98039216
1263.13391113	0.98039216
1263.16259766	0.98039216
1263.19531250	0.96078432
1263.22399902	0.96078432
1263.25268555	0.96078432
1263.28540039	0.96078432
1263.31420898	0.96078432
1263.34277344	0.98039216
1263.37573242	0.98039216
1263.40429688	0.98039216
1263.43298340	1.00000000
1263.49438477	1.00000000
1263.52294922	0.98039216
1263.58447266	1.00000000
1263.61315918	1.00000000
1263.67468262	1.00000000
1263.70324707	1.00000000
1263.73181152	0.98039216
1263.76477051	0.98039216
1263.79345703	0.98039216
1263.82189941	0.98039216
1263.85485840	1.00000000
1263.88354492	0.98039216
1263.91210938	0.98039216
1263.94506836	0.98039216
1263.97363281	0.98039216
1264.00231934	0.98039216
1264.03503418	0.98039216
1264.06384277	0.98039216
1264.09240723	0.98039216
1264.12512207	0.98039216
1264.15393066	0.98039216
1264.18273926	0.98039216
1264.21533203	0.98039216
1264.24401855	0.98039216
1264.27258301	0.98039216
1264.30529785	0.98039216
1264.33410645	0.96078432
1264.36279297	0.96078432
1264.39562988	0.96078432
1264.42431641	0.96078432
1264.45275879	0.96078432
1264.48559570	0.96078432
1264.51440430	0.96078432
1264.54296875	0.96078432
1264.57580566	0.98039216
1264.60449219	0.98039216
1264.63305664	0.98039216
1264.66589355	0.98039216
1264.69458008	0.98039216
1264.72326660	0.98039216
1264.75598145	0.98039216
1264.78466797	0.98039216
1264.81347656	0.98039216
1264.84619141	0.98039216
1264.87487793	0.98039216
1264.90368652	0.98039216
1264.93627930	0.98039216
1264.96496582	0.98039216
1264.99365234	0.98039216
1265.02636719	0.96078432
1265.05517578	0.96078432
1265.08361816	0.96078432
1265.11657715	0.96078432
1265.14526367	0.96078432
1265.17382813	0.96078432
1265.20666504	0.96078432
1265.23535156	0.98039216
1265.26391602	0.98039216
1265.29675293	0.98039216
1265.32531738	1.00000000
1265.35424805	1.00000000
1265.38684082	1.00000000
1265.41564941	1.00000000
1265.44421387	1.00000000
1265.47705078	1.00000000
1265.50561523	1.00000000
1265.53442383	1.00000000
1265.56713867	1.00000000
1265.59594727	1.00000000
1265.62451172	1.01960790
1265.68591309	1.01960790
1265.71459961	1.01960790
1265.77600098	1.00000000
1265.80480957	1.00000000
1265.86608887	1.01960790
1265.89489746	1.01960790
1265.95617676	1.01960790
1265.98510742	1.01960790
1266.01354980	1.01960790
1266.04638672	1.01960790
1266.07507324	1.01960790
1266.10375977	1.01960790
1266.13659668	1.00000000
1266.16528320	1.00000000
1266.19384766	1.00000000
1266.22668457	1.00000000
1266.25537109	1.00000000
1266.28405762	1.00000000
1266.31677246	0.98039216
1266.34533691	0.98039216
1266.37414551	0.98039216
1266.40686035	0.98039216
1266.43566895	0.98039216
1266.46423340	0.96078432
1266.49694824	0.98039216
1266.52563477	0.98039216
1266.55444336	0.98039216
1266.58703613	0.98039216
1266.61572266	0.98039216
1266.64440918	0.98039216
1266.67724609	0.98039216
1266.70581055	0.98039216
1266.73461914	1.00000000
1266.76733398	1.00000000
1266.79626465	1.00000000
1266.82470703	1.01960790
1266.85754395	1.01960790
1266.88610840	1.01960790
1266.91491699	1.01960790
1266.94763184	1.01960790
1266.97619629	1.01960790
1267.00488281	1.01960790
1267.03784180	1.01960790
1267.06628418	1.01960790
1267.09509277	1.01960790
1267.12792969	1.01960790
1267.15661621	1.00000000
1267.18530273	1.00000000
1267.21801758	1.00000000
1267.24670410	1.00000000
1267.27539063	1.00000000
1267.30834961	1.00000000
1267.33679199	1.00000000
1267.36547852	1.00000000
1267.39819336	0.98039216
1267.42700195	0.98039216
1267.45556641	0.98039216
1267.48840332	0.98039216
1267.51708984	0.98039216
1267.54577637	0.96078432
1267.57849121	0.96078432
1267.60717773	0.98039216
1267.63586426	0.98039216
1267.66857910	0.98039216
1267.69714355	1.00000000
1267.72595215	1.00000000
1267.75878906	0.98039216
1267.78735352	0.98039216
1267.81591797	0.98039216
1267.84887695	0.98039216
1267.87756348	0.98039216
1267.90612793	0.98039216
1267.96765137	1.00000000
1267.99633789	1.00000000
1268.05773926	0.98039216
1268.08630371	1.00000000
1268.14782715	1.00000000
1268.17663574	1.00000000
1268.20520020	1.00000000
1268.23791504	1.00000000
1268.26660156	1.00000000
1268.29541016	0.98039216
1268.32812500	1.00000000
1268.35681152	1.00000000
1268.38549805	1.00000000
1268.41821289	1.00000000
1268.44677734	1.00000000
1268.47558594	1.00000000
1268.50830078	1.00000000
1268.53698730	1.00000000
1268.56579590	1.00000000
1268.59851074	1.01960790
1268.62707520	1.01960790
1268.65588379	1.01960790
1268.68847656	1.01960790
1268.71716309	1.01960790
1268.74597168	1.01960790
1268.77868652	1.01960790
1268.80737305	1.01960790
1268.83605957	1.01960790
1268.86877441	1.01960790
1268.89758301	1.01960790
1268.92614746	1.01960790
1268.95898438	1.01960790
1268.98754883	1.01960790
1269.01623535	1.01960790
1269.04907227	1.01960790
1269.07763672	1.01960790
1269.10632324	1.01960790
1269.13916016	1.01960790
1269.16784668	1.01960790
1269.19653320	1.01960790
1269.22949219	1.01960790
1269.25793457	1.01960790
1269.28662109	1.00000000
1269.31945801	1.00000000
1269.34814453	1.00000000
1269.37670898	1.00000000
1269.40954590	1.00000000
1269.43823242	1.00000000
1269.46679688	1.00000000
1269.49951172	0.98039216
1269.52832031	1.00000000
1269.55688477	0.98039216
1269.58972168	1.00000000
1269.61840820	0.98039216
1269.64709473	0.98039216
1269.67980957	0.98039216
1269.70861816	0.98039216
1269.73718262	0.98039216
1269.76989746	0.98039216
1269.79858398	0.96078432
1269.82727051	0.96078432
1269.86010742	0.98039216
1269.88879395	0.98039216
1269.91760254	0.98039216
1269.95019531	1.00000000
1269.97900391	1.00000000
1270.00756836	1.00000000
1270.04040527	0.98039216
1270.06909180	0.98039216
1270.09777832	0.98039216
1270.13061523	0.98039216
1270.15917969	0.98039216
1270.18774414	0.98039216
1270.24926758	0.98039216
1270.27795410	0.98039216
1270.33947754	0.98039216
1270.36804199	0.98039216
1270.42956543	0.98039216
1270.45812988	0.98039216
1270.48681641	0.98039216
1270.51953125	0.98039216
1270.54833984	0.98039216
1270.57690430	1.00000000
1270.60974121	1.00000000
1270.63842773	1.00000000
1270.66699219	1.00000000
1270.69982910	1.00000000
1270.72863770	1.00000000
1270.75720215	1.00000000
1270.79003906	1.00000000
1270.81872559	1.00000000
1270.84741211	1.00000000
1270.88012695	1.00000000
1270.90881348	1.00000000
1270.93762207	1.00000000
1270.97021484	1.00000000
1270.99890137	1.00000000
1271.02746582	1.01960790
1271.06030273	1.00000000
1271.08911133	1.00000000
1271.11767578	1.00000000
1271.15051270	1.00000000
1271.17919922	1.00000000
1271.20776367	1.00000000
1271.24047852	1.00000000
1271.26928711	1.00000000
1271.29785156	1.00000000
1271.33068848	1.00000000
1271.35949707	1.00000000
1271.38806152	1.00000000
1271.42077637	1.00000000
1271.44958496	1.00000000
1271.47814941	1.00000000
1271.51098633	1.00000000
1271.53967285	1.00000000
1271.56835938	1.00000000
1271.60107422	1.00000000
1271.62976074	1.00000000
1271.65844727	1.00000000
1271.69116211	1.00000000
1271.71984863	1.00000000
1271.74877930	1.00000000
1271.78125000	1.00000000
1271.81005859	1.00000000
1271.83874512	1.00000000
1271.87145996	1.00000000
1271.90002441	1.00000000
1271.92883301	1.00000000
1271.96154785	1.00000000
1271.99011230	1.00000000
1272.01892090	1.00000000
1272.05163574	1.00000000
1272.08032227	1.00000000
1272.10900879	1.00000000
1272.14172363	0.98039216
1272.17053223	0.98039216
1272.19921875	0.98039216
1272.23193359	0.98039216
1272.26049805	0.98039216
1272.28930664	0.96078432
1272.32202148	0.96078432
1272.35070801	0.96078432
1272.37951660	0.96078432
1272.41223145	0.96078432
1272.44079590	0.96078432
1272.46960449	0.96078432
1272.53100586	0.98039216
1272.55969238	0.98039216
1272.62097168	0.98039216
1272.64978027	0.98039216
1272.71118164	0.98039216
1272.73986816	0.98039216
1272.76855469	0.98039216
1272.80126953	0.96078432
1272.83007813	0.96078432
1272.85864258	0.96078432
1272.89160156	0.96078432
1272.92016602	0.98039216
1272.94873047	0.98039216
1272.98156738	0.98039216
1273.01025391	1.00000000
1273.03894043	1.00000000
1273.07165527	1.00000000
1273.10034180	1.00000000
1273.12902832	1.00000000
1273.16198730	0.98039216
1273.19055176	0.98039216
1273.21911621	0.98039216
1273.25195313	0.98039216
1273.28051758	0.98039216
1273.30932617	0.98039216
1273.34204102	0.98039216
1273.37060547	0.98039216
1273.39941406	0.98039216
1273.43212891	1.00000000
1273.46081543	0.98039216
1273.48950195	1.00000000
1273.52233887	0.98039216
1273.55090332	1.00000000
1273.57971191	1.00000000
1273.61242676	1.00000000
1273.64099121	1.00000000
1273.66979980	1.00000000
1273.70251465	1.01960790
1273.73107910	1.01960790
1273.75988770	1.01960790
1273.79272461	1.01960790
1273.82128906	1.01960790
1273.84997559	1.01960790
1273.88281250	1.01960790
1273.91162109	1.01960790
1273.94018555	1.00000000
1273.97302246	1.00000000
1274.00146484	1.00000000
1274.03027344	1.00000000
1274.06311035	1.00000000
1274.09167480	1.00000000
1274.12036133	1.00000000
1274.15319824	1.00000000
1274.18176270	1.00000000
1274.21057129	1.00000000
1274.24328613	1.00000000
1274.27197266	1.00000000
1274.30053711	1.00000000
1274.33337402	1.00000000
1274.36206055	1.00000000
1274.39062500	1.00000000
1274.42358398	0.98039216
1274.45214844	0.98039216
1274.48071289	0.98039216
1274.51367188	0.98039216
1274.54223633	0.98039216
1274.57092285	0.98039216
1274.60375977	0.98039216
1274.63244629	0.98039216
1274.66101074	0.98039216
1274.69396973	1.00000000
1274.72265625	1.00000000
1274.75109863	1.00000000
1274.81262207	1.00000000
1274.84130859	1.00000000
1274.90283203	1.00000000
1274.93151855	1.00000000
1274.99291992	1.00000000
1275.02160645	1.00000000
1275.05029297	0.98039216
1275.08300781	0.98039216
1275.11169434	1.00000000
1275.14038086	1.00000000
1275.17309570	1.00000000
1275.20178223	1.00000000
1275.23046875	1.00000000
1275.26318359	1.00000000
1275.29187012	1.00000000
1275.32067871	1.00000000
1275.35339355	1.00000000
1275.38208008	1.00000000
1275.41076660	0.98039216
1275.44360352	0.98039216
1275.47216797	0.98039216
1275.50085449	0.98039216
1275.53356934	1.00000000
1275.56225586	1.00000000
1275.59094238	1.00000000
1275.62377930	1.00000000
1275.65234375	1.00000000
1275.68103027	1.00000000
1275.71386719	1.00000000
1275.74255371	1.00000000
1275.77111816	1.00000000
1275.80395508	1.00000000
1275.83264160	1.00000000
1275.86132813	1.00000000
1275.89404297	1.00000000
1275.92285156	1.00000000
1275.95153809	1.00000000
1275.98413086	1.00000000
1276.01293945	1.00000000
1276.04150391	1.00000000
1276.07421875	1.00000000
1276.10302734	1.00000000
1276.13159180	1.00000000
1276.16455078	1.00000000
1276.19311523	1.00000000
1276.22180176	0.98039216
1276.25451660	0.98039216
1276.28332520	0.98039216
1276.31188965	0.98039216
1276.34472656	0.98039216
1276.37341309	0.98039216
1276.40197754	0.98039216
1276.43469238	0.98039216
1276.46350098	1.00000000
1276.49206543	1.00000000
1276.52490234	1.00000000
1276.55358887	1.00000000
1276.58227539	1.00000000
1276.61499023	1.00000000
1276.64379883	1.01960790
1276.67248535	1.00000000
1276.70507813	1.00000000
1276.73388672	1.00000000
1276.76245117	1.00000000
1276.79528809	1.00000000
1276.82397461	1.01960790
1276.85266113	1.01960790
1276.88549805	1.01960790
1276.91418457	1.01960790
1276.94274902	1.01960790
1276.97558594	1.00000000
1277.00427246	1.00000000
1277.03283691	1.00000000
1277.09423828	0.98039216
1277.12292480	0.98039216
1277.18457031	0.98039216
1277.21313477	0.98039216
1277.27465820	0.98039216
1277.30322266	1.00000000
1277.33178711	1.00000000
1277.36462402	1.00000000
1277.39331055	1.00000000
1277.42199707	1.01960790
1277.45471191	1.01960790
1277.48352051	1.01960790
1277.51208496	1.01960790
1277.54492188	1.00000000
1277.57360840	1.00000000
1277.60229492	1.00000000
1277.63500977	0.98039216
1277.66369629	0.98039216
1277.69250488	0.98039216
1277.72509766	0.98039216
1277.75390625	0.98039216
1277.78247070	0.98039216
1277.81518555	0.96078432
1277.84399414	0.96078432
1277.87255859	0.96078432
1277.90551758	0.94117647
1277.93408203	0.94117647
1277.96264648	0.94117647
1277.99548340	0.94117647
1278.02429199	0.94117647
1278.05285645	0.94117647
1278.08569336	0.94117647
1278.11437988	0.94117647
1278.14294434	0.94117647
1278.17578125	0.94117647
1278.20446777	0.94117647
1278.23315430	0.94117647
1278.26586914	0.94117647
1278.29467773	0.96078432
1278.32324219	0.96078432
1278.35607910	0.96078432
1278.38476563	0.96078432
1278.41333008	0.96078432
1278.44604492	0.96078432
1278.47485352	0.96078432
1278.50341797	0.96078432
1278.53625488	0.96078432
1278.56481934	0.98039216
1278.59362793	0.98039216
1278.62634277	0.98039216
1278.65490723	0.98039216
1278.68371582	1.00000000
1278.71643066	1.00000000
1278.74511719	1.00000000
1278.77392578	1.00000000
1278.80664063	1.00000000
1278.83520508	1.00000000
1278.86389160	1.00000000
1278.89672852	1.00000000
1278.92541504	1.00000000
1278.95410156	1.00000000
1278.98693848	1.00000000
1279.01550293	1.00000000
1279.04431152	1.00000000
1279.07702637	1.00000000
1279.10559082	1.00000000
1279.13439941	1.00000000
1279.16711426	1.00000000
1279.19567871	1.00000000
1279.22448730	1.00000000
1279.25720215	1.00000000
1279.28588867	1.00000000
1279.31457520	0.98039216
1279.37597656	1.00000000
1279.40466309	1.00000000
1279.46606445	1.00000000
1279.49487305	1.00000000
1279.55615234	0.98039216
1279.58496094	0.98039216
1279.61352539	0.98039216
1279.64648438	0.98039216
1279.67504883	0.98039216
1279.70361328	0.98039216
1279.73645020	0.98039216
1279.76513672	0.98039216
1279.79382324	0.98039216
1279.82653809	0.98039216
1279.85510254	0.98039216
1279.88391113	0.98039216
1279.91674805	0.98039216
1279.94543457	1.00000000
1279.97412109	1.01960790
1280.00683594	1.01960790
1280.03540039	1.01960790
1280.06420898	1.01960790
1280.09704590	1.01960790
1280.12561035	1.01960790
1280.15441895	1.00000000
1280.18701172	1.00000000
1280.21569824	1.00000000
1280.24438477	0.98039216
1280.27722168	0.98039216
1280.30590820	0.98039216
1280.33459473	0.98039216
1280.36730957	0.98039216
1280.39599609	0.98039216
1280.42468262	0.98039216
1280.45751953	0.98039216
1280.48608398	1.00000000
1280.51489258	1.00000000
1280.54760742	0.98039216
1280.57617188	0.98039216
1280.60498047	0.98039216
1280.63769531	0.98039216
1280.66650391	0.98039216
1280.69506836	0.98039216
1280.72790527	0.98039216
1280.75646973	0.98039216
1280.78515625	0.98039216
1280.81799316	0.96078432
1280.84655762	0.96078432
1280.87524414	0.98039216
1280.90808105	0.98039216
1280.93664551	0.98039216
1280.96545410	0.98039216
1280.99816895	1.00000000
1281.02673340	1.00000000
1281.05554199	1.00000000
1281.08837891	1.00000000
1281.11694336	1.01960790
1281.14550781	1.01960790
1281.17846680	1.01960790
1281.20703125	1.03921568
1281.23571777	1.03921568
1281.26855469	1.03921568
1281.29724121	1.03921568
1281.32580566	1.05882359
1281.35852051	1.05882359
1281.38732910	1.05882359
1281.41601563	1.05882359
1281.44873047	1.05882359
1281.47741699	1.05882359
1281.50598145	1.05882359
1281.56762695	1.05882359
1281.59619141	1.05882359
1281.65771484	1.03921568
1281.68640137	1.01960790
1281.74780273	1.01960790
1281.77648926	1.01960790
1281.83789063	1.01960790
1281.86657715	1.01960790
1281.89526367	1.01960790
1281.92810059	1.01960790
1281.95666504	1.01960790
1281.98547363	1.01960790
1282.01818848	1.01960790
1282.04687500	1.03921568
1282.07556152	1.03921568
1282.10839844	1.05882359
1282.13696289	1.05882359
1282.16564941	1.05882359
1282.19848633	1.05882359
1282.22717285	1.07843137
1282.25573730	1.07843137
1282.28857422	1.07843137
1282.31713867	1.07843137
1282.34582520	1.07843137
1282.37866211	1.05882359
1282.40722656	1.03921568
1282.43591309	1.03921568
1282.46875000	1.03921568
1282.49743652	1.05882359
1282.52600098	1.05882359
1282.55883789	1.05882359
1282.58764648	1.05882359
1282.61621094	1.07843137
1282.64892578	1.07843137
1282.67773438	1.05882359
1282.70642090	1.05882359
1282.73901367	1.05882359
1282.76782227	1.03921568
1282.79663086	1.03921568
1282.82922363	1.03921568
1282.85803223	1.03921568
1282.88659668	1.01960790
1282.91943359	1.01960790
1282.94799805	1.01960790
1282.97668457	1.01960790
1283.00939941	1.01960790
1283.03820801	1.01960790
1283.06677246	1.03921568
1283.09948730	1.03921568
1283.12829590	1.03921568
1283.15698242	1.05882359
1283.18969727	1.05882359
1283.21838379	1.05882359
1283.24694824	1.05882359
1283.27990723	1.05882359
1283.30847168	1.05882359
1283.33715820	1.05882359
1283.36987305	1.05882359
1283.39868164	1.05882359
1283.42736816	1.07843137
1283.46008301	1.07843137
1283.48889160	1.07843137
1283.51745605	1.07843137
1283.55017090	1.05882359
1283.57885742	1.05882359
1283.60754395	1.05882359
1283.64038086	1.05882359
1283.66906738	1.05882359
1283.69763184	1.07843137
1283.73046875	1.07843137
1283.75915527	1.07843137
1283.78784180	1.07843137
1283.84936523	1.05882359
1283.87780762	1.05882359
1283.93933105	1.03921568
1283.96801758	1.03921568
1284.02941895	1.05882359
1284.05810547	1.05882359
1284.08679199	1.05882359
1284.11975098	1.03921568
1284.14831543	1.03921568
1284.17700195	1.03921568
1284.20971680	1.03921568
1284.23852539	1.03921568
1284.26708984	1.03921568
1284.29980469	1.03921568
1284.32849121	1.03921568
1284.35717773	1.03921568
1284.38989258	1.03921568
1284.41870117	1.03921568
1284.44738770	1.03921568
1284.48010254	1.03921568
1284.50878906	1.03921568
1284.53747559	1.03921568
1284.57006836	1.03921568
1284.59899902	1.03921568
1284.62744141	1.03921568
1284.66040039	1.03921568
1284.68908691	1.03921568
1284.71765137	1.03921568
1284.75036621	1.03921568
1284.77917480	1.03921568
1284.80773926	1.03921568
1284.84045410	1.03921568
1284.86926270	1.01960790
1284.89794922	1.01960790
1284.93066406	1.01960790
1284.95947266	1.01960790
1284.98803711	1.01960790
1285.02075195	1.01960790
1285.04943848	1.01960790
1285.07812500	1.01960790
1285.11096191	1.03921568
1285.13952637	1.03921568
1285.16833496	1.03921568
1285.20104980	1.03921568
1285.22973633	1.03921568
1285.25830078	1.03921568
1285.29113770	1.03921568
1285.31982422	1.03921568
1285.34851074	1.03921568
1285.38122559	1.03921568
1285.40991211	1.03921568
1285.43859863	1.05882359
1285.47143555	1.03921568
1285.50000000	1.03921568
1285.52880859	1.03921568
1285.56152344	1.03921568
1285.59020996	1.03921568
1285.61889648	1.03921568
1285.65173340	1.01960790
1285.68041992	1.01960790
1285.70898438	1.01960790
1285.74182129	1.01960790
1285.77038574	1.03921568
1285.79919434	1.03921568
1285.83178711	1.05882359
1285.86059570	1.05882359
1285.88928223	1.07843137
1285.92199707	1.07843137
1285.95068359	1.07843137
1285.97949219	1.05882359
1286.01208496	1.05882359
1286.04077148	1.05882359
1286.06945801	1.03921568
1286.13085938	1.05882359
1286.15966797	1.05882359
1286.22094727	1.05882359
1286.24975586	1.05882359
1286.31103516	1.03921568
1286.33972168	1.03921568
1286.36853027	1.03921568
1286.40124512	1.03921568
1286.42993164	1.03921568
1286.45874023	1.03921568
1286.49145508	1.03921568
1286.52001953	1.03921568
1286.54882813	1.03921568
1286.58154297	1.03921568
1286.61022949	1.03921568
1286.63891602	1.03921568
1286.67163086	1.03921568
1286.70043945	1.03921568
1286.72912598	1.05882359
1286.76171875	1.05882359
1286.79040527	1.05882359
1286.81909180	1.05882359
1286.85192871	1.05882359
1286.88037109	1.05882359
1286.90930176	1.07843137
1286.94201660	1.07843137
1286.97058105	1.07843137
1286.99938965	1.07843137
1287.03210449	1.07843137
1287.06066895	1.07843137
1287.08947754	1.07843137
1287.12231445	1.05882359
1287.15087891	1.05882359
1287.17956543	1.05882359
1287.21240234	1.05882359
1287.24096680	1.07843137
1287.26977539	1.07843137
1287.30261230	1.07843137
1287.33117676	1.07843137
1287.35998535	1.07843137
1287.39257813	1.05882359
1287.42138672	1.05882359
1287.44995117	1.05882359
1287.48278809	1.05882359
1287.51135254	1.05882359
1287.54003906	1.05882359
1287.57287598	1.05882359
1287.60156250	1.05882359
1287.63000488	1.05882359
1287.66308594	1.05882359
1287.69165039	1.05882359
1287.72045898	1.05882359
1287.75317383	1.05882359
1287.78173828	1.05882359
1287.81030273	1.05882359
1287.84326172	1.05882359
1287.87182617	1.05882359
1287.90051270	1.05882359
1287.93334961	1.05882359
1287.96215820	1.05882359
1287.99060059	1.03921568
1288.02331543	1.03921568
1288.05212402	1.03921568
1288.08068848	1.03921568
1288.11352539	1.01960790
1288.14233398	1.01960790
1288.17089844	1.00000000
1288.20361328	1.01960790
1288.23242188	1.01960790
1288.26098633	1.03921568
1288.29382324	1.03921568
1288.32250977	1.03921568
1288.35119629	1.05882359
1288.41271973	1.05882359
1288.44128418	1.05882359
1288.50268555	1.03921568
1288.53137207	1.03921568
1288.59289551	1.05882359
1288.62145996	1.05882359
1288.65014648	1.05882359
1288.68298340	1.05882359
1288.71166992	1.03921568
1288.74035645	1.03921568
1288.77319336	1.03921568
1288.80175781	1.03921568
1288.83032227	1.03921568
1288.86340332	1.01960790
1288.89184570	1.01960790
1288.92053223	1.01960790
1288.95336914	1.01960790
1288.98205566	1.01960790
1289.01062012	1.01960790
1289.04357910	1.01960790
1289.07214355	1.01960790
1289.10070801	1.01960790
1289.13354492	1.03921568
1289.16223145	1.03921568
1289.19079590	1.03921568
1289.22363281	1.03921568
1289.25231934	1.05882359
1289.28100586	1.05882359
1289.31372070	1.05882359
1289.34252930	1.05882359
1289.37109375	1.05882359
1289.40380859	1.05882359
1289.43249512	1.05882359
1289.46142578	1.07843137
1289.49401855	1.05882359
1289.52270508	1.05882359
1289.55126953	1.05882359
1289.58410645	1.05882359
1289.61291504	1.05882359
1289.64147949	1.03921568
1289.67443848	1.03921568
1289.70300293	1.03921568
1289.73168945	1.03921568
1289.76428223	1.03921568
1289.79321289	1.03921568
1289.82177734	1.03921568
1289.85437012	1.03921568
1289.88317871	1.01960790
1289.91186523	1.01960790
1289.94458008	1.01960790
1289.97338867	1.01960790
1290.00195313	1.01960790
1290.03491211	1.01960790
1290.06335449	1.01960790
1290.09216309	1.01960790
1290.12475586	1.01960790
1290.15356445	1.01960790
1290.18225098	1.01960790
1290.21496582	1.01960790
1290.24377441	1.01960790
1290.27233887	1.01960790
1290.30517578	1.01960790
1290.33386230	1.03921568
1290.36254883	1.03921568
1290.39526367	1.03921568
1290.42407227	1.03921568
1290.45251465	1.03921568
1290.48535156	1.03921568
1290.51403809	1.03921568
1290.54284668	1.03921568
1290.57543945	1.03921568
1290.60412598	1.03921568
1290.63281250	1.01960790
1290.69433594	1.01960790
1290.72302246	1.01960790
1290.78430176	1.01960790
1290.81311035	1.01960790
1290.87438965	1.01960790
1290.90319824	1.03921568
1290.93188477	1.03921568
1290.96459961	1.03921568
1290.99340820	1.03921568
1291.02197266	1.03921568
1291.05468750	1.03921568
1291.08349609	1.03921568
1291.11206055	1.03921568
1291.14477539	1.03921568
1291.17370605	1.03921568
1291.20214844	1.03921568
1291.23498535	1.03921568
1291.26367188	1.03921568
1291.29235840	1.03921568
1291.32507324	1.03921568
1291.35388184	1.03921568
1291.38244629	1.03921568
1291.41528320	1.03921568
1291.44396973	1.03921568
1291.47253418	1.03921568
1291.50537109	1.03921568
1291.53405762	1.03921568
1291.56274414	1.03921568
1291.59545898	1.05882359
1291.62414551	1.05882359
1291.65283203	1.05882359
1291.68566895	1.03921568
1291.71435547	1.03921568
1291.74304199	1.05882359
1291.77563477	1.05882359
1291.80432129	1.05882359
1291.83300781	1.05882359
1291.86596680	1.05882359
1291.89440918	1.05882359
1291.92321777	1.05882359
1291.95593262	1.05882359
1291.98461914	1.05882359
1292.01330566	1.05882359
1292.04614258	1.05882359
1292.07458496	1.05882359
1292.10351563	1.05882359
1292.13623047	1.05882359
1292.16491699	1.03921568
1292.19348145	1.03921568
1292.22631836	1.03921568
1292.25488281	1.03921568
1292.28369141	1.03921568
1292.31640625	1.03921568
1292.34509277	1.03921568
1292.37377930	1.03921568
1292.40661621	1.03921568
1292.43530273	1.03921568
1292.46386719	1.03921568
1292.49682617	1.03921568
1292.52539063	1.03921568
1292.55407715	1.03921568
1292.58691406	1.03921568
1292.61547852	1.03921568
1292.64416504	1.03921568
1292.67700195	1.03921568
1292.70556641	1.03921568
1292.73437500	1.03921568
1292.76696777	1.03921568
1292.79577637	1.03921568
1292.82446289	1.03921568
1292.85717773	1.03921568
1292.88574219	1.03921568
1292.91442871	1.03921568
1292.97595215	1.03921568
1293.00451660	1.03921568
1293.06604004	1.03921568
1293.09472656	1.03921568
1293.15612793	1.05882359
1293.18481445	1.05882359
1293.21350098	1.05882359
1293.24633789	1.05882359
1293.27490234	1.05882359
1293.30371094	1.05882359
1293.33642578	1.05882359
1293.36499023	1.05882359
1293.39379883	1.05882359
1293.42663574	1.05882359
1293.45532227	1.05882359
1293.48400879	1.05882359
1293.51672363	1.05882359
1293.54528809	1.05882359
1293.57397461	1.05882359
1293.60681152	1.03921568
1293.63537598	1.05882359
1293.66418457	1.05882359
1293.69677734	1.05882359
1293.72558594	1.05882359
1293.75427246	1.05882359
1293.78710938	1.07843137
1293.81567383	1.05882359
1293.84448242	1.05882359
1293.87719727	1.05882359
1293.90588379	1.05882359
1293.93457031	1.05882359
1293.96728516	1.05882359
1293.99597168	1.05882359
1294.02453613	1.03921568
1294.05749512	1.03921568
1294.08605957	1.03921568
1294.11486816	1.03921568
1294.14758301	1.03921568
1294.17626953	1.03921568
1294.20483398	1.05882359
1294.23767090	1.03921568
1294.26635742	1.05882359
1294.29492188	1.03921568
1294.32775879	1.05882359
1294.35644531	1.05882359
1294.38500977	1.05882359
1294.41796875	1.03921568
1294.44653320	1.03921568
1294.47534180	1.03921568
1294.50805664	1.03921568
1294.53662109	1.03921568
1294.56530762	1.03921568
1294.59814453	1.03921568
1294.62683105	1.03921568
1294.65539551	1.03921568
1294.68835449	1.03921568
1294.71691895	1.03921568
1294.74548340	1.03921568
1294.77832031	1.01960790
1294.80712891	1.01960790
1294.83569336	1.01960790
1294.86840820	1.03921568
1294.89709473	1.03921568
1294.92590332	1.03921568
1294.95861816	1.03921568
1294.98730469	1.03921568
1295.01586914	1.03921568
1295.04870605	1.05882359
1295.07739258	1.05882359
1295.10607910	1.05882359
1295.16760254	1.05882359
1295.19616699	1.05882359
1295.25756836	1.05882359
1295.28637695	1.05882359
1295.34777832	1.05882359
1295.37634277	1.05882359
1295.43786621	1.07843137
1295.46655273	1.07843137
1295.49523926	1.07843137
1295.52807617	1.07843137
1295.55664063	1.07843137
1295.58532715	1.07843137
1295.61816406	1.07843137
1295.64697266	1.07843137
1295.67541504	1.07843137
1295.70825195	1.07843137
1295.73693848	1.07843137
1295.76550293	1.07843137
1295.79846191	1.07843137
1295.82702637	1.07843137
1295.85571289	1.07843137
1295.88830566	1.07843137
1295.91723633	1.07843137
1295.94567871	1.07843137
1295.97863770	1.07843137
1296.00720215	1.07843137
1296.03588867	1.07843137
1296.06860352	1.07843137
1296.09741211	1.07843137
1296.12609863	1.07843137
1296.15881348	1.07843137
1296.18750000	1.07843137
1296.21630859	1.07843137
1296.24890137	1.07843137
1296.27770996	1.09803927
1296.30627441	1.09803927
1296.33898926	1.09803927
1296.36779785	1.09803927
1296.39636230	1.09803927
1296.42932129	1.09803927
1296.45776367	1.09803927
1296.48669434	1.09803927
1296.51928711	1.09803927
1296.54809570	1.09803927
1296.57666016	1.09803927
1296.60949707	1.11764705
1296.63806152	1.11764705
1296.66687012	1.11764705
1296.69946289	1.11764705
1296.72839355	1.11764705
1296.75683594	1.13725495
1296.78967285	1.13725495
1296.81835938	1.13725495
1296.84704590	1.11764705
1296.87976074	1.11764705
1296.90856934	1.11764705
1296.93713379	1.11764705
1296.96984863	1.11764705
1296.99865723	1.11764705
1297.02722168	1.11764705
1297.05993652	1.11764705
1297.08874512	1.11764705
1297.11743164	1.09803927
1297.15014648	1.09803927
1297.17871094	1.09803927
1297.20751953	1.09803927
1297.24023438	1.09803927
1297.26892090	1.09803927
1297.29772949	1.09803927
1297.33032227	1.07843137
1297.35900879	1.07843137
1297.38769531	1.07843137
1297.44921875	1.07843137
1297.47790527	1.09803927
1297.53930664	1.09803927
1297.56799316	1.07843137
1297.62939453	1.09803927
1297.65820313	1.09803927
1297.71948242	1.09803927
1297.74829102	1.09803927
1297.77685547	1.09803927
1297.80969238	1.09803927
1297.83837891	1.09803927
1297.86706543	1.09803927
1297.89978027	1.09803927
1297.92858887	1.09803927
1297.95715332	1.09803927
1297.98986816	1.09803927
1298.01855469	1.09803927
1298.04724121	1.09803927
1298.07995605	1.09803927
1298.10888672	1.09803927
1298.13745117	1.09803927
1298.17028809	1.09803927
1298.19885254	1.09803927
1298.22766113	1.09803927
1298.26025391	1.09803927
1298.28894043	1.09803927
1298.31762695	1.09803927
1298.35034180	1.09803927
1298.37890625	1.09803927
1298.40783691	1.09803927
1298.44055176	1.09803927
1298.46923828	1.11764705
1298.49792480	1.11764705
1298.53051758	1.11764705
1298.55920410	1.11764705
1298.58789063	1.11764705
1298.62072754	1.11764705
1298.64941406	1.11764705
1298.67822266	1.09803927
1298.71093750	1.09803927
1298.73950195	1.09803927
1298.76818848	1.09803927
1298.80102539	1.09803927
1298.82958984	1.09803927
1298.85839844	1.09803927
1298.89111328	1.09803927
1298.91979980	1.09803927
1298.94848633	1.09803927
1298.98132324	1.09803927
1299.00976563	1.09803927
1299.03869629	1.09803927
1299.07141113	1.09803927
1299.10009766	1.07843137
1299.12866211	1.07843137
1299.16149902	1.07843137
1299.19018555	1.07843137
1299.21887207	1.07843137
1299.25170898	1.07843137
1299.28039551	1.07843137
1299.30908203	1.07843137
1299.34179688	1.07843137
1299.37048340	1.07843137
1299.39916992	1.07843137
1299.43188477	1.07843137
1299.46044922	1.07843137
1299.48925781	1.07843137
1299.52197266	1.07843137
1299.55078125	1.09803927
1299.57922363	1.09803927
1299.61218262	1.09803927
1299.64062500	1.09803927
1299.66943359	1.09803927
1299.73095703	1.09803927
1299.75939941	1.09803927
1299.82092285	1.09803927
1299.84960938	1.09803927
1299.91113281	1.09803927
1299.93969727	1.09803927
1299.96850586	1.09803927
1300.00122070	1.09803927
1300.02990723	1.07843137
1300.05871582	1.09803927
1300.09143066	1.09803927
1300.11999512	1.09803927
1300.14868164	1.09803927
1300.18151855	1.09803927
1300.21020508	1.09803927
1300.23889160	1.09803927
1300.27160645	1.09803927
1300.30029297	1.09803927
1300.32897949	1.09803927
1300.36181641	1.09803927
1300.39038086	1.09803927
1300.41918945	1.07843137
1300.45178223	1.07843137
1300.48059082	1.07843137
1300.50915527	1.07843137
1300.54199219	1.07843137
1300.57055664	1.07843137
1300.59936523	1.07843137
1300.63220215	1.07843137
1300.66076660	1.07843137
1300.68945313	1.07843137
1300.72229004	1.07843137
1300.75085449	1.07843137
1300.77954102	1.07843137
1300.81237793	1.07843137
1300.84094238	1.07843137
1300.86962891	1.07843137
1300.90246582	1.09803927
1300.93115234	1.09803927
1300.95971680	1.09803927
1300.99267578	1.09803927
1301.02124023	1.07843137
1301.04992676	1.07843137
1301.08264160	1.07843137
1301.11145020	1.07843137
1301.14001465	1.07843137
1301.17272949	1.07843137
1301.20141602	1.07843137
1301.23046875	1.07843137
1301.26293945	1.07843137
1301.29174805	1.07843137
1301.32019043	1.05882359
1301.35314941	1.05882359
1301.38171387	1.05882359
1301.41040039	1.05882359
1301.44323730	1.07843137
1301.47192383	1.07843137
1301.50048828	1.07843137
1301.53320313	1.07843137
1301.56201172	1.07843137
1301.59057617	1.07843137
1301.62341309	1.07843137
1301.65209961	1.07843137
1301.68066406	1.07843137
1301.71337891	1.07843137
1301.74230957	1.07843137
1301.77087402	1.07843137
1301.80358887	1.09803927
1301.83227539	1.09803927
1301.86108398	1.09803927
1301.89367676	1.09803927
1301.92248535	1.09803927
1301.95104980	1.07843137
1302.01257324	1.07843137
1302.04125977	1.07843137
1302.10278320	1.05882359
1302.13122559	1.05882359
1302.19287109	1.07843137
1302.22143555	1.07843137
1302.25024414	1.07843137
1302.28308105	1.07843137
1302.31152344	1.07843137
1302.34020996	1.07843137
1302.37316895	1.07843137
1302.40173340	1.07843137
1302.43041992	1.09803927
1302.46325684	1.09803927
1302.49182129	1.09803927
1302.52050781	1.09803927
1302.55322266	1.09803927
1302.58190918	1.09803927
1302.61059570	1.09803927
1302.64331055	1.09803927
1302.67211914	1.09803927
1302.70068359	1.09803927
1302.73352051	1.09803927
1302.76220703	1.09803927
1302.79089355	1.09803927
1302.82348633	1.09803927
1302.85241699	1.09803927
1302.88085938	1.07843137
1302.91394043	1.07843137
1302.94238281	1.07843137
1302.97119141	1.07843137
1303.00378418	1.07843137
1303.03259277	1.07843137
1303.06115723	1.07843137
1303.09399414	1.07843137
1303.12280273	1.07843137
1303.15124512	1.07843137
1303.18420410	1.09803927
1303.21289063	1.09803927
1303.24145508	1.09803927
1303.27416992	1.07843137
1303.30297852	1.07843137
1303.33154297	1.07843137
1303.36425781	1.07843137
1303.39306641	1.07843137
1303.42175293	1.07843137
1303.45446777	1.07843137
1303.48315430	1.05882359
1303.51184082	1.05882359
1303.54455566	1.05882359
1303.57324219	1.05882359
1303.60192871	1.03921568
1303.63476563	1.03921568
1303.66345215	1.03921568
1303.69213867	1.03921568
1303.72485352	1.03921568
1303.75354004	1.03921568
1303.78222656	1.05882359
1303.81494141	1.05882359
1303.84362793	1.03921568
1303.87231445	1.03921568
1303.90502930	1.03921568
1303.93371582	1.03921568
1303.96252441	1.05882359
1303.99511719	1.05882359
1304.02380371	1.05882359
1304.05249023	1.05882359
1304.08532715	1.05882359
1304.11389160	1.05882359
1304.14270020	1.05882359
1304.17541504	1.05882359
1304.20422363	1.05882359
1304.23278809	1.05882359
1304.29418945	1.05882359
1304.32299805	1.05882359
1304.38427734	1.05882359
1304.41308594	1.05882359
1304.47448730	1.05882359
1304.50329590	1.05882359
1304.53186035	1.05882359
1304.56457520	1.05882359
1304.59338379	1.05882359
1304.62194824	1.05882359
1304.65466309	1.05882359
1304.68347168	1.05882359
1304.71203613	1.05882359
1304.74475098	1.05882359
1304.77368164	1.05882359
1304.80212402	1.05882359
1304.83496094	1.05882359
1304.86376953	1.05882359
1304.89233398	1.05882359
1304.92504883	1.05882359
1304.95373535	1.05882359
1304.98242188	1.05882359
1305.01513672	1.05882359
1305.04382324	1.05882359
1305.07263184	1.05882359
1305.10534668	1.05882359
1305.13391113	1.05882359
1305.16271973	1.05882359
1305.19543457	1.05882359
1305.22412109	1.05882359
1305.25292969	1.05882359
1305.28552246	1.05882359
1305.31408691	1.05882359
1305.34289551	1.05882359
1305.37573242	1.05882359
1305.40429688	1.05882359
1305.43298340	1.05882359
1305.46582031	1.05882359
1305.49438477	1.05882359
1305.52319336	1.05882359
1305.55590820	1.05882359
1305.58459473	1.05882359
1305.61328125	1.05882359
1305.64611816	1.05882359
1305.67468262	1.05882359
1305.70349121	1.05882359
1305.73620605	1.05882359
1305.76477051	1.05882359
1305.79357910	1.05882359
1305.82629395	1.05882359
1305.85498047	1.05882359
1305.88366699	1.05882359
1305.91638184	1.05882359
1305.94519043	1.05882359
1305.97375488	1.05882359
1306.00659180	1.05882359
1306.03527832	1.05882359
1306.06396484	1.05882359
1306.09667969	1.05882359
1306.12524414	1.05882359
1306.15393066	1.05882359
1306.18676758	1.05882359
1306.21545410	1.05882359
1306.24414063	1.05882359
1306.27697754	1.05882359
1306.30554199	1.05882359
1306.33410645	1.05882359
1306.36706543	1.05882359
1306.39575195	1.05882359
1306.42431641	1.05882359
1306.45715332	1.05882359
1306.48583984	1.05882359
1306.51440430	1.05882359
1306.57592773	1.05882359
1306.60449219	1.05882359
1306.66601563	1.05882359
1306.69470215	1.07843137
1306.75622559	1.07843137
1306.78479004	1.07843137
1306.81359863	1.07843137
1306.84631348	1.07843137
1306.87487793	1.05882359
1306.90368652	1.05882359
1306.93652344	1.05882359
1306.96508789	1.05882359
1306.99377441	1.05882359
1307.02661133	1.05882359
1307.05517578	1.05882359
1307.08386230	1.05882359
1307.11669922	1.05882359
1307.14526367	1.05882359
1307.17407227	1.05882359
1307.20678711	1.05882359
1307.23535156	1.05882359
1307.26416016	1.05882359
1307.29687500	1.05882359
1307.32556152	1.05882359
1307.35424805	1.05882359
1307.38708496	1.05882359
1307.41564941	1.05882359
1307.44421387	1.05882359
1307.47717285	1.05882359
1307.50573730	1.05882359
1307.53442383	1.05882359
1307.56738281	1.05882359
1307.59594727	1.03921568
1307.62451172	1.03921568
1307.65734863	1.03921568
1307.68603516	1.03921568
1307.71459961	1.03921568
1307.74768066	1.03921568
1307.77612305	1.03921568
1307.80480957	1.03921568
1307.83764648	1.03921568
1307.86621094	1.03921568
1307.89489746	1.03921568
1307.92761230	1.03921568
1307.95642090	1.03921568
1307.98510742	1.05882359
1308.01782227	1.05882359
1308.04650879	1.05882359
1308.07507324	1.05882359
1308.10791016	1.05882359
1308.13671875	1.05882359
1308.16528320	1.05882359
1308.19812012	1.05882359
1308.22680664	1.05882359
1308.25537109	1.05882359
1308.28820801	1.05882359
1308.31701660	1.05882359
1308.34545898	1.05882359
1308.37829590	1.05882359
1308.40698242	1.05882359
1308.43566895	1.05882359
1308.46838379	1.05882359
1308.49719238	1.05882359
1308.52575684	1.05882359
1308.55847168	1.05882359
1308.58728027	1.05882359
1308.61584473	1.05882359
1308.64868164	1.05882359
1308.67736816	1.05882359
1308.70605469	1.05882359
1308.73876953	1.05882359
1308.76757813	1.05882359
1308.79614258	1.05882359
1308.85766602	1.05882359
1308.88623047	1.05882359
1308.94775391	1.05882359
1308.97644043	1.05882359
1309.03796387	1.05882359
1309.06652832	1.05882359
1309.09509277	1.05882359
1309.12792969	1.05882359
1309.15661621	1.05882359
1309.18518066	1.05882359
1309.21826172	1.07843137
1309.24670410	1.07843137
1309.27539063	1.07843137
1309.30822754	1.05882359
1309.33691406	1.05882359
1309.36560059	1.05882359
1309.39819336	1.03921568
1309.42700195	1.03921568
1309.45556641	1.03921568
1309.48840332	1.01960790
1309.51708984	1.01960790
1309.54577637	1.01960790
1309.57849121	1.01960790
1309.60729980	1.01960790
1309.63586426	1.01960790
1309.66857910	1.01960790
1309.69726563	1.01960790
1309.72619629	1.01960790
1309.75878906	1.01960790
1309.78759766	1.01960790
1309.81604004	1.01960790
1309.84875488	1.01960790
1309.87756348	1.01960790
1309.90625000	1.01960790
1309.93908691	1.01960790
1309.96777344	1.01960790
1309.99633789	1.01960790
1310.02905273	1.01960790
1310.05786133	1.01960790
1310.08654785	1.01960790
1310.11914063	1.01960790
1310.14807129	1.01960790
1310.17663574	1.01960790
1310.20935059	1.03921568
1310.23803711	1.03921568
1310.26672363	1.03921568
1310.29956055	1.03921568
1310.32824707	1.03921568
1310.35693359	1.03921568
1310.38964844	1.03921568
1310.41833496	1.03921568
1310.44702148	1.05882359
1310.47973633	1.05882359
1310.50842285	1.05882359
1310.53723145	1.05882359
1310.56994629	1.05882359
1310.59851074	1.05882359
1310.62731934	1.05882359
1310.66003418	1.03921568
1310.68859863	1.03921568
1310.71740723	1.03921568
1310.75012207	1.05882359
1310.77868652	1.05882359
1310.80749512	1.05882359
1310.84020996	1.05882359
1310.86889648	1.05882359
1310.89758301	1.05882359
1310.93041992	1.05882359
1310.95910645	1.05882359
1310.98779297	1.05882359
1311.02050781	1.05882359
1311.04907227	1.05882359
1311.07788086	1.05882359
1311.13928223	1.07843137
1311.16809082	1.05882359
1311.22949219	1.07843137
1311.25817871	1.07843137
1311.31945801	1.05882359
1311.34826660	1.05882359
1311.37683105	1.07843137
1311.40966797	1.07843137
1311.43835449	1.07843137
1311.46704102	1.07843137
1311.49975586	1.07843137
1311.52844238	1.07843137
1311.55712891	1.07843137
1311.58984375	1.09803927
1311.61853027	1.07843137
1311.64733887	1.07843137
1311.68005371	1.07843137
1311.70861816	1.07843137
1311.73730469	1.09803927
1311.77014160	1.09803927
1311.79870605	1.09803927
1311.82751465	1.09803927
1311.86022949	1.09803927
1311.88879395	1.09803927
1311.91772461	1.09803927
1311.95031738	1.09803927
1311.97912598	1.09803927
1312.00769043	1.09803927
1312.04052734	1.09803927
1312.06909180	1.09803927
1312.09790039	1.09803927
1312.13073730	1.09803927
1312.15930176	1.07843137
1312.18798828	1.07843137
1312.22082520	1.07843137
1312.24926758	1.09803927
1312.27807617	1.09803927
1312.31079102	1.09803927
1312.33947754	1.09803927
1312.36828613	1.09803927
1312.40100098	1.11764705
1312.42956543	1.09803927
1312.45837402	1.09803927
1312.49108887	1.09803927
1312.51977539	1.09803927
1312.54846191	1.09803927
1312.58117676	1.09803927
1312.60986328	1.09803927
1312.63854980	1.09803927
1312.67138672	1.09803927
1312.70007324	1.09803927
1312.72875977	1.09803927
1312.76147461	1.09803927
1312.79016113	1.09803927
1312.81872559	1.09803927
1312.85168457	1.09803927
1312.88024902	1.07843137
1312.90893555	1.07843137
1312.94165039	1.07843137
1312.97033691	1.07843137
1312.99914551	1.05882359
1313.03186035	1.05882359
1313.06042480	1.05882359
1313.08898926	1.05882359
1313.12207031	1.05882359
1313.15063477	1.05882359
1313.17919922	1.07843137
1313.21203613	1.05882359
1313.24072266	1.05882359
1313.26928711	1.05882359
1313.33081055	1.05882359
1313.35949707	1.05882359
1313.42102051	1.05882359
1313.44958496	1.05882359
1313.51110840	1.05882359
1313.53979492	1.05882359
1313.56848145	1.05882359
1313.60119629	1.05882359
1313.62976074	1.03921568
1313.65869141	1.03921568
1313.69140625	1.03921568
1313.72009277	1.03921568
1313.74865723	1.03921568
1313.78149414	1.03921568
1313.81005859	1.03921568
1313.83886719	1.05882359
1313.87158203	1.03921568
1313.90026855	1.05882359
1313.92895508	1.05882359
1313.96166992	1.05882359
1313.99035645	1.05882359
1314.01904297	1.05882359
1314.05187988	1.05882359
1314.08044434	1.05882359
1314.10913086	1.05882359
1314.14196777	1.05882359
1314.17065430	1.05882359
1314.19921875	1.05882359
1314.23205566	1.05882359
1314.26074219	1.05882359
1314.28930664	1.05882359
1314.32226563	1.05882359
1314.35095215	1.05882359
1314.37939453	1.07843137
1314.41223145	1.07843137
1314.44091797	1.07843137
1314.46960449	1.07843137
1314.50231934	1.07843137
1314.53112793	1.07843137
1314.55969238	1.07843137
1314.59240723	1.07843137
1314.62121582	1.07843137
1314.64990234	1.07843137
1314.68261719	1.07843137
1314.71130371	1.07843137
1314.74011230	1.07843137
1314.77270508	1.07843137
1314.80151367	1.07843137
1314.83007813	1.07843137
1314.86279297	1.07843137
1314.89160156	1.07843137
1314.92016602	1.07843137
1314.95312500	1.05882359
1314.98168945	1.05882359
1315.01025391	1.05882359
1315.04309082	1.03921568
1315.07177734	1.03921568
1315.10046387	1.03921568
1315.13317871	1.03921568
1315.16186523	1.05882359
1315.19055176	1.05882359
1315.22338867	1.05882359
1315.25207520	1.05882359
1315.28088379	1.05882359
1315.31347656	1.05882359
1315.34216309	1.05882359
1315.37084961	1.05882359
1315.40356445	1.05882359
1315.43237305	1.05882359
1315.46093750	1.05882359
1315.49365234	1.05882359
1315.52246094	1.05882359
1315.55102539	1.05882359
1315.61254883	1.05882359
1315.64123535	1.05882359
1315.70275879	1.05882359
1315.73132324	1.05882359
1315.79272461	1.05882359
1315.82141113	1.05882359
1315.85009766	1.05882359
1315.88281250	1.05882359
1315.91162109	1.05882359
1315.94018555	1.05882359
1315.97314453	1.05882359
1316.00170898	1.05882359
1316.03039551	1.05882359
1316.06311035	1.05882359
1316.09179688	1.05882359
1316.12048340	1.05882359
1316.15319824	1.05882359
1316.18200684	1.05882359
1316.21069336	1.07843137
1316.24328613	1.07843137
1316.27209473	1.07843137
1316.30065918	1.09803927
1316.33337402	1.09803927
1316.36218262	1.09803927
1316.39086914	1.09803927
1316.42358398	1.09803927
1316.45227051	1.09803927
1316.48083496	1.09803927
1316.51367188	1.09803927
1316.54248047	1.09803927
1316.57104492	1.09803927
1316.60388184	1.09803927
1316.63256836	1.09803927
1316.66113281	1.09803927
1316.69421387	1.09803927
1316.72265625	1.09803927
1316.75134277	1.09803927
1316.78405762	1.09803927
1316.81286621	1.09803927
1316.84143066	1.09803927
1316.87402344	1.09803927
1316.90295410	1.09803927
1316.93151855	1.09803927
1316.96435547	1.09803927
1316.99304199	1.07843137
1317.02172852	1.07843137
1317.05444336	1.07843137
1317.08300781	1.07843137
1317.11181641	1.07843137
1317.14453125	1.07843137
1317.17321777	1.07843137
1317.20190430	1.07843137
1317.23474121	1.07843137
1317.26330566	1.07843137
1317.29199219	1.07843137
1317.32482910	1.07843137
1317.35351563	1.07843137
1317.38220215	1.07843137
1317.41503906	1.07843137
1317.44348145	1.07843137
1317.47229004	1.07843137
1317.50512695	1.07843137
1317.53369141	1.07843137
1317.56250000	1.07843137
1317.59521484	1.07843137
1317.62377930	1.07843137
1317.65258789	1.07843137
1317.68530273	1.07843137
1317.71411133	1.07843137
1317.74267578	1.07843137
1317.77539063	1.07843137
1317.80395508	1.07843137
1317.83288574	1.07843137
1317.89416504	1.07843137
1317.92297363	1.07843137
1317.98437500	1.09803927
1318.01306152	1.09803927
1318.07446289	1.09803927
1318.10327148	1.09803927
1318.13183594	1.09803927
1318.16455078	1.09803927
1318.19323730	1.09803927
1318.22192383	1.09803927
1318.25463867	1.09803927
1318.28332520	1.09803927
1318.31201172	1.07843137
1318.34484863	1.07843137
1318.37341309	1.09803927
1318.40222168	1.09803927
1318.43493652	1.09803927
1318.46350098	1.09803927
1318.49230957	1.09803927
1318.52502441	1.07843137
1318.55358887	1.07843137
1318.58239746	1.07843137
1318.61511230	1.07843137
1318.64379883	1.07843137
1318.67260742	1.07843137
1318.70532227	1.07843137
1318.73413086	1.07843137
1318.76269531	1.07843137
1318.79541016	1.07843137
1318.82397461	1.07843137
1318.85278320	1.07843137
1318.88549805	1.07843137
1318.91430664	1.07843137
1318.94287109	1.09803927
1318.97570801	1.07843137
1319.00427246	1.07843137
1319.03308105	1.07843137
1319.06579590	1.09803927
1319.09436035	1.09803927
1319.12316895	1.07843137
1319.15588379	1.07843137
1319.18457031	1.07843137
1319.21337891	1.07843137
1319.24597168	1.07843137
1319.27465820	1.07843137
1319.30334473	1.07843137
1319.33618164	1.07843137
1319.36474609	1.07843137
1319.39355469	1.07843137
1319.42639160	1.07843137
1319.45483398	1.07843137
1319.48352051	1.07843137
1319.51635742	1.07843137
1319.54504395	1.07843137
1319.57360840	1.07843137
1319.60656738	1.09803927
1319.63513184	1.09803927
1319.66381836	1.09803927
1319.69665527	1.09803927
1319.72521973	1.07843137
1319.75402832	1.07843137
1319.78686523	1.07843137
1319.81530762	1.07843137
1319.84399414	1.07843137
1319.87670898	1.07843137
1319.90551758	1.07843137
1319.93408203	1.07843137
1319.96704102	1.07843137
1319.99560547	1.07843137
1320.02429199	1.07843137
1320.05700684	1.07843137
1320.08581543	1.07843137
1320.11437988	1.07843137
1320.17590332	1.07843137
1320.20446777	1.07843137
1320.26599121	1.07843137
1320.29467773	1.07843137
1320.35620117	1.07843137
1320.38476563	1.07843137
1320.41357422	1.09803927
1320.44628906	1.09803927
1320.47497559	1.07843137
1320.50366211	1.07843137
1320.53637695	1.07843137
1320.56494141	1.07843137
1320.59362793	1.07843137
1320.62646484	1.07843137
1320.65515137	1.07843137
1320.68371582	1.07843137
1320.71667480	1.07843137
1320.74523926	1.07843137
1320.77392578	1.07843137
1320.80676270	1.07843137
1320.83544922	1.07843137
1320.86401367	1.07843137
1320.89685059	1.07843137
1320.92553711	1.07843137
1320.95410156	1.07843137
1320.98706055	1.07843137
1321.01562500	1.09803927
1321.04431152	1.09803927
1321.07714844	1.09803927
1321.10583496	1.09803927
1321.13439941	1.07843137
1321.16711426	1.07843137
1321.19592285	1.07843137
1321.22448730	1.07843137
1321.25720215	1.07843137
1321.28601074	1.07843137
1321.31457520	1.07843137
1321.34741211	1.07843137
1321.37609863	1.07843137
1321.40466309	1.07843137
1321.43750000	1.07843137
1321.46630859	1.07843137
1321.49499512	1.07843137
1321.52758789	1.07843137
1321.55639648	1.07843137
1321.58496094	1.07843137
1321.61767578	1.07843137
1321.64648438	1.07843137
1321.67517090	1.07843137
1321.70800781	1.07843137
1321.73669434	1.07843137
1321.76525879	1.07843137
1321.79797363	1.07843137
1321.82678223	1.09803927
1321.85546875	1.09803927
1321.88818359	1.09803927
1321.91687012	1.09803927
1321.94543457	1.09803927
1321.97827148	1.09803927
1322.00695801	1.09803927
1322.03552246	1.09803927
1322.06835938	1.09803927
1322.09704590	1.09803927
1322.12573242	1.09803927
1322.15844727	1.07843137
1322.18725586	1.07843137
1322.21582031	1.07843137
1322.24853516	1.09803927
1322.27734375	1.09803927
1322.30603027	1.09803927
1322.33874512	1.09803927
1322.36730957	1.09803927
1322.39611816	1.09803927
1322.45751953	1.09803927
1322.48620605	1.09803927
1322.54772949	1.09803927
1322.57641602	1.09803927
1322.63769531	1.09803927
1322.66650391	1.09803927
1322.69506836	1.09803927
1322.72802734	1.09803927
1322.75659180	1.09803927
1322.78527832	1.09803927
1322.81799316	1.09803927
1322.84680176	1.09803927
1322.87536621	1.09803927
1322.90808105	1.09803927
1322.93688965	1.09803927
1322.96557617	1.09803927
1322.99829102	1.09803927
1323.02697754	1.09803927
1323.05554199	1.09803927
1323.08837891	1.07843137
1323.11706543	1.07843137
1323.14575195	1.09803927
1323.17846680	1.09803927
1323.20715332	1.09803927
1323.23583984	1.09803927
1323.26855469	1.09803927
1323.29748535	1.11764705
1323.32604980	1.11764705
1323.35876465	1.11764705
1323.38745117	1.11764705
1323.41613770	1.11764705
1323.44897461	1.11764705
1323.47741699	1.11764705
1323.50622559	1.11764705
1323.53906250	1.09803927
1323.56762695	1.09803927
1323.59631348	1.09803927
1323.62902832	1.09803927
1323.65771484	1.09803927
1323.68652344	1.09803927
1323.71923828	1.09803927
1323.74792480	1.11764705
1323.77661133	1.11764705
1323.80932617	1.11764705
1323.83801270	1.11764705
1323.86669922	1.11764705
1323.89953613	1.11764705
1323.92810059	1.11764705
1323.95678711	1.11764705
1323.98962402	1.11764705
1324.01818848	1.11764705
1324.04699707	1.11764705
1324.07971191	1.11764705
1324.10839844	1.11764705
1324.13708496	1.13725495
1324.16992188	1.11764705
1324.19848633	1.11764705
1324.22729492	1.11764705
1324.26000977	1.11764705
1324.28857422	1.11764705
1324.31738281	1.11764705
1324.35009766	1.11764705
1324.37866211	1.11764705
1324.40747070	1.11764705
1324.44018555	1.11764705
1324.46899414	1.11764705
1324.49768066	1.11764705
1324.53027344	1.11764705
1324.55895996	1.11764705
1324.58764648	1.11764705
1324.62048340	1.11764705
1324.64904785	1.11764705
1324.67785645	1.13725495
1324.73925781	1.13725495
1324.76794434	1.13725495
1324.82934570	1.11764705
1324.85803223	1.11764705
1324.91955566	1.11764705
1324.94799805	1.11764705
1324.97692871	1.11764705
1325.00964355	1.11764705
1325.03820801	1.11764705
1325.06701660	1.11764705
1325.09973145	1.11764705
1325.12829590	1.11764705
1325.15710449	1.11764705
1325.18994141	1.11764705
1325.21850586	1.11764705
1325.24719238	1.11764705
1325.28002930	1.11764705
1325.30859375	1.09803927
1325.33740234	1.09803927
1325.37011719	1.09803927
1325.39868164	1.09803927
1325.42749023	1.09803927
1325.46020508	1.09803927
1325.48889160	1.09803927
1325.51757813	1.09803927
1325.55029297	1.09803927
1325.57897949	1.09803927
1325.60778809	1.09803927
1325.64050293	1.09803927
1325.66918945	1.09803927
1325.69775391	1.09803927
1325.73059082	1.09803927
1325.75915527	1.09803927
1325.78796387	1.09803927
1325.82067871	1.09803927
1325.84936523	1.09803927
1325.87805176	1.09803927
1325.91076660	1.09803927
1325.93945313	1.09803927
1325.96813965	1.09803927
1326.00097656	1.09803927
1326.02954102	1.09803927
1326.05822754	1.09803927
1326.09106445	1.09803927
1326.11962891	1.09803927
1326.14831543	1.09803927
1326.18127441	1.09803927
1326.20971680	1.09803927
1326.23852539	1.09803927
1326.27136230	1.09803927
1326.30004883	1.09803927
1326.32861328	1.09803927
1326.36145020	1.09803927
1326.39001465	1.09803927
1326.41870117	1.09803927
1326.45141602	1.09803927
1326.48022461	1.09803927
1326.50891113	1.09803927
1326.54174805	1.09803927
1326.57031250	1.09803927
1326.59887695	1.09803927
1326.63159180	1.09803927
1326.66040039	1.09803927
1326.68908691	1.09803927
1326.72192383	1.09803927
1326.75048828	1.09803927
1326.77917480	1.09803927
1326.81188965	1.09803927
1326.84069824	1.09803927
1326.86926270	1.09803927
1326.90209961	1.09803927
1326.93090820	1.11764705
1326.95947266	1.11764705
1327.02087402	1.11764705
1327.04956055	1.11764705
1327.11108398	1.11764705
1327.13964844	1.11764705
1327.20117188	1.09803927
1327.22985840	1.09803927
1327.25842285	1.09803927
1327.29138184	1.09803927
1327.31994629	1.09803927
1327.34863281	1.09803927
1327.38134766	1.07843137
1327.41003418	1.07843137
1327.43859863	1.07843137
1327.47155762	1.07843137
1327.50012207	1.07843137
1327.52893066	1.07843137
1327.56164551	1.07843137
1327.59033203	1.07843137
1327.61889648	1.07843137
1327.65173340	1.07843137
1327.68041992	1.07843137
1327.70898438	1.07843137
1327.74194336	1.07843137
1327.77050781	1.07843137
1327.79919434	1.07843137
1327.83190918	1.07843137
1327.86071777	1.07843137
1327.88928223	1.07843137
1327.92211914	1.07843137
1327.95080566	1.07843137
1327.97949219	1.07843137
1328.01208496	1.07843137
1328.04101563	1.07843137
1328.06945801	1.07843137
1328.10229492	1.07843137
1328.13110352	1.07843137
1328.15966797	1.07843137
1328.19238281	1.07843137
1328.22119141	1.07843137
1328.24987793	1.07843137
1328.28259277	1.07843137
1328.31127930	1.07843137
1328.33996582	1.07843137
1328.37268066	1.07843137
1328.40136719	1.07843137
1328.43005371	1.07843137
1328.46289063	1.07843137
1328.49157715	1.07843137
1328.52014160	1.07843137
1328.55297852	1.07843137
1328.58166504	1.07843137
1328.61035156	1.07843137
1328.64306641	1.07843137
1328.67187500	1.07843137
1328.70043945	1.07843137
1328.73315430	1.07843137
1328.76184082	1.07843137
1328.79064941	1.07843137
1328.82324219	1.07843137
1328.85205078	1.07843137
1328.88061523	1.07843137
1328.91345215	1.07843137
1328.94213867	1.07843137
1328.97082520	1.07843137
1329.00354004	1.07843137
1329.03210449	1.07843137
1329.06091309	1.07843137
1329.09375000	1.07843137
1329.12231445	1.07843137
1329.15100098	1.07843137
1329.21240234	1.05882359
1329.24121094	1.05882359
1329.30261230	1.05882359
1329.33129883	1.05882359
1329.39270020	1.07843137
1329.42150879	1.07843137
1329.48291016	1.07843137
1329.51159668	1.07843137
1329.54016113	1.07843137
1329.57287598	1.07843137
1329.60168457	1.07843137
1329.63024902	1.07843137
1329.66308594	1.07843137
1329.69177246	1.07843137
1329.72045898	1.07843137
1329.75317383	1.07843137
1329.78186035	1.07843137
1329.81054688	1.07843137
1329.84326172	1.07843137
1329.87194824	1.09803927
1329.90051270	1.09803927
1329.93334961	1.09803927
1329.96215820	1.09803927
1329.99072266	1.09803927
1330.02355957	1.09803927
1330.05224609	1.09803927
1330.08093262	1.09803927
1330.11376953	1.09803927
1330.14245605	1.07843137
1330.17102051	1.07843137
1330.20385742	1.07843137
1330.23242188	1.07843137
1330.26123047	1.07843137
1330.29394531	1.07843137
1330.32250977	1.07843137
1330.35131836	1.07843137
1330.38403320	1.09803927
1330.41271973	1.09803927
1330.44140625	1.07843137
1330.47424316	1.07843137
1330.50280762	1.09803927
1330.53149414	1.07843137
1330.56420898	1.09803927
1330.59289551	1.09803927
1330.62170410	1.09803927
1330.65441895	1.09803927
1330.68298340	1.09803927
1330.71179199	1.09803927
1330.74450684	1.09803927
1330.77319336	1.09803927
1330.80187988	1.09803927
1330.83459473	1.09803927
1330.86328125	1.09803927
1330.89208984	1.09803927
1330.92480469	1.09803927
1330.95336914	1.09803927
1330.98217773	1.09803927
1331.01489258	1.09803927
1331.04357910	1.09803927
1331.07226563	1.09803927
1331.10510254	1.09803927
1331.13366699	1.09803927
1331.16235352	1.09803927
1331.19519043	1.09803927
1331.22399902	1.09803927
1331.25256348	1.09803927
1331.28527832	1.09803927
1331.31384277	1.09803927
1331.34265137	1.09803927
1331.37536621	1.09803927
1331.40405273	1.09803927
1331.43261719	1.09803927
1331.49414063	1.09803927
1331.52294922	1.09803927
1331.58422852	1.09803927
1331.61291504	1.09803927
1331.67443848	1.09803927
1331.70300293	1.09803927
1331.73181152	1.09803927
1331.76464844	1.09803927
1331.79321289	1.09803927
1331.82189941	1.09803927
1331.85473633	1.09803927
1331.88317871	1.09803927
1331.91198730	1.09803927
1331.94470215	1.09803927
1331.97338867	1.09803927
1332.00207520	1.09803927
1332.03503418	1.09803927
1332.06347656	1.09803927
1332.09228516	1.09803927
1332.12500000	1.09803927
1332.15368652	1.09803927
1332.18237305	1.09803927
1332.21520996	1.09803927
1332.24389648	1.09803927
1332.27258301	1.09803927
1332.30529785	1.07843137
1332.33386230	1.07843137
1332.36267090	1.07843137
1332.39538574	1.07843137
1332.42407227	1.07843137
1332.45275879	1.07843137
1332.48559570	1.07843137
1332.51403809	1.07843137
1332.54296875	1.07843137
1332.57556152	1.07843137
1332.60437012	1.07843137
1332.63293457	1.07843137
1332.66589355	1.09803927
1332.69433594	1.09803927
1332.72302246	1.09803927
1332.75585938	1.09803927
1332.78454590	1.09803927
1332.81311035	1.09803927
1332.84606934	1.09803927
1332.87463379	1.09803927
1332.90332031	1.09803927
1332.93615723	1.09803927
1332.96472168	1.09803927
1332.99340820	1.07843137
1333.02612305	1.07843137
1333.05493164	1.07843137
1333.08349609	1.07843137
1333.11633301	1.07843137
1333.14501953	1.09803927
1333.17370605	1.09803927
1333.20629883	1.09803927
1333.23522949	1.09803927
1333.26391602	1.09803927
1333.29650879	1.09803927
1333.32519531	1.09803927
1333.35388184	1.09803927
1333.38659668	1.09803927
1333.41540527	1.09803927
1333.44396973	1.09803927
1333.47692871	1.09803927
1333.50549316	1.09803927
1333.53417969	1.09803927
1333.56689453	1.11764705
1333.59570313	1.11764705
1333.62426758	1.11764705
1333.65698242	1.11764705
1333.68579102	1.11764705
1333.71435547	1.11764705
1333.77587891	1.11764705
1333.80456543	1.11764705
1333.86608887	1.11764705
1333.89465332	1.11764705
1333.95605469	1.11764705
1333.98486328	1.11764705
1334.01330566	1.11764705
1334.04626465	1.11764705
1334.07482910	1.11764705
1334.10351563	1.11764705
1334.13635254	1.11764705
1334.16503906	1.11764705
1334.19360352	1.11764705
1334.22656250	1.11764705
1334.25512695	1.11764705
1334.28393555	1.11764705
1334.31665039	1.11764705
1334.34521484	1.11764705
1334.37377930	1.09803927
1334.40661621	1.09803927
1334.43530273	1.11764705
1334.46398926	1.11764705
1334.49694824	1.11764705
1334.52551270	1.11764705
1334.55419922	1.11764705
1334.58691406	1.11764705
1334.61560059	1.11764705
1334.64428711	1.11764705
1334.67700195	1.11764705
1334.70568848	1.11764705
1334.73437500	1.11764705
1334.76708984	1.11764705
1334.79589844	1.11764705
1334.82446289	1.11764705
1334.85729980	1.11764705
1334.88598633	1.11764705
1334.91479492	1.11764705
1334.94726563	1.11764705
1334.97607422	1.11764705
1335.00488281	1.11764705
1335.03747559	1.11764705
1335.06616211	1.11764705
1335.09484863	1.13725495
1335.12756348	1.13725495
1335.15637207	1.13725495
1335.18493652	1.13725495
1335.21789551	1.13725495
1335.24658203	1.13725495
1335.27514648	1.13725495
1335.30786133	1.13725495
1335.33666992	1.13725495
1335.36523438	1.13725495
1335.39819336	1.13725495
1335.42675781	1.13725495
1335.45532227	1.13725495
1335.48815918	1.11764705
1335.51684570	1.11764705
1335.54553223	1.11764705
1335.57812500	1.11764705
1335.60705566	1.11764705
1335.63549805	1.11764705
1335.66833496	1.11764705
1335.69689941	1.11764705
1335.72570801	1.13725495
1335.75842285	1.13725495
1335.78710938	1.13725495
1335.81579590	1.13725495
1335.84863281	1.13725495
1335.87719727	1.13725495
1335.90600586	1.13725495
1335.93872070	1.13725495
1335.96740723	1.13725495
1335.99609375	1.13725495
1336.05749512	1.13725495
1336.08630371	1.13725495
1336.14758301	1.11764705
1336.17639160	1.11764705
1336.23791504	1.11764705
1336.26647949	1.11764705
1336.29516602	1.11764705
1336.32775879	1.11764705
1336.35668945	1.11764705
1336.38513184	1.11764705
1336.41796875	1.09803927
1336.44665527	1.09803927
1336.47534180	1.09803927
1336.50805664	1.09803927
1336.53686523	1.09803927
1336.56542969	1.07843137
1336.59826660	1.07843137
1336.62695313	1.07843137
1336.65551758	1.05882359
1336.68835449	1.05882359
1336.71704102	1.05882359
1336.74572754	1.03921568
1336.77844238	1.03921568
1336.80712891	1.03921568
1336.83581543	1.03921568
1336.86865234	1.03921568
1336.89721680	1.01960790
1336.92602539	1.01960790
1336.95874023	1.01960790
1336.98730469	1.01960790
1337.01611328	1.00000000
1337.04882813	1.00000000
1337.07739258	1.00000000
1337.10632324	1.00000000
1337.13891602	1.00000000
1337.16760254	0.98039216
1337.19628906	0.98039216
1337.22912598	0.98039216
1337.25781250	0.98039216
1337.28649902	0.98039216
1337.31921387	0.98039216
1337.34790039	0.96078432
1337.37658691	0.96078432
1337.40930176	0.96078432
1337.43786621	0.96078432
1337.46667480	0.96078432
1337.49951172	0.96078432
1337.52807617	0.96078432
1337.55688477	0.96078432
1337.58959961	0.96078432
1337.61828613	0.96078432
1337.64685059	0.96078432
1337.67980957	0.96078432
1337.70837402	0.96078432
1337.73718262	0.96078432
1337.76977539	0.96078432
1337.79846191	0.96078432
1337.82714844	0.96078432
1337.85998535	0.96078432
1337.88854980	0.96078432
1337.91735840	0.96078432
1337.95007324	0.96078432
1337.97888184	0.96078432
1338.00744629	0.96078432
1338.04016113	0.96078432
1338.06884766	0.96078432
1338.09741211	0.96078432
1338.13024902	0.96078432
1338.15893555	0.96078432
1338.18762207	0.96078432
1338.22045898	0.96078432
1338.24902344	0.96078432
1338.27783203	0.96078432
1338.33923340	0.96078432
1338.36779785	0.96078432
1338.42932129	0.96078432
1338.45788574	0.96078432
1338.51953125	0.96078432
1338.54809570	0.96078432
1338.57678223	0.96078432
1338.60961914	0.98039216
1338.63818359	0.98039216
1338.66699219	0.98039216
1338.69958496	0.98039216
1338.72839355	0.98039216
1338.75708008	0.98039216
1338.78991699	0.98039216
1338.81835938	0.98039216
1338.84716797	0.98039216
1338.87988281	0.98039216
1338.90856934	0.98039216
1338.93725586	0.98039216
1338.97009277	0.98039216
1338.99877930	0.98039216
1339.02746582	0.98039216
1339.06018066	0.98039216
1339.08874512	0.98039216
1339.11743164	0.98039216
1339.15039063	0.98039216
1339.17895508	0.98039216
1339.20764160	0.98039216
1339.24047852	0.98039216
1339.26904297	0.98039216
1339.29785156	0.98039216
1339.33056641	0.98039216
1339.35925293	0.98039216
1339.38769531	0.98039216
1339.42077637	0.98039216
1339.44921875	0.98039216
1339.47802734	0.98039216
1339.51074219	0.98039216
1339.53942871	1.00000000
1339.56799316	1.00000000
1339.60095215	1.00000000
1339.62951660	1.00000000
1339.65820313	1.00000000
1339.69104004	1.00000000
1339.71972656	1.00000000
1339.74829102	1.00000000
1339.78100586	1.01960790
1339.80981445	1.01960790
1339.83837891	1.01960790
1339.87109375	1.01960790
1339.89990234	1.01960790
1339.92846680	1.01960790
1339.96130371	1.03921568
1339.98999023	1.03921568
1340.01867676	1.03921568
1340.05139160	1.03921568
1340.08020020	1.03921568
1340.10876465	1.03921568
1340.14147949	1.03921568
1340.17041016	1.01960790
1340.19885254	1.01960790
1340.23168945	1.01960790
1340.26037598	1.03921568
1340.28906250	1.01960790
1340.32177734	1.01960790
1340.35046387	1.01960790
1340.37915039	1.01960790
1340.41198730	1.01960790
1340.44067383	1.01960790
1340.46923828	1.01960790
1340.50207520	1.01960790
1340.53076172	1.01960790
1340.55944824	1.01960790
1340.62097168	1.01960790
1340.64953613	1.01960790
1340.71105957	1.03921568
1340.73962402	1.03921568
1340.80114746	1.03921568
1340.82971191	1.03921568
1340.85839844	1.03921568
1340.89111328	1.03921568
1340.91992188	1.03921568
1340.94848633	1.03921568
1340.98132324	1.03921568
1341.01000977	1.03921568
1341.03881836	1.03921568
1341.07141113	1.03921568
1341.10009766	1.03921568
1341.12878418	1.03921568
1341.16149902	1.01960790
1341.19030762	1.01960790
1341.21887207	1.01960790
1341.25183105	1.03921568
1341.28039551	1.03921568
1341.30908203	1.01960790
1341.34179688	1.01960790
1341.37060547	1.01960790
1341.39916992	1.01960790
1341.43188477	1.01960790
1341.46069336	1.01960790
1341.48925781	1.01960790
1341.52209473	1.01960790
1341.55078125	1.01960790
1341.57934570	1.01960790
1341.61218262	1.01960790
1341.64099121	1.01960790
1341.66955566	1.01960790
1341.70227051	1.00000000
1341.73107910	1.00000000
1341.75964355	1.01960790
1341.79235840	1.01960790
1341.82116699	1.01960790
1341.84985352	1.01960790
1341.88256836	1.01960790
1341.91125488	1.01960790
1341.93994141	1.01960790
1341.97277832	1.01960790
1342.00146484	1.01960790
1342.03002930	1.01960790
1342.06274414	1.01960790
1342.09155273	1.01960790
1342.12023926	1.01960790
1342.15295410	1.01960790
1342.18164063	1.01960790
1342.21020508	1.01960790
1342.24291992	1.01960790
1342.27172852	1.01960790
1342.30041504	1.03921568
1342.33312988	1.03921568
1342.36181641	1.03921568
1342.39050293	1.03921568
1342.42321777	1.03921568
1342.45190430	1.03921568
1342.48071289	1.03921568
1342.51342773	1.03921568
1342.54199219	1.03921568
1342.57067871	1.03921568
1342.60351563	1.03921568
1342.63208008	1.03921568
1342.66088867	1.05882359
1342.69360352	1.03921568
1342.72229004	1.03921568
1342.75097656	1.03921568
1342.78369141	1.03921568
1342.81237793	1.03921568
1342.84118652	1.03921568
1342.90258789	1.03921568
1342.93127441	1.03921568
1342.99279785	1.03921568
1343.02136230	1.03921568
1343.08276367	1.03921568
1343.11157227	1.03921568
1343.14001465	1.03921568
1343.17285156	1.03921568
1343.20166016	1.03921568
1343.23034668	1.03921568
1343.26306152	1.03921568
1343.29174805	1.03921568
1343.32031250	1.03921568
1343.35314941	1.03921568
1343.38183594	1.03921568
1343.41064453	1.03921568
1343.44323730	1.03921568
1343.47192383	1.03921568
1343.50073242	1.03921568
1343.53344727	1.03921568
1343.56201172	1.03921568
1343.59082031	1.03921568
1343.62353516	1.03921568
1343.65209961	1.03921568
1343.68090820	1.03921568
1343.71362305	1.05882359
1343.74218750	1.05882359
1343.77099609	1.05882359
1343.80371094	1.05882359
1343.83227539	1.05882359
1343.86120605	1.05882359
1343.89392090	1.05882359
1343.92248535	1.05882359
1343.95117188	1.05882359
1343.98388672	1.05882359
1344.01269531	1.05882359
1344.04138184	1.05882359
1344.07409668	1.05882359
1344.10278320	1.05882359
1344.13146973	1.05882359
1344.16418457	1.05882359
1344.19287109	1.05882359
1344.22167969	1.05882359
1344.25439453	1.05882359
1344.28295898	1.05882359
1344.31176758	1.05882359
1344.34448242	1.05882359
1344.37316895	1.05882359
1344.40185547	1.05882359
1344.43469238	1.05882359
1344.46325684	1.05882359
1344.49206543	1.07843137
1344.52478027	1.05882359
1344.55334473	1.07843137
1344.58203125	1.07843137
1344.61499023	1.07843137
1344.64355469	1.07843137
1344.67211914	1.07843137
1344.70495605	1.07843137
1344.73352051	1.07843137
1344.76220703	1.05882359
1344.79516602	1.05882359
1344.82373047	1.05882359
1344.85241699	1.05882359
1344.88525391	1.05882359
1344.91394043	1.07843137
1344.94238281	1.07843137
1344.97534180	1.07843137
1345.00390625	1.07843137
1345.03283691	1.07843137
1345.06555176	1.07843137
1345.09411621	1.07843137
1345.12280273	1.07843137
1345.18432617	1.07843137
1345.21289063	1.07843137
1345.27441406	1.07843137
1345.30297852	1.07843137
1345.36450195	1.07843137
1345.39306641	1.07843137
1345.42187500	1.07843137
1345.45471191	1.07843137
1345.48327637	1.07843137
1345.51196289	1.07843137
1345.54467773	1.07843137
1345.57336426	1.07843137
1345.60217285	1.07843137
1345.63488770	1.07843137
1345.66357422	1.07843137
1345.69213867	1.07843137
1345.72509766	1.07843137
1345.75366211	1.07843137
1345.78234863	1.07843137
1345.81518555	1.07843137
1345.84375000	1.07843137
1345.87243652	1.07843137
1345.90527344	1.09803927
1345.93395996	1.09803927
1345.96252441	1.09803927
1345.99536133	1.09803927
1346.02404785	1.07843137
1346.05273438	1.07843137
1346.08544922	1.07843137
1346.11413574	1.07843137
1346.14270020	1.07843137
1346.17553711	1.07843137
1346.20410156	1.07843137
1346.23291016	1.07843137
1346.26562500	1.07843137
1346.29443359	1.07843137
1346.32299805	1.07843137
1346.35571289	1.07843137
1346.38439941	1.07843137
1346.41320801	1.07843137
1346.44592285	1.07843137
1346.47460938	1.07843137
1346.50317383	1.07843137
1346.53601074	1.07843137
1346.56469727	1.09803927
1346.59338379	1.09803927
1346.62622070	1.09803927
1346.65490723	1.09803927
1346.68347168	1.09803927
1346.71630859	1.09803927
1346.74499512	1.09803927
1346.77368164	1.09803927
1346.80639648	1.09803927
1346.83520508	1.09803927
1346.86376953	1.09803927
1346.89636230	1.09803927
1346.92529297	1.09803927
1346.95385742	1.09803927
1346.98669434	1.09803927
1347.01525879	1.09803927
1347.04406738	1.09803927
1347.07666016	1.09803927
1347.10546875	1.09803927
1347.13403320	1.09803927
1347.16674805	1.09803927
1347.19555664	1.09803927
1347.22424316	1.09803927
1347.25695801	1.09803927
1347.28576660	1.09803927
1347.31433105	1.09803927
1347.37585449	1.09803927
1347.40454102	1.09803927
1347.46594238	1.09803927
1347.49462891	1.09803927
1347.55603027	1.09803927
1347.58471680	1.09803927
1347.64599609	1.09803927
1347.67492676	1.09803927
1347.70349121	1.09803927
1347.73620605	1.09803927
1347.76501465	1.09803927
1347.79382324	1.09803927
1347.82629395	1.09803927
1347.85510254	1.09803927
1347.88378906	1.09803927
1347.91650391	1.09803927
1347.94519043	1.09803927
1347.97375488	1.09803927
1348.00671387	1.09803927
1348.03540039	1.09803927
1348.06384277	1.09803927
1348.09680176	1.09803927
1348.12548828	1.09803927
1348.15405273	1.09803927
1348.18688965	1.09803927
1348.21557617	1.09803927
1348.24414063	1.09803927
1348.27697754	1.09803927
1348.30578613	1.09803927
1348.33435059	1.09803927
1348.36706543	1.09803927
1348.39587402	1.09803927
1348.42443848	1.09803927
1348.45715332	1.09803927
1348.48596191	1.09803927
1348.51452637	1.09803927
1348.54736328	1.09803927
1348.57604980	1.09803927
1348.60473633	1.09803927
1348.63745117	1.09803927
1348.66625977	1.09803927
1348.69482422	1.09803927
1348.72778320	1.09803927
1348.75634766	1.09803927
1348.78491211	1.09803927
1348.81787109	1.09803927
1348.84631348	1.09803927
1348.87512207	1.09803927
1348.90783691	1.09803927
1348.93652344	1.09803927
1348.96520996	1.09803927
1348.99792480	1.09803927
1349.02673340	1.09803927
1349.05529785	1.09803927
1349.08813477	1.09803927
1349.11669922	1.09803927
1349.14538574	1.09803927
1349.17822266	1.09803927
1349.20678711	1.09803927
1349.23559570	1.09803927
1349.26831055	1.09803927
1349.29699707	1.09803927
1349.32568359	1.09803927
1349.35839844	1.09803927
1349.38708496	1.09803927
1349.41577148	1.09803927
1349.44860840	1.09803927
1349.47729492	1.09803927
1349.50598145	1.09803927
1349.53881836	1.09803927
1349.56726074	1.09803927
1349.59619141	1.11764705
1349.65747070	1.11764705
1349.68615723	1.11764705
1349.74768066	1.11764705
1349.77636719	1.11764705
1349.83776855	1.11764705
1349.86633301	1.11764705
1349.89489746	1.11764705
1349.92785645	1.11764705
1349.95654297	1.11764705
1349.98522949	1.11764705
1350.01794434	1.11764705
1350.04663086	1.11764705
1350.07531738	1.11764705
1350.10803223	1.11764705
1350.13671875	1.11764705
1350.16540527	1.11764705
1350.19824219	1.11764705
1350.22692871	1.11764705
1350.25561523	1.11764705
1350.28833008	1.11764705
1350.31689453	1.11764705
1350.34570313	1.11764705
1350.37841797	1.11764705
1350.40710449	1.11764705
1350.43591309	1.11764705
1350.46862793	1.11764705
1350.49719238	1.11764705
1350.52600098	1.11764705
1350.55871582	1.11764705
1350.58728027	1.11764705
1350.61608887	1.11764705
1350.64880371	1.11764705
1350.67749023	1.11764705
1350.70617676	1.11764705
1350.73889160	1.11764705
1350.76770020	1.11764705
1350.79626465	1.11764705
1350.82910156	1.11764705
1350.85766602	1.11764705
1350.88647461	1.11764705
1350.91918945	1.11764705
1350.94775391	1.11764705
1350.97656250	1.11764705
1351.00939941	1.11764705
1351.03796387	1.11764705
1351.06677246	1.11764705
1351.09948730	1.11764705
1351.12805176	1.11764705
1351.15673828	1.11764705
1351.18957520	1.11764705
1351.21813965	1.11764705
1351.24682617	1.11764705
1351.27966309	1.11764705
1351.30834961	1.09803927
1351.33691406	1.09803927
1351.36975098	1.09803927
1351.39855957	1.09803927
1351.42700195	1.09803927
1351.45996094	1.09803927
1351.48852539	1.09803927
1351.51721191	1.09803927
1351.55004883	1.09803927
1351.57861328	1.09803927
1351.60729980	1.09803927
1351.64013672	1.09803927
1351.66882324	1.11764705
1351.69738770	1.11764705
1351.73022461	1.11764705
1351.75891113	1.11764705
1351.78771973	1.11764705
1351.82031250	1.11764705
1351.84912109	1.11764705
1351.87768555	1.11764705
1351.93920898	1.11764705
1351.96777344	1.11764705
1352.02917480	1.11764705
1352.05786133	1.11764705
1352.11938477	1.11764705
1352.14807129	1.11764705
1352.17675781	1.11764705
1352.20959473	1.11764705
1352.23815918	1.11764705
1352.26696777	1.11764705
1352.29968262	1.09803927
1352.32824707	1.09803927
1352.35705566	1.09803927
1352.38977051	1.09803927
1352.41833496	1.09803927
1352.44714355	1.09803927
1352.47998047	1.09803927
1352.50854492	1.09803927
1352.53710938	1.09803927
1352.57006836	1.09803927
1352.59875488	1.09803927
1352.62731934	1.09803927
1352.66027832	1.09803927
1352.68884277	1.11764705
1352.71740723	1.09803927
1352.75024414	1.09803927
1352.77893066	1.09803927
1352.80761719	1.09803927
1352.84045410	1.11764705
1352.86901855	1.09803927
1352.89770508	1.09803927
1352.93041992	1.09803927
1352.95922852	1.09803927
1352.98779297	1.09803927
1353.02062988	1.09803927
1353.04919434	1.11764705
1353.07788086	1.11764705
1353.11059570	1.11764705
1353.13940430	1.11764705
1353.16796875	1.11764705
1353.20080566	1.11764705
1353.22949219	1.11764705
1353.25817871	1.11764705
1353.29101563	1.11764705
1353.31970215	1.11764705
1353.34826660	1.11764705
1353.38110352	1.11764705
1353.40979004	1.11764705
1353.43847656	1.11764705
1353.47131348	1.11764705
1353.49987793	1.11764705
1353.52868652	1.11764705
1353.56127930	1.11764705
1353.58996582	1.11764705
1353.61865234	1.11764705
1353.65136719	1.11764705
1353.68017578	1.11764705
1353.70886230	1.11764705
1353.74169922	1.11764705
1353.77026367	1.11764705
1353.79882813	1.11764705
1353.83166504	1.11764705
1353.86035156	1.11764705
1353.88903809	1.11764705
1353.92187500	1.11764705
1353.95056152	1.11764705
1353.97912598	1.11764705
1354.01184082	1.11764705
1354.04077148	1.11764705
1354.06933594	1.11764705
1354.10192871	1.11764705
1354.13073730	1.11764705
1354.15942383	1.11764705
1354.22082520	1.11764705
1354.24951172	1.11764705
1354.31091309	1.11764705
1354.33972168	1.11764705
1354.40100098	1.11764705
1354.42980957	1.11764705
1354.45837402	1.11764705
1354.49108887	1.11764705
1354.51989746	1.11764705
1354.54858398	1.11764705
1354.58129883	1.11764705
1354.61010742	1.11764705
1354.63867188	1.11764705
1354.67138672	1.11764705
1354.70019531	1.11764705
1354.72875977	1.11764705
1354.76159668	1.11764705
1354.79028320	1.11764705
1354.81884766	1.11764705
1354.85168457	1.11764705
1354.88037109	1.11764705
1354.90905762	1.11764705
1354.94177246	1.11764705
1354.97058105	1.11764705
1354.99926758	1.11764705
1355.03198242	1.11764705
1355.06066895	1.11764705
1355.08935547	1.11764705
1355.12194824	1.11764705
1355.15075684	1.11764705
1355.17944336	1.11764705
1355.21215820	1.11764705
1355.24084473	1.11764705
1355.26953125	1.11764705
1355.30224609	1.11764705
1355.33093262	1.11764705
1355.35961914	1.11764705
1355.39233398	1.11764705
1355.42114258	1.11764705
1355.44970703	1.11764705
1355.48254395	1.11764705
1355.51110840	1.11764705
1355.53991699	1.11764705
1355.57263184	1.11764705
1355.60119629	1.11764705
1355.63000488	1.11764705
1355.66271973	1.11764705
1355.69128418	1.11764705
1355.72009277	1.11764705
1355.75280762	1.11764705
1355.78161621	1.11764705
1355.81030273	1.11764705
1355.84301758	1.11764705
1355.87158203	1.11764705
1355.90039063	1.11764705
1355.93310547	1.11764705
1355.96179199	1.11764705
1355.99047852	1.11764705
1356.02331543	1.11764705
1356.05187988	1.11764705
1356.08056641	1.11764705
1356.11340332	1.11764705
1356.14196777	1.11764705
1356.17077637	1.11764705
1356.20349121	1.11764705
1356.23217773	1.11764705
1356.26086426	1.11764705
1356.29370117	1.11764705
1356.32226563	1.11764705
1356.35095215	1.11764705
1356.38378906	1.11764705
1356.41235352	1.11764705
1356.44116211	1.11764705
1356.50256348	1.11764705
1356.53125000	1.11764705
1356.59265137	1.11764705
1356.62121582	1.11764705
1356.68273926	1.11764705
1356.71142578	1.11764705
1356.74011230	1.11764705
1356.77294922	1.11764705
1356.80163574	1.11764705
1356.83020020	1.11764705
1356.86291504	1.11764705
1356.89160156	1.11764705
1356.92041016	1.11764705
1356.95312500	1.11764705
1356.98181152	1.11764705
1357.01049805	1.11764705
1357.04333496	1.11764705
1357.07189941	1.11764705
1357.10070801	1.11764705
1357.13342285	1.11764705
1357.16198730	1.11764705
1357.19067383	1.11764705
1357.22351074	1.11764705
1357.25207520	1.11764705
1357.28088379	1.11764705
1357.31347656	1.11764705
1357.34216309	1.11764705
1357.37097168	1.11764705
1357.40368652	1.11764705
1357.43237305	1.11764705
1357.46105957	1.11764705
1357.49389648	1.11764705
1357.52258301	1.11764705
1357.55114746	1.11764705
1357.58398438	1.11764705
1357.61254883	1.11764705
1357.64135742	1.11764705
1357.67419434	1.11764705
1357.70275879	1.11764705
1357.73156738	1.11764705
1357.76416016	1.11764705
1357.79296875	1.11764705
1357.82165527	1.11764705
1357.85437012	1.13725495
1357.88293457	1.13725495
1357.91162109	1.13725495
1357.94445801	1.13725495
1357.97314453	1.13725495
1358.00170898	1.13725495
1358.03454590	1.13725495
1358.06323242	1.13725495
1358.09179688	1.13725495
1358.12475586	1.13725495
1358.15332031	1.13725495
1358.18200684	1.13725495
1358.21484375	1.13725495
1358.24340820	1.11764705
1358.27209473	1.11764705
1358.30493164	1.11764705
1358.33361816	1.11764705
1358.36218262	1.11764705
1358.39501953	1.11764705
1358.42370605	1.11764705
1358.45227051	1.11764705
1358.48510742	1.11764705
1358.51379395	1.11764705
1358.54260254	1.11764705
1358.57519531	1.11764705
1358.60400391	1.13725495
1358.63256836	1.13725495
1358.66552734	1.13725495
1358.69409180	1.13725495
1358.72265625	1.13725495
1358.78417969	1.13725495
1358.81274414	1.13725495
1358.87438965	1.13725495
1358.90295410	1.13725495
1358.96447754	1.13725495
1358.99304199	1.13725495
1359.02185059	1.13725495
1359.05456543	1.13725495
1359.08325195	1.13725495
1359.11181641	1.13725495
1359.14465332	1.13725495
1359.17333984	1.13725495
1359.20190430	1.13725495
1359.23486328	1.13725495
1359.26342773	1.13725495
1359.29211426	1.13725495
1359.32495117	1.13725495
1359.35351563	1.13725495
1359.38208008	1.13725495
1359.41503906	1.13725495
1359.44372559	1.13725495
1359.47241211	1.13725495
1359.50524902	1.13725495
1359.53381348	1.13725495
1359.56262207	1.13725495
1359.59533691	1.13725495
1359.62402344	1.13725495
1359.65258789	1.13725495
1359.68530273	1.13725495
1359.71411133	1.13725495
1359.74267578	1.13725495
1359.77563477	1.13725495
1359.80419922	1.13725495
1359.83276367	1.13725495
1359.86547852	1.13725495
1359.89428711	1.13725495
1359.92297363	1.13725495
1359.95568848	1.13725495
1359.98449707	1.13725495
1360.01306152	1.13725495
1360.04589844	1.13725495
1360.07458496	1.13725495
1360.10327148	1.13725495
1360.13598633	1.13725495
1360.16479492	1.13725495
1360.19335938	1.13725495
1360.22607422	1.13725495
1360.25476074	1.13725495
1360.28344727	1.11764705
1360.31616211	1.11764705
1360.34484863	1.11764705
1360.37353516	1.11764705
1360.40637207	1.11764705
1360.43505859	1.11764705
1360.46374512	1.11764705
1360.49658203	1.11764705
1360.52514648	1.11764705
1360.55383301	1.11764705
1360.58654785	1.11764705
1360.61535645	1.11764705
1360.64392090	1.11764705
1360.67663574	1.11764705
1360.70544434	1.11764705
1360.73400879	1.11764705
1360.76684570	1.11764705
1360.79565430	1.11764705
1360.82421875	1.11764705
1360.85693359	1.11764705
1360.88549805	1.11764705
1360.91442871	1.11764705
1360.94702148	1.11764705
1360.97570801	1.11764705
1361.00439453	1.11764705
1361.06579590	1.11764705
1361.09460449	1.11764705
1361.15600586	1.11764705
1361.18469238	1.11764705
1361.24609375	1.11764705
1361.27478027	1.11764705
1361.30358887	1.11764705
1361.33618164	1.11764705
1361.36499023	1.11764705
1361.39355469	1.11764705
1361.42626953	1.11764705
1361.45507813	1.11764705
1361.48364258	1.11764705
1361.51660156	1.11764705
1361.54516602	1.11764705
1361.57385254	1.11764705
1361.60656738	1.11764705
1361.63525391	1.11764705
1361.66406250	1.11764705
1361.69665527	1.11764705
1361.72546387	1.11764705
1361.75402832	1.11764705
1361.78686523	1.11764705
1361.81555176	1.11764705
1361.84423828	1.11764705
1361.87683105	1.11764705
1361.90563965	1.11764705
1361.93432617	1.11764705
1361.96704102	1.11764705
1361.99584961	1.11764705
1362.02441406	1.11764705
1362.05712891	1.11764705
1362.08593750	1.11764705
1362.11450195	1.11764705
1362.14733887	1.11764705
1362.17602539	1.11764705
1362.20471191	1.11764705
1362.23742676	1.11764705
1362.26599121	1.11764705
1362.29479980	1.11764705
1362.32751465	1.11764705
1362.35620117	1.11764705
1362.38500977	1.11764705
1362.41772461	1.11764705
1362.44628906	1.11764705
1362.47509766	1.11764705
1362.50781250	1.11764705
1362.53662109	1.11764705
1362.56506348	1.11764705
1362.59802246	1.11764705
1362.62646484	1.11764705
1362.65527344	1.11764705
1362.68798828	1.11764705
1362.71667480	1.11764705
1362.74536133	1.11764705
1362.77819824	1.11764705
1362.80676270	1.11764705
1362.83557129	1.11764705
1362.86828613	1.11764705
1362.89697266	1.11764705
1362.92578125	1.11764705
1362.95849609	1.11764705
1362.98706055	1.11764705
1363.01574707	1.11764705
1363.04858398	1.11764705
1363.07714844	1.11764705
1363.10595703	1.11764705
1363.13867188	1.11764705
1363.16735840	1.11764705
1363.19604492	1.11764705
1363.22875977	1.11764705
1363.25744629	1.11764705
1363.28613281	1.11764705
1363.34765625	1.11764705
1363.37622070	1.11764705
1363.43762207	1.11764705
1363.46630859	1.11764705
1363.52783203	1.11764705
1363.55651855	1.11764705
1363.58520508	1.11764705
1363.61791992	1.11764705
1363.64648438	1.11764705
1363.67529297	1.13725495
1363.70800781	1.13725495
1363.73669434	1.13725495
1363.76550293	1.13725495
1363.79821777	1.13725495
1363.82678223	1.13725495
1363.85559082	1.13725495
1363.88830566	1.13725495
1363.91687012	1.11764705
1363.94555664	1.11764705
1363.97839355	1.13725495
1364.00695801	1.13725495
1364.03588867	1.13725495
1364.06848145	1.13725495
1364.09716797	1.15686274
1364.12585449	1.15686274
1364.15869141	1.15686274
1364.18725586	1.15686274
1364.21606445	1.15686274
1364.24890137	1.15686274
1364.27758789	1.15686274
1364.30615234	1.15686274
1364.33886719	1.15686274
1364.36755371	1.15686274
1364.39624023	1.15686274
1364.42907715	1.15686274
1364.45764160	1.13725495
1364.48645020	1.13725495
1364.51916504	1.13725495
1364.54785156	1.13725495
1364.57653809	1.13725495
1364.60937500	1.13725495
1364.63793945	1.13725495
1364.66662598	1.13725495
1364.69934082	1.13725495
1364.72802734	1.13725495
1364.75659180	1.13725495
1364.78955078	1.13725495
1364.81811523	1.13725495
1364.84692383	1.13725495
1364.87963867	1.13725495
1364.90832520	1.13725495
1364.93688965	1.13725495
1364.96960449	1.13725495
1364.99841309	1.13725495
1365.02709961	1.13725495
1365.05981445	1.13725495
1365.08850098	1.13725495
1365.11706543	1.13725495
1365.14990234	1.13725495
1365.17871094	1.13725495
1365.20727539	1.13725495
1365.24011230	1.13725495
1365.26879883	1.13725495
1365.29760742	1.13725495
1365.33020020	1.13725495
1365.35900879	1.13725495
1365.38745117	1.13725495
1365.42028809	1.13725495
1365.44897461	1.13725495
1365.47778320	1.13725495
1365.51049805	1.13725495
1365.53918457	1.13725495
1365.56774902	1.13725495
1365.62927246	1.13725495
1365.65795898	1.13725495
1365.71936035	1.13725495
1365.74804688	1.13725495
1365.80957031	1.13725495
1365.83813477	1.13725495
1365.86669922	1.13725495
1365.89965820	1.13725495
1365.92822266	1.13725495
1365.95690918	1.13725495
1365.98974609	1.13725495
1366.01843262	1.13725495
1366.04699707	1.13725495
1366.07995605	1.13725495
1366.10852051	1.13725495
1366.13708496	1.13725495
1366.17004395	1.13725495
1366.19860840	1.13725495
1366.22717285	1.13725495
1366.26000977	1.13725495
1366.28894043	1.13725495
1366.31750488	1.13725495
1366.35021973	1.13725495
1366.37890625	1.13725495
1366.40759277	1.13725495
1366.44018555	1.13725495
1366.46899414	1.13725495
1366.49768066	1.13725495
1366.53051758	1.13725495
1366.55908203	1.13725495
1366.58764648	1.13725495
1366.62048340	1.13725495
1366.64929199	1.13725495
1366.67785645	1.15686274
1366.71057129	1.15686274
1366.73937988	1.13725495
1366.76794434	1.13725495
1366.80078125	1.13725495
1366.82946777	1.13725495
1366.85815430	1.13725495
1366.89086914	1.13725495
1366.91967773	1.13725495
1366.94824219	1.13725495
1366.98107910	1.13725495
1367.00976563	1.13725495
1367.03833008	1.13725495
1367.07104492	1.13725495
1367.09997559	1.13725495
1367.12841797	1.13725495
1367.16125488	1.13725495
1367.18994141	1.13725495
1367.21862793	1.13725495
1367.25146484	1.13725495
1367.28015137	1.13725495
1367.30871582	1.13725495
1367.34143066	1.13725495
1367.37036133	1.13725495
1367.39904785	1.13725495
1367.43164063	1.13725495
1367.46032715	1.13725495
1367.48901367	1.13725495
1367.52172852	1.13725495
1367.55053711	1.13725495
1367.57910156	1.13725495
1367.61181641	1.13725495
1367.64038086	1.13725495
1367.66931152	1.13725495
1367.70202637	1.13725495
1367.73071289	1.13725495
1367.75939941	1.13725495
1367.82067871	1.13725495
1367.84948730	1.13725495
1367.91088867	1.13725495
1367.93957520	1.13725495
1368.00097656	1.13725495
1368.02978516	1.13725495
1368.09118652	1.13725495
1368.11987305	1.13725495
1368.14855957	1.13725495
1368.18127441	1.13725495
1368.20996094	1.13725495
1368.23864746	1.13725495
1368.27148438	1.13725495
1368.30017090	1.13725495
1368.32873535	1.13725495
1368.36157227	1.13725495
1368.39025879	1.13725495
1368.41894531	1.13725495
1368.45166016	1.13725495
1368.48046875	1.13725495
1368.50903320	1.13725495
1368.54174805	1.13725495
1368.57043457	1.13725495
1368.59912109	1.13725495
1368.63183594	1.13725495
1368.66052246	1.13725495
1368.68920898	1.13725495
1368.72204590	1.13725495
1368.75061035	1.13725495
1368.77929688	1.13725495
1368.81213379	1.13725495
1368.84069824	1.13725495
1368.86950684	1.13725495
1368.90222168	1.13725495
1368.93078613	1.13725495
1368.95959473	1.13725495
1368.99230957	1.13725495
1369.02099609	1.13725495
1369.04968262	1.13725495
1369.08251953	1.13725495
1369.11120605	1.13725495
1369.13989258	1.13725495
1369.17260742	1.13725495
1369.20117188	1.13725495
1369.22998047	1.13725495
1369.26269531	1.13725495
1369.29150391	1.13725495
1369.32006836	1.13725495
1369.35290527	1.13725495
1369.38146973	1.13725495
1369.41027832	1.13725495
1369.44299316	1.13725495
1369.47167969	1.13725495
1369.50036621	1.13725495
1369.53320313	1.13725495
1369.56164551	1.13725495
1369.59045410	1.13725495
1369.62316895	1.13725495
1369.65185547	1.13725495
1369.68066406	1.13725495
1369.71337891	1.13725495
1369.74194336	1.13725495
1369.77075195	1.13725495
1369.80346680	1.13725495
1369.83203125	1.13725495
1369.86083984	1.13725495
1369.89355469	1.13725495
1369.92211914	1.13725495
1369.95080566	1.13725495
1369.98376465	1.13725495
1370.01232910	1.13725495
1370.04101563	1.13725495
1370.10253906	1.13725495
1370.13110352	1.13725495
1370.19262695	1.13725495
1370.22119141	1.13725495
1370.28271484	1.13725495
1370.31140137	1.13725495
1370.34008789	1.13725495
1370.37292480	1.13725495
1370.40148926	1.13725495
1370.43029785	1.13725495
1370.46301270	1.13725495
1370.49157715	1.13725495
1370.52038574	1.13725495
1370.55310059	1.13725495
1370.58178711	1.13725495
1370.61047363	1.13725495
1370.64318848	1.13725495
1370.67187500	1.15686274
1370.70056152	1.15686274
1370.73339844	1.15686274
1370.76196289	1.15686274
1370.79077148	1.15686274
1370.82336426	1.15686274
1370.85217285	1.15686274
1370.88073730	1.15686274
1370.91357422	1.13725495
1370.94226074	1.15686274
1370.97094727	1.15686274
1371.00366211	1.13725495
1371.03247070	1.13725495
1371.06103516	1.13725495
1371.09375000	1.13725495
1371.12243652	1.13725495
1371.15100098	1.15686274
1371.18395996	1.15686274
1371.21264648	1.15686274
1371.24121094	1.15686274
1371.27416992	1.15686274
1371.30273438	1.15686274
1371.33142090	1.15686274
1371.36425781	1.15686274
1371.39282227	1.15686274
1371.42150879	1.13725495
1371.45434570	1.13725495
1371.48303223	1.13725495
1371.51147461	1.13725495
1371.54455566	1.13725495
1371.57299805	1.13725495
1371.60180664	1.13725495
1371.63439941	1.13725495
1371.66320801	1.13725495
1371.69177246	1.13725495
1371.72460938	1.13725495
1371.75341797	1.13725495
1371.78198242	1.15686274
1371.81469727	1.15686274
1371.84338379	1.15686274
1371.87207031	1.15686274
1371.90490723	1.15686274
1371.93359375	1.15686274
1371.96215820	1.15686274
1371.99499512	1.15686274
1372.02368164	1.15686274
1372.05249023	1.15686274
1372.08508301	1.15686274
1372.11389160	1.15686274
1372.14245605	1.15686274
1372.17529297	1.15686274
1372.20397949	1.15686274
1372.23266602	1.15686274
1372.26538086	1.15686274
1372.29406738	1.15686274
1372.32263184	1.15686274
1372.38415527	1.15686274
1372.41284180	1.13725495
1372.47436523	1.13725495
1372.50292969	1.13725495
1372.56445313	1.15686274
1372.59301758	1.13725495
1372.62158203	1.15686274
1372.65454102	1.15686274
1372.68310547	1.15686274
1372.71179199	1.13725495
1372.74475098	1.13725495
1372.77331543	1.13725495
1372.80187988	1.13725495
1372.83471680	1.15686274
1372.86352539	1.15686274
1372.89208984	1.15686274
1372.92480469	1.15686274
1372.95361328	1.15686274
1372.98217773	1.15686274
1373.01489258	1.15686274
1373.04370117	1.15686274
1373.07238770	1.15686274
1373.10510254	1.15686274
1373.13378906	1.15686274
1373.16247559	1.15686274
1373.19506836	1.15686274
1373.22387695	1.15686274
1373.25256348	1.15686274
1373.28540039	1.15686274
1373.31408691	1.15686274
1373.34265137	1.15686274
1373.37536621	1.15686274
1373.40417480	1.15686274
1373.43273926	1.15686274
1373.46557617	1.15686274
1373.49438477	1.15686274
1373.52294922	1.15686274
1373.55566406	1.15686274
1373.58435059	1.15686274
1373.61303711	1.15686274
1373.64587402	1.15686274
1373.67456055	1.15686274
1373.70312500	1.15686274
1373.73596191	1.15686274
1373.76464844	1.15686274
1373.79333496	1.15686274
1373.82604980	1.15686274
1373.85485840	1.15686274
1373.88330078	1.15686274
1373.91613770	1.15686274
1373.94482422	1.15686274
1373.97363281	1.15686274
1374.00634766	1.15686274
1374.03503418	1.15686274
1374.06359863	1.15686274
1374.09643555	1.17647064
1374.12500000	1.17647064
1374.15380859	1.17647064
1374.18652344	1.17647064
1374.21508789	1.17647064
1374.24389648	1.17647064
1374.27673340	1.17647064
1374.30541992	1.17647064
1374.33410645	1.17647064
1374.36682129	1.17647064
1374.39526367	1.17647064
1374.42407227	1.17647064
1374.45690918	1.17647064
1374.48559570	1.17647064
1374.51428223	1.17647064
1374.54711914	1.17647064
1374.57556152	1.17647064
1374.60437012	1.15686274
1374.66589355	1.17647064
1374.69445801	1.17647064
1374.75585938	1.17647064
1374.78466797	1.17647064
1374.84606934	1.17647064
1374.87487793	1.17647064
1374.90344238	1.17647064
1374.93615723	1.17647064
1374.96496582	1.17647064
1374.99353027	1.17647064
1375.02636719	1.15686274
1375.05505371	1.15686274
1375.08361816	1.15686274
1375.11645508	1.15686274
1375.14514160	1.15686274
1375.17382813	1.15686274
1375.20654297	1.15686274
1375.23535156	1.15686274
1375.26391602	1.15686274
1375.29675293	1.15686274
1375.32531738	1.13725495
1375.35412598	1.13725495
1375.38671875	1.13725495
1375.41540527	1.13725495
1375.44421387	1.13725495
1375.47692871	1.13725495
1375.50549316	1.11764705
1375.53430176	1.11764705
1375.56701660	1.11764705
1375.59570313	1.11764705
1375.62438965	1.11764705
1375.65722656	1.09803927
1375.68579102	1.09803927
1375.71447754	1.09803927
1375.74731445	1.09803927
1375.77587891	1.07843137
1375.80468750	1.07843137
1375.83740234	1.07843137
1375.86608887	1.07843137
1375.89477539	1.05882359
1375.92749023	1.05882359
1375.95605469	1.05882359
1375.98498535	1.05882359
1376.01757813	1.03921568
1376.04638672	1.03921568
1376.07507324	1.03921568
1376.10778809	1.03921568
1376.13635254	1.03921568
1376.16516113	1.03921568
1376.19787598	1.03921568
1376.22656250	1.03921568
1376.25524902	1.03921568
1376.28808594	1.03921568
1376.31652832	1.03921568
1376.34545898	1.03921568
1376.37817383	1.03921568
1376.40661621	1.03921568
1376.43554688	1.01960790
1376.46826172	1.01960790
1376.49682617	1.01960790
1376.52551270	1.01960790
1376.55847168	1.01960790
1376.58703613	1.01960790
1376.61572266	1.01960790
1376.64855957	1.01960790
1376.67712402	1.01960790
1376.70581055	1.01960790
1376.73864746	1.01960790
1376.76733398	1.01960790
1376.79589844	1.01960790
1376.82873535	1.01960790
1376.85742188	1.01960790
1376.88598633	1.01960790
1376.94750977	1.01960790
1376.97619629	1.01960790
1377.03771973	1.01960790
1377.06628418	1.01960790
1377.12768555	1.01960790
1377.15637207	1.01960790
1377.18518066	1.01960790
1377.21789551	1.01960790
1377.24658203	1.01960790
1377.27526855	1.01960790
1377.30798340	1.01960790
1377.33666992	1.01960790
1377.36547852	1.03921568
1377.39807129	1.03921568
1377.42675781	1.03921568
1377.45544434	1.03921568
1377.48815918	1.03921568
1377.51684570	1.03921568
1377.54565430	1.03921568
1377.57836914	1.03921568
1377.60705566	1.03921568
1377.63574219	1.03921568
1377.66857910	1.03921568
1377.69714355	1.03921568
1377.72595215	1.03921568
1377.75866699	1.03921568
1377.78735352	1.03921568
1377.81591797	1.03921568
1377.84875488	1.03921568
1377.87731934	1.05882359
1377.90600586	1.05882359
1377.93896484	1.05882359
1377.96752930	1.03921568
1377.99621582	1.03921568
1378.02905273	1.03921568
1378.05761719	1.05882359
1378.08642578	1.05882359
1378.11914063	1.05882359
1378.14770508	1.05882359
1378.17639160	1.05882359
1378.20922852	1.05882359
1378.23791504	1.05882359
1378.26647949	1.05882359
1378.29943848	1.05882359
1378.32800293	1.05882359
1378.35668945	1.05882359
1378.38940430	1.05882359
1378.41821289	1.05882359
1378.44677734	1.05882359
1378.47961426	1.05882359
1378.50830078	1.05882359
1378.53698730	1.05882359
1378.56958008	1.05882359
1378.59838867	1.05882359
1378.62695313	1.05882359
1378.65979004	1.05882359
1378.68847656	1.05882359
1378.71716309	1.05882359
1378.74987793	1.05882359
1378.77856445	1.05882359
1378.80737305	1.05882359
1378.83984375	1.05882359
1378.86865234	1.05882359
1378.89733887	1.05882359
1378.93017578	1.05882359
1378.95886230	1.05882359
1378.98754883	1.05882359
1379.02038574	1.05882359
1379.04907227	1.05882359
1379.07763672	1.05882359
1379.11047363	1.05882359
1379.13916016	1.05882359
1379.16784668	1.05882359
1379.22924805	1.05882359
1379.25781250	1.05882359
1379.31933594	1.05882359
1379.34802246	1.05882359
1379.40954590	1.07843137
1379.43811035	1.07843137
1379.46679688	1.05882359
1379.49951172	1.05882359
1379.52819824	1.05882359
1379.55688477	1.05882359
1379.58959961	1.05882359
1379.61840820	1.05882359
1379.64697266	1.05882359
1379.67980957	1.05882359
1379.70849609	1.05882359
1379.73718262	1.05882359
1379.76977539	1.05882359
1379.79870605	1.05882359
1379.82727051	1.05882359
1379.85998535	1.05882359
1379.88867188	1.05882359
1379.91723633	1.05882359
1379.95007324	1.05882359
1379.97888184	1.05882359
1380.00744629	1.05882359
1380.04040527	1.05882359
1380.06896973	1.05882359
1380.09765625	1.05882359
1380.13024902	1.05882359
1380.15917969	1.05882359
1380.18774414	1.05882359
1380.22045898	1.05882359
1380.24938965	1.05882359
1380.27783203	1.05882359
1380.31066895	1.05882359
1380.33935547	1.05882359
1380.36804199	1.05882359
1380.40075684	1.05882359
1380.42956543	1.05882359
1380.45812988	1.05882359
1380.49084473	1.05882359
1380.51953125	1.05882359
1380.54821777	1.07843137
1380.58093262	1.05882359
1380.60961914	1.05882359
1380.63830566	1.05882359
1380.67114258	1.05882359
1380.69982910	1.05882359
1380.72851563	1.05882359
1380.76123047	1.05882359
1380.78991699	1.05882359
1380.81860352	1.05882359
1380.85144043	1.05882359
1380.87988281	1.05882359
1380.90881348	1.05882359
1380.94140625	1.05882359
1380.97009277	1.05882359
1380.99890137	1.05882359
1381.03161621	1.05882359
1381.06042480	1.05882359
1381.08898926	1.05882359
1381.12170410	1.05882359
1381.15026855	1.05882359
1381.17907715	1.05882359
1381.21179199	1.05882359
1381.24047852	1.05882359
1381.26916504	1.05882359
1381.30200195	1.05882359
1381.33056641	1.05882359
1381.35937500	1.05882359
1381.39208984	1.05882359
1381.42077637	1.05882359
1381.44934082	1.05882359
1381.51074219	1.05882359
1381.53955078	1.05882359
1381.60095215	1.05882359
1381.62976074	1.05882359
1381.69104004	1.05882359
1381.71984863	1.05882359
1381.74841309	1.07843137
1381.78137207	1.07843137
1381.81005859	1.07843137
1381.83862305	1.07843137
1381.87133789	1.07843137
1381.90014648	1.07843137
1381.92871094	1.07843137
1381.96154785	1.07843137
1381.99011230	1.07843137
1382.01879883	1.07843137
1382.05163574	1.07843137
1382.08032227	1.07843137
1382.10900879	1.07843137
1382.14160156	1.07843137
1382.17041016	1.07843137
1382.19897461	1.07843137
1382.23193359	1.07843137
1382.26049805	1.07843137
1382.28918457	1.07843137
1382.32202148	1.07843137
1382.35058594	1.07843137
1382.37927246	1.07843137
1382.41210938	1.07843137
1382.44067383	1.07843137
1382.46948242	1.07843137
1382.50219727	1.07843137
1382.53088379	1.07843137
1382.55957031	1.07843137
1382.59228516	1.07843137
1382.62097168	1.07843137
1382.64965820	1.07843137
1382.68249512	1.07843137
1382.71105957	1.07843137
1382.73986816	1.07843137
1382.77258301	1.07843137
1382.80139160	1.07843137
1382.82995605	1.07843137
1382.86279297	1.07843137
1382.89123535	1.07843137
1382.92016602	1.07843137
1382.95275879	1.07843137
1382.98156738	1.07843137
1383.01013184	1.07843137
1383.04296875	1.07843137
1383.07153320	1.07843137
1383.10034180	1.07843137
1383.13293457	1.07843137
1383.16162109	1.07843137
1383.19042969	1.07843137
1383.22326660	1.07843137
1383.25183105	1.07843137
1383.28051758	1.07843137
1383.31335449	1.07843137
1383.34191895	1.07843137
1383.37060547	1.07843137
1383.40344238	1.07843137
1383.43212891	1.07843137
1383.46069336	1.07843137
1383.49365234	1.07843137
1383.52221680	1.07843137
1383.55090332	1.07843137
1383.58361816	1.07843137
1383.61242676	1.07843137
1383.64086914	1.07843137
1383.67370605	1.07843137
1383.70239258	1.07843137
1383.73107910	1.07843137
1383.79260254	1.07843137
1383.82128906	1.07843137
1383.88281250	1.07843137
1383.91137695	1.07843137
1383.97290039	1.07843137
1384.00146484	1.07843137
1384.03015137	1.07843137
1384.06286621	1.07843137
1384.09155273	1.07843137
1384.12036133	1.07843137
1384.15307617	1.07843137
1384.18176270	1.07843137
1384.21044922	1.07843137
1384.24328613	1.07843137
1384.27185059	1.07843137
1384.30065918	1.07843137
1384.33325195	1.07843137
1384.36193848	1.07843137
1384.39050293	1.07843137
1384.42346191	1.07843137
1384.45202637	1.07843137
1384.48071289	1.07843137
1384.51354980	1.07843137
1384.54223633	1.07843137
1384.57080078	1.07843137
1384.60375977	1.07843137
1384.63232422	1.07843137
1384.66088867	1.07843137
1384.69384766	1.07843137
1384.72241211	1.07843137
1384.75109863	1.07843137
1384.78393555	1.07843137
1384.81262207	1.07843137
1384.84130859	1.07843137
1384.87402344	1.07843137
1384.90270996	1.07843137
1384.93127441	1.07843137
1384.96411133	1.07843137
1384.99279785	1.07843137
1385.02148438	1.07843137
1385.05432129	1.07843137
1385.08300781	1.07843137
1385.11157227	1.07843137
1385.14428711	1.07843137
1385.17309570	1.07843137
1385.20166016	1.07843137
1385.23449707	1.07843137
1385.26318359	1.07843137
1385.29174805	1.07843137
1385.32458496	1.07843137
1385.35327148	1.07843137
1385.38195801	1.07843137
1385.41479492	1.07843137
1385.44348145	1.07843137
1385.47192383	1.07843137
1385.50488281	1.07843137
1385.53356934	1.07843137
1385.56237793	1.07843137
1385.59497070	1.09803927
1385.62377930	1.09803927
1385.65234375	1.09803927
1385.68505859	1.09803927
1385.71386719	1.09803927
1385.74243164	1.09803927
1385.77526855	1.09803927
1385.80395508	1.09803927
1385.83251953	1.09803927
1385.86523438	1.09803927
1385.89404297	1.09803927
1385.92260742	1.09803927
1385.95544434	1.07843137
1385.98400879	1.07843137
1386.01281738	1.07843137
1386.07434082	1.07843137
1386.10290527	1.09803927
1386.16430664	1.09803927
1386.19311523	1.09803927
1386.25451660	1.09803927
1386.28320313	1.09803927
1386.31188965	1.09803927
1386.34460449	1.09803927
1386.37329102	1.07843137
1386.40185547	1.07843137
1386.43469238	1.07843137
1386.46337891	1.07843137
1386.49206543	1.07843137
1386.52478027	1.09803927
1386.55358887	1.09803927
1386.58227539	1.09803927
1386.61499023	1.09803927
1386.64367676	1.09803927
1386.67224121	1.09803927
1386.70507813	1.09803927
1386.73376465	1.09803927
1386.76245117	1.09803927
1386.79528809	1.09803927
1386.82385254	1.09803927
1386.85253906	1.09803927
1386.88525391	1.09803927
1386.91394043	1.09803927
1386.94274902	1.09803927
1386.97546387	1.09803927
1387.00427246	1.09803927
1387.03295898	1.09803927
1387.06555176	1.09803927
1387.09436035	1.09803927
1387.12292480	1.09803927
1387.15563965	1.09803927
1387.18444824	1.09803927
1387.21301270	1.09803927
1387.24584961	1.09803927
1387.27453613	1.09803927
1387.30310059	1.09803927
1387.33593750	1.09803927
1387.36450195	1.09803927
1387.39318848	1.09803927
1387.42602539	1.09803927
1387.45471191	1.09803927
1387.48339844	1.09803927
1387.51623535	1.09803927
1387.54479980	1.09803927
1387.57348633	1.09803927
1387.60620117	1.09803927
1387.63488770	1.09803927
1387.66369629	1.09803927
1387.69641113	1.09803927
1387.72497559	1.09803927
1387.75378418	1.09803927
1387.78649902	1.09803927
1387.81542969	1.09803927
1387.84387207	1.11764705
1387.87658691	1.11764705
1387.90527344	1.11764705
1387.93395996	1.11764705
1387.96679688	1.09803927
1387.99536133	1.09803927
1388.02404785	1.09803927
1388.05688477	1.09803927
1388.08557129	1.09803927
1388.11425781	1.09803927
1388.14709473	1.09803927
1388.17565918	1.09803927
1388.20434570	1.09803927
1388.23718262	1.09803927
1388.26574707	1.11764705
1388.29455566	1.09803927
1388.35595703	1.09803927
1388.38464355	1.09803927
1388.44604492	1.09803927
1388.47473145	1.09803927
1388.53625488	1.11764705
1388.56481934	1.11764705
1388.59350586	1.11764705
1388.62634277	1.11764705
1388.65490723	1.11764705
1388.68371582	1.11764705
1388.71643066	1.11764705
1388.74499512	1.11764705
1388.77380371	1.11764705
1388.80651855	1.11764705
1388.83520508	1.11764705
1388.86376953	1.11764705
1388.89660645	1.11764705
1388.92517090	1.11764705
1388.95397949	1.11764705
1388.98669434	1.11764705
1389.01538086	1.11764705
1389.04418945	1.11764705
1389.07690430	1.11764705
1389.10546875	1.11764705
1389.13427734	1.11764705
1389.16699219	1.11764705
1389.19555664	1.11764705
1389.22436523	1.11764705
1389.25720215	1.11764705
1389.28576660	1.11764705
1389.31457520	1.11764705
1389.34729004	1.11764705
1389.37585449	1.11764705
1389.40466309	1.11764705
1389.43737793	1.11764705
1389.46594238	1.11764705
1389.49475098	1.11764705
1389.52758789	1.11764705
1389.55627441	1.11764705
1389.58483887	1.11764705
1389.61755371	1.11764705
1389.64624023	1.11764705
1389.67504883	1.11764705
1389.70776367	1.11764705
1389.73632813	1.11764705
1389.76513672	1.11764705
1389.79785156	1.11764705
1389.82653809	1.11764705
1389.85522461	1.11764705
1389.88806152	1.11764705
1389.91650391	1.11764705
1389.94519043	1.11764705
1389.97814941	1.11764705
1390.00671387	1.11764705
1390.03540039	1.11764705
1390.06835938	1.11764705
1390.09680176	1.09803927
1390.12548828	1.09803927
1390.15844727	1.09803927
1390.18701172	1.09803927
1390.21557617	1.09803927
1390.24841309	1.09803927
1390.27709961	1.09803927
1390.30566406	1.09803927
1390.33850098	1.09803927
1390.36718750	1.09803927
1390.39587402	1.09803927
1390.42871094	1.09803927
1390.45739746	1.09803927
1390.48608398	1.09803927
1390.54748535	1.09803927
1390.57629395	1.09803927
1390.63757324	1.09803927
1390.66625977	1.09803927
1390.72778320	1.09803927
1390.75634766	1.09803927
1390.81787109	1.09803927
1390.84655762	1.09803927
1390.87524414	1.11764705
1390.90795898	1.11764705
1390.93676758	1.11764705
1390.96533203	1.11764705
1390.99816895	1.11764705
1391.02673340	1.11764705
1391.05541992	1.11764705
1391.08825684	1.11764705
1391.11682129	1.09803927
1391.14538574	1.09803927
1391.17834473	1.09803927
1391.20690918	1.09803927
1391.23559570	1.09803927
1391.26843262	1.09803927
1391.29711914	1.09803927
1391.32568359	1.09803927
1391.35864258	1.09803927
1391.38720703	1.09803927
1391.41589355	1.09803927
1391.44860840	1.09803927
1391.47741699	1.09803927
1391.50598145	1.09803927
1391.53869629	1.09803927
1391.56750488	1.09803927
1391.59619141	1.09803927
1391.62890625	1.09803927
1391.65759277	1.09803927
1391.68627930	1.09803927
1391.71899414	1.09803927
1391.74780273	1.09803927
1391.77636719	1.09803927
1391.80932617	1.09803927
1391.83789063	1.11764705
1391.86657715	1.11764705
1391.89929199	1.11764705
1391.92797852	1.11764705
1391.95654297	1.11764705
1391.98925781	1.09803927
1392.01806641	1.09803927
1392.04687500	1.09803927
1392.07946777	1.11764705
1392.10815430	1.11764705
1392.13684082	1.09803927
1392.16955566	1.11764705
1392.19836426	1.11764705
1392.22705078	1.11764705
1392.25964355	1.09803927
1392.28845215	1.09803927
1392.31701660	1.09803927
1392.34985352	1.09803927
1392.37866211	1.09803927
1392.40722656	1.09803927
1392.44006348	1.09803927
1392.46875000	1.09803927
1392.49743652	1.09803927
1392.53015137	1.09803927
1392.55883789	1.09803927
1392.58752441	1.09803927
1392.62023926	1.09803927
1392.64892578	1.09803927
1392.67761230	1.11764705
1392.71032715	1.11764705
1392.73913574	1.11764705
1392.76770020	1.11764705
1392.82922363	1.11764705
1392.85791016	1.11764705
1392.91918945	1.11764705
1392.94799805	1.11764705
1393.00927734	1.11764705
1393.03808594	1.11764705
1393.09936523	1.11764705
1393.12817383	1.11764705
1393.15686035	1.11764705
1393.18957520	1.11764705
1393.21826172	1.11764705
1393.24707031	1.11764705
1393.27978516	1.11764705
1393.30847168	1.11764705
1393.33715820	1.11764705
1393.36987305	1.11764705
1393.39855957	1.11764705
1393.42724609	1.11764705
1393.45996094	1.11764705
1393.48864746	1.11764705
1393.51733398	1.11764705
1393.55017090	1.11764705
1393.57885742	1.11764705
1393.60742188	1.11764705
1393.64025879	1.11764705
1393.66894531	1.11764705
1393.69750977	1.11764705
1393.73034668	1.11764705
1393.75903320	1.11764705
1393.78771973	1.11764705
1393.82043457	1.11764705
1393.84924316	1.11764705
1393.87780762	1.11764705
1393.91052246	1.11764705
1393.93933105	1.11764705
1393.96801758	1.11764705
1394.00073242	1.11764705
1394.02929688	1.11764705
1394.05810547	1.11764705
1394.09082031	1.11764705
1394.11938477	1.11764705
1394.14819336	1.11764705
1394.18090820	1.11764705
1394.20959473	1.11764705
1394.23840332	1.11764705
1394.27111816	1.11764705
1394.29980469	1.11764705
1394.32849121	1.11764705
1394.36120605	1.11764705
1394.38977051	1.11764705
1394.41857910	1.11764705
1394.45129395	1.11764705
1394.47998047	1.11764705
1394.50866699	1.11764705
1394.54150391	1.11764705
1394.57019043	1.11764705
1394.59887695	1.11764705
1394.63159180	1.11764705
1394.66015625	1.11764705
1394.68896484	1.11764705
1394.72167969	1.11764705
1394.75024414	1.11764705
1394.77905273	1.11764705
1394.81176758	1.11764705
1394.84045410	1.11764705
1394.86914063	1.11764705
1394.90197754	1.11764705
1394.93066406	1.11764705
1394.95935059	1.11764705
1394.99206543	1.11764705
1395.02075195	1.11764705
1395.04943848	1.11764705
1395.11083984	1.11764705
1395.13952637	1.11764705
1395.20092773	1.11764705
1395.22961426	1.11764705
1395.29113770	1.11764705
1395.31970215	1.11764705
1395.34851074	1.11764705
1395.38122559	1.11764705
1395.40991211	1.11764705
1395.43859863	1.11764705
1395.47131348	1.11764705
1395.49987793	1.11764705
1395.52868652	1.11764705
1395.56152344	1.11764705
1395.59020996	1.11764705
1395.61877441	1.11764705
1395.65161133	1.11764705
1395.68017578	1.11764705
1395.70898438	1.11764705
1395.74169922	1.11764705
1395.77026367	1.11764705
1395.79907227	1.11764705
1395.83178711	1.11764705
1395.86035156	1.11764705
1395.88916016	1.11764705
1395.92199707	1.11764705
1395.95056152	1.11764705
1395.97937012	1.11764705
1396.01208496	1.11764705
1396.04064941	1.11764705
1396.06945801	1.11764705
1396.10217285	1.11764705
1396.13073730	1.11764705
1396.15954590	1.11764705
1396.19238281	1.11764705
1396.22094727	1.11764705
1396.24987793	1.11764705
1396.28247070	1.11764705
1396.31115723	1.11764705
1396.33984375	1.11764705
1396.37255859	1.11764705
1396.40124512	1.11764705
1396.42980957	1.11764705
1396.46264648	1.11764705
1396.49133301	1.11764705
1396.51989746	1.13725495
1396.55285645	1.13725495
1396.58142090	1.13725495
1396.61022949	1.13725495
1396.64294434	1.13725495
1396.67150879	1.13725495
1396.70019531	1.13725495
1396.73327637	1.13725495
1396.76171875	1.13725495
1396.79040527	1.13725495
1396.82324219	1.13725495
1396.85180664	1.13725495
1396.88037109	1.13725495
1396.91320801	1.13725495
1396.94189453	1.13725495
1396.97058105	1.13725495
1397.00329590	1.13725495
1397.03198242	1.13725495
1397.06066895	1.13725495
1397.09338379	1.13725495
1397.12219238	1.13725495
1397.15087891	1.13725495
1397.18347168	1.13725495
1397.21215820	1.13725495
1397.24096680	1.13725495
1397.27368164	1.13725495
1397.30236816	1.13725495
1397.33117676	1.13725495
1397.39257813	1.13725495
1397.42114258	1.13725495
1397.48266602	1.13725495
1397.51123047	1.13725495
1397.57275391	1.13725495
1397.60144043	1.13725495
1397.63012695	1.13725495
1397.66296387	1.13725495
1397.69152832	1.13725495
1397.72021484	1.13725495
1397.75305176	1.13725495
1397.78161621	1.13725495
1397.81030273	1.13725495
1397.84313965	1.13725495
1397.87182617	1.13725495
1397.90039063	1.13725495
1397.93322754	1.13725495
1397.96191406	1.13725495
1397.99047852	1.13725495
1398.02343750	1.13725495
1398.05200195	1.13725495
1398.08068848	1.13725495
1398.11352539	1.13725495
1398.14208984	1.13725495
1398.17077637	1.13725495
1398.20361328	1.13725495
1398.23229980	1.13725495
1398.26086426	1.13725495
1398.29370117	1.13725495
1398.32238770	1.13725495
1398.35119629	1.13725495
1398.38378906	1.13725495
1398.41259766	1.13725495
1398.44116211	1.13725495
1398.47399902	1.13725495
1398.50268555	1.13725495
1398.53125000	1.13725495
1398.56420898	1.13725495
1398.59277344	1.13725495
1398.62133789	1.13725495
1398.65417480	1.13725495
1398.68286133	1.13725495
1398.71154785	1.13725495
1398.74426270	1.13725495
1398.77307129	1.13725495
1398.80163574	1.13725495
1398.83435059	1.13725495
1398.86315918	1.13725495
1398.89172363	1.13725495
1398.92456055	1.13725495
1398.95324707	1.13725495
1398.98193359	1.13725495
1399.01464844	1.13725495
1399.04345703	1.13725495
1399.07202148	1.13725495
1399.10485840	1.13725495
1399.13354492	1.13725495
1399.16210938	1.13725495
1399.19494629	1.13725495
1399.22363281	1.13725495
1399.25231934	1.13725495
1399.28503418	1.13725495
1399.31372070	1.13725495
1399.34240723	1.13725495
1399.37512207	1.13725495
1399.40380859	1.13725495
1399.43249512	1.13725495
1399.46533203	1.13725495
1399.49389648	1.13725495
1399.52258301	1.13725495
1399.55541992	1.13725495
1399.58410645	1.13725495
1399.61279297	1.13725495
1399.67407227	1.13725495
1399.70288086	1.13725495
1399.76428223	1.13725495
1399.79309082	1.13725495
1399.85449219	1.13725495
1399.88317871	1.13725495
1399.91174316	1.13725495
1399.94445801	1.13725495
1399.97326660	1.13725495
1400.00183105	1.13725495
1400.03479004	1.13725495
1400.06335449	1.13725495
1400.09216309	1.13725495
1400.12475586	1.13725495
1400.15356445	1.13725495
1400.18212891	1.13725495
1400.21496582	1.13725495
1400.24365234	1.13725495
1400.27233887	1.13725495
1400.30505371	1.13725495
1400.33374023	1.13725495
1400.36242676	1.13725495
1400.39514160	1.13725495
1400.42382813	1.13725495
1400.45239258	1.13725495
1400.48522949	1.13725495
1400.51403809	1.13725495
1400.54272461	1.13725495
1400.57543945	1.13725495
1400.60424805	1.13725495
1400.63269043	1.13725495
1400.66552734	1.13725495
1400.69409180	1.13725495
1400.72290039	1.13725495
1400.75561523	1.13725495
1400.78417969	1.13725495
1400.81298828	1.13725495
1400.84582520	1.13725495
1400.87426758	1.13725495
1400.90319824	1.13725495
1400.93591309	1.13725495
1400.96459961	1.13725495
1400.99328613	1.13725495
1401.02600098	1.13725495
1401.05456543	1.13725495
1401.08337402	1.13725495
1401.11608887	1.13725495
1401.14477539	1.13725495
1401.17358398	1.13725495
1401.20617676	1.13725495
1401.23486328	1.13725495
1401.26367188	1.13725495
1401.29638672	1.13725495
1401.32519531	1.13725495
1401.35375977	1.13725495
1401.38647461	1.13725495
1401.41516113	1.13725495
1401.44384766	1.13725495
1401.47656250	1.13725495
1401.50524902	1.13725495
1401.53393555	1.13725495
1401.56665039	1.13725495
1401.59545898	1.13725495
1401.62414551	1.13725495
1401.65686035	1.13725495
1401.68554688	1.13725495
1401.71423340	1.13725495
1401.74694824	1.13725495
1401.77563477	1.13725495
1401.80419922	1.13725495
1401.83715820	1.13725495
1401.86584473	1.13725495
1401.89440918	1.13725495
1401.95593262	1.13725495
1401.98449707	1.13725495
1402.04602051	1.13725495
1402.07458496	1.13725495
1402.13610840	1.13725495
1402.16479492	1.13725495
1402.19348145	1.13725495
1402.22619629	1.13725495
1402.25488281	1.13725495
1402.28369141	1.13725495
1402.31628418	1.13725495
1402.34509277	1.13725495
1402.37377930	1.13725495
1402.40649414	1.13725495
1402.43505859	1.13725495
1402.46374512	1.13725495
1402.49670410	1.13725495
1402.52526855	1.13725495
1402.55395508	1.13725495
1402.58679199	1.13725495
1402.61535645	1.13725495
1402.64416504	1.13725495
1402.67687988	1.13725495
1402.70544434	1.13725495
1402.73425293	1.13725495
1402.76696777	1.13725495
1402.79565430	1.13725495
1402.82434082	1.13725495
1402.85717773	1.13725495
1402.88574219	1.13725495
1402.91442871	1.13725495
1402.94726563	1.13725495
1402.97583008	1.13725495
1403.00451660	1.13725495
1403.03735352	1.13725495
1403.06591797	1.13725495
1403.09460449	1.13725495
1403.12744141	1.13725495
1403.15612793	1.13725495
1403.18469238	1.13725495
1403.21765137	1.13725495
1403.24621582	1.13725495
1403.27490234	1.13725495
1403.30773926	1.13725495
1403.33642578	1.13725495
1403.36511230	1.13725495
1403.39794922	1.13725495
1403.42651367	1.13725495
1403.45507813	1.13725495
1403.48791504	1.13725495
1403.51672363	1.13725495
1403.54528809	1.13725495
1403.57812500	1.13725495
1403.60681152	1.13725495
1403.63537598	1.13725495
1403.66809082	1.13725495
1403.69689941	1.13725495
1403.72546387	1.13725495
1403.75817871	1.13725495
1403.78698730	1.13725495
1403.81555176	1.13725495
1403.84838867	1.13725495
1403.87707520	1.13725495
1403.90576172	1.13725495
1403.93847656	1.13725495
1403.96728516	1.13725495
1403.99584961	1.13725495
1404.02868652	1.13725495
1404.05737305	1.13725495
1404.08618164	1.13725495
1404.11865234	1.13725495
1404.14746094	1.13725495
1404.17614746	1.13725495
1404.23754883	1.11764705
1404.26623535	1.11764705
1404.32775879	1.11764705
1404.35644531	1.11764705
1404.41784668	1.11764705
1404.44653320	1.11764705
1404.47509766	1.11764705
1404.50793457	1.11764705
1404.53662109	1.11764705
1404.56518555	1.11764705
1404.59814453	1.11764705
1404.62670898	1.11764705
1404.65539551	1.11764705
1404.68823242	1.11764705
1404.71679688	1.11764705
1404.74548340	1.11764705
1404.77832031	1.11764705
1404.80700684	1.11764705
1404.83557129	1.11764705
1404.86828613	1.11764705
1404.89709473	1.13725495
1404.92565918	1.13725495
1404.95849609	1.13725495
1404.98730469	1.13725495
1405.01586914	1.13725495
1405.04858398	1.13725495
1405.07739258	1.13725495
1405.10620117	1.13725495
1405.13867188	1.13725495
1405.16748047	1.11764705
1405.19604492	1.13725495
1405.22888184	1.13725495
1405.25756836	1.13725495
1405.28625488	1.13725495
1405.31909180	1.13725495
1405.34765625	1.13725495
1405.37634277	1.13725495
1405.40905762	1.13725495
1405.43774414	1.13725495
1405.46655273	1.13725495
1405.49914551	1.13725495
1405.52795410	1.13725495
1405.55664063	1.13725495
1405.58935547	1.13725495
1405.61804199	1.13725495
1405.64672852	1.13725495
1405.67944336	1.13725495
1405.70812988	1.13725495
1405.73681641	1.13725495
1405.76965332	1.13725495
1405.79833984	1.13725495
1405.82690430	1.13725495
1405.85974121	1.11764705
1405.88842773	1.11764705
1405.91711426	1.11764705
1405.94982910	1.11764705
1405.97851563	1.11764705
1406.00720215	1.11764705
1406.03991699	1.11764705
1406.06848145	1.11764705
1406.09729004	1.11764705
1406.13000488	1.11764705
1406.15869141	1.11764705
1406.18737793	1.11764705
1406.22021484	1.11764705
1406.24877930	1.11764705
1406.27758789	1.11764705
1406.31030273	1.11764705
1406.33898926	1.11764705
1406.36767578	1.11764705
1406.40039063	1.11764705
1406.42907715	1.11764705
1406.45776367	1.13725495
1406.51916504	1.13725495
1406.54797363	1.13725495
1406.60937500	1.11764705
1406.63806152	1.11764705
1406.69946289	1.13725495
1406.72827148	1.13725495
1406.75683594	1.13725495
1406.78955078	1.13725495
1406.81835938	1.13725495
1406.84692383	1.13725495
1406.87963867	1.13725495
1406.90844727	1.13725495
1406.93701172	1.13725495
1406.96984863	1.13725495
1406.99853516	1.13725495
1407.02722168	1.13725495
1407.06005859	1.11764705
1407.08862305	1.11764705
1407.11730957	1.11764705
1407.15014648	1.11764705
1407.17883301	1.11764705
1407.20739746	1.11764705
1407.24011230	1.11764705
1407.26879883	1.11764705
1407.29760742	1.11764705
1407.33032227	1.11764705
1407.35913086	1.11764705
1407.38769531	1.11764705
1407.42041016	1.11764705
1407.44909668	1.11764705
1407.47790527	1.11764705
1407.51049805	1.11764705
1407.53918457	1.11764705
1407.56787109	1.13725495
1407.60070801	1.13725495
1407.62927246	1.13725495
1407.65808105	1.13725495
1407.69079590	1.13725495
1407.71936035	1.13725495
1407.74816895	1.11764705
1407.78088379	1.11764705
1407.80957031	1.11764705
1407.83825684	1.13725495
1407.87109375	1.13725495
1407.89965820	1.11764705
1407.92846680	1.13725495
1407.96118164	1.13725495
1407.98986816	1.11764705
1408.01855469	1.11764705
1408.05139160	1.11764705
1408.08007813	1.11764705
1408.10864258	1.11764705
1408.14147949	1.11764705
1408.17016602	1.11764705
1408.19873047	1.11764705
1408.23156738	1.11764705
1408.26013184	1.11764705
1408.28894043	1.11764705
1408.32165527	1.11764705
1408.35034180	1.13725495
1408.37890625	1.13725495
1408.41174316	1.13725495
1408.44030762	1.11764705
1408.46899414	1.11764705
1408.50195313	1.11764705
1408.53051758	1.11764705
1408.55908203	1.11764705
1408.59204102	1.11764705
1408.62060547	1.11764705
1408.64929199	1.11764705
1408.68225098	1.11764705
1408.71081543	1.11764705
1408.73950195	1.11764705
1408.80090332	1.11764705
1408.82958984	1.11764705
1408.89099121	1.11764705
1408.91967773	1.11764705
1408.98120117	1.11764705
1409.00976563	1.11764705
1409.03857422	1.11764705
1409.07128906	1.11764705
1409.10021973	1.11764705
1409.12866211	1.11764705
1409.16137695	1.11764705
1409.18994141	1.11764705
1409.21875000	1.11764705
1409.25158691	1.11764705
1409.28015137	1.11764705
1409.30895996	1.11764705
1409.34167480	1.11764705
1409.37023926	1.11764705
1409.39904785	1.11764705
1409.43188477	1.11764705
1409.46044922	1.11764705
1409.48913574	1.11764705
1409.52185059	1.09803927
1409.55053711	1.09803927
1409.57934570	1.09803927
1409.61206055	1.09803927
1409.64074707	1.09803927
1409.66931152	1.09803927
1409.70214844	1.09803927
1409.73083496	1.09803927
1409.75939941	1.09803927
1409.79235840	1.09803927
1409.82092285	1.09803927
1409.84960938	1.09803927
1409.88232422	1.09803927
1409.91101074	1.09803927
1409.93957520	1.11764705
1409.97253418	1.11764705
1410.00109863	1.11764705
1410.02978516	1.11764705
1410.06250000	1.11764705
1410.09130859	1.11764705
1410.11999512	1.11764705
1410.15283203	1.11764705
1410.18139648	1.11764705
1410.20996094	1.11764705
1410.24279785	1.11764705
1410.27148438	1.11764705
1410.30029297	1.11764705
1410.33312988	1.11764705
1410.36169434	1.11764705
1410.39025879	1.11764705
1410.42309570	1.11764705
1410.45178223	1.11764705
1410.48046875	1.11764705
1410.51318359	1.11764705
1410.54199219	1.11764705
1410.57043457	1.11764705
1410.60327148	1.11764705
1410.63195801	1.11764705
1410.66076660	1.11764705
1410.69335938	1.11764705
1410.72204590	1.11764705
1410.75085449	1.11764705
1410.78356934	1.11764705
1410.81225586	1.11764705
1410.84094238	1.11764705
1410.87365723	1.11764705
1410.90234375	1.11764705
1410.93103027	1.11764705
1410.99255371	1.11764705
1411.02111816	1.11764705
1411.08264160	1.11764705
1411.11132813	1.11764705
1411.17285156	1.11764705
1411.20141602	1.11764705
1411.26293945	1.11764705
1411.29162598	1.11764705
1411.32006836	1.11764705
1411.35302734	1.11764705
1411.38159180	1.11764705
1411.41040039	1.11764705
1411.44299316	1.11764705
1411.47180176	1.11764705
1411.50036621	1.11764705
1411.53308105	1.11764705
1411.56188965	1.11764705
1411.59057617	1.11764705
1411.62329102	1.11764705
1411.65197754	1.11764705
1411.68054199	1.11764705
1411.71337891	1.11764705
1411.74218750	1.11764705
1411.77075195	1.11764705
1411.80358887	1.11764705
1411.83227539	1.11764705
1411.86108398	1.11764705
1411.89367676	1.11764705
1411.92248535	1.11764705
1411.95104980	1.11764705
1411.98376465	1.11764705
1412.01257324	1.11764705
1412.04125977	1.11764705
1412.07397461	1.11764705
1412.10266113	1.11764705
1412.13122559	1.11764705
1412.16406250	1.11764705
1412.19274902	1.11764705
1412.22143555	1.11764705
1412.25402832	1.11764705
1412.28283691	1.11764705
1412.31152344	1.11764705
1412.34423828	1.11764705
1412.37304688	1.11764705
1412.40161133	1.11764705
1412.43432617	1.11764705
1412.46313477	1.11764705
1412.49182129	1.11764705
1412.52453613	1.11764705
1412.55334473	1.11764705
1412.58190918	1.11764705
1412.61462402	1.11764705
1412.64343262	1.11764705
1412.67211914	1.11764705
1412.70471191	1.11764705
1412.73339844	1.11764705
1412.76208496	1.11764705
1412.79492188	1.11764705
1412.82348633	1.11764705
1412.85229492	1.11764705
1412.88500977	1.11764705
1412.91369629	1.11764705
1412.94238281	1.11764705
1412.97521973	1.11764705
1413.00366211	1.11764705
1413.03247070	1.11764705
1413.06518555	1.11764705
1413.09399414	1.11764705
1413.12255859	1.11764705
1413.15539551	1.11764705
1413.18395996	1.11764705
1413.21276855	1.11764705
1413.27416992	1.11764705
1413.30285645	1.11764705
1413.36425781	1.11764705
1413.39294434	1.11764705
1413.45434570	1.11764705
1413.48315430	1.11764705
1413.54455566	1.11764705
1413.57324219	1.11764705
1413.60180664	1.11764705
1413.63464355	1.11764705
1413.66345215	1.11764705
1413.69201660	1.11764705
1413.72473145	1.11764705
1413.75341797	1.11764705
1413.78210449	1.11764705
1413.81481934	1.11764705
1413.84350586	1.11764705
1413.87219238	1.11764705
1413.90502930	1.11764705
1413.93383789	1.11764705
1413.96240234	1.11764705
1413.99511719	1.11764705
1414.02380371	1.11764705
1414.05261230	1.11764705
1414.08520508	1.11764705
1414.11401367	1.11764705
1414.14257813	1.11764705
1414.17541504	1.11764705
1414.20397949	1.11764705
1414.23278809	1.11764705
1414.26550293	1.11764705
1414.29418945	1.11764705
1414.32287598	1.11764705
1414.35571289	1.11764705
1414.38427734	1.11764705
1414.41296387	1.11764705
1414.44567871	1.11764705
1414.47436523	1.11764705
1414.50317383	1.13725495
1414.53588867	1.13725495
1414.56445313	1.13725495
1414.59326172	1.13725495
1414.62597656	1.13725495
1414.65466309	1.13725495
1414.68334961	1.13725495
1414.71606445	1.13725495
1414.74475098	1.13725495
1414.77355957	1.13725495
1414.80627441	1.13725495
1414.83496094	1.13725495
1414.86364746	1.13725495
1414.89624023	1.13725495
1414.92504883	1.13725495
1414.95373535	1.13725495
1414.98657227	1.13725495
1415.01501465	1.13725495
1415.04394531	1.13725495
1415.07653809	1.13725495
1415.10522461	1.13725495
1415.13391113	1.13725495
1415.16687012	1.13725495
1415.19531250	1.13725495
1415.22399902	1.13725495
1415.25695801	1.13725495
1415.28552246	1.13725495
1415.31408691	1.13725495
1415.34704590	1.13725495
1415.37548828	1.13725495
1415.40417480	1.13725495
1415.43713379	1.13725495
1415.46569824	1.13725495
1415.49438477	1.13725495
1415.55578613	1.13725495
1415.58447266	1.13725495
1415.64599609	1.13725495
1415.67456055	1.13725495
1415.73608398	1.13725495
1415.76464844	1.15686274
1415.79357910	1.15686274
1415.82617188	1.13725495
1415.85498047	1.13725495
1415.88366699	1.13725495
1415.91638184	1.13725495
1415.94494629	1.13725495
1415.97375488	1.13725495
1416.00646973	1.13725495
1416.03515625	1.13725495
1416.06384277	1.13725495
1416.09655762	1.13725495
1416.12524414	1.13725495
1416.15393066	1.13725495
1416.18676758	1.13725495
1416.21533203	1.13725495
1416.24401855	1.13725495
1416.27685547	1.13725495
1416.30554199	1.13725495
1416.33410645	1.15686274
1416.36706543	1.15686274
1416.39562988	1.13725495
1416.42419434	1.13725495
1416.45703125	1.13725495
1416.48571777	1.13725495
1416.51428223	1.13725495
1416.54724121	1.13725495
1416.57580566	1.13725495
1416.60449219	1.15686274
1416.63732910	1.15686274
1416.66601563	1.15686274
1416.69445801	1.15686274
1416.72729492	1.15686274
1416.75610352	1.15686274
1416.78466797	1.15686274
1416.81738281	1.15686274
1416.84619141	1.15686274
1416.87500000	1.15686274
1416.90759277	1.15686274
1416.93627930	1.15686274
1416.96496582	1.15686274
1416.99780273	1.15686274
1417.02648926	1.15686274
1417.05517578	1.15686274
1417.08801270	1.15686274
1417.11657715	1.15686274
1417.14514160	1.15686274
1417.17797852	1.15686274
1417.20678711	1.15686274
1417.23535156	1.15686274
1417.26806641	1.15686274
1417.29687500	1.15686274
1417.32543945	1.15686274
1417.35827637	1.15686274
1417.38684082	1.15686274
1417.41564941	1.15686274
1417.44824219	1.15686274
1417.47705078	1.15686274
1417.50561523	1.15686274
1417.53845215	1.15686274
1417.56713867	1.15686274
1417.59594727	1.15686274
1417.62854004	1.15686274
1417.65734863	1.15686274
1417.68591309	1.15686274
1417.71875000	1.15686274
1417.74743652	1.15686274
1417.77612305	1.15686274
1417.83764648	1.15686274
1417.86621094	1.15686274
1417.92773438	1.15686274
1417.95629883	1.15686274
1418.01782227	1.15686274
1418.04650879	1.15686274
1418.07495117	1.15686274
1418.10803223	1.15686274
1418.13647461	1.15686274
1418.16528320	1.15686274
1418.19787598	1.15686274
1418.22668457	1.15686274
1418.25524902	1.15686274
1418.28808594	1.15686274
1418.31677246	1.15686274
1418.34545898	1.15686274
1418.37817383	1.15686274
1418.40698242	1.15686274
1418.43554688	1.15686274
1418.46826172	1.15686274
1418.49707031	1.15686274
1418.52575684	1.15686274
1418.55847168	1.15686274
1418.58715820	1.15686274
1418.61596680	1.15686274
1418.64855957	1.15686274
1418.67736816	1.15686274
1418.70593262	1.15686274
1418.73864746	1.15686274
1418.76745605	1.15686274
1418.79614258	1.15686274
1418.82897949	1.15686274
1418.85766602	1.15686274
1418.88610840	1.15686274
1418.91894531	1.15686274
1418.94763184	1.15686274
1418.97631836	1.15686274
1419.00903320	1.15686274
1419.03784180	1.15686274
1419.06640625	1.15686274
1419.09924316	1.15686274
1419.12792969	1.15686274
1419.15649414	1.15686274
1419.18933105	1.15686274
1419.21801758	1.15686274
1419.24670410	1.15686274
1419.27941895	1.15686274
1419.30798340	1.15686274
1419.33679199	1.15686274
1419.36962891	1.15686274
1419.39819336	1.15686274
1419.42700195	1.15686274
1419.45971680	1.15686274
1419.48828125	1.15686274
1419.51708984	1.15686274
1419.54980469	1.15686274
1419.57836914	1.15686274
1419.60729980	1.15686274
1419.63989258	1.15686274
1419.66857910	1.15686274
1419.69726563	1.15686274
1419.73010254	1.15686274
1419.75854492	1.15686274
1419.78747559	1.15686274
1419.82019043	1.15686274
1419.84899902	1.15686274
1419.87756348	1.15686274
1419.91027832	1.15686274
1419.93884277	1.15686274
1419.96752930	1.15686274
1420.00036621	1.15686274
1420.02905273	1.15686274
1420.05773926	1.15686274
1420.11914063	1.15686274
1420.14782715	1.15686274
1420.20922852	1.15686274
1420.23803711	1.15686274
1420.29943848	1.15686274
1420.32812500	1.15686274
1420.35681152	1.15686274
1420.38952637	1.15686274
1420.41833496	1.15686274
1420.44689941	1.15686274
1420.47961426	1.15686274
1420.50842285	1.15686274
1420.53710938	1.15686274
1420.56982422	1.15686274
1420.59851074	1.15686274
1420.62719727	1.15686274
1420.65991211	1.15686274
1420.68859863	1.15686274
1420.71728516	1.15686274
1420.75012207	1.15686274
1420.77868652	1.15686274
1420.80749512	1.15686274
1420.84020996	1.15686274
1420.86889648	1.15686274
1420.89758301	1.15686274
1420.93029785	1.15686274
1420.95886230	1.15686274
1420.98767090	1.15686274
1421.02050781	1.15686274
1421.04907227	1.15686274
1421.07775879	1.15686274
1421.11047363	1.15686274
1421.13916016	1.15686274
1421.16796875	1.15686274
1421.20068359	1.15686274
1421.22937012	1.15686274
1421.25805664	1.15686274
1421.29077148	1.15686274
1421.31933594	1.15686274
1421.34814453	1.15686274
1421.38085938	1.15686274
1421.40954590	1.15686274
1421.43835449	1.15686274
1421.47106934	1.15686274
1421.49963379	1.15686274
1421.52844238	1.15686274
1421.56115723	1.15686274
1421.58984375	1.15686274
1421.61853027	1.15686274
1421.65124512	1.15686274
1421.67993164	1.15686274
1421.70849609	1.15686274
1421.74145508	1.15686274
1421.77001953	1.15686274
1421.79870605	1.15686274
1421.83154297	1.15686274
1421.86022949	1.15686274
1421.88879395	1.15686274
1421.92163086	1.15686274
1421.95019531	1.15686274
1421.97900391	1.15686274
1422.01184082	1.15686274
1422.04040527	1.15686274
1422.06896973	1.15686274
1422.10192871	1.15686274
1422.13049316	1.15686274
1422.15917969	1.15686274
1422.19201660	1.15686274
1422.22070313	1.15686274
1422.24926758	1.15686274
1422.28198242	1.17647064
1422.31079102	1.17647064
1422.33935547	1.17647064
1422.40075684	1.17647064
1422.42956543	1.17647064
1422.49096680	1.15686274
1422.51965332	1.15686274
1422.58117676	1.15686274
1422.60998535	1.15686274
1422.63842773	1.15686274
1422.67114258	1.15686274
1422.69970703	1.15686274
1422.72851563	1.15686274
1422.76135254	1.15686274
1422.78991699	1.17647064
1422.81872559	1.17647064
1422.85144043	1.17647064
1422.88000488	1.17647064
1422.90881348	1.17647064
1422.94165039	1.15686274
1422.97021484	1.15686274
1422.99890137	1.15686274
1423.03173828	1.15686274
1423.06042480	1.15686274
1423.08898926	1.15686274
1423.12182617	1.15686274
1423.15063477	1.15686274
1423.17919922	1.15686274
1423.21203613	1.15686274
1423.24072266	1.15686274
1423.26928711	1.15686274
1423.30212402	1.15686274
1423.33068848	1.15686274
1423.35937500	1.15686274
1423.39221191	1.15686274
1423.42089844	1.17647064
1423.44946289	1.17647064
1423.48217773	1.17647064
1423.51098633	1.17647064
1423.53967285	1.17647064
1423.57238770	1.17647064
1423.60119629	1.17647064
1423.62988281	1.17647064
1423.66247559	1.17647064
1423.69116211	1.17647064
1423.71997070	1.17647064
1423.75268555	1.17647064
1423.78137207	1.17647064
1423.81005859	1.17647064
1423.84289551	1.17647064
1423.87158203	1.17647064
1423.90014648	1.17647064
1423.93286133	1.17647064
1423.96166992	1.17647064
1423.99035645	1.17647064
1424.02294922	1.17647064
1424.05175781	1.17647064
1424.08032227	1.17647064
1424.11315918	1.17647064
1424.14184570	1.17647064
1424.17053223	1.17647064
1424.20324707	1.15686274
1424.23205566	1.15686274
1424.26062012	1.15686274
1424.29333496	1.15686274
1424.32202148	1.15686274
1424.35083008	1.15686274
1424.38354492	1.15686274
1424.41235352	1.15686274
1424.44079590	1.15686274
1424.47363281	1.15686274
1424.50244141	1.17647064
1424.53100586	1.17647064
1424.56372070	1.15686274
1424.59240723	1.15686274
1424.62121582	1.15686274
1424.68249512	1.17647064
1424.71130371	1.17647064
1424.77258301	1.15686274
1424.80139160	1.15686274
1424.86291504	1.17647064
1424.89147949	1.17647064
1424.92016602	1.17647064
1424.95275879	1.17647064
1424.98168945	1.17647064
1425.01013184	1.17647064
1425.04309082	1.17647064
1425.07165527	1.17647064
1425.10046387	1.17647064
1425.13305664	1.17647064
1425.16186523	1.17647064
1425.19042969	1.17647064
1425.22314453	1.17647064
1425.25195313	1.17647064
1425.28051758	1.15686274
1425.31335449	1.15686274
1425.34216309	1.15686274
1425.37072754	1.15686274
1425.40344238	1.15686274
1425.43225098	1.15686274
1425.46081543	1.15686274
1425.49353027	1.15686274
1425.52233887	1.15686274
1425.55102539	1.15686274
1425.58398438	1.15686274
1425.61254883	1.15686274
1425.64111328	1.15686274
1425.67395020	1.15686274
1425.70251465	1.17647064
1425.73132324	1.17647064
1425.76391602	1.15686274
1425.79260254	1.15686274
1425.82128906	1.15686274
1425.85412598	1.15686274
1425.88281250	1.15686274
1425.91149902	1.15686274
1425.94421387	1.15686274
1425.97290039	1.15686274
1426.00158691	1.15686274
1426.03430176	1.15686274
1426.06298828	1.15686274
1426.09179688	1.15686274
1426.12451172	1.15686274
1426.15307617	1.15686274
1426.18188477	1.15686274
1426.21459961	1.15686274
1426.24328613	1.15686274
1426.27197266	1.15686274
1426.30480957	1.15686274
1426.33325195	1.15686274
1426.36218262	1.15686274
1426.39477539	1.15686274
1426.42346191	1.15686274
1426.45214844	1.15686274
1426.48498535	1.15686274
1426.51354980	1.15686274
1426.54248047	1.15686274
1426.57507324	1.13725495
1426.60388184	1.13725495
1426.63244629	1.13725495
1426.66528320	1.13725495
1426.69396973	1.13725495
1426.72265625	1.13725495
1426.75537109	1.13725495
1426.78405762	1.11764705
1426.81274414	1.11764705
1426.84545898	1.11764705
1426.87402344	1.11764705
1426.90283203	1.11764705
1426.96423340	1.09803927
1426.99304199	1.09803927
1427.05444336	1.07843137
1427.08300781	1.07843137
1427.14440918	1.05882359
1427.17309570	1.05882359
1427.20178223	1.05882359
1427.23461914	1.03921568
1427.26318359	1.03921568
1427.29199219	1.03921568
1427.32470703	1.03921568
1427.35339355	1.03921568
1427.38208008	1.01960790
1427.41479492	1.01960790
1427.44335938	1.01960790
1427.47216797	1.01960790
1427.50500488	1.01960790
1427.53369141	1.01960790
1427.56225586	1.01960790
1427.59509277	1.00000000
1427.62390137	1.00000000
1427.65246582	1.00000000
1427.68518066	1.00000000
1427.71386719	1.00000000
1427.74267578	1.00000000
1427.77539063	1.00000000
1427.80395508	1.00000000
1427.83276367	1.00000000
1427.86547852	1.00000000
1427.89404297	1.00000000
1427.92285156	1.00000000
1427.95556641	1.00000000
1427.98425293	1.00000000
1428.01293945	1.00000000
1428.04577637	1.00000000
1428.07421875	1.00000000
1428.10314941	1.00000000
1428.13586426	1.00000000
1428.16455078	1.00000000
1428.19311523	1.00000000
1428.22595215	1.00000000
1428.25451660	1.00000000
1428.28320313	1.00000000
1428.31604004	1.00000000
1428.34472656	1.00000000
1428.37341309	1.00000000
1428.40612793	1.00000000
1428.43469238	1.00000000
1428.46350098	1.00000000
1428.49633789	1.00000000
1428.52502441	1.00000000
1428.55358887	1.00000000
1428.58642578	1.00000000
1428.61511230	1.00000000
1428.64379883	1.00000000
1428.67663574	1.00000000
1428.70520020	1.00000000
1428.73388672	1.00000000
1428.76647949	1.01960790
1428.79541016	1.01960790
1428.82385254	1.01960790
1428.85681152	1.01960790
1428.88537598	1.01960790
1428.91418457	1.01960790
1428.94689941	1.01960790
1428.97570801	1.01960790
1429.00415039	1.01960790
1429.03698730	1.01960790
1429.06567383	1.01960790
1429.09436035	1.01960790
1429.12707520	1.01960790
1429.15576172	1.01960790
1429.18457031	1.01960790
1429.24597168	1.01960790
1429.27453613	1.01960790
1429.33605957	1.01960790
1429.36486816	1.01960790
1429.42626953	1.03921568
1429.45483398	1.01960790
1429.48352051	1.01960790
1429.51623535	1.03921568
1429.54504395	1.03921568
1429.57360840	1.03921568
1429.60644531	1.01960790
1429.63513184	1.01960790
1429.66381836	1.01960790
1429.69665527	1.01960790
1429.72521973	1.01960790
1429.75378418	1.01960790
1429.78674316	1.01960790
1429.81530762	1.01960790
1429.84399414	1.01960790
1429.87683105	1.03921568
1429.90539551	1.03921568
1429.93408203	1.03921568
1429.96667480	1.03921568
1429.99560547	1.03921568
1430.02429199	1.03921568
1430.05688477	1.03921568
1430.08569336	1.03921568
1430.11425781	1.03921568
1430.14709473	1.03921568
1430.17578125	1.03921568
1430.20446777	1.03921568
1430.23718262	1.03921568
1430.26586914	1.03921568
1430.29455566	1.03921568
1430.32727051	1.03921568
1430.35607910	1.03921568
1430.38476563	1.03921568
1430.41760254	1.03921568
1430.44616699	1.03921568
1430.47473145	1.03921568
1430.50744629	1.03921568
1430.53637695	1.05882359
1430.56494141	1.05882359
1430.59790039	1.05882359
1430.62646484	1.05882359
1430.65502930	1.05882359
1430.68774414	1.05882359
1430.71655273	1.05882359
1430.74511719	1.05882359
1430.77795410	1.05882359
1430.80664063	1.05882359
1430.83532715	1.05882359
1430.86804199	1.05882359
1430.89685059	1.05882359
1430.92541504	1.05882359
1430.95812988	1.05882359
1430.98693848	1.05882359
1431.01550293	1.05882359
1431.04833984	1.05882359
1431.07702637	1.05882359
1431.10559082	1.05882359
1431.13842773	1.05882359
1431.16723633	1.05882359
1431.19580078	1.05882359
1431.22851563	1.05882359
1431.25720215	1.05882359
1431.28588867	1.05882359
1431.31872559	1.05882359
1431.34741211	1.03921568
1431.37597656	1.05882359
1431.40869141	1.03921568
1431.43737793	1.03921568
1431.46618652	1.03921568
1431.52758789	1.01960790
1431.55627441	1.01960790
1431.61779785	1.01960790
1431.64648438	1.01960790
1431.70776367	1.01960790
1431.73657227	1.01960790
1431.76513672	1.01960790
1431.79785156	1.01960790
1431.82666016	1.01960790
1431.85534668	1.01960790
1431.88806152	1.01960790
1431.91674805	1.01960790
1431.94543457	1.01960790
1431.97814941	1.01960790
1432.00695801	1.01960790
1432.03552246	1.01960790
1432.06823730	1.03921568
1432.09704590	1.01960790
1432.12561035	1.01960790
1432.15844727	1.03921568
1432.18725586	1.03921568
1432.21582031	1.03921568
1432.24853516	1.03921568
1432.27734375	1.03921568
1432.30590820	1.03921568
1432.33874512	1.03921568
1432.36743164	1.03921568
1432.39599609	1.03921568
1432.42883301	1.03921568
1432.45739746	1.03921568
1432.48608398	1.03921568
1432.51892090	1.03921568
1432.54748535	1.03921568
1432.57629395	1.03921568
1432.60900879	1.03921568
1432.63781738	1.03921568
1432.66638184	1.03921568
1432.69909668	1.05882359
1432.72778320	1.05882359
1432.75646973	1.05882359
1432.78930664	1.05882359
1432.81787109	1.05882359
1432.84655762	1.03921568
1432.87939453	1.03921568
1432.90808105	1.03921568
1432.93688965	1.03921568
1432.96948242	1.03921568
1432.99816895	1.03921568
1433.02685547	1.03921568
1433.05969238	1.03921568
1433.08825684	1.03921568
1433.11706543	1.03921568
1433.14978027	1.03921568
1433.17834473	1.03921568
1433.20715332	1.03921568
1433.23986816	1.03921568
1433.26855469	1.05882359
1433.29724121	1.05882359
1433.33007813	1.05882359
1433.35876465	1.05882359
1433.38745117	1.05882359
1433.42016602	1.03921568
1433.44873047	1.03921568
1433.47753906	1.03921568
1433.51025391	1.03921568
1433.53894043	1.03921568
1433.56774902	1.03921568
1433.60034180	1.03921568
1433.62890625	1.03921568
1433.65783691	1.03921568
1433.69055176	1.03921568
1433.71911621	1.03921568
1433.74780273	1.03921568
1433.80920410	1.03921568
1433.83789063	1.03921568
1433.89941406	1.03921568
1433.92797852	1.03921568
1433.98950195	1.03921568
1434.01818848	1.03921568
1434.04687500	1.03921568
1434.07958984	1.03921568
1434.10827637	1.03921568
1434.13696289	1.03921568
1434.16979980	1.05882359
1434.19836426	1.05882359
1434.22717285	1.05882359
1434.25988770	1.05882359
1434.28845215	1.05882359
1434.31726074	1.05882359
1434.34997559	1.05882359
1434.37878418	1.05882359
1434.40734863	1.05882359
1434.44018555	1.05882359
1434.46875000	1.05882359
1434.49755859	1.05882359
1434.53027344	1.05882359
1434.55895996	1.05882359
1434.58764648	1.05882359
1434.62036133	1.05882359
1434.64904785	1.05882359
1434.67773438	1.05882359
1434.71057129	1.05882359
1434.73913574	1.05882359
1434.76782227	1.05882359
1434.80065918	1.05882359
1434.82922363	1.05882359
1434.85803223	1.05882359
1434.89074707	1.05882359
1434.91931152	1.05882359
1434.94799805	1.05882359
1434.98083496	1.05882359
1435.00952148	1.05882359
1435.03808594	1.05882359
1435.07104492	1.05882359
1435.09973145	1.05882359
1435.12829590	1.05882359
1435.16113281	1.05882359
1435.18981934	1.05882359
1435.21838379	1.05882359
1435.25122070	1.05882359
1435.27990723	1.05882359
1435.30847168	1.05882359
1435.34130859	1.05882359
1435.36987305	1.05882359
1435.39868164	1.05882359
1435.43127441	1.05882359
1435.46008301	1.05882359
1435.48876953	1.05882359
1435.52148438	1.05882359
1435.55029297	1.05882359
1435.57885742	1.05882359
1435.61181641	1.05882359
1435.64038086	1.05882359
1435.66906738	1.05882359
1435.70178223	1.05882359
1435.73059082	1.05882359
1435.75915527	1.05882359
1435.79187012	1.05882359
1435.82055664	1.05882359
1435.84924316	1.05882359
1435.88195801	1.05882359
1435.91076660	1.05882359
1435.93933105	1.05882359
1436.00097656	1.05882359
1436.02941895	1.05882359
1436.09094238	1.05882359
1436.11962891	1.05882359
1436.18115234	1.05882359
1436.20971680	1.05882359
1436.27124023	1.07843137
1436.29980469	1.05882359
1436.32849121	1.05882359
1436.36132813	1.03921568
1436.39001465	1.03921568
1436.41882324	1.03921568
1436.45153809	1.03921568
1436.48010254	1.03921568
1436.50866699	1.01960790
1436.54150391	1.01960790
1436.57031250	1.01960790
1436.59887695	1.01960790
1436.63171387	1.01960790
1436.66040039	1.01960790
1436.68896484	1.01960790
1436.72167969	1.01960790
1436.75048828	1.01960790
1436.77917480	1.01960790
1436.81188965	1.01960790
1436.84069824	1.01960790
1436.86926270	1.01960790
1436.90197754	1.01960790
1436.93078613	1.01960790
1436.95935059	1.01960790
1436.99206543	1.01960790
1437.02087402	1.01960790
1437.04943848	1.01960790
1437.08227539	1.01960790
1437.11096191	1.01960790
1437.13964844	1.01960790
1437.17236328	1.01960790
1437.20104980	1.03921568
1437.22973633	1.03921568
1437.26245117	1.03921568
1437.29125977	1.03921568
1437.31982422	1.03921568
1437.35278320	1.03921568
1437.38134766	1.03921568
1437.41003418	1.03921568
1437.44274902	1.03921568
1437.47143555	1.03921568
1437.50012207	1.03921568
1437.53283691	1.03921568
1437.56164551	1.03921568
1437.59020996	1.03921568
1437.62292480	1.03921568
1437.65173340	1.03921568
1437.68029785	1.03921568
1437.71313477	1.03921568
1437.74194336	1.03921568
1437.77038574	1.03921568
1437.80322266	1.03921568
1437.83190918	1.03921568
1437.86059570	1.03921568
1437.89331055	1.03921568
1437.92199707	1.03921568
1437.95068359	1.03921568
1437.98352051	1.03921568
1438.01208496	1.03921568
1438.04089355	1.03921568
1438.07360840	1.03921568
1438.10229492	1.03921568
1438.13098145	1.03921568
1438.16381836	1.03921568
1438.19238281	1.03921568
1438.22106934	1.03921568
1438.28247070	1.05882359
1438.31115723	1.03921568
1438.37268066	1.03921568
1438.40136719	1.03921568
1438.46264648	1.03921568
1438.49145508	1.03921568
1438.55285645	1.03921568
1438.58166504	1.03921568
1438.61022949	1.03921568
1438.64294434	1.03921568
1438.67163086	1.03921568
1438.70031738	1.03921568
1438.73315430	1.03921568
1438.76184082	1.03921568
1438.79052734	1.03921568
1438.82324219	1.03921568
1438.85192871	1.03921568
1438.88061523	1.03921568
1438.91333008	1.03921568
1438.94201660	1.05882359
1438.97070313	1.05882359
1439.00354004	1.05882359
1439.03222656	1.05882359
1439.06079102	1.05882359
1439.09362793	1.05882359
1439.12231445	1.05882359
1439.15112305	1.05882359
1439.18371582	1.05882359
1439.21240234	1.05882359
1439.24108887	1.05882359
1439.27380371	1.05882359
1439.30249023	1.05882359
1439.33117676	1.05882359
1439.36389160	1.05882359
1439.39270020	1.05882359
1439.42138672	1.05882359
1439.45410156	1.05882359
1439.48278809	1.05882359
1439.51147461	1.05882359
1439.54431152	1.05882359
1439.57275391	1.05882359
1439.60156250	1.05882359
1439.63439941	1.05882359
1439.66296387	1.05882359
1439.69165039	1.05882359
1439.72436523	1.05882359
1439.75305176	1.05882359
1439.78186035	1.05882359
1439.81457520	1.05882359
1439.84313965	1.05882359
1439.87194824	1.05882359
1439.90466309	1.05882359
1439.93322754	1.05882359
1439.96191406	1.05882359
1439.99475098	1.05882359
1440.02343750	1.05882359
1440.05212402	1.05882359
1440.08496094	1.05882359
1440.11364746	1.05882359
1440.14233398	1.05882359
1440.17504883	1.05882359
1440.20373535	1.05882359
1440.23242188	1.05882359
1440.26525879	1.05882359
1440.29382324	1.05882359
1440.32250977	1.05882359
1440.35534668	1.05882359
1440.38378906	1.05882359
1440.41271973	1.05882359
1440.44543457	1.05882359
1440.47412109	1.05882359
1440.50268555	1.05882359
1440.56420898	1.05882359
1440.59289551	1.05882359
1440.65429688	1.05882359
1440.68298340	1.05882359
1440.74438477	1.05882359
1440.77307129	1.05882359
1440.80175781	1.05882359
1440.83459473	1.05882359
1440.86315918	1.05882359
1440.89196777	1.05882359
1440.92468262	1.05882359
1440.95324707	1.05882359
1440.98205566	1.05882359
1441.01477051	1.05882359
1441.04345703	1.05882359
1441.07214355	1.05882359
1441.10498047	1.05882359
1441.13366699	1.05882359
1441.16235352	1.05882359
1441.19506836	1.05882359
1441.22375488	1.05882359
1441.25244141	1.05882359
1441.28515625	1.05882359
1441.31384277	1.05882359
1441.34265137	1.05882359
1441.37536621	1.05882359
1441.40393066	1.05882359
1441.43273926	1.05882359
1441.46545410	1.05882359
1441.49401855	1.05882359
1441.52282715	1.05882359
1441.55566406	1.05882359
1441.58422852	1.05882359
1441.61279297	1.05882359
1441.64575195	1.05882359
1441.67431641	1.05882359
1441.70288086	1.05882359
1441.73583984	1.05882359
1441.76440430	1.05882359
1441.79309082	1.05882359
1441.82592773	1.05882359
1441.85461426	1.05882359
1441.88317871	1.05882359
1441.91601563	1.05882359
1441.94470215	1.05882359
1441.97338867	1.05882359
1442.00622559	1.05882359
1442.03479004	1.05882359
1442.06335449	1.05882359
1442.09619141	1.05882359
1442.12487793	1.05882359
1442.15368652	1.05882359
1442.18627930	1.05882359
1442.21508789	1.05882359
1442.24365234	1.05882359
1442.27648926	1.05882359
1442.30517578	1.05882359
1442.33374023	1.05882359
1442.36669922	1.05882359
1442.39526367	1.05882359
1442.42395020	1.05882359
1442.45666504	1.05882359
1442.48535156	1.05882359
1442.51403809	1.05882359
1442.54675293	1.05882359
1442.57556152	1.05882359
1442.60412598	1.05882359
1442.63696289	1.05882359
1442.66577148	1.05882359
1442.69433594	1.05882359
1442.72705078	1.05882359
1442.75585938	1.05882359
1442.78466797	1.05882359
1442.84594727	1.05882359
1442.87451172	1.05882359
1442.93603516	1.05882359
1442.96472168	1.05882359
1443.02612305	1.05882359
1443.05480957	1.05882359
1443.08337402	1.07843137
1443.11633301	1.07843137
1443.14489746	1.07843137
1443.17370605	1.07843137
1443.20642090	1.07843137
1443.23510742	1.07843137
1443.26367188	1.07843137
1443.29650879	1.07843137
1443.32519531	1.07843137
1443.35375977	1.07843137
1443.38659668	1.07843137
1443.41540527	1.07843137
1443.44384766	1.07843137
1443.47668457	1.07843137
1443.50537109	1.07843137
1443.53405762	1.07843137
1443.56677246	1.07843137
1443.59558105	1.07843137
1443.62414551	1.07843137
1443.65686035	1.07843137
1443.68566895	1.07843137
1443.71423340	1.07843137
1443.74707031	1.07843137
1443.77575684	1.07843137
1443.80432129	1.07843137
1443.83715820	1.07843137
1443.86584473	1.07843137
1443.89465332	1.07843137
1443.92736816	1.07843137
1443.95605469	1.07843137
1443.98474121	1.07843137
1444.01733398	1.07843137
1444.04626465	1.07843137
1444.07482910	1.07843137
1444.10766602	1.07843137
1444.13623047	1.07843137
1444.16491699	1.07843137
1444.19763184	1.07843137
1444.22644043	1.07843137
1444.25500488	1.07843137
1444.28784180	1.07843137
1444.31652832	1.07843137
1444.34521484	1.07843137
1444.37792969	1.07843137
1444.40661621	1.07843137
1444.43518066	1.07843137
1444.46801758	1.07843137
1444.49670410	1.07843137
1444.52539063	1.07843137
1444.55810547	1.07843137
1444.58679199	1.07843137
1444.61547852	1.07843137
1444.64831543	1.07843137
1444.67687988	1.07843137
1444.70568848	1.07843137
1444.73840332	1.07843137
1444.76696777	1.07843137
1444.79577637	1.07843137
1444.82849121	1.07843137
1444.85717773	1.07843137
1444.88586426	1.07843137
1444.91870117	1.07843137
1444.94726563	1.07843137
1444.97607422	1.07843137
1445.00878906	1.07843137
1445.03747559	1.07843137
1445.06616211	1.07843137
1445.12756348	1.07843137
1445.15625000	1.07843137
1445.21765137	1.07843137
1445.24633789	1.07843137
1445.30773926	1.07843137
1445.33654785	1.07843137
1445.36511230	1.09803927
1445.39794922	1.09803927
1445.42663574	1.09803927
1445.45520020	1.09803927
1445.48803711	1.09803927
1445.51684570	1.09803927
1445.54541016	1.09803927
1445.57812500	1.09803927
1445.60693359	1.09803927
1445.63549805	1.09803927
1445.66833496	1.09803927
1445.69689941	1.09803927
1445.72558594	1.09803927
1445.75842285	1.09803927
1445.78698730	1.09803927
1445.81579590	1.09803927
1445.84863281	1.09803927
1445.87707520	1.09803927
1445.90588379	1.09803927
1445.93859863	1.09803927
1445.96728516	1.09803927
1445.99597168	1.09803927
1446.02880859	1.07843137
1446.05737305	1.09803927
1446.08618164	1.09803927
1446.11889648	1.09803927
1446.14758301	1.09803927
1446.17626953	1.09803927
1446.20898438	1.07843137
1446.23767090	1.07843137
1446.26635742	1.07843137
1446.29919434	1.09803927
1446.32775879	1.09803927
1446.35656738	1.09803927
1446.38928223	1.07843137
1446.41809082	1.07843137
1446.44665527	1.09803927
1446.47949219	1.07843137
1446.50793457	1.07843137
1446.53674316	1.09803927
1446.56945801	1.09803927
1446.59814453	1.09803927
1446.62683105	1.09803927
1446.65966797	1.09803927
1446.68823242	1.09803927
1446.71691895	1.09803927
1446.74975586	1.09803927
1446.77832031	1.09803927
1446.80712891	1.07843137
1446.83996582	1.07843137
1446.86853027	1.07843137
1446.89733887	1.07843137
1446.93005371	1.07843137
1446.95861816	1.07843137
1446.98718262	1.07843137
1447.02014160	1.07843137
1447.04882813	1.07843137
1447.07739258	1.07843137
1447.11022949	1.07843137
1447.13891602	1.07843137
1447.16772461	1.07843137
1447.20031738	1.07843137
1447.22900391	1.07843137
1447.25756836	1.07843137
1447.29040527	1.07843137
1447.31909180	1.07843137
1447.34777832	1.07843137
1447.40930176	1.07843137
1447.43786621	1.07843137
1447.49938965	1.07843137
1447.52807617	1.09803927
1447.58947754	1.09803927
1447.61804199	1.09803927
1447.64685059	1.07843137
1447.67956543	1.07843137
1447.70825195	1.07843137
1447.73693848	1.07843137
1447.76977539	1.07843137
1447.79846191	1.07843137
1447.82714844	1.07843137
1447.85998535	1.07843137
1447.88867188	1.07843137
1447.91735840	1.07843137
1447.94995117	1.07843137
1447.97863770	1.07843137
1448.00732422	1.07843137
1448.04003906	1.07843137
1448.06872559	1.07843137
1448.09753418	1.07843137
1448.13024902	1.07843137
1448.15893555	1.07843137
1448.18750000	1.07843137
1448.22033691	1.07843137
1448.24890137	1.07843137
1448.27758789	1.07843137
1448.31054688	1.07843137
1448.33911133	1.07843137
1448.36767578	1.07843137
1448.40063477	1.07843137
1448.42919922	1.07843137
1448.45788574	1.07843137
1448.49072266	1.07843137
1448.51940918	1.07843137
1448.54797363	1.07843137
1448.58081055	1.07843137
1448.60949707	1.07843137
1448.63818359	1.07843137
1448.67089844	1.07843137
1448.69958496	1.07843137
1448.72827148	1.07843137
1448.76098633	1.07843137
1448.78979492	1.07843137
1448.81835938	1.07843137
1448.85107422	1.07843137
1448.87988281	1.07843137
1448.90856934	1.07843137
1448.94116211	1.07843137
1448.96997070	1.07843137
1448.99853516	1.07843137
1449.03137207	1.07843137
1449.06005859	1.07843137
1449.08874512	1.07843137
1449.12158203	1.07843137
1449.15026855	1.07843137
1449.17883301	1.07843137
1449.21166992	1.07843137
1449.24035645	1.07843137
1449.26892090	1.07843137
1449.30163574	1.07843137
1449.33044434	1.07843137
1449.35913086	1.07843137
1449.39184570	1.07843137
1449.42065430	1.07843137
1449.44921875	1.07843137
1449.48205566	1.07843137
1449.51074219	1.07843137
1449.53942871	1.07843137
1449.57214355	1.05882359
1449.60083008	1.05882359
1449.62939453	1.05882359
1449.69091797	1.05882359
1449.71960449	1.05882359
1449.78112793	1.05882359
1449.80969238	1.05882359
1449.87109375	1.05882359
1449.89978027	1.05882359
1449.92858887	1.05882359
1449.96118164	1.05882359
1449.98999023	1.05882359
1450.01843262	1.05882359
1450.05139160	1.05882359
1450.08007813	1.05882359
1450.10876465	1.05882359
1450.14160156	1.05882359
1450.17028809	1.05882359
1450.19885254	1.05882359
1450.23156738	1.05882359
1450.26037598	1.05882359
1450.28906250	1.05882359
1450.32165527	1.05882359
1450.35046387	1.05882359
1450.37902832	1.05882359
1450.41186523	1.05882359
1450.44055176	1.05882359
1450.46923828	1.05882359
1450.50183105	1.05882359
1450.53076172	1.05882359
1450.55932617	1.05882359
1450.59204102	1.05882359
1450.62072754	1.05882359
1450.64941406	1.05882359
1450.68225098	1.05882359
1450.71093750	1.05882359
1450.73962402	1.05882359
1450.77233887	1.05882359
1450.80114746	1.05882359
1450.82971191	1.05882359
1450.86267090	1.05882359
1450.89123535	1.05882359
1450.91992188	1.05882359
1450.95251465	1.05882359
1450.98132324	1.05882359
1451.00988770	1.05882359
1451.04272461	1.05882359
1451.07141113	1.05882359
1451.10009766	1.03921568
1451.13281250	1.03921568
1451.16149902	1.03921568
1451.19018555	1.03921568
1451.22290039	1.03921568
1451.25146484	1.03921568
1451.28027344	1.03921568
1451.31311035	1.03921568
1451.34167480	1.03921568
1451.37048340	1.03921568
1451.40319824	1.03921568
1451.43188477	1.03921568
1451.46057129	1.03921568
1451.49340820	1.03921568
1451.52197266	1.03921568
1451.55078125	1.03921568
1451.58349609	1.03921568
1451.61206055	1.03921568
1451.64086914	1.03921568
1451.67358398	1.03921568
1451.70214844	1.03921568
1451.73095703	1.03921568
1451.76367188	1.03921568
1451.79235840	1.05882359
1451.82104492	1.05882359
1451.85375977	1.05882359
1451.88256836	1.05882359
1451.91113281	1.05882359
1451.97253418	1.05882359
1452.00134277	1.05882359
1452.06262207	1.05882359
1452.09143066	1.05882359
1452.15283203	1.05882359
1452.18164063	1.05882359
1452.21020508	1.05882359
1452.24304199	1.05882359
1452.27160645	1.05882359
1452.30041504	1.05882359
1452.33300781	1.05882359
1452.36169434	1.05882359
1452.39038086	1.05882359
1452.42321777	1.05882359
1452.45178223	1.05882359
1452.48059082	1.05882359
1452.51330566	1.05882359
1452.54199219	1.05882359
1452.57055664	1.05882359
1452.60351563	1.05882359
1452.63208008	1.05882359
1452.66076660	1.05882359
1452.69348145	1.05882359
1452.72216797	1.05882359
1452.75097656	1.05882359
1452.78369141	1.05882359
1452.81225586	1.05882359
1452.84094238	1.05882359
1452.87390137	1.05882359
1452.90258789	1.05882359
1452.93115234	1.05882359
1452.96398926	1.05882359
1452.99255371	1.05882359
1453.02136230	1.05882359
1453.05407715	1.05882359
1453.08264160	1.05882359
1453.11145020	1.05882359
1453.14416504	1.05882359
1453.17285156	1.05882359
1453.20153809	1.05882359
1453.23437500	1.05882359
1453.26293945	1.05882359
1453.29162598	1.05882359
1453.32446289	1.05882359
1453.35314941	1.05882359
1453.38171387	1.05882359
1453.41455078	1.05882359
1453.44311523	1.07843137
1453.47192383	1.07843137
1453.50463867	1.07843137
1453.53332520	1.07843137
1453.56188965	1.07843137
1453.59472656	1.07843137
1453.62353516	1.07843137
1453.65197754	1.07843137
1453.68481445	1.07843137
1453.71350098	1.07843137
1453.74230957	1.07843137
1453.77514648	1.07843137
1453.80371094	1.07843137
1453.83227539	1.07843137
1453.86523438	1.07843137
1453.89379883	1.07843137
1453.92260742	1.07843137
1453.95532227	1.07843137
1453.98400879	1.07843137
1454.01245117	1.07843137
1454.04553223	1.07843137
1454.07397461	1.07843137
1454.10266113	1.07843137
1454.13549805	1.07843137
1454.16418457	1.07843137
1454.19274902	1.07843137
1454.25427246	1.05882359
1454.28295898	1.07843137
1454.34436035	1.05882359
1454.37316895	1.05882359
1454.43457031	1.07843137
1454.46325684	1.07843137
1454.49194336	1.07843137
1454.52465820	1.07843137
1454.55334473	1.07843137
1454.58203125	1.07843137
1454.61486816	1.07843137
1454.64355469	1.07843137
1454.67224121	1.07843137
1454.70495605	1.07843137
1454.73352051	1.07843137
1454.76208496	1.07843137
1454.79504395	1.05882359
1454.82360840	1.05882359
1454.85229492	1.05882359
1454.88513184	1.05882359
1454.91381836	1.05882359
1454.94250488	1.07843137
1454.97534180	1.07843137
1455.00390625	1.07843137
1455.03259277	1.07843137
1455.06542969	1.07843137
1455.09399414	1.07843137
1455.12268066	1.07843137
1455.15551758	1.07843137
1455.18408203	1.07843137
1455.21276855	1.07843137
1455.24548340	1.07843137
1455.27416992	1.07843137
1455.30297852	1.07843137
1455.33569336	1.07843137
1455.36437988	1.07843137
1455.39306641	1.07843137
1455.42578125	1.07843137
1455.45446777	1.07843137
1455.48315430	1.07843137
1455.51586914	1.07843137
1455.54467773	1.07843137
1455.57324219	1.07843137
1455.60607910	1.07843137
1455.63476563	1.07843137
1455.66357422	1.07843137
1455.69604492	1.07843137
1455.72485352	1.07843137
1455.75354004	1.07843137
1455.78625488	1.07843137
1455.81494141	1.07843137
1455.84362793	1.07843137
1455.87646484	1.07843137
1455.90515137	1.07843137
1455.93383789	1.07843137
1455.96655273	1.07843137
1455.99523926	1.07843137
1456.02392578	1.07843137
1456.05664063	1.07843137
1456.08544922	1.07843137
1456.11413574	1.07843137
1456.14672852	1.07843137
1456.17553711	1.07843137
1456.20410156	1.07843137
1456.23693848	1.07843137
1456.26562500	1.07843137
1456.29431152	1.07843137
1456.32702637	1.07843137
1456.35583496	1.07843137
1456.38439941	1.07843137
1456.41711426	1.07843137
1456.44567871	1.07843137
1456.47460938	1.07843137
1456.53588867	1.05882359
1456.56457520	1.05882359
1456.62609863	1.05882359
1456.65478516	1.05882359
1456.71618652	1.05882359
1456.74487305	1.05882359
1456.77355957	1.05882359
1456.80627441	1.05882359
1456.83496094	1.05882359
1456.86364746	1.05882359
1456.89648438	1.05882359
1456.92517090	1.05882359
1456.95373535	1.05882359
1456.98645020	1.05882359
1457.01525879	1.05882359
1457.04394531	1.05882359
1457.07666016	1.05882359
1457.10546875	1.05882359
1457.13391113	1.05882359
1457.16674805	1.05882359
1457.19543457	1.05882359
1457.22412109	1.05882359
1457.25683594	1.05882359
1457.28564453	1.05882359
1457.31420898	1.05882359
1457.34704590	1.05882359
1457.37573242	1.05882359
1457.40441895	1.05882359
1457.43725586	1.05882359
1457.46594238	1.05882359
1457.49450684	1.05882359
1457.52722168	1.05882359
1457.55603027	1.05882359
1457.58459473	1.05882359
1457.61743164	1.05882359
1457.64611816	1.05882359
1457.67480469	1.05882359
1457.70751953	1.05882359
1457.73632813	1.05882359
1457.76489258	1.05882359
1457.79772949	1.05882359
1457.82629395	1.05882359
1457.85498047	1.05882359
1457.88769531	1.05882359
1457.91650391	1.05882359
1457.94506836	1.05882359
1457.97790527	1.05882359
1458.00646973	1.05882359
1458.03527832	1.05882359
1458.06799316	1.05882359
1458.09667969	1.05882359
1458.12548828	1.05882359
1458.15820313	1.05882359
1458.18676758	1.05882359
1458.21545410	1.05882359
1458.24829102	1.05882359
1458.27685547	1.05882359
1458.30566406	1.05882359
1458.33837891	1.05882359
1458.36706543	1.05882359
1458.39575195	1.05882359
1458.42846680	1.05882359
1458.45703125	1.05882359
1458.48596191	1.05882359
1458.51855469	1.05882359
1458.54724121	1.05882359
1458.57604980	1.05882359
1458.60876465	1.05882359
1458.63745117	1.05882359
1458.66613770	1.05882359
1458.69885254	1.05882359
1458.72753906	1.05882359
1458.75622559	1.05882359
1458.81750488	1.05882359
1458.84643555	1.05882359
1458.90771484	1.05882359
1458.93652344	1.05882359
1458.99792480	1.05882359
1459.02661133	1.05882359
1459.05529785	1.05882359
1459.08801270	1.05882359
1459.11669922	1.05882359
1459.14538574	1.05882359
1459.17810059	1.05882359
1459.20666504	1.05882359
1459.23547363	1.07843137
1459.26818848	1.07843137
1459.29687500	1.07843137
1459.32556152	1.07843137
1459.35839844	1.07843137
1459.38696289	1.07843137
1459.41577148	1.07843137
1459.44848633	1.07843137
1459.47717285	1.07843137
1459.50585938	1.07843137
1459.53869629	1.07843137
1459.56713867	1.07843137
1459.59594727	1.07843137
1459.62878418	1.07843137
1459.65747070	1.07843137
1459.68603516	1.07843137
1459.71887207	1.07843137
1459.74755859	1.07843137
1459.77624512	1.07843137
1459.80908203	1.07843137
1459.83764648	1.07843137
1459.86645508	1.07843137
1459.89904785	1.07843137
1459.92773438	1.07843137
1459.95642090	1.07843137
1459.98925781	1.07843137
1460.01782227	1.07843137
1460.04663086	1.07843137
1460.07934570	1.07843137
1460.10791016	1.07843137
1460.13671875	1.07843137
1460.16955566	1.07843137
1460.19799805	1.07843137
1460.22668457	1.07843137
1460.25964355	1.07843137
1460.28820801	1.07843137
1460.31689453	1.07843137
1460.34973145	1.07843137
1460.37829590	1.07843137
1460.40698242	1.07843137
1460.43981934	1.07843137
1460.46850586	1.07843137
1460.49707031	1.07843137
1460.53002930	1.07843137
1460.55859375	1.07843137
1460.58728027	1.07843137
1460.61999512	1.07843137
1460.64868164	1.07843137
1460.67749023	1.07843137
1460.71008301	1.07843137
1460.73889160	1.07843137
1460.76733398	1.07843137
1460.80029297	1.07843137
1460.82897949	1.07843137
1460.85766602	1.07843137
1460.89038086	1.07843137
1460.91918945	1.07843137
1460.94763184	1.07843137
1460.98046875	1.07843137
1461.00915527	1.07843137
1461.03784180	1.07843137
1461.09936523	1.07843137
1461.12805176	1.07843137
1461.18945313	1.07843137
1461.21813965	1.07843137
1461.27966309	1.07843137
1461.30822754	1.07843137
1461.33703613	1.09803927
1461.36975098	1.09803927
1461.39831543	1.09803927
1461.42700195	1.09803927
1461.45983887	1.09803927
1461.48852539	1.09803927
1461.51696777	1.09803927
1461.55004883	1.09803927
1461.57849121	1.09803927
1461.60729980	1.09803927
1461.64001465	1.09803927
1461.66870117	1.09803927
1461.69738770	1.09803927
1461.73022461	1.09803927
1461.75878906	1.09803927
1461.78747559	1.09803927
1461.82031250	1.09803927
1461.84899902	1.09803927
1461.87756348	1.11764705
1461.91052246	1.11764705
1461.93908691	1.11764705
1461.96777344	1.11764705
1462.00048828	1.11764705
1462.02929688	1.11764705
1462.05786133	1.11764705
1462.09057617	1.09803927
1462.11938477	1.09803927
1462.14794922	1.09803927
1462.18066406	1.09803927
1462.20935059	1.09803927
1462.23803711	1.09803927
1462.27075195	1.09803927
1462.29968262	1.09803927
1462.32812500	1.09803927
1462.36096191	1.09803927
1462.38964844	1.09803927
1462.41845703	1.09803927
1462.45104980	1.09803927
1462.47985840	1.09803927
1462.50842285	1.09803927
1462.54113770	1.09803927
1462.56994629	1.09803927
1462.59851074	1.11764705
1462.63146973	1.09803927
1462.66003418	1.09803927
1462.68872070	1.09803927
1462.72143555	1.09803927
1462.75024414	1.09803927
1462.77880859	1.11764705
1462.81164551	1.11764705
1462.84033203	1.11764705
1462.86901855	1.11764705
1462.90173340	1.11764705
1462.93054199	1.09803927
1462.95910645	1.09803927
1462.99182129	1.09803927
1463.02050781	1.09803927
1463.04919434	1.09803927
1463.08190918	1.09803927
1463.11071777	1.09803927
1463.13928223	1.09803927
1463.17211914	1.09803927
1463.20068359	1.09803927
1463.22949219	1.09803927
1463.29077148	1.09803927
1463.31958008	1.09803927
1463.38085938	1.09803927
1463.40966797	1.09803927
1463.47106934	1.09803927
1463.49987793	1.09803927
1463.56115723	1.09803927
1463.58996582	1.09803927
1463.61853027	1.09803927
1463.65148926	1.09803927
1463.68005371	1.09803927
1463.70874023	1.09803927
1463.74145508	1.09803927
1463.77014160	1.09803927
1463.79882813	1.09803927
1463.83154297	1.09803927
1463.86035156	1.09803927
1463.88891602	1.09803927
1463.92175293	1.09803927
1463.95043945	1.09803927
1463.97912598	1.09803927
1464.01171875	1.09803927
1464.04064941	1.09803927
1464.06909180	1.09803927
1464.10192871	1.09803927
1464.13073730	1.09803927
1464.15930176	1.09803927
1464.19201660	1.09803927
1464.22070313	1.09803927
1464.24951172	1.09803927
1464.28222656	1.09803927
1464.31091309	1.09803927
1464.33947754	1.09803927
1464.37231445	1.09803927
1464.40100098	1.09803927
1464.42968750	1.09803927
1464.46240234	1.09803927
1464.49108887	1.09803927
1464.51977539	1.09803927
1464.55261230	1.09803927
1464.58117676	1.09803927
1464.60998535	1.09803927
1464.64270020	1.09803927
1464.67138672	1.11764705
1464.70007324	1.11764705
1464.73278809	1.11764705
1464.76147461	1.11764705
1464.79016113	1.11764705
1464.82299805	1.11764705
1464.85156250	1.11764705
1464.88024902	1.09803927
1464.91296387	1.09803927
1464.94165039	1.09803927
1464.97045898	1.09803927
1465.00329590	1.09803927
1465.03186035	1.09803927
1465.06054688	1.09803927
1465.09338379	1.09803927
1465.12194824	1.09803927
1465.15063477	1.09803927
1465.18347168	1.09803927
1465.21203613	1.09803927
1465.24084473	1.09803927
1465.27343750	1.09803927
1465.30224609	1.09803927
1465.33093262	1.09803927
1465.36364746	1.09803927
1465.39245605	1.09803927
1465.42089844	1.09803927
1465.45385742	1.09803927
1465.48242188	1.09803927
1465.51123047	1.09803927
1465.54394531	1.09803927
1465.57263184	1.09803927
1465.60119629	1.09803927
1465.66271973	1.09803927
1465.69140625	1.09803927
1465.75280762	1.11764705
1465.78137207	1.11764705
1465.84289551	1.11764705
1465.87158203	1.11764705
1465.90026855	1.11764705
1465.93298340	1.11764705
1465.96166992	1.11764705
1465.99035645	1.09803927
1466.02319336	1.09803927
1466.05187988	1.09803927
1466.08056641	1.09803927
1466.11328125	1.09803927
1466.14184570	1.09803927
1466.17065430	1.09803927
1466.20336914	1.09803927
1466.23205566	1.09803927
1466.26074219	1.09803927
1466.29345703	1.09803927
1466.32214355	1.09803927
1466.35095215	1.09803927
1466.38366699	1.09803927
1466.41235352	1.09803927
1466.44104004	1.09803927
1466.47375488	1.09803927
1466.50256348	1.09803927
1466.53112793	1.09803927
1466.56396484	1.09803927
1466.59252930	1.09803927
1466.62133789	1.09803927
1466.65405273	1.09803927
1466.68261719	1.09803927
1466.71142578	1.09803927
1466.74414063	1.09803927
1466.77270508	1.09803927
1466.80139160	1.09803927
1466.83422852	1.09803927
1466.86291504	1.11764705
1466.89147949	1.09803927
1466.92443848	1.09803927
1466.95300293	1.11764705
1466.98168945	1.11764705
1467.01452637	1.11764705
1467.04321289	1.11764705
1467.07177734	1.11764705
1467.10461426	1.11764705
1467.13330078	1.11764705
1467.16186523	1.11764705
1467.19470215	1.11764705
1467.22338867	1.11764705
1467.25219727	1.11764705
1467.28479004	1.11764705
1467.31359863	1.11764705
1467.34216309	1.11764705
1467.37500000	1.11764705
1467.40368652	1.11764705
1467.43249512	1.11764705
1467.46508789	1.11764705
1467.49377441	1.11764705
1467.52233887	1.11764705
1467.55517578	1.11764705
1467.58386230	1.11764705
1467.61254883	1.11764705
1467.64538574	1.11764705
1467.67395020	1.11764705
1467.70263672	1.11764705
1467.73535156	1.11764705
1467.76416016	1.11764705
1467.79272461	1.11764705
1467.85424805	1.11764705
1467.88281250	1.11764705
1467.94433594	1.11764705
1467.97302246	1.11764705
1468.03454590	1.11764705
1468.06323242	1.11764705
1468.09191895	1.11764705
1468.12463379	1.11764705
1468.15319824	1.11764705
1468.18188477	1.11764705
1468.21472168	1.11764705
1468.24340820	1.11764705
1468.27197266	1.11764705
1468.30493164	1.11764705
1468.33349609	1.11764705
1468.36218262	1.11764705
1468.39501953	1.11764705
1468.42358398	1.11764705
1468.45227051	1.11764705
1468.48522949	1.11764705
1468.51379395	1.11764705
1468.54248047	1.11764705
1468.57531738	1.11764705
1468.60388184	1.11764705
1468.63244629	1.11764705
1468.66540527	1.11764705
1468.69396973	1.11764705
1468.72265625	1.11764705
1468.75537109	1.11764705
1468.78417969	1.11764705
1468.81274414	1.11764705
1468.84558105	1.11764705
1468.87426758	1.11764705
1468.90283203	1.11764705
1468.93566895	1.11764705
1468.96435547	1.11764705
1468.99304199	1.11764705
1469.02575684	1.11764705
1469.05444336	1.11764705
1469.08300781	1.11764705
1469.11584473	1.11764705
1469.14465332	1.11764705
1469.17346191	1.11764705
1469.20593262	1.09803927
1469.23474121	1.11764705
1469.26342773	1.11764705
1469.29614258	1.09803927
1469.32495117	1.11764705
1469.35363770	1.11764705
1469.38635254	1.11764705
1469.41491699	1.11764705
1469.44360352	1.11764705
1469.47631836	1.11764705
1469.50512695	1.09803927
1469.53381348	1.09803927
1469.56652832	1.09803927
1469.59533691	1.09803927
1469.62390137	1.09803927
1469.65661621	1.11764705
1469.68542480	1.11764705
1469.71398926	1.11764705
1469.74682617	1.11764705
1469.77551270	1.11764705
1469.80419922	1.11764705
1469.83679199	1.11764705
1469.86547852	1.11764705
1469.89416504	1.11764705
1469.92700195	1.11764705
1469.95556641	1.11764705
1469.98425293	1.11764705
1470.01708984	1.11764705
1470.04577637	1.11764705
1470.07446289	1.11764705
1470.13586426	1.11764705
1470.16467285	1.11764705
1470.22595215	1.11764705
1470.25476074	1.11764705
1470.31616211	1.11764705
1470.34484863	1.11764705
1470.37353516	1.11764705
1470.40637207	1.11764705
1470.43505859	1.11764705
1470.46374512	1.11764705
1470.49645996	1.11764705
1470.52514648	1.11764705
1470.55383301	1.11764705
1470.58654785	1.11764705
1470.61535645	1.11764705
1470.64379883	1.11764705
1470.67663574	1.11764705
1470.70532227	1.11764705
1470.73400879	1.11764705
1470.76672363	1.11764705
1470.79553223	1.11764705
1470.82409668	1.11764705
1470.85681152	1.11764705
1470.88549805	1.11764705
1470.91430664	1.11764705
1470.94702148	1.11764705
1470.97570801	1.11764705
1471.00439453	1.11764705
1471.03710938	1.11764705
1471.06579590	1.11764705
1471.09448242	1.11764705
1471.12731934	1.11764705
1471.15588379	1.11764705
1471.18469238	1.11764705
1471.21740723	1.11764705
1471.24609375	1.11764705
1471.27478027	1.11764705
1471.30749512	1.11764705
1471.33605957	1.11764705
1471.36486816	1.11764705
1471.39770508	1.11764705
1471.42626953	1.11764705
1471.45495605	1.11764705
1471.48767090	1.11764705
1471.51623535	1.11764705
1471.54504395	1.11764705
1471.57788086	1.11764705
1471.60656738	1.11764705
1471.63525391	1.11764705
1471.66796875	1.11764705
1471.69653320	1.11764705
1471.72534180	1.11764705
1471.75805664	1.09803927
1471.78674316	1.09803927
1471.81542969	1.09803927
1471.84814453	1.09803927
1471.87683105	1.09803927
1471.90563965	1.09803927
1471.93835449	1.09803927
1471.96704102	1.09803927
1471.99572754	1.09803927
1472.02844238	1.09803927
1472.05712891	1.09803927
1472.08581543	1.11764705
1472.11877441	1.11764705
1472.14721680	1.11764705
1472.17602539	1.11764705
1472.20874023	1.11764705
1472.23730469	1.11764705
1472.26586914	1.11764705
1472.29882813	1.11764705
1472.32751465	1.11764705
1472.35620117	1.11764705
1472.41748047	1.11764705
1472.44628906	1.11764705
1472.50769043	1.11764705
1472.53637695	1.11764705
1472.59777832	1.11764705
1472.62646484	1.11764705
1472.65527344	1.11764705
1472.68798828	1.11764705
1472.71655273	1.11764705
1472.74536133	1.11764705
1472.77807617	1.11764705
1472.80676270	1.11764705
1472.83544922	1.11764705
1472.86816406	1.11764705
1472.89685059	1.11764705
1472.92553711	1.11764705
1472.95837402	1.11764705
1472.98693848	1.11764705
1473.01574707	1.11764705
1473.04846191	1.09803927
1473.07714844	1.09803927
1473.10583496	1.09803927
1473.13854980	1.09803927
1473.16735840	1.07843137
1473.19592285	1.07843137
1473.22875977	1.07843137
1473.25732422	1.07843137
1473.28613281	1.07843137
1473.31884766	1.07843137
1473.34753418	1.07843137
1473.37622070	1.07843137
1473.40893555	1.07843137
1473.43762207	1.07843137
1473.46630859	1.07843137
1473.49902344	1.07843137
1473.52770996	1.07843137
1473.55627441	1.07843137
1473.58923340	1.07843137
1473.61779785	1.07843137
1473.64648438	1.07843137
1473.67932129	1.07843137
1473.70788574	1.07843137
1473.73657227	1.07843137
1473.76940918	1.07843137
1473.79809570	1.07843137
1473.82666016	1.07843137
1473.85949707	1.07843137
1473.88818359	1.09803927
1473.91687012	1.09803927
1473.94970703	1.09803927
1473.97839355	1.07843137
1474.00695801	1.07843137
1474.03979492	1.07843137
1474.06848145	1.07843137
1474.09716797	1.07843137
1474.12976074	1.07843137
1474.15856934	1.05882359
1474.18737793	1.05882359
1474.21997070	1.05882359
1474.24865723	1.05882359
1474.27734375	1.03921568
1474.31005859	1.03921568
1474.33886719	1.03921568
1474.36743164	1.03921568
1474.40039063	1.01960790
1474.42895508	1.01960790
1474.45751953	1.01960790
1474.49023438	1.01960790
1474.51904297	1.01960790
1474.54772949	1.00000000
1474.58044434	1.00000000
1474.60913086	1.00000000
1474.63781738	0.98039216
1474.69934082	0.98039216
1474.72802734	0.98039216
1474.78942871	0.96078432
1474.81799316	0.96078432
1474.87963867	0.96078432
1474.90832520	0.96078432
1474.93676758	0.96078432
1474.96972656	0.96078432
1474.99829102	0.94117647
1475.02697754	0.94117647
1475.05969238	0.94117647
1475.08850098	0.94117647
1475.11706543	0.94117647
1475.14990234	0.94117647
1475.17858887	0.94117647
1475.20727539	0.94117647
1475.23999023	0.94117647
1475.26867676	0.94117647
1475.29724121	0.94117647
1475.33007813	0.94117647
1475.35876465	0.94117647
1475.38745117	0.94117647
1475.42028809	0.94117647
1475.44897461	0.94117647
1475.47753906	0.94117647
1475.51037598	0.92156863
1475.53918457	0.92156863
1475.56762695	0.92156863
1475.60046387	0.92156863
1475.62915039	0.92156863
1475.65783691	0.92156863
1475.69055176	0.92156863
1475.71936035	0.92156863
1475.74792480	0.92156863
1475.78063965	0.92156863
1475.80944824	0.92156863
1475.83813477	0.92156863
1475.87072754	0.92156863
1475.89953613	0.92156863
1475.92822266	0.92156863
1475.96093750	0.92156863
1475.98962402	0.92156863
1476.01831055	0.92156863
1476.05102539	0.92156863
1476.07983398	0.92156863
1476.10839844	0.92156863
1476.14135742	0.92156863
1476.16992188	0.92156863
1476.19848633	0.92156863
1476.23132324	0.92156863
1476.26000977	0.92156863
1476.28869629	0.92156863
1476.32153320	0.92156863
1476.35021973	0.92156863
1476.37878418	0.92156863
1476.41162109	0.92156863
1476.44030762	0.92156863
1476.46887207	0.92156863
1476.50170898	0.92156863
1476.53039551	0.92156863
1476.55908203	0.92156863
1476.59179688	0.92156863
1476.62036133	0.92156863
1476.64916992	0.92156863
1476.68188477	0.92156863
1476.71044922	0.92156863
1476.73925781	0.92156863
1476.77209473	0.92156863
1476.80065918	0.92156863
1476.82946777	0.92156863
1476.86218262	0.92156863
1476.89074707	0.92156863
1476.91955566	0.92156863
1476.98083496	0.92156863
1477.00964355	0.92156863
1477.07104492	0.92156863
1477.09985352	0.92156863
1477.16137695	0.92156863
1477.18994141	0.92156863
1477.21850586	0.92156863
1477.25134277	0.92156863
1477.28002930	0.92156863
1477.30859375	0.92156863
1477.34143066	0.92156863
1477.37011719	0.92156863
1477.39880371	0.92156863
1477.43151855	0.92156863
1477.46032715	0.92156863
1477.48889160	0.92156863
1477.52160645	0.92156863
1477.55041504	0.92156863
1477.57897949	0.92156863
1477.61181641	0.92156863
1477.64038086	0.92156863
1477.66906738	0.92156863
1477.70190430	0.92156863
1477.73059082	0.92156863
1477.75927734	0.92156863
1477.79211426	0.92156863
1477.82067871	0.90196079
1477.84936523	0.90196079
1477.88220215	0.90196079
1477.91076660	0.90196079
1477.93957520	0.90196079
1477.97241211	0.90196079
1478.00085449	0.90196079
1478.02966309	0.90196079
1478.06237793	0.90196079
1478.09106445	0.90196079
1478.11975098	0.90196079
1478.15258789	0.90196079
1478.18127441	0.90196079
1478.20996094	0.90196079
1478.24255371	0.90196079
1478.27136230	0.90196079
1478.30004883	0.90196079
1478.33276367	0.90196079
1478.36132813	0.90196079
1478.39013672	0.90196079
1478.42285156	0.92156863
1478.45153809	0.92156863
1478.48022461	0.92156863
1478.51306152	0.92156863
1478.54162598	0.92156863
1478.57043457	0.92156863
1478.60327148	0.92156863
1478.63183594	0.92156863
1478.66052246	0.92156863
1478.69335938	0.92156863
1478.72192383	0.92156863
1478.75061035	0.92156863
1478.78332520	0.92156863
1478.81201172	0.92156863
1478.84069824	0.92156863
1478.87353516	0.92156863
1478.90222168	0.92156863
1478.93078613	0.92156863
1478.96362305	0.92156863
1478.99230957	0.92156863
1479.02099609	0.92156863
1479.05371094	0.92156863
1479.08239746	0.92156863
1479.11108398	0.92156863
1479.14392090	0.92156863
1479.17260742	0.92156863
1479.20129395	0.92156863
1479.26269531	0.92156863
1479.29125977	0.92156863
1479.35278320	0.92156863
1479.38134766	0.92156863
1479.44287109	0.92156863
1479.47155762	0.92156863
1479.50024414	0.94117647
1479.53295898	0.94117647
1479.56164551	0.94117647
1479.59033203	0.94117647
1479.62316895	0.94117647
1479.65173340	0.94117647
1479.68054199	0.94117647
1479.71325684	0.94117647
1479.74182129	0.94117647
1479.77062988	0.94117647
1479.80334473	0.94117647
1479.83203125	0.94117647
1479.86071777	0.94117647
1479.89355469	0.94117647
1479.92236328	0.94117647
1479.95080566	0.94117647
1479.98352051	0.94117647
1480.01208496	0.94117647
1480.04089355	0.94117647
1480.07373047	0.94117647
1480.10241699	0.94117647
1480.13098145	0.94117647
1480.16381836	0.94117647
1480.19250488	0.94117647
1480.22119141	0.94117647
1480.25402832	0.94117647
1480.28259277	0.94117647
1480.31115723	0.94117647
1480.34411621	0.94117647
1480.37268066	0.94117647
1480.40136719	0.94117647
1480.43420410	0.94117647
1480.46289063	0.94117647
1480.49145508	0.94117647
1480.52441406	0.94117647
1480.55297852	0.94117647
1480.58154297	0.94117647
1480.61437988	0.94117647
1480.64318848	0.94117647
1480.67175293	0.94117647
1480.70446777	0.94117647
1480.73327637	0.94117647
1480.76184082	0.94117647
1480.79467773	0.94117647
1480.82336426	0.94117647
1480.85205078	0.94117647
1480.88476563	0.94117647
1480.91345215	0.94117647
1480.94226074	0.94117647
1480.97485352	0.94117647
1481.00366211	0.94117647
1481.03222656	0.94117647
1481.06494141	0.94117647
1481.09375000	0.94117647
1481.12231445	0.94117647
1481.15527344	0.94117647
1481.18383789	0.94117647
1481.21252441	0.94117647
1481.24523926	0.94117647
1481.27404785	0.94117647
1481.30261230	0.94117647
1481.33544922	0.94117647
1481.36413574	0.94117647
1481.39270020	0.94117647
1481.42541504	0.94117647
1481.45422363	0.94117647
1481.48278809	0.96078432
1481.54443359	0.96078432
1481.57299805	0.96078432
1481.63452148	0.96078432
1481.66320801	0.96078432
1481.72460938	0.96078432
1481.75317383	0.96078432
1481.78186035	0.96078432
1481.81457520	0.96078432
1481.84338379	0.96078432
1481.87194824	0.96078432
1481.90466309	0.96078432
1481.93347168	0.96078432
1481.96215820	0.96078432
1481.99487305	0.96078432
1482.02355957	0.96078432
1482.05224609	0.96078432
1482.08496094	0.96078432
1482.11376953	0.96078432
1482.14245605	0.96078432
1482.17529297	0.96078432
1482.20385742	0.96078432
1482.23254395	0.96078432
1482.26525879	0.96078432
1482.29406738	0.96078432
1482.32263184	0.96078432
1482.35534668	0.96078432
1482.38415527	0.96078432
1482.41284180	0.96078432
1482.44543457	0.96078432
1482.47424316	0.96078432
1482.50280762	0.96078432
1482.53564453	0.96078432
1482.56433105	0.96078432
1482.59301758	0.96078432
1482.62573242	0.96078432
1482.65441895	0.96078432
1482.68310547	0.96078432
1482.71594238	0.96078432
1482.74462891	0.96078432
1482.77319336	0.96078432
1482.80590820	0.96078432
1482.83471680	0.96078432
1482.86340332	0.96078432
1482.89624023	0.96078432
1482.92480469	0.96078432
1482.95349121	0.96078432
1482.98620605	0.96078432
1483.01501465	0.96078432
1483.04370117	0.96078432
1483.07641602	0.98039216
1483.10498047	0.98039216
1483.13366699	0.98039216
1483.16650391	0.96078432
1483.19519043	0.96078432
1483.22387695	0.96078432
1483.25659180	0.96078432
1483.28527832	0.96078432
1483.31396484	0.98039216
1483.34667969	0.98039216
1483.37536621	0.98039216
1483.40405273	0.96078432
1483.43676758	0.96078432
1483.46545410	0.96078432
1483.49401855	0.96078432
1483.52697754	0.98039216
1483.55554199	0.98039216
1483.58435059	0.98039216
1483.61706543	0.98039216
1483.64575195	0.98039216
1483.67443848	0.98039216
1483.70727539	0.98039216
1483.73583984	0.96078432
1483.76464844	0.98039216
1483.82592773	0.98039216
1483.85473633	0.98039216
1483.91613770	0.98039216
1483.94470215	0.98039216
1484.00610352	0.98039216
1484.03479004	0.98039216
1484.06359863	0.98039216
1484.09619141	0.98039216
1484.12487793	0.98039216
1484.15356445	0.98039216
1484.18640137	0.98039216
1484.21508789	0.98039216
1484.24377441	0.98039216
1484.27648926	1.00000000
1484.30505371	1.00000000
1484.33386230	1.00000000
1484.36657715	1.00000000
1484.39526367	1.00000000
1484.42407227	1.00000000
1484.45666504	1.00000000
1484.48535156	1.00000000
1484.51416016	1.00000000
1484.54699707	1.00000000
1484.57543945	1.00000000
1484.60424805	1.00000000
1484.63708496	1.00000000
1484.66577148	1.00000000
1484.69445801	1.00000000
1484.72717285	1.00000000
1484.75573730	1.00000000
1484.78454590	1.00000000
1484.81726074	0.98039216
1484.84594727	0.98039216
1484.87463379	0.98039216
1484.90747070	0.98039216
1484.93615723	0.98039216
1484.96484375	0.98039216
1484.99755859	0.98039216
1485.02624512	0.98039216
1485.05493164	0.98039216
1485.08776855	0.98039216
1485.11633301	0.98039216
1485.14501953	0.98039216
1485.17785645	0.98039216
1485.20642090	0.98039216
1485.23522949	1.00000000
1485.26794434	1.00000000
1485.29663086	0.98039216
1485.32519531	0.98039216
1485.35815430	0.98039216
1485.38671875	1.00000000
1485.41552734	1.00000000
1485.44824219	1.00000000
1485.47692871	1.00000000
1485.50549316	1.00000000
1485.53833008	1.00000000
1485.56689453	1.00000000
1485.59558105	1.00000000
1485.62841797	1.00000000
1485.65710449	1.00000000
1485.68566895	1.00000000
1485.71850586	1.00000000
1485.74719238	1.00000000
1485.77575684	1.00000000
1485.80871582	1.00000000
1485.83728027	1.00000000
1485.86596680	1.00000000
1485.89868164	1.00000000
1485.92736816	1.00000000
1485.95617676	1.00000000
1485.98889160	1.00000000
1486.01757813	1.00000000
1486.04626465	1.00000000
1486.10778809	1.00000000
1486.13635254	1.00000000
1486.19787598	1.00000000
1486.22644043	1.00000000
1486.28808594	1.00000000
1486.31652832	1.00000000
1486.34533691	1.00000000
1486.37817383	1.00000000
1486.40673828	1.00000000
1486.43542480	1.00000000
1486.46813965	1.00000000
1486.49682617	1.00000000
1486.52551270	1.01960790
1486.55834961	1.01960790
1486.58691406	1.01960790
1486.61572266	1.01960790
1486.64843750	1.00000000
1486.67700195	1.00000000
1486.70568848	1.00000000
1486.73864746	1.00000000
1486.76721191	1.00000000
1486.79577637	1.00000000
1486.82873535	1.00000000
1486.85742188	1.00000000
1486.88586426	1.00000000
1486.91882324	1.00000000
1486.94738770	1.01960790
1486.97607422	1.01960790
1487.00878906	1.01960790
1487.03747559	1.01960790
1487.06616211	1.01960790
1487.09899902	1.01960790
1487.12756348	1.01960790
1487.15637207	1.01960790
1487.18920898	1.01960790
1487.21777344	1.01960790
1487.24633789	1.01960790
1487.27917480	1.01960790
1487.30786133	1.01960790
1487.33654785	1.01960790
1487.36926270	1.01960790
1487.39794922	1.01960790
1487.42663574	1.01960790
1487.45935059	1.01960790
1487.48815918	1.01960790
1487.51684570	1.01960790
1487.54956055	1.01960790
1487.57824707	1.01960790
1487.60693359	1.01960790
1487.63964844	1.01960790
1487.66845703	1.01960790
1487.69714355	1.01960790
1487.72985840	1.01960790
1487.75854492	1.01960790
1487.78723145	1.01960790
1487.81994629	1.01960790
1487.84863281	1.01960790
1487.87731934	1.01960790
1487.91015625	1.01960790
1487.93884277	1.01960790
1487.96740723	1.01960790
1488.00012207	1.01960790
1488.02893066	1.01960790
1488.05749512	1.01960790
1488.09033203	1.01960790
1488.11914063	1.01960790
1488.14770508	1.01960790
1488.18041992	1.01960790
1488.20910645	1.01960790
1488.23779297	1.01960790
1488.27062988	1.01960790
1488.29931641	1.01960790
1488.32788086	1.01960790
1488.38940430	1.01960790
1488.41809082	1.01960790
1488.47937012	1.01960790
1488.50817871	1.01960790
1488.56958008	1.01960790
1488.59826660	1.01960790
1488.62695313	1.01960790
1488.65966797	1.01960790
1488.68835449	1.00000000
1488.71716309	1.00000000
1488.74987793	1.00000000
1488.77844238	1.00000000
1488.80712891	1.00000000
1488.83984375	1.00000000
1488.86865234	1.00000000
1488.89733887	1.00000000
1488.93017578	1.00000000
1488.95874023	1.01960790
1488.98742676	1.01960790
1489.02014160	1.00000000
1489.04895020	1.00000000
1489.07751465	1.00000000
1489.11035156	1.01960790
1489.13903809	1.01960790
1489.16772461	1.01960790
1489.20043945	1.01960790
1489.22924805	1.01960790
1489.25769043	1.01960790
1489.29052734	1.01960790
1489.31921387	1.01960790
1489.34802246	1.01960790
1489.38061523	1.01960790
1489.40942383	1.01960790
1489.43798828	1.01960790
1489.47070313	1.01960790
1489.49951172	1.01960790
1489.52819824	1.01960790
1489.56091309	1.01960790
1489.58959961	1.01960790
1489.61828613	1.01960790
1489.65112305	1.01960790
1489.67968750	1.01960790
1489.70837402	1.01960790
1489.74121094	1.01960790
1489.76977539	1.01960790
1489.79858398	1.01960790
1489.83129883	1.01960790
1489.85998535	1.01960790
1489.88867188	1.01960790
1489.92138672	1.01960790
1489.95007324	1.01960790
1489.97863770	1.01960790
1490.01147461	1.01960790
1490.04016113	1.01960790
1490.06884766	1.01960790
1490.10168457	1.01960790
1490.13024902	1.01960790
1490.15905762	1.01960790
1490.19177246	1.01960790
1490.22033691	1.01960790
1490.24914551	1.01960790
1490.28186035	1.01960790
1490.31042480	1.01960790
1490.33923340	1.01960790
1490.37207031	1.01960790
1490.40063477	1.01960790
1490.42944336	1.01960790
1490.46215820	1.01960790
1490.49084473	1.01960790
1490.51953125	1.01960790
1490.55236816	1.01960790
1490.58081055	1.01960790
1490.60974121	1.01960790
1490.67114258	1.01960790
1490.69970703	1.01960790
1490.76110840	1.01960790
1490.78991699	1.01960790
1490.85131836	1.01960790
1490.88000488	1.01960790
1490.90856934	1.01960790
1490.94140625	1.01960790
1490.97021484	1.01960790
1490.99877930	1.01960790
1491.03149414	1.01960790
1491.06018066	1.01960790
1491.08886719	1.01960790
1491.12170410	1.01960790
1491.15026855	1.01960790
1491.17895508	1.01960790
1491.21179199	1.01960790
1491.24035645	1.01960790
1491.26916504	1.01960790
1491.30200195	1.01960790
1491.33044434	1.01960790
1491.35925293	1.01960790
1491.39196777	1.01960790
1491.42065430	1.01960790
1491.44934082	1.01960790
1491.48217773	1.01960790
1491.51062012	1.00000000
1491.53955078	1.00000000
1491.57226563	1.00000000
1491.60095215	1.00000000
1491.62963867	1.00000000
1491.66247559	1.01960790
1491.69104004	1.01960790
1491.71972656	1.01960790
1491.75256348	1.01960790
1491.78112793	1.01960790
1491.80981445	1.01960790
1491.84252930	1.01960790
1491.87121582	1.01960790
1491.90002441	1.01960790
1491.93273926	1.01960790
1491.96142578	1.01960790
1491.99023438	1.01960790
1492.02282715	1.01960790
1492.05151367	1.01960790
1492.08032227	1.01960790
1492.11303711	1.01960790
1492.14160156	1.01960790
1492.17028809	1.01960790
1492.20312500	1.01960790
1492.23181152	1.01960790
1492.26037598	1.01960790
1492.29333496	1.01960790
1492.32177734	1.01960790
1492.35046387	1.01960790
1492.38342285	1.03921568
1492.41198730	1.03921568
1492.44055176	1.03921568
1492.47351074	1.03921568
1492.50207520	1.03921568
1492.53076172	1.03921568
1492.56359863	1.03921568
1492.59228516	1.03921568
1492.62084961	1.03921568
1492.65368652	1.03921568
1492.68237305	1.03921568
1492.71118164	1.03921568
1492.74377441	1.03921568
1492.77258301	1.03921568
1492.80102539	1.03921568
1492.83386230	1.03921568
1492.86267090	1.03921568
1492.89123535	1.03921568
1492.95263672	1.03921568
1492.98144531	1.03921568
1493.04284668	1.03921568
1493.07141113	1.03921568
1493.13293457	1.03921568
1493.16162109	1.03921568
1493.19030762	1.03921568
1493.22314453	1.03921568
1493.25170898	1.03921568
1493.28051758	1.03921568
1493.31335449	1.03921568
1493.34191895	1.03921568
1493.37048340	1.03921568
1493.40344238	1.03921568
1493.43200684	1.05882359
1493.46057129	1.05882359
1493.49353027	1.05882359
1493.52209473	1.05882359
1493.55078125	1.05882359
1493.58361816	1.05882359
1493.61230469	1.05882359
1493.64086914	1.05882359
1493.67382813	1.05882359
1493.70239258	1.05882359
1493.73120117	1.05882359
1493.76391602	1.05882359
1493.79248047	1.05882359
1493.82104492	1.05882359
1493.85388184	1.05882359
1493.88256836	1.05882359
1493.91125488	1.03921568
1493.94409180	1.03921568
1493.97277832	1.03921568
1494.00134277	1.03921568
1494.03405762	1.03921568
1494.06286621	1.03921568
1494.09143066	1.03921568
1494.12414551	1.03921568
1494.15307617	1.03921568
1494.18151855	1.03921568
1494.21435547	1.05882359
1494.24304199	1.05882359
1494.27172852	1.05882359
1494.30456543	1.05882359
1494.33325195	1.05882359
1494.36181641	1.05882359
1494.39453125	1.05882359
1494.42346191	1.05882359
1494.45214844	1.03921568
1494.48474121	1.03921568
1494.51342773	1.03921568
1494.54211426	1.03921568
1494.57482910	1.03921568
1494.60363770	1.03921568
1494.63220215	1.05882359
1494.66516113	1.05882359
1494.69372559	1.05882359
1494.72241211	1.05882359
1494.75500488	1.05882359
1494.78381348	1.05882359
1494.81250000	1.05882359
1494.84521484	1.05882359
1494.87402344	1.05882359
1494.90270996	1.03921568
1494.93530273	1.05882359
1494.96411133	1.03921568
1494.99267578	1.03921568
1495.02551270	1.03921568
1495.05419922	1.05882359
1495.08288574	1.05882359
1495.14416504	1.05882359
1495.17297363	1.05882359
1495.23437500	1.05882359
1495.26306152	1.05882359
1495.32446289	1.05882359
1495.35327148	1.05882359
1495.41467285	1.05882359
1495.44323730	1.05882359
1495.47204590	1.05882359
1495.50463867	1.05882359
1495.53356934	1.05882359
1495.56201172	1.05882359
1495.59484863	1.05882359
1495.62353516	1.05882359
1495.65222168	1.05882359
1495.68505859	1.05882359
1495.71374512	1.05882359
1495.74230957	1.05882359
1495.77502441	1.05882359
1495.80383301	1.05882359
1495.83239746	1.05882359
1495.86523438	1.05882359
1495.89404297	1.05882359
1495.92260742	1.05882359
1495.95532227	1.05882359
1495.98413086	1.05882359
1496.01269531	1.05882359
1496.04553223	1.07843137
1496.07421875	1.05882359
1496.10278320	1.05882359
1496.13562012	1.05882359
1496.16430664	1.05882359
1496.19287109	1.07843137
1496.22570801	1.07843137
1496.25439453	1.07843137
1496.28320313	1.07843137
1496.31579590	1.07843137
1496.34448242	1.05882359
1496.37329102	1.05882359
1496.40600586	1.05882359
1496.43457031	1.05882359
1496.46337891	1.05882359
1496.49609375	1.05882359
1496.52465820	1.03921568
1496.55334473	1.03921568
1496.58618164	1.03921568
1496.61486816	1.03921568
1496.64355469	1.03921568
1496.67639160	1.03921568
1496.70507813	1.03921568
1496.73376465	1.03921568
1496.76647949	1.03921568
1496.79504395	1.03921568
1496.82373047	1.03921568
1496.85656738	1.03921568
1496.88513184	1.03921568
1496.91406250	1.03921568
1496.94665527	1.01960790
1496.97534180	1.03921568
1497.00402832	1.03921568
1497.03686523	1.03921568
1497.06530762	1.03921568
1497.09423828	1.03921568
1497.12695313	1.05882359
1497.15563965	1.05882359
1497.18432617	1.05882359
1497.21704102	1.05882359
1497.24572754	1.03921568
1497.27453613	1.03921568
1497.30725098	1.03921568
1497.33581543	1.03921568
1497.36462402	1.05882359
1497.42614746	1.05882359
1497.45471191	1.05882359
1497.51611328	1.07843137
1497.54467773	1.05882359
1497.60620117	1.05882359
1497.63476563	1.05882359
1497.69628906	1.05882359
1497.72497559	1.05882359
1497.75366211	1.05882359
1497.78649902	1.05882359
1497.81494141	1.07843137
1497.84375000	1.07843137
1497.87658691	1.07843137
1497.90515137	1.07843137
1497.93395996	1.07843137
1497.96667480	1.07843137
1497.99536133	1.07843137
1498.02404785	1.07843137
1498.05688477	1.07843137
1498.08544922	1.07843137
1498.11425781	1.07843137
1498.14697266	1.07843137
1498.17553711	1.07843137
1498.20422363	1.07843137
1498.23706055	1.07843137
1498.26562500	1.07843137
1498.29443359	1.07843137
1498.32714844	1.07843137
1498.35583496	1.07843137
1498.38452148	1.07843137
1498.41735840	1.07843137
1498.44604492	1.05882359
1498.47473145	1.05882359
1498.50744629	1.05882359
1498.53625488	1.05882359
1498.56469727	1.05882359
1498.59753418	1.05882359
1498.62609863	1.05882359
1498.65490723	1.05882359
1498.68774414	1.05882359
1498.71630859	1.05882359
1498.74511719	1.05882359
1498.77783203	1.05882359
1498.80639648	1.05882359
1498.83508301	1.05882359
1498.86791992	1.05882359
1498.89648438	1.05882359
1498.92517090	1.05882359
1498.95800781	1.05882359
1498.98669434	1.05882359
1499.01525879	1.05882359
1499.04821777	1.05882359
1499.07678223	1.05882359
1499.10546875	1.05882359
1499.13830566	1.05882359
1499.16699219	1.05882359
1499.19555664	1.05882359
1499.22827148	1.05882359
1499.25695801	1.05882359
1499.28564453	1.05882359
1499.31835938	1.05882359
1499.34729004	1.05882359
1499.37585449	1.05882359
1499.40856934	1.05882359
1499.43737793	1.05882359
1499.46606445	1.05882359
1499.49865723	1.05882359
1499.52746582	1.05882359
1499.55603027	1.05882359
1499.58874512	1.05882359
1499.61755371	1.05882359
1499.64624023	1.05882359
1499.70764160	1.05882359
1499.73620605	1.05882359
1499.79785156	1.05882359
1499.82641602	1.05882359
1499.88781738	1.05882359
1499.91662598	1.05882359
1499.94519043	1.05882359
1499.97802734	1.05882359
1500.00659180	1.05882359
1500.03527832	1.05882359
1500.06811523	1.05882359
1500.09680176	1.05882359
1500.12536621	1.05882359
1500.15844727	1.05882359
1500.18688965	1.05882359
1500.21557617	1.05882359
1500.24841309	1.05882359
1500.27709961	1.05882359
1500.30566406	1.05882359
1500.33837891	1.05882359
1500.36718750	1.05882359
1500.39587402	1.05882359
1500.42858887	1.05882359
1500.45727539	1.05882359
1500.48620605	1.05882359
1500.51855469	1.05882359
1500.54748535	1.05882359
1500.57592773	1.05882359
1500.60888672	1.05882359
1500.63745117	1.05882359
1500.66613770	1.07843137
1500.69897461	1.05882359
1500.72766113	1.05882359
1500.75622559	1.05882359
1500.78906250	1.05882359
1500.81774902	1.05882359
1500.84643555	1.05882359
1500.87915039	1.05882359
1500.90795898	1.05882359
1500.93640137	1.05882359
1500.96936035	1.05882359
1500.99804688	1.05882359
1501.02673340	1.05882359
1501.05944824	1.05882359
1501.08813477	1.07843137
1501.11669922	1.07843137
1501.14941406	1.07843137
1501.17822266	1.07843137
1501.20703125	1.07843137
1501.23962402	1.07843137
1501.26843262	1.07843137
1501.29711914	1.07843137
1501.32971191	1.07843137
1501.35864258	1.05882359
1501.38708496	1.05882359
1501.42004395	1.07843137
1501.44860840	1.07843137
1501.47729492	1.07843137
1501.51000977	1.07843137
1501.53881836	1.07843137
1501.56738281	1.07843137
1501.60009766	1.07843137
1501.62890625	1.07843137
1501.65747070	1.07843137
1501.69030762	1.07843137
1501.71899414	1.07843137
1501.74755859	1.07843137
1501.78027344	1.07843137
1501.80908203	1.07843137
1501.83776855	1.07843137
1501.87060547	1.07843137
1501.89916992	1.07843137
1501.92797852	1.07843137
1501.98925781	1.07843137
1502.01794434	1.05882359
1502.07934570	1.05882359
1502.10815430	1.05882359
1502.16967773	1.05882359
1502.19824219	1.05882359
1502.22705078	1.05882359
1502.25952148	1.05882359
1502.28833008	1.07843137
1502.31701660	1.05882359
1502.34973145	1.05882359
1502.37854004	1.05882359
1502.40710449	1.07843137
1502.43994141	1.07843137
1502.46862793	1.07843137
1502.49719238	1.07843137
1502.53002930	1.07843137
1502.55871582	1.07843137
1502.58740234	1.07843137
1502.62011719	1.07843137
1502.64892578	1.07843137
1502.67749023	1.07843137
1502.71032715	1.07843137
1502.73901367	1.05882359
1502.76757813	1.05882359
1502.80041504	1.05882359
1502.82910156	1.05882359
1502.85778809	1.05882359
1502.89050293	1.05882359
1502.91918945	1.05882359
1502.94787598	1.05882359
1502.98071289	1.05882359
1503.00915527	1.05882359
1503.03808594	1.05882359
1503.07067871	1.05882359
1503.09936523	1.05882359
1503.12805176	1.05882359
1503.16088867	1.05882359
1503.18957520	1.05882359
1503.21826172	1.05882359
1503.25097656	1.05882359
1503.27966309	1.07843137
1503.30834961	1.07843137
1503.34118652	1.07843137
1503.36975098	1.07843137
1503.39843750	1.07843137
1503.43127441	1.07843137
1503.45996094	1.07843137
1503.48864746	1.07843137
1503.52136230	1.07843137
1503.55004883	1.07843137
1503.57873535	1.07843137
1503.61157227	1.07843137
1503.64001465	1.07843137
1503.66894531	1.07843137
1503.70153809	1.07843137
1503.73022461	1.07843137
1503.75891113	1.07843137
1503.79174805	1.07843137
1503.82031250	1.07843137
1503.84912109	1.07843137
1503.88183594	1.07843137
1503.91052246	1.07843137
1503.93920898	1.07843137
1503.97192383	1.07843137
1504.00061035	1.07843137
1504.02941895	1.07843137
1504.06213379	1.07843137
1504.09069824	1.07843137
1504.11938477	1.07843137
1504.15222168	1.07843137
1504.18078613	1.07843137
1504.20947266	1.07843137
1504.27099609	1.07843137
1504.29956055	1.07843137
1504.36108398	1.07843137
1504.38977051	1.07843137
1504.45117188	1.07843137
1504.47998047	1.07843137
1504.50866699	1.07843137
1504.54138184	1.07843137
1504.56994629	1.07843137
1504.59875488	1.07843137
1504.63146973	1.07843137
1504.66015625	1.07843137
1504.68896484	1.07843137
1504.72155762	1.07843137
1504.75024414	1.07843137
1504.77905273	1.07843137
1504.81176758	1.07843137
1504.84045410	1.07843137
1504.86914063	1.07843137
1504.90185547	1.07843137
1504.93041992	1.07843137
1504.95922852	1.07843137
1504.99194336	1.07843137
1505.02062988	1.07843137
1505.04943848	1.07843137
1505.08203125	1.07843137
1505.11071777	1.07843137
1505.13940430	1.07843137
1505.17224121	1.07843137
1505.20092773	1.07843137
1505.22973633	1.07843137
1505.26245117	1.07843137
1505.29101563	1.07843137
1505.31958008	1.07843137
1505.35241699	1.07843137
1505.38110352	1.07843137
1505.40979004	1.07843137
1505.44262695	1.07843137
1505.47119141	1.07843137
1505.50000000	1.07843137
1505.53271484	1.07843137
1505.56140137	1.07843137
1505.58996582	1.07843137
1505.62292480	1.07843137
1505.65148926	1.07843137
1505.68017578	1.07843137
1505.71301270	1.07843137
1505.74157715	1.07843137
1505.77014160	1.07843137
1505.80310059	1.07843137
1505.83166504	1.07843137
1505.86035156	1.07843137
1505.89306641	1.07843137
1505.92187500	1.07843137
1505.95043945	1.07843137
1505.98327637	1.07843137
1506.01196289	1.07843137
1506.04064941	1.07843137
1506.07336426	1.07843137
1506.10205078	1.07843137
1506.13061523	1.07843137
1506.16345215	1.09803927
1506.19226074	1.09803927
1506.22094727	1.09803927
1506.25366211	1.09803927
1506.28234863	1.09803927
1506.31103516	1.09803927
1506.34375000	1.09803927
1506.37243652	1.09803927
1506.40112305	1.09803927
1506.43408203	1.09803927
1506.46252441	1.09803927
1506.49121094	1.09803927
1506.55273438	1.09803927
1506.58129883	1.09803927
1506.64282227	1.09803927
1506.67150879	1.09803927
1506.73291016	1.09803927
1506.76159668	1.09803927
1506.79016113	1.09803927
1506.82312012	1.09803927
1506.85180664	1.09803927
1506.88024902	1.09803927
1506.91320801	1.09803927
1506.94177246	1.09803927
1506.97045898	1.09803927
1507.00317383	1.09803927
1507.03198242	1.09803927
1507.06054688	1.09803927
1507.09326172	1.09803927
1507.12219238	1.09803927
1507.15075684	1.09803927
1507.18347168	1.09803927
1507.21215820	1.09803927
1507.24096680	1.09803927
1507.27355957	1.09803927
1507.30236816	1.09803927
1507.33093262	1.09803927
1507.36364746	1.09803927
1507.39245605	1.09803927
1507.42114258	1.09803927
1507.45397949	1.09803927
1507.48266602	1.09803927
1507.51110840	1.09803927
1507.54394531	1.09803927
1507.57263184	1.09803927
1507.60131836	1.09803927
1507.63403320	1.09803927
1507.66284180	1.09803927
1507.69140625	1.09803927
1507.72412109	1.09803927
1507.75292969	1.09803927
1507.78161621	1.09803927
1507.81433105	1.09803927
1507.84313965	1.09803927
1507.87170410	1.09803927
1507.90454102	1.09803927
1507.93322754	1.09803927
1507.96179199	1.09803927
1507.99462891	1.09803927
1508.02331543	1.09803927
1508.05200195	1.09803927
1508.08471680	1.09803927
1508.11352539	1.09803927
1508.14196777	1.09803927
1508.17492676	1.09803927
1508.20336914	1.09803927
1508.23229980	1.09803927
1508.26489258	1.09803927
1508.29357910	1.09803927
1508.32226563	1.09803927
1508.35498047	1.09803927
1508.38366699	1.09803927
1508.41247559	1.09803927
1508.44519043	1.09803927
1508.47399902	1.09803927
1508.50256348	1.09803927
1508.53527832	1.09803927
1508.56396484	1.09803927
1508.59277344	1.09803927
1508.62548828	1.09803927
1508.65405273	1.09803927
1508.68286133	1.09803927
1508.71557617	1.09803927
1508.74426270	1.09803927
1508.77294922	1.09803927
1508.83422852	1.09803927
1508.86315918	1.09803927
1508.92443848	1.09803927
1508.95312500	1.09803927
1509.01452637	1.09803927
1509.04333496	1.09803927
1509.07189941	1.09803927
1509.10473633	1.09803927
1509.13342285	1.09803927
1509.16210938	1.09803927
1509.19494629	1.09803927
1509.22363281	1.09803927
1509.25219727	1.09803927
1509.28503418	1.09803927
1509.31359863	1.09803927
1509.34228516	1.09803927
1509.37512207	1.09803927
1509.40368652	1.09803927
1509.43249512	1.09803927
1509.46520996	1.09803927
1509.49401855	1.09803927
1509.52258301	1.09803927
1509.55529785	1.09803927
1509.58386230	1.09803927
1509.61279297	1.09803927
1509.64538574	1.09803927
1509.67407227	1.09803927
1509.70275879	1.11764705
1509.73559570	1.11764705
1509.76416016	1.11764705
1509.79296875	1.11764705
1509.82568359	1.11764705
1509.85437012	1.09803927
1509.88305664	1.09803927
1509.91589355	1.09803927
1509.94445801	1.09803927
1509.97326660	1.09803927
1510.00585938	1.09803927
1510.03442383	1.09803927
1510.06323242	1.09803927
1510.09606934	1.09803927
1510.12475586	1.09803927
1510.15344238	1.09803927
1510.18615723	1.09803927
1510.21496582	1.09803927
1510.24365234	1.09803927
1510.27636719	1.09803927
1510.30493164	1.09803927
1510.33361816	1.09803927
1510.36645508	1.09803927
1510.39501953	1.09803927
1510.42382813	1.09803927
1510.45654297	1.09803927
1510.48522949	1.09803927
1510.51391602	1.09803927
1510.54675293	1.09803927
1510.57519531	1.09803927
1510.60412598	1.09803927
1510.63671875	1.09803927
1510.66540527	1.09803927
1510.69421387	1.09803927
1510.72692871	1.09803927
1510.75549316	1.09803927
1510.78417969	1.09803927
1510.81713867	1.09803927
1510.84570313	1.09803927
1510.87438965	1.09803927
1510.90722656	1.09803927
1510.93579102	1.09803927
1510.96435547	1.09803927
1510.99731445	1.09803927
1511.02587891	1.09803927
1511.05456543	1.09803927
1511.11608887	1.09803927
1511.14465332	1.09803927
1511.20617676	1.09803927
1511.23486328	1.09803927
1511.29626465	1.09803927
1511.32495117	1.09803927
1511.35363770	1.09803927
1511.38647461	1.09803927
1511.41516113	1.09803927
1511.44384766	1.09803927
1511.47656250	1.09803927
1511.50512695	1.09803927
1511.53393555	1.09803927
1511.56677246	1.09803927
1511.59533691	1.09803927
1511.62402344	1.09803927
1511.65673828	1.09803927
1511.68542480	1.09803927
1511.71423340	1.09803927
1511.74694824	1.09803927
1511.77551270	1.09803927
1511.80432129	1.09803927
1511.83703613	1.09803927
1511.86560059	1.09803927
1511.89440918	1.09803927
1511.92712402	1.09803927
1511.95581055	1.09803927
1511.98437500	1.09803927
1512.01733398	1.09803927
1512.04589844	1.09803927
1512.07458496	1.09803927
1512.10742188	1.09803927
1512.13598633	1.09803927
1512.16467285	1.09803927
1512.19763184	1.09803927
1512.22619629	1.09803927
1512.25500488	1.09803927
1512.28771973	1.09803927
1512.31628418	1.09803927
1512.34484863	1.09803927
1512.37780762	1.09803927
1512.40637207	1.09803927
1512.43505859	1.09803927
1512.46789551	1.09803927
1512.49645996	1.09803927
1512.52514648	1.09803927
1512.55786133	1.09803927
1512.58666992	1.09803927
1512.61523438	1.09803927
1512.64794922	1.09803927
1512.67675781	1.09803927
1512.70532227	1.09803927
1512.73815918	1.09803927
1512.76684570	1.09803927
1512.79553223	1.09803927
1512.82824707	1.09803927
1512.85705566	1.09803927
1512.88562012	1.09803927
1512.91845703	1.09803927
1512.94714355	1.09803927
1512.97595215	1.09803927
1513.00854492	1.09803927
1513.03723145	1.09803927
1513.06591797	1.09803927
1513.09863281	1.09803927
1513.12744141	1.09803927
1513.15600586	1.09803927
1513.18896484	1.09803927
1513.21752930	1.09803927
1513.24609375	1.09803927
1513.27893066	1.09803927
1513.30761719	1.09803927
1513.33630371	1.09803927
1513.39770508	1.11764705
1513.42639160	1.11764705
1513.48791504	1.11764705
1513.51647949	1.09803927
1513.57800293	1.09803927
1513.60668945	1.11764705
1513.63525391	1.11764705
1513.66796875	1.11764705
1513.69677734	1.11764705
1513.72534180	1.11764705
1513.75817871	1.11764705
1513.78686523	1.11764705
1513.81555176	1.11764705
1513.84826660	1.11764705
1513.87707520	1.11764705
1513.90563965	1.11764705
1513.93847656	1.11764705
1513.96716309	1.11764705
1513.99584961	1.11764705
1514.02844238	1.11764705
1514.05725098	1.11764705
1514.08581543	1.11764705
1514.11865234	1.11764705
1514.14733887	1.11764705
1514.17602539	1.11764705
1514.20886230	1.11764705
1514.23754883	1.11764705
1514.26611328	1.11764705
1514.29882813	1.11764705
1514.32763672	1.11764705
1514.35620117	1.11764705
1514.38903809	1.11764705
1514.41772461	1.11764705
1514.44641113	1.11764705
1514.47912598	1.11764705
1514.50793457	1.11764705
1514.53649902	1.11764705
1514.56933594	1.11764705
1514.59802246	1.11764705
1514.62670898	1.11764705
1514.65942383	1.11764705
1514.68823242	1.11764705
1514.71679688	1.11764705
1514.74951172	1.11764705
1514.77807617	1.11764705
1514.80688477	1.09803927
1514.83959961	1.09803927
1514.86840820	1.09803927
1514.89697266	1.09803927
1514.92968750	1.09803927
1514.95837402	1.09803927
1514.98706055	1.09803927
1515.01989746	1.09803927
1515.04846191	1.09803927
1515.07727051	1.09803927
1515.11010742	1.09803927
1515.13867188	1.09803927
1515.16735840	1.09803927
1515.20007324	1.09803927
1515.22888184	1.09803927
1515.25756836	1.11764705
1515.29028320	1.11764705
1515.31884766	1.11764705
1515.34765625	1.11764705
1515.38037109	1.11764705
1515.40905762	1.11764705
1515.43774414	1.11764705
1515.47058105	1.11764705
1515.49914551	1.11764705
1515.52795410	1.11764705
1515.56066895	1.11764705
1515.58923340	1.11764705
1515.61791992	1.11764705
1515.67944336	1.11764705
1515.70812988	1.11764705
1515.76940918	1.11764705
1515.79833984	1.11764705
1515.85961914	1.11764705
1515.88842773	1.11764705
1515.91699219	1.11764705
1515.94982910	1.11764705
1515.97851563	1.11764705
1516.00708008	1.11764705
1516.03991699	1.11764705
1516.06860352	1.11764705
1516.09716797	1.11764705
1516.13000488	1.11764705
1516.15856934	1.11764705
1516.18725586	1.11764705
1516.22009277	1.11764705
1516.24890137	1.11764705
1516.27746582	1.11764705
1516.31018066	1.11764705
1516.33886719	1.11764705
1516.36755371	1.11764705
1516.40039063	1.11764705
1516.42895508	1.11764705
1516.45776367	1.11764705
1516.49047852	1.11764705
1516.51916504	1.11764705
1516.54785156	1.11764705
1516.58056641	1.11764705
1516.60925293	1.11764705
1516.63793945	1.11764705
1516.67077637	1.11764705
1516.69934082	1.11764705
1516.72814941	1.11764705
1516.76086426	1.13725495
1516.78955078	1.13725495
1516.81823730	1.13725495
1516.85095215	1.11764705
1516.87963867	1.11764705
1516.90832520	1.11764705
1516.94116211	1.11764705
1516.96997070	1.11764705
1516.99853516	1.11764705
1517.03125000	1.11764705
1517.05993652	1.11764705
1517.08862305	1.11764705
1517.12133789	1.11764705
1517.15002441	1.09803927
1517.17871094	1.11764705
1517.21154785	1.11764705
1517.24011230	1.11764705
1517.26879883	1.11764705
1517.30163574	1.11764705
1517.33020020	1.11764705
1517.35900879	1.11764705
1517.39172363	1.11764705
1517.42028809	1.11764705
1517.44897461	1.11764705
1517.48181152	1.11764705
1517.51049805	1.11764705
1517.53906250	1.11764705
1517.57202148	1.11764705
1517.60058594	1.11764705
1517.62927246	1.11764705
1517.66210938	1.11764705
1517.69079590	1.11764705
1517.71923828	1.11764705
1517.75231934	1.11764705
1517.78088379	1.11764705
1517.80944824	1.11764705
1517.84228516	1.11764705
1517.87097168	1.11764705
1517.89953613	1.11764705
1517.96105957	1.11764705
1517.98986816	1.11764705
1518.05114746	1.11764705
1518.07983398	1.11764705
1518.14135742	1.11764705
1518.17004395	1.11764705
1518.19860840	1.11764705
1518.23144531	1.11764705
1518.26013184	1.11764705
1518.28894043	1.11764705
1518.32153320	1.11764705
1518.35021973	1.11764705
1518.37902832	1.11764705
1518.41174316	1.11764705
1518.44030762	1.11764705
1518.46911621	1.11764705
1518.50183105	1.11764705
1518.53051758	1.11764705
1518.55920410	1.11764705
1518.59191895	1.11764705
1518.62048340	1.11764705
1518.64916992	1.11764705
1518.68212891	1.11764705
1518.71081543	1.11764705
1518.73925781	1.11764705
1518.77209473	1.11764705
1518.80090332	1.11764705
1518.82946777	1.11764705
1518.86230469	1.11764705
1518.89099121	1.11764705
1518.91955566	1.11764705
1518.95251465	1.11764705
1518.98107910	1.11764705
1519.00988770	1.11764705
1519.04260254	1.11764705
1519.07116699	1.11764705
1519.09985352	1.11764705
1519.13256836	1.11764705
1519.16137695	1.11764705
1519.18994141	1.11764705
1519.22290039	1.11764705
1519.25146484	1.11764705
1519.28002930	1.11764705
1519.31286621	1.11764705
1519.34155273	1.11764705
1519.37011719	1.11764705
1519.40295410	1.11764705
1519.43164063	1.11764705
1519.46032715	1.11764705
1519.49304199	1.11764705
1519.52185059	1.11764705
1519.55041504	1.11764705
1519.58325195	1.11764705
1519.61193848	1.11764705
1519.64050293	1.11764705
1519.67333984	1.11764705
1519.70202637	1.11764705
1519.73083496	1.11764705
1519.76342773	1.11764705
1519.79223633	1.11764705
1519.82080078	1.11764705
1519.85363770	1.11764705
1519.88232422	1.09803927
1519.91088867	1.09803927
1519.94384766	1.09803927
1519.97241211	1.09803927
1520.00097656	1.09803927
1520.03369141	1.09803927
1520.06250000	1.07843137
1520.09118652	1.07843137
1520.12390137	1.07843137
1520.15258789	1.07843137
1520.18127441	1.07843137
1520.24279785	1.07843137
1520.27148438	1.05882359
1520.33276367	1.05882359
1520.36145020	1.05882359
1520.42297363	1.05882359
1520.45166016	1.05882359
1520.48034668	1.05882359
1520.51306152	1.03921568
1520.54187012	1.03921568
1520.57043457	1.03921568
1520.60327148	1.03921568
1520.63195801	1.03921568
1520.66064453	1.03921568
1520.69335938	1.03921568
1520.72204590	1.03921568
1520.75085449	1.03921568
1520.78344727	1.03921568
1520.81213379	1.03921568
1520.84082031	1.03921568
1520.87353516	1.03921568
1520.90234375	1.03921568
1520.93090820	1.03921568
1520.96374512	1.03921568
1520.99243164	1.01960790
1521.02099609	1.01960790
1521.05383301	1.01960790
1521.08251953	1.01960790
1521.11120605	1.00000000
1521.14392090	1.00000000
1521.17260742	1.00000000
1521.20129395	1.00000000
1521.23413086	1.00000000
1521.26281738	1.00000000
1521.29138184	1.00000000
1521.32421875	1.00000000
1521.35290527	1.00000000
1521.38146973	1.00000000
1521.41430664	1.01960790
1521.44299316	1.00000000
1521.47167969	1.00000000
1521.50439453	1.00000000
1521.53320313	1.01960790
1521.56176758	1.01960790
1521.59448242	1.01960790
1521.62316895	1.01960790
1521.65197754	1.01960790
1521.68469238	1.01960790
1521.71325684	1.01960790
1521.74206543	1.01960790
1521.77478027	1.01960790
1521.80346680	1.01960790
1521.83215332	1.01960790
1521.86499023	1.03921568
1521.89355469	1.03921568
1521.92236328	1.01960790
1521.95507813	1.01960790
1521.98388672	1.01960790
1522.01245117	1.01960790
1522.04516602	1.01960790
1522.07385254	1.01960790
1522.10253906	1.03921568
1522.13525391	1.03921568
1522.16394043	1.03921568
1522.19262695	1.03921568
1522.22546387	1.03921568
1522.25402832	1.03921568
1522.28283691	1.03921568
1522.31555176	1.03921568
1522.34423828	1.03921568
1522.37280273	1.03921568
1522.40563965	1.03921568
1522.43432617	1.03921568
1522.46301270	1.03921568
1522.52441406	1.03921568
1522.55322266	1.03921568
1522.61450195	1.03921568
1522.64331055	1.03921568
1522.70471191	1.03921568
1522.73339844	1.03921568
1522.76196289	1.03921568
1522.79479980	1.03921568
1522.82336426	1.03921568
1522.85217285	1.03921568
1522.88488770	1.03921568
1522.91357422	1.03921568
1522.94226074	1.03921568
1522.97509766	1.03921568
1523.00366211	1.03921568
1523.03234863	1.03921568
1523.06518555	1.03921568
1523.09375000	1.03921568
1523.12255859	1.03921568
1523.15527344	1.03921568
1523.18383789	1.03921568
1523.21264648	1.03921568
1523.24536133	1.03921568
1523.27404785	1.03921568
1523.30273438	1.03921568
1523.33557129	1.03921568
1523.36413574	1.03921568
1523.39294434	1.03921568
1523.42565918	1.03921568
1523.45422363	1.03921568
1523.48303223	1.03921568
1523.51574707	1.03921568
1523.54443359	1.03921568
1523.57312012	1.03921568
1523.60595703	1.03921568
1523.63452148	1.03921568
1523.66333008	1.03921568
1523.69604492	1.03921568
1523.72473145	1.03921568
1523.75341797	1.03921568
1523.78613281	1.03921568
1523.81481934	1.03921568
1523.84362793	1.01960790
1523.87622070	1.01960790
1523.90490723	1.03921568
1523.93359375	1.03921568
1523.96643066	1.03921568
1523.99499512	1.03921568
1524.02380371	1.03921568
1524.05651855	1.03921568
1524.08508301	1.03921568
1524.11376953	1.03921568
1524.14660645	1.03921568
1524.17529297	1.03921568
1524.20385742	1.03921568
1524.23681641	1.03921568
1524.26538086	1.03921568
1524.29394531	1.03921568
1524.32690430	1.03921568
1524.35559082	1.03921568
1524.38415527	1.03921568
1524.41699219	1.03921568
1524.44567871	1.03921568
1524.47424316	1.03921568
1524.50695801	1.03921568
1524.53576660	1.03921568
1524.56433105	1.03921568
1524.59716797	1.03921568
1524.62585449	1.03921568
1524.65454102	1.03921568
1524.68725586	1.03921568
1524.71606445	1.03921568
1524.74475098	1.05882359
1524.80615234	1.05882359
1524.83471680	1.03921568
1524.89624023	1.03921568
1524.92480469	1.03921568
1524.98645020	1.03921568
1525.01501465	1.05882359
1525.04382324	1.05882359
1525.07653809	1.05882359
1525.10522461	1.05882359
1525.13391113	1.05882359
1525.16662598	1.05882359
1525.19531250	1.05882359
1525.22387695	1.05882359
1525.25683594	1.05882359
1525.28540039	1.05882359
1525.31396484	1.05882359
1525.34692383	1.05882359
1525.37548828	1.05882359
1525.40417480	1.05882359
1525.43701172	1.05882359
1525.46557617	1.05882359
1525.49426270	1.05882359
1525.52709961	1.05882359
1525.55578613	1.05882359
1525.58435059	1.05882359
1525.61706543	1.05882359
1525.64587402	1.05882359
1525.67456055	1.05882359
1525.70727539	1.05882359
1525.73608398	1.05882359
1525.76477051	1.05882359
1525.79748535	1.05882359
1525.82604980	1.05882359
1525.85485840	1.05882359
1525.88745117	1.05882359
1525.91638184	1.05882359
1525.94482422	1.05882359
1525.97778320	1.05882359
1526.00634766	1.05882359
1526.03503418	1.05882359
1526.06774902	1.05882359
1526.09655762	1.05882359
1526.12500000	1.05882359
1526.15783691	1.05882359
1526.18664551	1.05882359
1526.21520996	1.05882359
1526.24792480	1.05882359
1526.27673340	1.05882359
1526.30529785	1.05882359
1526.33813477	1.05882359
1526.36682129	1.05882359
1526.39550781	1.05882359
1526.42834473	1.05882359
1526.45703125	1.05882359
1526.48571777	1.05882359
1526.51843262	1.05882359
1526.54711914	1.05882359
1526.57568359	1.05882359
1526.60852051	1.05882359
1526.63720703	1.05882359
1526.66589355	1.05882359
1526.69873047	1.05882359
1526.72741699	1.05882359
1526.75598145	1.03921568
1526.78881836	1.03921568
1526.81750488	1.03921568
1526.84606934	1.03921568
1526.87890625	1.03921568
1526.90747070	1.03921568
1526.93615723	1.03921568
1526.96899414	1.05882359
1526.99768066	1.05882359
1527.02636719	1.05882359
1527.08776855	1.05882359
1527.11645508	1.05882359
1527.17797852	1.05882359
1527.20666504	1.05882359
1527.26794434	1.05882359
1527.29675293	1.05882359
1527.32531738	1.05882359
1527.35815430	1.05882359
1527.38696289	1.05882359
1527.41552734	1.05882359
1527.44824219	1.05882359
1527.47692871	1.05882359
1527.50573730	1.05882359
1527.53845215	1.05882359
1527.56701660	1.05882359
1527.59570313	1.05882359
1527.62841797	1.05882359
1527.65734863	1.05882359
1527.68579102	1.05882359
1527.71875000	1.05882359
1527.74731445	1.05882359
1527.77600098	1.05882359
1527.80871582	1.05882359
1527.83752441	1.05882359
1527.86608887	1.05882359
1527.89880371	1.05882359
1527.92761230	1.05882359
1527.95617676	1.05882359
1527.98901367	1.05882359
1528.01770020	1.05882359
1528.04638672	1.05882359
1528.07910156	1.05882359
1528.10791016	1.05882359
1528.13635254	1.05882359
1528.16931152	1.05882359
1528.19787598	1.05882359
1528.22656250	1.05882359
1528.25927734	1.05882359
1528.28796387	1.05882359
1528.31665039	1.05882359
1528.34948730	1.05882359
1528.37805176	1.05882359
1528.40686035	1.05882359
1528.43957520	1.05882359
1528.46826172	1.05882359
1528.49694824	1.05882359
1528.52966309	1.05882359
1528.55834961	1.05882359
1528.58715820	1.05882359
1528.61987305	1.05882359
1528.64843750	1.05882359
1528.67724609	1.05882359
1528.70996094	1.05882359
1528.73876953	1.05882359
1528.76733398	1.05882359
1528.80017090	1.05882359
1528.82873535	1.05882359
1528.85754395	1.05882359
1528.89013672	1.05882359
1528.91882324	1.05882359
1528.94763184	1.05882359
1528.98046875	1.05882359
1529.00891113	1.03921568
1529.03771973	1.03921568
1529.07043457	1.03921568
1529.09899902	1.03921568
1529.12780762	1.03921568
1529.16064453	1.03921568
1529.18920898	1.03921568
1529.21801758	1.03921568
1529.27929688	1.03921568
1529.30810547	1.03921568
1529.36950684	1.03921568
1529.39819336	1.03921568
1529.45959473	1.03921568
1529.48815918	1.05882359
1529.54968262	1.03921568
1529.57836914	1.05882359
1529.60717773	1.05882359
1529.63989258	1.05882359
1529.66845703	1.05882359
1529.69726563	1.05882359
1529.72998047	1.05882359
1529.75866699	1.05882359
1529.78735352	1.05882359
1529.82006836	1.05882359
1529.84875488	1.05882359
1529.87756348	1.05882359
1529.91015625	1.05882359
1529.93884277	1.05882359
1529.96765137	1.03921568
1530.00024414	1.03921568
1530.02893066	1.03921568
1530.05761719	1.03921568
1530.09045410	1.03921568
1530.11901855	1.03921568
1530.14794922	1.03921568
1530.18066406	1.03921568
1530.20922852	1.03921568
1530.23791504	1.03921568
1530.27062988	1.05882359
1530.29931641	1.05882359
1530.32812500	1.05882359
1530.36083984	1.05882359
1530.38940430	1.05882359
1530.41821289	1.05882359
1530.45092773	1.03921568
1530.47973633	1.05882359
1530.50830078	1.05882359
1530.54113770	1.05882359
1530.56970215	1.05882359
1530.59826660	1.05882359
1530.63122559	1.05882359
1530.65979004	1.05882359
1530.68847656	1.05882359
1530.72131348	1.05882359
1530.75000000	1.05882359
1530.77868652	1.05882359
1530.81140137	1.05882359
1530.84008789	1.05882359
1530.86877441	1.05882359
1530.90161133	1.03921568
1530.93017578	1.03921568
1530.95886230	1.03921568
1530.99169922	1.01960790
1531.02038574	1.01960790
1531.04895020	1.01960790
1531.08166504	1.01960790
1531.11047363	1.01960790
1531.13903809	1.01960790
1531.17199707	1.01960790
1531.20056152	1.01960790
1531.22912598	1.01960790
1531.26196289	1.01960790
1531.29077148	1.01960790
1531.31933594	1.01960790
1531.35205078	1.01960790
1531.38073730	1.01960790
1531.40942383	1.01960790
1531.44213867	1.01960790
1531.47094727	1.03921568
1531.49963379	1.03921568
1531.53234863	1.03921568
1531.56103516	1.03921568
1531.58972168	1.03921568
1531.65124512	1.01960790
1531.67980957	1.01960790
1531.74133301	1.01960790
1531.76989746	1.01960790
1531.83142090	1.01960790
1531.86010742	1.01960790
1531.88867188	1.01960790
1531.92163086	1.01960790
1531.95019531	1.01960790
1531.97888184	1.01960790
1532.01171875	1.01960790
1532.04040527	1.01960790
1532.06896973	1.01960790
1532.10180664	1.01960790
1532.13037109	1.01960790
1532.15905762	1.01960790
1532.19189453	1.01960790
1532.22058105	1.01960790
1532.24914551	1.01960790
1532.28198242	1.01960790
1532.31066895	1.01960790
1532.33935547	1.01960790
1532.37207031	1.01960790
1532.40075684	1.01960790
1532.42944336	1.01960790
1532.46215820	1.01960790
1532.49096680	1.01960790
1532.51965332	1.01960790
1532.55236816	1.01960790
1532.58105469	1.01960790
1532.60974121	1.01960790
1532.64245605	1.01960790
1532.67114258	1.01960790
1532.69970703	1.01960790
1532.73278809	1.01960790
1532.76135254	1.01960790
1532.78991699	1.01960790
1532.82263184	1.01960790
1532.85144043	1.01960790
1532.88000488	1.01960790
1532.91271973	1.01960790
1532.94152832	1.01960790
1532.97021484	1.01960790
1533.00292969	1.00000000
1533.03161621	1.00000000
1533.06030273	1.00000000
1533.09301758	1.00000000
1533.12170410	1.00000000
1533.15039063	1.00000000
1533.18322754	1.00000000
1533.21203613	1.00000000
1533.24060059	1.00000000
1533.27331543	1.01960790
1533.30212402	1.01960790
1533.33068848	1.01960790
1533.36352539	1.01960790
1533.39221191	1.01960790
1533.42077637	1.01960790
1533.45361328	1.01960790
1533.48229980	1.03921568
1533.51086426	1.03921568
1533.54370117	1.03921568
1533.57226563	1.03921568
1533.60107422	1.01960790
1533.63378906	1.03921568
1533.66247559	1.03921568
1533.69116211	1.03921568
1533.72387695	1.03921568
1533.75268555	1.03921568
1533.78125000	1.03921568
1533.84265137	1.03921568
1533.87145996	1.03921568
1533.93273926	1.03921568
1533.96154785	1.01960790
1534.02294922	1.01960790
1534.05163574	1.01960790
1534.11303711	1.01960790
1534.14172363	1.03921568
1534.17053223	1.03921568
1534.20312500	1.01960790
1534.23193359	1.01960790
1534.26049805	1.03921568
1534.29333496	1.01960790
1534.32202148	1.03921568
1534.35070801	1.03921568
1534.38342285	1.01960790
1534.41223145	1.01960790
1534.44067383	1.01960790
1534.47363281	1.03921568
1534.50219727	1.03921568
1534.53088379	1.03921568
1534.56359863	1.03921568
1534.59240723	1.03921568
1534.62097168	1.03921568
1534.65380859	1.03921568
1534.68249512	1.03921568
1534.71118164	1.03921568
1534.74389648	1.03921568
1534.77270508	1.03921568
1534.80126953	1.03921568
1534.83398438	1.03921568
1534.86267090	1.03921568
1534.89135742	1.03921568
1534.92419434	1.03921568
1534.95275879	1.03921568
1534.98156738	1.03921568
1535.01416016	1.05882359
1535.04284668	1.03921568
1535.07165527	1.03921568
1535.10449219	1.03921568
1535.13293457	1.03921568
1535.16186523	1.03921568
1535.19445801	1.05882359
1535.22314453	1.05882359
1535.25195313	1.05882359
1535.28466797	1.05882359
1535.31323242	1.05882359
1535.34204102	1.05882359
1535.37475586	1.05882359
1535.40344238	1.05882359
1535.43212891	1.05882359
1535.46484375	1.05882359
1535.49365234	1.05882359
1535.52221680	1.05882359
1535.55505371	1.05882359
1535.58361816	1.07843137
1535.61242676	1.07843137
1535.64514160	1.07843137
1535.67382813	1.07843137
1535.70251465	1.07843137
1535.73522949	1.07843137
1535.76379395	1.07843137
1535.79272461	1.09803927
1535.82531738	1.09803927
1535.85400391	1.09803927
1535.88281250	1.09803927
1535.91552734	1.09803927
1535.94409180	1.09803927
1535.97290039	1.09803927
1536.00561523	1.09803927
1536.03417969	1.09803927
1536.06286621	1.09803927
1536.12438965	1.09803927
1536.15307617	1.09803927
1536.21459961	1.09803927
1536.24316406	1.09803927
1536.30468750	1.09803927
1536.33325195	1.09803927
1536.36206055	1.09803927
1536.39477539	1.09803927
1536.42346191	1.07843137
1536.45214844	1.07843137
1536.48498535	1.09803927
1536.51367188	1.07843137
1536.54235840	1.09803927
1536.57495117	1.07843137
1536.60375977	1.07843137
1536.63232422	1.07843137
1536.66516113	1.07843137
1536.69372559	1.07843137
1536.72253418	1.07843137
1536.75524902	1.07843137
1536.78393555	1.07843137
1536.81262207	1.07843137
1536.84545898	1.07843137
1536.87402344	1.07843137
1536.90270996	1.07843137
1536.93554688	1.07843137
1536.96411133	1.07843137
1536.99291992	1.07843137
1537.02563477	1.09803927
1537.05419922	1.09803927
1537.08300781	1.09803927
1537.11584473	1.09803927
1537.14440918	1.09803927
1537.17321777	1.09803927
1537.20593262	1.09803927
1537.23461914	1.09803927
1537.26318359	1.09803927
1537.29602051	1.09803927
1537.32458496	1.09803927
1537.35339355	1.09803927
1537.38610840	1.09803927
1537.41479492	1.09803927
1537.44335938	1.09803927
1537.47631836	1.09803927
1537.50476074	1.09803927
1537.53369141	1.09803927
1537.56628418	1.09803927
1537.59497070	1.09803927
1537.62365723	1.07843137
1537.65637207	1.07843137
1537.68505859	1.07843137
1537.71374512	1.07843137
1537.74658203	1.07843137
1537.77526855	1.07843137
1537.80383301	1.07843137
1537.83666992	1.07843137
1537.86535645	1.09803927
1537.89392090	1.09803927
1537.92675781	1.09803927
1537.95544434	1.09803927
1537.98413086	1.09803927
1538.01684570	1.09803927
1538.04565430	1.09803927
1538.07421875	1.09803927
1538.10705566	1.09803927
1538.13574219	1.09803927
1538.16442871	1.09803927
1538.19714355	1.09803927
1538.22583008	1.09803927
1538.25451660	1.09803927
1538.28723145	1.09803927
1538.31591797	1.09803927
1538.34460449	1.09803927
1538.40612793	1.09803927
1538.43469238	1.09803927
1538.49621582	1.09803927
1538.52490234	1.09803927
1538.58630371	1.09803927
1538.61499023	1.09803927
1538.64355469	1.09803927
1538.67651367	1.09803927
1538.70507813	1.09803927
1538.73376465	1.09803927
1538.76660156	1.09803927
1538.79528809	1.09803927
1538.82373047	1.09803927
1538.85668945	1.09803927
1538.88537598	1.09803927
1538.91394043	1.09803927
1538.94677734	1.09803927
1538.97558594	1.09803927
1539.00402832	1.09803927
1539.03686523	1.09803927
1539.06555176	1.09803927
1539.09423828	1.09803927
1539.12695313	1.09803927
1539.15576172	1.09803927
1539.18432617	1.09803927
1539.21716309	1.09803927
1539.24584961	1.09803927
1539.27465820	1.09803927
1539.30725098	1.09803927
1539.33593750	1.09803927
1539.36462402	1.09803927
1539.39733887	1.09803927
1539.42614746	1.09803927
1539.45471191	1.09803927
1539.48767090	1.09803927
1539.51611328	1.09803927
1539.54492188	1.09803927
1539.57763672	1.09803927
1539.60632324	1.09803927
1539.63488770	1.09803927
1539.66772461	1.09803927
1539.69641113	1.09803927
1539.72509766	1.09803927
1539.75793457	1.09803927
1539.78674316	1.09803927
1539.81518555	1.09803927
1539.84802246	1.09803927
1539.87670898	1.11764705
1539.90527344	1.11764705
1539.93798828	1.11764705
1539.96679688	1.11764705
1539.99548340	1.11764705
1540.02819824	1.11764705
1540.05688477	1.11764705
1540.08544922	1.11764705
1540.11840820	1.11764705
1540.14709473	1.11764705
1540.17578125	1.11764705
1540.20837402	1.11764705
1540.23730469	1.11764705
1540.26574707	1.11764705
1540.29858398	1.11764705
1540.32714844	1.11764705
1540.35595703	1.11764705
1540.38867188	1.11764705
1540.41735840	1.11764705
1540.44604492	1.11764705
1540.47888184	1.11764705
1540.50756836	1.11764705
1540.53625488	1.11764705
1540.56896973	1.11764705
1540.59753418	1.09803927
1540.62634277	1.09803927
1540.68762207	1.09803927
1540.71643066	1.09803927
1540.77783203	1.09803927
1540.80664063	1.09803927
1540.86804199	1.09803927
1540.89672852	1.09803927
1540.92541504	1.09803927
1540.95800781	1.09803927
1540.98693848	1.09803927
1541.01538086	1.09803927
1541.04821777	1.09803927
1541.07690430	1.09803927
1541.10559082	1.09803927
1541.13830566	1.09803927
1541.16711426	1.09803927
1541.19567871	1.09803927
1541.22863770	1.09803927
1541.25720215	1.09803927
1541.28576660	1.11764705
1541.31860352	1.11764705
1541.34729004	1.09803927
1541.37597656	1.09803927
1541.40869141	1.09803927
1541.43737793	1.09803927
1541.46606445	1.09803927
1541.49890137	1.09803927
1541.52758789	1.09803927
1541.55627441	1.09803927
1541.58898926	1.09803927
1541.61767578	1.09803927
1541.64624023	1.09803927
1541.67907715	1.09803927
1541.70764160	1.09803927
1541.73657227	1.09803927
1541.76916504	1.09803927
1541.79785156	1.09803927
1541.82653809	1.11764705
1541.85937500	1.11764705
1541.88793945	1.11764705
1541.91674805	1.11764705
1541.94934082	1.11764705
1541.97814941	1.11764705
1542.00671387	1.11764705
1542.03967285	1.11764705
1542.06811523	1.11764705
1542.09704590	1.11764705
1542.12963867	1.11764705
1542.15832520	1.11764705
1542.18701172	1.11764705
1542.21984863	1.11764705
1542.24853516	1.11764705
1542.27722168	1.11764705
1542.30993652	1.11764705
1542.33862305	1.11764705
1542.36743164	1.11764705
1542.40002441	1.11764705
1542.42871094	1.11764705
1542.45751953	1.09803927
1542.49023438	1.09803927
1542.51879883	1.09803927
1542.54760742	1.09803927
1542.58032227	1.09803927
1542.60900879	1.09803927
1542.63745117	1.09803927
1542.67053223	1.09803927
1542.69909668	1.09803927
1542.72778320	1.09803927
1542.76049805	1.09803927
1542.78918457	1.09803927
1542.81787109	1.09803927
1542.85083008	1.09803927
1542.87927246	1.09803927
1542.90795898	1.09803927
1542.96936035	1.09803927
1542.99804688	1.09803927
1543.05957031	1.09803927
1543.08825684	1.09803927
1543.14978027	1.09803927
1543.17834473	1.09803927
1543.20703125	1.09803927
1543.23986816	1.09803927
1543.26855469	1.09803927
1543.29724121	1.09803927
1543.32983398	1.09803927
1543.35852051	1.09803927
1543.38732910	1.09803927
1543.42016602	1.09803927
1543.44860840	1.09803927
1543.47741699	1.09803927
1543.51013184	1.09803927
1543.53881836	1.09803927
1543.56750488	1.09803927
1543.60034180	1.09803927
1543.62890625	1.09803927
1543.65771484	1.09803927
1543.69042969	1.09803927
1543.71899414	1.09803927
1543.74780273	1.09803927
1543.78051758	1.09803927
1543.80920410	1.09803927
1543.83789063	1.11764705
1543.87084961	1.11764705
1543.89929199	1.11764705
1543.92797852	1.11764705
1543.96081543	1.11764705
1543.98950195	1.11764705
1544.01806641	1.11764705
1544.05102539	1.11764705
1544.07958984	1.11764705
1544.10827637	1.11764705
1544.14099121	1.11764705
1544.16967773	1.11764705
1544.19824219	1.11764705
1544.23120117	1.11764705
1544.25976563	1.11764705
1544.28857422	1.11764705
1544.32128906	1.11764705
1544.34997559	1.11764705
1544.37854004	1.11764705
1544.41137695	1.11764705
1544.44006348	1.11764705
1544.46875000	1.11764705
1544.50158691	1.11764705
1544.53015137	1.11764705
1544.55871582	1.11764705
1544.59155273	1.11764705
1544.62036133	1.11764705
1544.64892578	1.11764705
1544.68164063	1.11764705
1544.71044922	1.11764705
1544.73913574	1.11764705
1544.77172852	1.11764705
1544.80053711	1.11764705
1544.82910156	1.11764705
1544.86193848	1.11764705
1544.89062500	1.11764705
1544.91931152	1.11764705
1544.95202637	1.11764705
1544.98083496	1.11764705
1545.00952148	1.11764705
1545.04211426	1.11764705
1545.07080078	1.11764705
1545.09960938	1.11764705
1545.13220215	1.11764705
1545.16113281	1.11764705
1545.18969727	1.11764705
1545.25109863	1.11764705
1545.27978516	1.11764705
1545.34130859	1.11764705
1545.36987305	1.11764705
1545.43139648	1.11764705
1545.46008301	1.11764705
1545.48864746	1.11764705
1545.52160645	1.11764705
1545.55017090	1.11764705
1545.57873535	1.11764705
1545.61157227	1.11764705
1545.64025879	1.11764705
1545.66882324	1.11764705
1545.70178223	1.11764705
1545.73034668	1.11764705
1545.75903320	1.11764705
1545.79187012	1.11764705
1545.82055664	1.11764705
1545.84912109	1.11764705
1545.88195801	1.11764705
1545.91064453	1.13725495
1545.93933105	1.13725495
1545.97204590	1.13725495
1546.00085449	1.13725495
1546.02954102	1.13725495
1546.06213379	1.13725495
1546.09094238	1.13725495
1546.11950684	1.13725495
1546.15234375	1.13725495
1546.18103027	1.13725495
1546.20959473	1.11764705
1546.24255371	1.11764705
1546.27111816	1.11764705
1546.29968262	1.13725495
1546.33251953	1.11764705
1546.36120605	1.11764705
1546.38989258	1.13725495
1546.42260742	1.13725495
1546.45141602	1.13725495
1546.47998047	1.13725495
1546.51281738	1.13725495
1546.54150391	1.13725495
1546.57006836	1.13725495
1546.60290527	1.13725495
1546.63159180	1.13725495
1546.66027832	1.13725495
1546.69311523	1.13725495
1546.72180176	1.13725495
1546.75036621	1.13725495
1546.78320313	1.13725495
1546.81188965	1.13725495
1546.84045410	1.13725495
1546.87329102	1.13725495
1546.90185547	1.13725495
1546.93066406	1.13725495
1546.96337891	1.13725495
1546.99206543	1.13725495
1547.02075195	1.13725495
1547.05346680	1.13725495
1547.08215332	1.13725495
1547.11083984	1.13725495
1547.14367676	1.13725495
1547.17224121	1.13725495
1547.20104980	1.13725495
1547.23376465	1.13725495
1547.26257324	1.13725495
1547.29113770	1.13725495
1547.32385254	1.13725495
1547.35253906	1.13725495
1547.38122559	1.13725495
1547.41406250	1.13725495
1547.44262695	1.13725495
1547.47131348	1.13725495
1547.53271484	1.13725495
1547.56152344	1.13725495
1547.62292480	1.13725495
1547.65161133	1.13725495
1547.71301270	1.13725495
1547.74169922	1.13725495
1547.77038574	1.13725495
1547.80322266	1.13725495
1547.83190918	1.13725495
1547.86059570	1.13725495
1547.89318848	1.13725495
1547.92211914	1.13725495
1547.95068359	1.13725495
1547.98339844	1.13725495
1548.01208496	1.13725495
1548.04077148	1.13725495
1548.07348633	1.13725495
1548.10217285	1.13725495
1548.13085938	1.13725495
1548.16369629	1.13725495
1548.19226074	1.13725495
1548.22094727	1.13725495
1548.25378418	1.13725495
1548.28259277	1.13725495
1548.31115723	1.13725495
1548.34387207	1.13725495
1548.37255859	1.13725495
1548.40124512	1.13725495
1548.43408203	1.13725495
1548.46264648	1.13725495
1548.49145508	1.13725495
1548.52416992	1.13725495
1548.55273438	1.13725495
1548.58154297	1.13725495
1548.61425781	1.13725495
1548.64282227	1.13725495
1548.67163086	1.13725495
1548.70434570	1.13725495
1548.73303223	1.13725495
1548.76171875	1.13725495
1548.79455566	1.13725495
1548.82312012	1.13725495
1548.85192871	1.13725495
1548.88464355	1.13725495
1548.91333008	1.13725495
1548.94201660	1.13725495
1548.97473145	1.13725495
1549.00341797	1.13725495
1549.03210449	1.13725495
1549.06494141	1.13725495
1549.09350586	1.13725495
1549.12219238	1.13725495
1549.15502930	1.13725495
1549.18371582	1.13725495
1549.21240234	1.11764705
1549.24511719	1.11764705
1549.27380371	1.11764705
1549.30261230	1.11764705
1549.33520508	1.11764705
1549.36389160	1.11764705
1549.39245605	1.11764705
1549.42529297	1.11764705
1549.45422363	1.11764705
1549.48266602	1.11764705
1549.51550293	1.11764705
1549.54418945	1.13725495
1549.57263184	1.11764705
1549.60559082	1.11764705
1549.63427734	1.13725495
1549.66284180	1.11764705
1549.69555664	1.11764705
1549.72436523	1.11764705
1549.75292969	1.11764705
1549.81457520	1.13725495
1549.84313965	1.13725495
1549.90466309	1.13725495
1549.93322754	1.13725495
1549.99487305	1.13725495
1550.02343750	1.13725495
1550.05200195	1.13725495
1550.08483887	1.13725495
1550.11352539	1.13725495
1550.14221191	1.13725495
1550.17492676	1.13725495
1550.20349121	1.13725495
1550.23242188	1.13725495
1550.26513672	1.13725495
1550.29382324	1.13725495
1550.32238770	1.13725495
1550.35522461	1.13725495
1550.38378906	1.13725495
1550.41271973	1.13725495
1550.44531250	1.13725495
1550.47399902	1.13725495
1550.50256348	1.13725495
1550.53552246	1.13725495
1550.56408691	1.13725495
1550.59277344	1.13725495
1550.62561035	1.13725495
1550.65429688	1.13725495
1550.68286133	1.13725495
1550.71569824	1.13725495
1550.74438477	1.13725495
1550.77294922	1.13725495
1550.80578613	1.13725495
1550.83447266	1.13725495
1550.86303711	1.13725495
1550.89599609	1.13725495
1550.92468262	1.13725495
1550.95324707	1.13725495
1550.98608398	1.13725495
1551.01464844	1.13725495
1551.04357910	1.13725495
1551.07604980	1.13725495
1551.10485840	1.13725495
1551.13342285	1.13725495
1551.16625977	1.13725495
1551.19494629	1.13725495
1551.22363281	1.13725495
1551.25646973	1.13725495
1551.28515625	1.13725495
1551.31359863	1.13725495
1551.34643555	1.13725495
1551.37524414	1.13725495
1551.40405273	1.13725495
1551.43664551	1.13725495
1551.46533203	1.13725495
1551.49401855	1.13725495
1551.52661133	1.13725495
1551.55541992	1.13725495
1551.58398438	1.13725495
1551.61682129	1.13725495
1551.64550781	1.13725495
1551.67431641	1.13725495
1551.70690918	1.13725495
1551.73571777	1.13725495
1551.76428223	1.13725495
1551.79711914	1.13725495
1551.82580566	1.13725495
1551.85449219	1.13725495
1551.88720703	1.13725495
1551.91601563	1.13725495
1551.94458008	1.13725495
1551.97741699	1.13725495
1552.00598145	1.13725495
1552.03479004	1.13725495
1552.09619141	1.13725495
1552.12487793	1.13725495
1552.18640137	1.13725495
1552.21496582	1.13725495
1552.27648926	1.13725495
1552.30517578	1.13725495
1552.33361816	1.13725495
1552.36645508	1.13725495
1552.39514160	1.13725495
1552.42382813	1.13725495
1552.45654297	1.13725495
1552.48535156	1.13725495
1552.51391602	1.13725495
1552.54675293	1.13725495
1552.57543945	1.13725495
1552.60424805	1.13725495
1552.63671875	1.15686274
1552.66564941	1.15686274
1552.69409180	1.15686274
1552.72692871	1.13725495
1552.75573730	1.13725495
1552.78454590	1.13725495
1552.81713867	1.13725495
1552.84582520	1.13725495
1552.87438965	1.13725495
1552.90722656	1.13725495
1552.93603516	1.13725495
1552.96472168	1.13725495
1552.99743652	1.13725495
1553.02600098	1.13725495
1553.05456543	1.13725495
1553.08740234	1.13725495
1553.11621094	1.13725495
1553.14477539	1.13725495
1553.17749023	1.13725495
1553.20629883	1.13725495
1553.23498535	1.13725495
1553.26770020	1.13725495
1553.29650879	1.13725495
1553.32507324	1.13725495
1553.35778809	1.13725495
1553.38659668	1.13725495
1553.41516113	1.13725495
1553.44799805	1.13725495
1553.47668457	1.13725495
1553.50524902	1.13725495
1553.53808594	1.13725495
1553.56665039	1.13725495
1553.59545898	1.13725495
1553.62817383	1.13725495
1553.65686035	1.13725495
1553.68554688	1.13725495
1553.71826172	1.13725495
1553.74694824	1.13725495
1553.77575684	1.13725495
1553.80847168	1.13725495
1553.83715820	1.13725495
1553.86584473	1.13725495
1553.89855957	1.13725495
1553.92724609	1.13725495
1553.95593262	1.13725495
1553.98864746	1.13725495
1554.01745605	1.13725495
1554.04602051	1.13725495
1554.07885742	1.13725495
1554.10742188	1.13725495
1554.13623047	1.13725495
1554.16894531	1.13725495
1554.19750977	1.13725495
1554.22644043	1.13725495
1554.25903320	1.13725495
1554.28771973	1.13725495
1554.31640625	1.13725495
1554.37780762	1.13725495
1554.40661621	1.13725495
1554.46801758	1.13725495
1554.49670410	1.11764705
1554.55798340	1.13725495
1554.58691406	1.13725495
1554.61547852	1.13725495
1554.64819336	1.13725495
1554.67687988	1.13725495
1554.70556641	1.13725495
1554.73828125	1.13725495
1554.76696777	1.13725495
1554.79565430	1.13725495
1554.82836914	1.13725495
1554.85705566	1.13725495
1554.88586426	1.13725495
1554.91857910	1.13725495
1554.94714355	1.13725495
1554.97595215	1.13725495
1555.00866699	1.13725495
1555.03747559	1.13725495
1555.06616211	1.13725495
1555.09887695	1.13725495
1555.12744141	1.13725495
1555.15612793	1.13725495
1555.18896484	1.13725495
1555.21752930	1.13725495
1555.24633789	1.13725495
1555.27905273	1.13725495
1555.30761719	1.13725495
1555.33642578	1.13725495
1555.36914063	1.13725495
1555.39782715	1.13725495
1555.42651367	1.13725495
1555.45935059	1.13725495
1555.48791504	1.13725495
1555.51672363	1.13725495
1555.54943848	1.13725495
1555.57800293	1.13725495
1555.60681152	1.13725495
1555.63952637	1.13725495
1555.66821289	1.13725495
1555.69689941	1.13725495
1555.72985840	1.13725495
1555.75842285	1.13725495
1555.78710938	1.13725495
1555.81982422	1.13725495
1555.84838867	1.13725495
1555.87707520	1.13725495
1555.91015625	1.13725495
1555.93847656	1.13725495
1555.96716309	1.13725495
1556.00000000	1.13725495
1556.02868652	1.13725495
1556.05737305	1.13725495
1556.09020996	1.13725495
1556.11877441	1.13725495
1556.14746094	1.13725495
1556.18029785	1.13725495
1556.20898438	1.13725495
1556.23754883	1.11764705
1556.27038574	1.13725495
1556.29907227	1.13725495
1556.32763672	1.13725495
1556.36047363	1.13725495
1556.38916016	1.13725495
1556.41784668	1.13725495
1556.45056152	1.13725495
1556.47924805	1.13725495
1556.50793457	1.13725495
1556.54064941	1.13725495
1556.56945801	1.13725495
1556.59802246	1.13725495
1556.65954590	1.13725495
1556.68811035	1.13725495
1556.74963379	1.13725495
1556.77844238	1.13725495
1556.83984375	1.13725495
1556.86840820	1.13725495
1556.89709473	1.13725495
1556.92993164	1.11764705
1556.95861816	1.11764705
1556.98730469	1.11764705
1557.02001953	1.11764705
1557.04870605	1.11764705
1557.07739258	1.11764705
1557.11010742	1.11764705
1557.13879395	1.11764705
1557.16735840	1.11764705
1557.20031738	1.11764705
1557.22900391	1.11764705
1557.25756836	1.11764705
1557.29040527	1.11764705
1557.31909180	1.11764705
1557.34765625	1.13725495
1557.38061523	1.13725495
1557.40917969	1.13725495
1557.43786621	1.13725495
1557.47070313	1.13725495
1557.49926758	1.13725495
1557.52795410	1.13725495
1557.56066895	1.13725495
1557.58947754	1.13725495
1557.61804199	1.13725495
1557.65075684	1.13725495
1557.67956543	1.13725495
1557.70812988	1.13725495
1557.74084473	1.13725495
1557.76965332	1.13725495
1557.79846191	1.13725495
1557.83105469	1.13725495
1557.85974121	1.13725495
1557.88842773	1.13725495
1557.92114258	1.13725495
1557.94995117	1.13725495
1557.97863770	1.13725495
1558.01135254	1.13725495
1558.04003906	1.13725495
1558.06860352	1.13725495
1558.10144043	1.13725495
1558.13024902	1.13725495
1558.15881348	1.13725495
1558.19152832	1.13725495
1558.22033691	1.13725495
1558.24890137	1.13725495
1558.28161621	1.13725495
1558.31030273	1.13725495
1558.33898926	1.13725495
1558.37170410	1.13725495
1558.40063477	1.13725495
1558.42919922	1.13725495
1558.46191406	1.11764705
1558.49060059	1.11764705
1558.51928711	1.11764705
1558.55200195	1.11764705
1558.58081055	1.11764705
1558.60937500	1.11764705
1558.64208984	1.11764705
1558.67089844	1.11764705
1558.69946289	1.11764705
1558.73242188	1.11764705
1558.76098633	1.13725495
1558.78967285	1.13725495
1558.82238770	1.13725495
1558.85107422	1.13725495
1558.87988281	1.13725495
1558.94116211	1.13725495
1558.96984863	1.13725495
1559.03137207	1.13725495
1559.06005859	1.13725495
1559.12133789	1.13725495
1559.15014648	1.13725495
1559.17871094	1.13725495
1559.21154785	1.13725495
1559.24023438	1.13725495
1559.26892090	1.13725495
1559.30163574	1.13725495
1559.33044434	1.13725495
1559.35900879	1.13725495
1559.39172363	1.13725495
1559.42053223	1.13725495
1559.44909668	1.13725495
1559.48193359	1.13725495
1559.51062012	1.13725495
1559.53930664	1.13725495
1559.57202148	1.13725495
1559.60083008	1.47058821
1559.62939453	1.94117641
1559.66210938	2.25490189
1559.69091797	2.49019599
1559.71948242	2.62745094
1559.75231934	2.80392146
1559.78100586	2.92156863
1559.80957031	3.00000000
1559.84240723	3.07843137
1559.87121582	3.13725495
1559.89978027	3.17647052
1559.93249512	3.19607854
1559.96105957	3.21568632
1559.98986816	3.23529410
1560.02258301	3.25490189
1560.05126953	3.27450991
1560.07995605	3.27450991
1560.11267090	3.27450991
1560.14135742	3.29411769
1560.17016602	3.29411769
1560.20288086	3.29411769
1560.23156738	3.29411769
1560.26025391	3.29411769
1560.29309082	3.29411769
1560.32165527	3.29411769
1560.35046387	3.29411769
1560.38317871	3.29411769
1560.41174316	3.29411769
1560.44067383	3.29411769
1560.47326660	3.29411769
1560.50183105	3.29411769
1560.53063965	3.27450991
1560.56335449	3.25490189
1560.59204102	3.05882359
1560.62072754	2.74509811
1560.65356445	2.47058821
1560.68212891	2.33333325
1560.71081543	2.21568632
1560.74365234	2.13725495
1560.77233887	2.03921580
1560.80102539	1.98039210
1560.83374023	1.94117641
1560.86242676	1.86274505
1560.89111328	1.80392158
1560.92395020	1.78431368
1560.95251465	1.76470590
1560.98132324	1.72549021
1561.01403809	1.74509799
1561.04272461	1.76470590
1561.07128906	1.76470590
1561.10412598	1.78431368
1561.13269043	1.74509799
1561.16149902	1.70588231
1561.22290039	1.64705884
1561.25158691	1.60784316
1561.31298828	1.62745094
1561.34155273	1.66666663
1561.40307617	1.70588231
1561.43176270	1.74509799
1561.46044922	1.76470590
1561.49328613	1.78431368
1561.52185059	1.80392158
1561.55065918	1.80392158
1561.58337402	1.80392158
1561.61193848	1.78431368
1561.64074707	1.78431368
1561.67346191	1.80392158
1561.70214844	1.80392158
1561.73095703	1.82352936
1561.76367188	1.82352936
1561.79248047	1.80392158
1561.82092285	1.84313726
1561.85375977	1.88235295
1561.88232422	1.88235295
1561.91113281	1.86274505
1561.94384766	1.76470590
1561.97253418	1.76470590
1562.00122070	1.74509799
1562.03393555	1.70588231
1562.06250000	1.68627453
1562.09143066	1.64705884
1562.12402344	1.58823526
1562.15270996	1.56862748
1562.18151855	1.54901958
1562.21423340	1.54901958
1562.24279785	1.56862748
1562.27160645	1.56862748
1562.30444336	1.60784316
1562.33300781	1.60784316
1562.36169434	1.60784316
1562.39453125	1.60784316
1562.42309570	1.62745094
1562.45190430	1.62745094
1562.48461914	1.64705884
1562.51318359	1.66666663
1562.54199219	1.66666663
1562.57470703	1.66666663
1562.60339355	1.66666663
1562.63195801	1.70588231
1562.66491699	1.70588231
1562.69348145	1.68627453
1562.72204590	1.66666663
1562.75488281	1.64705884
1562.78356934	1.62745094
1562.81225586	1.60784316
1562.84509277	1.58823526
1562.87377930	1.56862748
1562.90234375	1.54901958
1562.93518066	1.52941179
1562.96386719	1.52941179
1562.99243164	1.52941179
1563.02539063	1.52941179
1563.05395508	1.47058821
1563.08251953	1.43137252
1563.11535645	1.41176474
1563.14404297	1.39215684
1563.17272949	1.41176474
1563.20544434	1.41176474
1563.23425293	1.43137252
1563.26281738	1.45098042
1563.29565430	1.47058821
1563.32434082	1.49019611
1563.35302734	1.49019611
1563.38574219	1.50980389
1563.41455078	1.50980389
1563.44311523	1.52941179
1563.50476074	1.58823526
1563.53332520	1.58823526
1563.59472656	1.56862748
1563.62329102	1.56862748
1563.68481445	1.54901958
1563.71350098	1.52941179
1563.74206543	1.50980389
1563.77490234	1.50980389
1563.80358887	1.50980389
1563.83227539	1.50980389
1563.86511230	1.54901958
1563.89367676	1.54901958
1563.92236328	1.54901958
1563.95520020	1.52941179
1563.98376465	1.52941179
1564.01245117	1.56862748
1564.04541016	1.58823526
1564.07409668	1.60784316
1564.10266113	1.60784316
1564.13549805	1.60784316
1564.16418457	1.60784316
1564.19274902	1.62745094
1564.22558594	1.62745094
1564.25415039	1.62745094
1564.28283691	1.64705884
1564.31555176	1.66666663
1564.34436035	1.66666663
1564.37292480	1.66666663
1564.40576172	1.68627453
1564.43444824	1.70588231
1564.46313477	1.70588231
1564.49572754	1.70588231
1564.52453613	1.72549021
1564.55334473	1.74509799
1564.58593750	1.76470590
1564.61474609	1.78431368
1564.64331055	1.76470590
1564.67602539	1.74509799
1564.70483398	1.72549021
1564.73339844	1.72549021
1564.76635742	1.72549021
1564.79504395	1.72549021
1564.82360840	1.72549021
1564.85632324	1.70588231
1564.88513184	1.68627453
1564.91369629	1.66666663
1564.94641113	1.66666663
1564.97521973	1.66666663
1565.00378418	1.64705884
1565.03662109	1.64705884
1565.06530762	1.62745094
1565.09399414	1.62745094
1565.12670898	1.62745094
1565.15551758	1.60784316
1565.18408203	1.60784316
1565.21679688	1.60784316
1565.24560547	1.58823526
1565.27416992	1.58823526
1565.30688477	1.60784316
1565.33557129	1.62745094
1565.36425781	1.66666663
1565.39709473	1.68627453
1565.42590332	1.68627453
1565.45446777	1.70588231
1565.48718262	1.72549021
1565.51574707	1.72549021
1565.54455566	1.72549021
1565.57727051	1.72549021
1565.60595703	1.70588231
1565.63464355	1.70588231
1565.66748047	1.68627453
1565.69604492	1.70588231
1565.72485352	1.72549021
1565.78625488	1.72549021
1565.81494141	1.74509799
1565.87634277	1.72549021
1565.90502930	1.72549021
1565.96643066	1.72549021
1565.99511719	1.72549021
1566.02380371	1.70588231
1566.05651855	1.70588231
1566.08532715	1.70588231
1566.11389160	1.68627453
1566.14660645	1.68627453
1566.17541504	1.68627453
1566.20410156	1.68627453
1566.23681641	1.68627453
1566.26562500	1.64705884
1566.29431152	1.66666663
1566.32690430	1.66666663
1566.35571289	1.64705884
1566.38427734	1.64705884
1566.41711426	1.64705884
1566.44580078	1.64705884
1566.47448730	1.64705884
1566.50744629	1.66666663
1566.53601074	1.68627453
1566.56457520	1.68627453
1566.59729004	1.66666663
1566.62609863	1.66666663
1566.65466309	1.68627453
1566.68737793	1.66666663
1566.71606445	1.66666663
1566.74475098	1.64705884
1566.77758789	1.64705884
1566.80639648	1.62745094
1566.83496094	1.64705884
1566.86767578	1.64705884
1566.89624023	1.64705884
1566.92504883	1.64705884
1566.95776367	1.64705884
1566.98632813	1.62745094
1567.01513672	1.60784316
1567.04797363	1.58823526
1567.07653809	1.58823526
1567.10534668	1.58823526
1567.13806152	1.60784316
1567.16674805	1.60784316
1567.19543457	1.60784316
1567.22827148	1.62745094
1567.25671387	1.62745094
1567.28564453	1.62745094
1567.31835938	1.64705884
1567.34692383	1.64705884
1567.37561035	1.64705884
1567.40844727	1.66666663
1567.43713379	1.66666663
1567.46582031	1.66666663
1567.49853516	1.66666663
1567.52722168	1.66666663
1567.55590820	1.64705884
1567.58862305	1.62745094
1567.61730957	1.62745094
1567.64599609	1.62745094
1567.67883301	1.62745094
1567.70739746	1.64705884
1567.73620605	1.64705884
1567.76892090	1.64705884
1567.79748535	1.62745094
1567.82629395	1.60784316
1567.85913086	1.58823526
1567.88769531	1.58823526
1567.91650391	1.58823526
1567.94921875	1.58823526
1567.97778320	1.58823526
1568.00634766	1.56862748
1568.06787109	1.56862748
1568.09655762	1.58823526
1568.15808105	1.60784316
1568.18664551	1.58823526
1568.24816895	1.58823526
1568.27685547	1.56862748
1568.30541992	1.56862748
1568.33825684	1.56862748
1568.36694336	1.56862748
1568.39562988	1.58823526
1568.42846680	1.58823526
1568.45703125	1.60784316
1568.48583984	1.62745094
1568.51843262	1.62745094
1568.54736328	1.60784316
1568.57592773	1.58823526
1568.60864258	1.58823526
1568.63732910	1.60784316
1568.66613770	1.62745094
1568.69885254	1.66666663
1568.72741699	1.68627453
1568.75610352	1.68627453
1568.78894043	1.68627453
1568.81750488	1.64705884
1568.84631348	1.62745094
1568.87890625	1.60784316
1568.90771484	1.58823526
1568.93640137	1.58823526
1568.96911621	1.60784316
1568.99780273	1.60784316
1569.02648926	1.60784316
1569.05920410	1.60784316
1569.08801270	1.60784316
1569.11669922	1.62745094
1569.14941406	1.62745094
1569.17810059	1.64705884
1569.20666504	1.62745094
1569.23962402	1.62745094
1569.26818848	1.64705884
1569.29675293	1.64705884
1569.32958984	1.66666663
1569.35827637	1.62745094
1569.38684082	1.62745094
1569.41979980	1.62745094
1569.44836426	1.64705884
1569.47705078	1.64705884
1569.50988770	1.66666663
1569.53857422	1.66666663
1569.56726074	1.66666663
1569.60009766	1.68627453
1569.62854004	1.70588231
1569.65722656	1.72549021
1569.69006348	1.72549021
1569.71875000	1.70588231
1569.74731445	1.68627453
1569.78027344	1.66666663
1569.80883789	1.66666663
1569.83752441	1.66666663
1569.87023926	1.66666663
1569.89904785	1.64705884
1569.92761230	1.60784316
1569.96032715	1.60784316
1569.98913574	1.60784316
1570.01782227	1.60784316
1570.05041504	1.60784316
1570.07922363	1.60784316
1570.10791016	1.60784316
1570.14062500	1.60784316
1570.16943359	1.60784316
1570.19799805	1.60784316
1570.23083496	1.58823526
1570.25952148	1.56862748
1570.28833008	1.60784316
1570.34973145	1.64705884
1570.37817383	1.66666663
1570.43981934	1.66666663
1570.46838379	1.68627453
1570.52990723	1.68627453
1570.55847168	1.68627453
1570.58728027	1.66666663
1570.61999512	1.60784316
1570.64868164	1.58823526
1570.67724609	1.56862748
1570.71008301	1.56862748
1570.73876953	1.54901958
1570.76733398	1.54901958
1570.80029297	1.54901958
1570.82885742	1.50980389
1570.85754395	1.50980389
1570.89038086	1.50980389
1570.91906738	1.50980389
1570.94750977	1.50980389
1570.98034668	1.50980389
1571.00915527	1.50980389
1571.03784180	1.52941179
1571.07043457	1.54901958
1571.09924316	1.54901958
1571.12780762	1.56862748
1571.16064453	1.56862748
1571.18933105	1.54901958
1571.21801758	1.52941179
1571.25073242	1.50980389
1571.27941895	1.50980389
1571.30834961	1.49019611
1571.34082031	1.49019611
1571.36962891	1.49019611
1571.39831543	1.49019611
1571.43103027	1.49019611
1571.45971680	1.50980389
1571.48840332	1.50980389
1571.52124023	1.52941179
1571.54992676	1.52941179
1571.57849121	1.54901958
1571.61132813	1.56862748
1571.64001465	1.58823526
1571.66870117	1.56862748
1571.70129395	1.56862748
1571.73010254	1.56862748
1571.75866699	1.56862748
1571.79150391	1.54901958
1571.82019043	1.54901958
1571.84899902	1.54901958
1571.88159180	1.54901958
1571.91040039	1.54901958
1571.93884277	1.54901958
1571.97167969	1.54901958
1572.00048828	1.52941179
1572.02905273	1.50980389
1572.06188965	1.50980389
1572.09057617	1.50980389
1572.11926270	1.49019611
1572.15197754	1.47058821
1572.18066406	1.45098042
1572.20935059	1.43137252
1572.24218750	1.43137252
1572.27075195	1.41176474
1572.29956055	1.41176474
1572.33227539	1.43137252
1572.36096191	1.47058821
1572.38964844	1.47058821
1572.42236328	1.49019611
1572.45092773	1.49019611
1572.47985840	1.49019611
1572.51245117	1.50980389
1572.54125977	1.52941179
1572.56982422	1.52941179
1572.63122559	1.54901958
1572.66003418	1.56862748
1572.72143555	1.56862748
1572.75012207	1.56862748
1572.81152344	1.54901958
1572.84020996	1.54901958
1572.86889648	1.54901958
1572.90161133	1.54901958
1572.93029785	1.54901958
1572.95898438	1.52941179
1572.99182129	1.52941179
1573.02050781	1.54901958
1573.04919434	1.54901958
1573.08178711	1.54901958
1573.11071777	1.54901958
1573.13928223	1.54901958
1573.17199707	1.54901958
1573.20068359	1.54901958
1573.22937012	1.52941179
1573.26220703	1.50980389
1573.29077148	1.49019611
1573.31945801	1.50980389
1573.35229492	1.50980389
1573.38085938	1.50980389
1573.40954590	1.52941179
1573.44238281	1.52941179
1573.47106934	1.52941179
1573.49963379	1.49019611
1573.53247070	1.49019611
1573.56127930	1.49019611
1573.58984375	1.49019611
1573.62255859	1.49019611
1573.65124512	1.50980389
1573.67993164	1.50980389
1573.71276855	1.50980389
1573.74133301	1.50980389
1573.77014160	1.50980389
1573.80285645	1.50980389
1573.83154297	1.50980389
1573.86022949	1.50980389
1573.89294434	1.50980389
1573.92163086	1.54901958
1573.95031738	1.52941179
1573.98315430	1.49019611
1574.01171875	1.49019611
1574.04040527	1.47058821
1574.07324219	1.47058821
1574.10192871	1.47058821
1574.13049316	1.45098042
1574.16333008	1.45098042
1574.19189453	1.45098042
1574.22082520	1.45098042
1574.25341797	1.45098042
1574.28222656	1.47058821
1574.31079102	1.47058821
1574.34362793	1.45098042
1574.37231445	1.45098042
1574.40100098	1.45098042
1574.43371582	1.43137252
1574.46228027	1.43137252
1574.49108887	1.43137252
1574.52380371	1.43137252
1574.55249023	1.43137252
1574.58117676	1.43137252
1574.61401367	1.43137252
1574.64257813	1.43137252
1574.67126465	1.43137252
1574.70410156	1.43137252
1574.73278809	1.43137252
1574.76135254	1.41176474
1574.79418945	1.39215684
1574.82275391	1.41176474
1574.85144043	1.41176474
1574.91308594	1.43137252
1574.94152832	1.43137252
1575.00305176	1.39215684
1575.03173828	1.39215684
1575.09326172	1.39215684
1575.12182617	1.41176474
1575.15063477	1.41176474
1575.18334961	1.41176474
1575.21191406	1.39215684
1575.24060059	1.39215684
1575.27343750	1.39215684
1575.30224609	1.37254906
1575.33081055	1.39215684
1575.36364746	1.39215684
1575.39221191	1.39215684
1575.42089844	1.41176474
1575.45373535	1.41176474
1575.48242188	1.41176474
1575.51110840	1.41176474
1575.54394531	1.41176474
1575.57238770	1.41176474
1575.60119629	1.41176474
1575.63391113	1.43137252
1575.66259766	1.43137252
1575.69128418	1.47058821
1575.72412109	1.52941179
1575.75268555	1.54901958
1575.78125000	1.58823526
1575.81420898	1.60784316
1575.84289551	1.64705884
1575.87145996	1.64705884
1575.90429688	1.62745094
1575.93298340	1.62745094
1575.96154785	1.56862748
1575.99450684	1.56862748
1576.02319336	1.54901958
1576.05163574	1.54901958
1576.08459473	1.54901958
1576.11328125	1.58823526
1576.14184570	1.62745094
1576.17480469	1.64705884
1576.20336914	1.68627453
1576.23193359	1.68627453
1576.26477051	1.66666663
1576.29345703	1.66666663
1576.32214355	1.66666663
1576.35498047	1.66666663
1576.38354492	1.64705884
1576.41223145	1.60784316
1576.44494629	1.58823526
1576.47375488	1.58823526
1576.50231934	1.54901958
1576.53527832	1.56862748
1576.56384277	1.58823526
1576.59252930	1.62745094
1576.62512207	1.66666663
1576.65393066	1.68627453
1576.68261719	1.74509799
1576.71533203	1.74509799
1576.74401855	1.76470590
1576.77270508	1.78431368
1576.80541992	1.76470590
1576.83422852	1.74509799
1576.86291504	1.70588231
1576.89562988	1.70588231
1576.92431641	1.66666663
1576.95288086	1.64705884
1576.98571777	1.64705884
1577.01440430	1.64705884
1577.04309082	1.66666663
1577.10461426	1.68627453
1577.13317871	1.70588231
1577.19470215	1.72549021
1577.22338867	1.72549021
1577.28491211	1.72549021
1577.31335449	1.70588231
1577.37487793	1.66666663
1577.40356445	1.66666663
1577.43225098	1.66666663
1577.46496582	1.66666663
1577.49377441	1.66666663
1577.52233887	1.64705884
1577.55529785	1.62745094
1577.58386230	1.60784316
1577.61242676	1.58823526
1577.64514160	1.58823526
1577.67407227	1.60784316
1577.70251465	1.60784316
1577.73535156	1.58823526
1577.76403809	1.58823526
1577.79272461	1.60784316
1577.82531738	1.62745094
1577.85424805	1.64705884
1577.88269043	1.64705884
1577.91564941	1.62745094
1577.94433594	1.60784316
1577.97290039	1.56862748
1578.00561523	1.54901958
1578.03442383	1.52941179
1578.06323242	1.52941179
1578.09594727	1.50980389
1578.12451172	1.50980389
1578.15319824	1.52941179
1578.18591309	1.54901958
1578.21472168	1.52941179
1578.24340820	1.50980389
1578.27624512	1.49019611
1578.30480957	1.49019611
1578.33337402	1.49019611
1578.36621094	1.47058821
1578.39489746	1.45098042
1578.42358398	1.43137252
1578.45629883	1.43137252
1578.48510742	1.43137252
1578.51367188	1.43137252
1578.54650879	1.41176474
1578.57507324	1.41176474
1578.60388184	1.39215684
1578.63647461	1.41176474
1578.66528320	1.41176474
1578.69396973	1.43137252
1578.72668457	1.45098042
1578.75524902	1.47058821
1578.78405762	1.49019611
1578.81677246	1.49019611
1578.84545898	1.49019611
1578.87414551	1.47058821
1578.90698242	1.45098042
1578.93554688	1.47058821
1578.96435547	1.49019611
1578.99707031	1.49019611
1579.02575684	1.50980389
1579.05444336	1.50980389
1579.08703613	1.52941179
1579.11572266	1.52941179
1579.14453125	1.52941179
1579.17736816	1.50980389
1579.20581055	1.50980389
1579.23474121	1.52941179
1579.26733398	1.52941179
1579.29626465	1.54901958
1579.32470703	1.54901958
1579.38610840	1.50980389
1579.41491699	1.50980389
1579.47631836	1.50980389
1579.50500488	1.52941179
1579.56640625	1.52941179
1579.59521484	1.52941179
1579.65649414	1.52941179
1579.68530273	1.52941179
1579.71386719	1.52941179
1579.74670410	1.54901958
1579.77539063	1.54901958
1579.80407715	1.52941179
1579.83679199	1.52941179
1579.86560059	1.52941179
1579.89416504	1.50980389
1579.92700195	1.50980389
1579.95556641	1.50980389
1579.98437500	1.49019611
1580.01721191	1.49019611
1580.04553223	1.47058821
1580.07434082	1.49019611
1580.10705566	1.50980389
1580.13574219	1.52941179
1580.16455078	1.52941179
1580.19726563	1.52941179
1580.22595215	1.52941179
1580.25463867	1.52941179
1580.28747559	1.54901958
1580.31616211	1.56862748
1580.34472656	1.58823526
1580.37744141	1.58823526
1580.40612793	1.58823526
1580.43493652	1.58823526
1580.46765137	1.58823526
1580.49633789	1.58823526
1580.52502441	1.58823526
1580.55786133	1.56862748
1580.58642578	1.56862748
1580.61511230	1.56862748
1580.64782715	1.58823526
1580.67651367	1.56862748
1580.70520020	1.54901958
1580.73803711	1.54901958
1580.76660156	1.58823526
1580.79541016	1.64705884
1580.82812500	1.68627453
1580.85681152	1.68627453
1580.88549805	1.70588231
1580.91833496	1.72549021
1580.94689941	1.74509799
1580.97558594	1.74509799
1581.00842285	1.74509799
1581.03723145	1.74509799
1581.06579590	1.74509799
1581.09851074	1.76470590
1581.12719727	1.76470590
1581.15588379	1.74509799
1581.18859863	1.74509799
1581.21728516	1.74509799
1581.24584961	1.72549021
1581.27880859	1.68627453
1581.30749512	1.68627453
1581.33618164	1.70588231
1581.36889648	1.68627453
1581.39770508	1.66666663
1581.42614746	1.66666663
1581.45898438	1.66666663
1581.48767090	1.66666663
1581.51623535	1.68627453
1581.54919434	1.68627453
1581.57775879	1.66666663
1581.60644531	1.64705884
1581.66796875	1.64705884
1581.69641113	1.62745094
1581.75793457	1.64705884
1581.78662109	1.64705884
1581.84814453	1.66666663
1581.87670898	1.66666663
1581.93835449	1.70588231
1581.96691895	1.72549021
1581.99560547	1.72549021
1582.02844238	1.74509799
1582.05712891	1.76470590
1582.08569336	1.74509799
1582.11853027	1.76470590
1582.14709473	1.76470590
1582.17590332	1.74509799
1582.20861816	1.74509799
1582.23730469	1.72549021
1582.26599121	1.72549021
1582.29882813	1.70588231
1582.32739258	1.74509799
1582.35620117	1.76470590
1582.38879395	1.78431368
1582.41760254	1.78431368
1582.44616699	1.78431368
1582.47900391	1.72549021
1582.50756836	1.72549021
1582.53625488	1.74509799
1582.56909180	1.74509799
1582.59777832	1.74509799
1582.62634277	1.72549021
1582.65930176	1.72549021
1582.68786621	1.72549021
1582.71655273	1.72549021
1582.74938965	1.72549021
1582.77795410	1.74509799
1582.80664063	1.72549021
1582.83935547	1.72549021
1582.86816406	1.72549021
1582.89672852	1.72549021
1582.92956543	1.72549021
1582.95825195	1.74509799
1582.98693848	1.72549021
1583.01965332	1.72549021
1583.04846191	1.72549021
1583.07714844	1.72549021
1583.10974121	1.74509799
1583.13842773	1.76470590
1583.16711426	1.74509799
1583.19982910	1.72549021
1583.22863770	1.70588231
1583.25720215	1.70588231
1583.29016113	1.70588231
1583.31872559	1.70588231
1583.34729004	1.68627453
1583.38012695	1.68627453
1583.40893555	1.68627453
1583.43750000	1.68627453
1583.47021484	1.70588231
1583.49902344	1.68627453
1583.52758789	1.68627453
1583.56030273	1.68627453
1583.58911133	1.68627453
1583.61779785	1.68627453
1583.65051270	1.70588231
1583.67932129	1.70588231
1583.70788574	1.68627453
1583.74060059	1.68627453
1583.76928711	1.68627453
1583.79797363	1.68627453
1583.83068848	1.68627453
1583.85949707	1.68627453
1583.88806152	1.66666663
1583.94958496	1.66666663
1583.97827148	1.64705884
1584.03967285	1.64705884
1584.06835938	1.66666663
1584.12988281	1.66666663
1584.15856934	1.64705884
1584.21984863	1.64705884
1584.24865723	1.66666663
1584.27722168	1.66666663
1584.31018066	1.68627453
1584.33874512	1.70588231
1584.36743164	1.70588231
1584.40014648	1.74509799
1584.42895508	1.76470590
1584.45739746	1.76470590
1584.49023438	1.76470590
1584.51892090	1.74509799
1584.54760742	1.76470590
1584.58032227	1.76470590
1584.60913086	1.74509799
1584.63769531	1.70588231
1584.67041016	1.68627453
1584.69921875	1.66666663
1584.72790527	1.66666663
1584.76062012	1.66666663
1584.78930664	1.64705884
1584.81787109	1.64705884
1584.85070801	1.62745094
1584.87939453	1.62745094
1584.90808105	1.60784316
1584.94091797	1.60784316
1584.96960449	1.62745094
1584.99829102	1.62745094
1585.03112793	1.62745094
1585.05969238	1.64705884
1585.08837891	1.66666663
1585.12109375	1.66666663
1585.14978027	1.68627453
1585.17846680	1.66666663
1585.21118164	1.66666663
1585.23999023	1.68627453
1585.26855469	1.70588231
1585.30139160	1.68627453
1585.33007813	1.68627453
1585.35876465	1.68627453
1585.39147949	1.68627453
1585.42016602	1.68627453
1585.44873047	1.70588231
1585.48156738	1.72549021
1585.51025391	1.76470590
1585.53906250	1.78431368
1585.57177734	1.76470590
1585.60046387	1.78431368
1585.62902832	1.76470590
1585.66186523	1.76470590
1585.69055176	1.76470590
1585.71936035	1.76470590
1585.75195313	1.76470590
1585.78063965	1.76470590
1585.80932617	1.74509799
1585.84216309	1.72549021
1585.87072754	1.70588231
1585.89941406	1.70588231
1585.93225098	1.70588231
1585.96081543	1.68627453
1585.98962402	1.68627453
1586.02233887	1.70588231
1586.05114746	1.70588231
1586.07971191	1.70588231
1586.11242676	1.72549021
1586.14111328	1.74509799
1586.16992188	1.74509799
1586.23120117	1.76470590
1586.25988770	1.76470590
1586.32128906	1.76470590
1586.35009766	1.78431368
1586.41149902	1.74509799
1586.44018555	1.74509799
1586.46887207	1.74509799
1586.50170898	1.74509799
1586.53027344	1.72549021
1586.55895996	1.72549021
1586.59179688	1.72549021
1586.62048340	1.70588231
1586.64904785	1.72549021
1586.68188477	1.74509799
1586.71044922	1.78431368
1586.73925781	1.78431368
1586.77197266	1.80392158
1586.80065918	1.84313726
1586.82934570	1.86274505
1586.86206055	1.92156863
1586.89062500	1.96078432
1586.91955566	1.98039210
1586.95214844	1.98039210
1586.98083496	1.98039210
1587.00952148	1.98039210
1587.04235840	1.98039210
1587.07104492	1.98039210
1587.09973145	1.96078432
1587.13244629	1.94117641
1587.16113281	1.92156863
1587.18981934	1.90196073
1587.22253418	1.90196073
1587.25122070	1.88235295
1587.27990723	1.86274505
1587.31274414	1.86274505
1587.34130859	1.86274505
1587.37011719	1.86274505
1587.40283203	1.84313726
1587.43151855	1.84313726
1587.46020508	1.88235295
1587.49291992	1.92156863
1587.52148438	1.94117641
1587.55041504	1.96078432
1587.58300781	1.96078432
1587.61169434	1.94117641
1587.64038086	1.92156863
1587.67321777	1.94117641
1587.70178223	1.92156863
1587.73071289	1.92156863
1587.76342773	1.92156863
1587.79199219	1.92156863
1587.82055664	1.94117641
1587.85351563	1.96078432
1587.88208008	2.00000000
1587.91076660	2.01960778
1587.94360352	2.01960778
1587.97216797	2.03921580
1588.00073242	2.01960778
1588.03381348	2.01960778
1588.06237793	2.00000000
1588.09106445	1.98039210
1588.12390137	1.98039210
1588.15246582	1.98039210
1588.18115234	1.98039210
1588.21398926	1.98039210
1588.24255371	1.96078432
1588.27111816	1.96078432
1588.30407715	1.98039210
1588.33264160	2.01960778
1588.36132813	2.01960778
1588.39416504	2.03921580
1588.42285156	2.05882359
1588.45141602	2.07843137
1588.51281738	2.07843137
1588.54162598	2.07843137
1588.60314941	2.07843137
1588.63159180	2.07843137
1588.69311523	2.05882359
1588.72192383	2.00000000
1588.78332520	1.98039210
1588.81213379	1.94117641
1588.84069824	1.90196073
1588.87353516	1.88235295
1588.90209961	1.88235295
1588.93078613	1.88235295
1588.96350098	1.90196073
1588.99218750	1.94117641
1589.02099609	2.00000000
1589.05371094	2.01960778
1589.08227539	2.01960778
1589.11108398	2.01960778
1589.14379883	1.98039210
1589.17248535	1.94117641
1589.20104980	1.96078432
1589.23400879	1.94117641
1589.26245117	1.92156863
1589.29113770	1.92156863
1589.32409668	1.94117641
1589.35278320	1.92156863
1589.38122559	1.90196073
1589.41418457	1.88235295
1589.44287109	1.90196073
1589.47155762	1.90196073
1589.50427246	1.86274505
1589.53295898	1.86274505
1589.56152344	1.86274505
1589.59436035	1.86274505
1589.62304688	1.88235295
1589.65173340	1.88235295
1589.68444824	1.88235295
1589.71325684	1.90196073
1589.74182129	1.92156863
1589.77453613	1.92156863
1589.80334473	1.90196073
1589.83203125	1.88235295
1589.86474609	1.88235295
1589.89343262	1.86274505
1589.92211914	1.86274505
1589.95471191	1.86274505
1589.98364258	1.86274505
1590.01208496	1.84313726
1590.04504395	1.86274505
1590.07348633	1.86274505
1590.10229492	1.84313726
1590.13488770	1.84313726
1590.16381836	1.86274505
1590.19238281	1.86274505
1590.22521973	1.86274505
1590.25390625	1.88235295
1590.28259277	1.92156863
1590.31530762	1.92156863
1590.34411621	1.92156863
1590.37268066	1.90196073
1590.40551758	1.88235295
1590.43420410	1.86274505
1590.46289063	1.86274505
1590.49548340	1.86274505
1590.52416992	1.86274505
1590.55285645	1.88235295
1590.58569336	1.86274505
1590.61450195	1.86274505
1590.64294434	1.84313726
1590.67578125	1.82352936
1590.70446777	1.80392158
1590.73327637	1.78431368
1590.79455566	1.78431368
1590.82324219	1.78431368
1590.88464355	1.82352936
1590.91345215	1.86274505
1590.97485352	1.90196073
1591.00354004	1.90196073
1591.03210449	1.92156863
1591.06506348	1.90196073
1591.09362793	1.88235295
1591.12243652	1.88235295
1591.15502930	1.86274505
1591.18383789	1.88235295
1591.21240234	1.88235295
1591.24511719	1.92156863
1591.27392578	1.94117641
1591.30249023	1.92156863
1591.33532715	1.92156863
1591.36401367	1.92156863
1591.39270020	1.92156863
1591.42541504	1.96078432
1591.45410156	1.96078432
1591.48278809	1.96078432
1591.51550293	1.96078432
1591.54431152	1.92156863
1591.57287598	1.94117641
1591.60559082	1.98039210
1591.63439941	2.00000000
1591.66308594	2.01960778
1591.69580078	2.01960778
1591.72448730	2.03921580
1591.75317383	2.05882359
1591.78613281	2.01960778
1591.81469727	1.98039210
1591.84326172	1.94117641
1591.87609863	1.90196073
1591.90478516	1.90196073
1591.93347168	1.88235295
1591.96618652	1.86274505
1591.99487305	1.86274505
1592.02343750	1.86274505
1592.05627441	1.84313726
1592.08508301	1.80392158
1592.11364746	1.78431368
1592.14636230	1.76470590
1592.17504883	1.74509799
1592.20373535	1.76470590
1592.23657227	1.76470590
1592.26513672	1.74509799
1592.29394531	1.74509799
1592.32666016	1.72549021
1592.35534668	1.72549021
1592.38403320	1.72549021
1592.41687012	1.70588231
1592.44543457	1.68627453
1592.47412109	1.66666663
1592.50695801	1.60784316
1592.53552246	1.56862748
1592.56433105	1.52941179
1592.59704590	1.54901958
1592.62561035	1.56862748
1592.65441895	1.58823526
1592.68713379	1.62745094
1592.71582031	1.66666663
1592.74450684	1.68627453
1592.77734375	1.70588231
1592.80603027	1.70588231
1592.83459473	1.70588231
1592.86743164	1.72549021
1592.89599609	1.72549021
1592.92480469	1.74509799
1592.95751953	1.74509799
1592.98620605	1.72549021
1593.01477051	1.72549021
1593.07617188	1.74509799
