886.09582520	2.56862736
886.10003662	2.56862736
886.10003662	2.56862736
886.10400391	2.56862736
886.10815430	2.56862736
886.11224365	2.56862736
886.11224365	2.56862736
886.11627197	2.56862736
886.12036133	2.56862736
886.12451172	2.56862736
886.12451172	2.56862736
886.12866211	2.56862736
886.13269043	2.56862736
886.13671875	2.56862736
886.13671875	2.56862736
886.14093018	2.56862736
886.14495850	2.56862736
886.14495850	2.56862736
886.14904785	2.56862736
886.15307617	2.56862736
886.15716553	2.56862736
886.15716553	2.56862736
886.16131592	2.56862736
886.16546631	2.56862736
886.16967773	2.56862736
886.16967773	2.56862736
886.17358398	2.56862736
886.17773438	2.56862736
886.18188477	2.56862736
886.18188477	2.56862736
886.18603516	2.56862736
886.19000244	2.56862736
886.19000244	2.56862736
886.19409180	2.56862736
886.19818115	2.56862736
886.20233154	2.56862736
886.20233154	2.56862736
886.20629883	2.56862736
886.21044922	2.56862736
886.21453857	2.56862736
886.21453857	2.56862736
886.21875000	2.56862736
886.22277832	2.56862736
886.22698975	2.56862736
886.22698975	2.56862736
886.23101807	2.58823538
886.23510742	2.58823538
886.23510742	2.58823538
886.23925781	2.58823538
886.24328613	2.58823538
886.24737549	2.58823538
886.24737549	2.58823538
886.25146484	2.58823538
886.25555420	2.58823538
886.25970459	2.58823538
886.25970459	2.58823538
886.26367188	2.58823538
886.26788330	2.58823538
886.27197266	2.58823538
886.27197266	2.58823538
886.27606201	2.58823538
886.28002930	2.58823538
886.28002930	2.58823538
886.28424072	2.58823538
886.28833008	2.58823538
886.29254150	2.58823538
886.29254150	2.58823538
886.29650879	2.58823538
886.30065918	2.58823538
886.30474854	2.58823538
886.30474854	2.58823538
886.30889893	2.58823538
886.31292725	2.58823538
886.31695557	2.58823538
886.31695557	2.58823538
886.32104492	2.56862736
886.32519531	2.56862736
886.32928467	2.56862736
886.33331299	2.56862736
886.33746338	2.56862736
886.33746338	2.54901958
886.34155273	2.54901958
886.34576416	2.54901958
886.34991455	2.54901958
886.34991455	2.54901958
886.35400391	2.52941179
886.35803223	2.52941179
886.36212158	2.52941179
886.36212158	2.52941179
886.36614990	2.52941179
886.37023926	2.52941179
886.37438965	2.50980401
886.37854004	2.50980401
886.38256836	2.50980401
886.38256836	2.50980401
886.38653564	2.50980401
886.39068604	2.50980401
886.39483643	2.50980401
886.39483643	2.50980401
886.39892578	2.49019599
886.40295410	2.49019599
886.40704346	2.49019599
886.40704346	2.49019599
886.41119385	2.49019599
886.41534424	2.49019599
886.41949463	2.49019599
886.42346191	2.49019599
886.42761230	2.49019599
886.42761230	2.49019599
886.43176270	2.49019599
886.43591309	2.49019599
886.44000244	2.49019599
886.44000244	2.49019599
886.44396973	2.49019599
886.44805908	2.49019599
886.45220947	2.49019599
886.45220947	2.50980401
886.45617676	2.50980401
886.46032715	2.50980401
886.46441650	2.50980401
886.46856689	2.50980401
886.47265625	2.50980401
886.47265625	2.50980401
886.47674561	2.50980401
886.48089600	2.50980401
886.48498535	2.50980401
886.48498535	2.50980401
886.48913574	2.50980401
886.49310303	2.50980401
886.49725342	2.50980401
886.49725342	2.50980401
886.50134277	2.50980401
886.50549316	2.50980401
886.50952148	2.50980401
886.51361084	2.50980401
886.51770020	2.50980401
886.51770020	2.50980401
886.52185059	2.52941179
886.52593994	2.52941179
886.52996826	2.52941179
886.52996826	2.52941179
886.53405762	2.52941179
886.53820801	2.52941179
886.54241943	2.52941179
886.54241943	2.52941179
886.54638672	2.52941179
886.55047607	2.52941179
886.55462646	2.52941179
886.55877686	2.52941179
886.56280518	2.52941179
886.56280518	2.52941179
886.56695557	2.52941179
886.57092285	2.52941179
886.57507324	2.52941179
886.57507324	2.52941179
886.57916260	2.52941179
886.58319092	2.52941179
886.58740234	2.52941179
886.58740234	2.52941179
886.59143066	2.52941179
886.59558105	2.52941179
886.59979248	2.52941179
886.60375977	2.54901958
886.60803223	2.52941179
886.60803223	2.54901958
886.61199951	2.54901958
886.61602783	2.54901958
886.62017822	2.54901958
886.62017822	2.54901958
886.62426758	2.52941179
886.62841797	2.54901958
886.63256836	2.54901958
886.63256836	2.54901958
886.63653564	2.54901958
886.64068604	2.54901958
886.64477539	2.54901958
886.64477539	2.54901958
886.64886475	2.54901958
886.65301514	2.54901958
886.65301514	2.54901958
886.65704346	2.54901958
886.66113281	2.54901958
886.66522217	2.54901958
886.66522217	2.54901958
886.66937256	2.54901958
886.67333984	2.54901958
886.67742920	2.54901958
886.67742920	2.54901958
886.68164063	2.54901958
886.68572998	2.54901958
886.68981934	2.54901958
886.68981934	2.54901958
886.69396973	2.54901958
886.69793701	2.54901958
886.69793701	2.54901958
886.70208740	2.54901958
886.70617676	2.54901958
886.71020508	2.54901958
886.71020508	2.54901958
886.71429443	2.54901958
886.71844482	2.54901958
886.72253418	2.54901958
886.72253418	2.54901958
886.72656250	2.54901958
886.73077393	2.54901958
886.73480225	2.54901958
886.73480225	2.54901958
886.73901367	2.54901958
886.74316406	2.54901958
886.74316406	2.54901958
886.74713135	2.54901958
886.75128174	2.54901958
886.75531006	2.54901958
886.75531006	2.54901958
886.75939941	2.54901958
886.76342773	2.54901958
886.76757813	2.54901958
886.76757813	2.54901958
886.77172852	2.54901958
886.77581787	2.54901958
886.77996826	2.54901958
886.77996826	2.54901958
886.78393555	2.54901958
886.78808594	2.54901958
886.78808594	2.54901958
886.79217529	2.54901958
886.79626465	2.54901958
886.80035400	2.54901958
886.80035400	2.54901958
886.80450439	2.56862736
886.80865479	2.56862736
886.81274414	2.56862736
886.81274414	2.56862736
886.81677246	2.56862736
886.82098389	2.56862736
886.82495117	2.56862736
886.82495117	2.56862736
886.82904053	2.56862736
886.83306885	2.56862736
886.83715820	2.56862736
886.84130859	2.56862736
886.84539795	2.56862736
886.84539795	2.56862736
886.84942627	2.56862736
886.85357666	2.56862736
886.85772705	2.56862736
886.85772705	2.56862736
886.86187744	2.56862736
886.86602783	2.56862736
886.86999512	2.56862736
886.86999512	2.56862736
886.87408447	2.56862736
886.87823486	2.56862736
886.88232422	2.56862736
886.88635254	2.56862736
886.89044189	2.56862736
886.89044189	2.56862736
886.89459229	2.56862736
886.89868164	2.56862736
886.90283203	2.56862736
886.90283203	2.56862736
886.90692139	2.56862736
886.91094971	2.58823538
886.91503906	2.56862736
886.91503906	2.56862736
886.91925049	2.56862736
886.92327881	2.56862736
886.92736816	2.56862736
886.93151855	2.56862736
886.93560791	2.56862736
886.93560791	2.56862736
886.93963623	2.56862736
886.94372559	2.56862736
886.94793701	2.56862736
886.94793701	2.54901958
886.95190430	2.54901958
886.95605469	2.54901958
886.96008301	2.54901958
886.96008301	2.54901958
886.96417236	2.54901958
886.96832275	2.52941179
886.97241211	2.52941179
886.97644043	2.52941179
886.98059082	2.52941179
886.98059082	2.52941179
886.98474121	2.50980401
886.98889160	2.50980401
886.99304199	2.50980401
886.99304199	2.50980401
886.99694824	2.50980401
887.00122070	2.50980401
887.00518799	2.50980401
887.00518799	2.49019599
887.00927734	2.49019599
887.01330566	2.49019599
887.01739502	2.49019599
887.02160645	2.49019599
887.02569580	2.49019599
887.02569580	2.49019599
887.02966309	2.49019599
887.03393555	2.49019599
887.03796387	2.49019599
887.03796387	2.49019599
887.04211426	2.49019599
887.04614258	2.49019599
887.05029297	2.49019599
887.05029297	2.49019599
887.05438232	2.49019599
887.05847168	2.49019599
887.06274414	2.49019599
887.06652832	2.49019599
887.07067871	2.49019599
887.07067871	2.49019599
887.07482910	2.49019599
887.07891846	2.49019599
887.08306885	2.49019599
887.08306885	2.49019599
887.08703613	2.49019599
887.09118652	2.49019599
887.09527588	2.49019599
887.09527588	2.49019599
887.09942627	2.49019599
887.10345459	2.49019599
887.10760498	2.50980401
887.11169434	2.50980401
887.11584473	2.50980401
887.11584473	2.50980401
887.11993408	2.50980401
887.12396240	2.50980401
887.12805176	2.50980401
887.12805176	2.50980401
887.13220215	2.50980401
887.13623047	2.52941179
887.14038086	2.52941179
887.14038086	2.52941179
887.14440918	2.52941179
887.14855957	2.52941179
887.15270996	2.52941179
887.15673828	2.52941179
887.16094971	2.52941179
887.16094971	2.52941179
887.16491699	2.52941179
887.16912842	2.54901958
887.17321777	2.54901958
887.17321777	2.54901958
887.17730713	2.54901958
887.18133545	2.54901958
887.18548584	2.54901958
887.18548584	2.54901958
887.18945313	2.54901958
887.19354248	2.54901958
887.19775391	2.54901958
887.19775391	2.54901958
887.20184326	2.54901958
887.20623779	2.54901958
887.20623779	2.54901958
887.20996094	2.54901958
887.21417236	2.54901958
887.21826172	2.54901958
887.21826172	2.54901958
887.22235107	2.54901958
887.22637939	2.54901958
887.23040771	2.54901958
887.23040771	2.54901958
887.23461914	2.54901958
887.23876953	2.54901958
887.24279785	2.54901958
887.24279785	2.54901958
887.24694824	2.54901958
887.25122070	2.54901958
887.25122070	2.54901958
887.25512695	2.54901958
887.25921631	2.54901958
887.26324463	2.54901958
887.26324463	2.54901958
887.26733398	2.54901958
887.27142334	2.54901958
887.27563477	2.54901958
887.27563477	2.54901958
887.27954102	2.54901958
887.28369141	2.54901958
887.28796387	2.54901958
887.28796387	2.54901958
887.29193115	2.54901958
887.29608154	2.54901958
887.29608154	2.54901958
887.30004883	2.54901958
887.30419922	2.54901958
887.30828857	2.54901958
887.30828857	2.54901958
887.31243896	2.54901958
887.31646729	2.54901958
887.32055664	2.54901958
887.32055664	2.54901958
887.32470703	2.56862736
887.32885742	2.54901958
887.33300781	2.56862736
887.33300781	2.56862736
887.33691406	2.56862736
887.34106445	2.56862736
887.34106445	2.56862736
887.34521484	2.56862736
887.34930420	2.56862736
887.35333252	2.56862736
887.35333252	2.56862736
887.35742188	2.56862736
887.36157227	2.56862736
887.36566162	2.56862736
887.36566162	2.56862736
887.36968994	2.56862736
887.37390137	2.56862736
887.37792969	2.56862736
887.37792969	2.56862736
887.38244629	2.56862736
887.38629150	2.56862736
887.39013672	2.56862736
887.39434814	2.56862736
887.39843750	2.56862736
887.39843750	2.58823538
887.40258789	2.58823538
887.40649414	2.58823538
887.41064453	2.58823538
887.41064453	2.58823538
887.41479492	2.58823538
887.41894531	2.58823538
887.42297363	2.58823538
887.42297363	2.58823538
887.42700195	2.58823538
887.43109131	2.58823538
887.43530273	2.58823538
887.43933105	2.58823538
887.44335938	2.58823538
887.44335938	2.58823538
887.44750977	2.58823538
887.45166016	2.58823538
887.45574951	2.58823538
887.45574951	2.58823538
887.45989990	2.58823538
887.46386719	2.58823538
887.46801758	2.58823538
887.46801758	2.58823538
887.47216797	2.58823538
887.47631836	2.58823538
887.48034668	2.58823538
887.48443604	2.58823538
887.48858643	2.58823538
887.48858643	2.58823538
887.49267578	2.58823538
887.49670410	2.58823538
887.50097656	2.58823538
887.50097656	2.58823538
887.50494385	2.58823538
887.50903320	2.58823538
887.51324463	2.58823538
887.51324463	2.58823538
887.51715088	2.58823538
887.52130127	2.58823538
887.52545166	2.58823538
887.52941895	2.58823538
887.53356934	2.56862736
887.53356934	2.56862736
887.53771973	2.56862736
887.54180908	2.56862736
887.54595947	2.56862736
887.54595947	2.56862736
887.54998779	2.54901958
887.55407715	2.54901958
887.55822754	2.54901958
887.55822754	2.52941179
887.56231689	2.52941179
887.56646729	2.52941179
887.57037354	2.52941179
887.57458496	2.52941179
887.57867432	2.50980401
887.57867432	2.50980401
887.58264160	2.50980401
887.58691406	2.50980401
887.59100342	2.50980401
887.59100342	2.50980401
887.59503174	2.50980401
887.59918213	2.49019599
887.60321045	2.49019599
887.60321045	2.49019599
887.60729980	2.49019599
887.61145020	2.49019599
887.61553955	2.49019599
887.61956787	2.49019599
887.62371826	2.49019599
887.62371826	2.49019599
887.62786865	2.49019599
887.63195801	2.49019599
887.63610840	2.49019599
887.63610840	2.49019599
887.64001465	2.49019599
887.64422607	2.49019599
887.64831543	2.49019599
887.64831543	2.49019599
887.65246582	2.49019599
887.65649414	2.49019599
887.66052246	2.49019599
887.66467285	2.49019599
887.66888428	2.50980401
887.66888428	2.50980401
887.67297363	2.50980401
887.67694092	2.50980401
887.68109131	2.50980401
887.68109131	2.50980401
887.68524170	2.50980401
887.68933105	2.50980401
887.69329834	2.52941179
887.69329834	2.52941179
887.69744873	2.52941179
887.70153809	2.52941179
887.70568848	2.52941179
887.70568848	2.52941179
887.70965576	2.54901958
887.71392822	2.54901958
887.71392822	2.54901958
887.71795654	2.54901958
887.72204590	2.54901958
887.72619629	2.54901958
887.72619629	2.54901958
887.73022461	2.54901958
887.73431396	2.56862736
887.73846436	2.56862736
887.73846436	2.56862736
887.74255371	2.56862736
887.74658203	2.56862736
887.75067139	2.56862736
887.75067139	2.56862736
887.75488281	2.56862736
887.75891113	2.58823538
887.75891113	2.58823538
887.76293945	2.58823538
887.76708984	2.58823538
887.77117920	2.58823538
887.77117920	2.58823538
887.77539063	2.58823538
887.77941895	2.58823538
887.78338623	2.58823538
887.78338623	2.58823538
887.78753662	2.58823538
887.79168701	2.58823538
887.79583740	2.58823538
887.79583740	2.58823538
887.79998779	2.60784316
887.80395508	2.60784316
887.80395508	2.60784316
887.80810547	2.60784316
887.81225586	2.60784316
887.81634521	2.60784316
887.81634521	2.60784316
887.82037354	2.60784316
887.82446289	2.60784316
887.82855225	2.60784316
887.82855225	2.60784316
887.83270264	2.60784316
887.83666992	2.60784316
887.84094238	2.60784316
887.84094238	2.60784316
887.84490967	2.60784316
887.84912109	2.60784316
887.84912109	2.60784316
887.85308838	2.60784316
887.85723877	2.60784316
887.86132813	2.60784316
887.86132813	2.60784316
887.86547852	2.60784316
887.86950684	2.60784316
887.87359619	2.60784316
887.87359619	2.60784316
887.87774658	2.60784316
887.88183594	2.60784316
887.88598633	2.60784316
887.88598633	2.60784316
887.88989258	2.60784316
887.89410400	2.60784316
887.89813232	2.60784316
887.90228271	2.60784316
887.90643311	2.60784316
887.90643311	2.60784316
887.91046143	2.60784316
887.91455078	2.60784316
887.91870117	2.60784316
887.91870117	2.60784316
887.92285156	2.60784316
887.92694092	2.60784316
887.93096924	2.60784316
887.93096924	2.60784316
887.93505859	2.60784316
887.93927002	2.60784316
887.94317627	2.60784316
887.94732666	2.60784316
887.95141602	2.60784316
887.95141602	2.60784316
887.95556641	2.60784316
887.95953369	2.60784316
887.96368408	2.60784316
887.96368408	2.60784316
887.96789551	2.60784316
887.97192383	2.60784316
887.97601318	2.60784316
887.97601318	2.60784316
887.98010254	2.60784316
887.98419189	2.60784316
887.98840332	2.60784316
887.99243164	2.60784316
887.99658203	2.60784316
887.99658203	2.60784316
888.00061035	2.60784316
888.00469971	2.60784316
888.00878906	2.60784316
888.00878906	2.60784316
888.01293945	2.60784316
888.01690674	2.60784316
888.02105713	2.60784316
888.02105713	2.60784316
888.02514648	2.60784316
888.02929688	2.60784316
888.03332520	2.60784316
888.03747559	2.60784316
888.04162598	2.60784316
888.04162598	2.60784316
888.04577637	2.60784316
888.04974365	2.60784316
888.05407715	2.60784316
888.05407715	2.60784316
888.05798340	2.60784316
888.06213379	2.60784316
888.06622314	2.60784316
888.06622314	2.60784316
888.07019043	2.60784316
888.07427979	2.60784316
888.07843018	2.60784316
888.08258057	2.60784316
888.08654785	2.60784316
888.08654785	2.60784316
888.09069824	2.60784316
888.09478760	2.60784316
888.09899902	2.60784316
888.09899902	2.60784316
888.10296631	2.60784316
888.10711670	2.60784316
888.11126709	2.60784316
888.11126709	2.60784316
888.11535645	2.60784316
888.11950684	2.58823538
888.12347412	2.58823538
888.12762451	2.58823538
888.13165283	2.58823538
888.13165283	2.58823538
888.13580322	2.56862736
888.13989258	2.56862736
888.14392090	2.56862736
888.14392090	2.56862736
888.14807129	2.56862736
888.15216064	2.54901958
888.15631104	2.54901958
888.15631104	2.54901958
888.16040039	2.54901958
888.16448975	2.54901958
888.16857910	2.52941179
888.17279053	2.52941179
888.17675781	2.52941179
888.17675781	2.52941179
888.18096924	2.50980401
888.18493652	2.50980401
888.18914795	2.50980401
888.18914795	2.50980401
888.19317627	2.50980401
888.19726563	2.50980401
888.20135498	2.50980401
888.20135498	2.49019599
888.20544434	2.49019599
888.20959473	2.49019599
888.21368408	2.49019599
888.21777344	2.49019599
888.22180176	2.49019599
888.22180176	2.49019599
888.22589111	2.49019599
888.22991943	2.49019599
888.23400879	2.49019599
888.23400879	2.49019599
888.23822021	2.49019599
888.24230957	2.49019599
888.24645996	2.49019599
888.24645996	2.49019599
888.25048828	2.49019599
888.25457764	2.49019599
888.25860596	2.49019599
888.25860596	2.49019599
888.26281738	2.49019599
888.26690674	2.49019599
888.26690674	2.49019599
888.27093506	2.49019599
888.27502441	2.49019599
888.27917480	2.49019599
888.27917480	2.49019599
888.28314209	2.49019599
888.28735352	2.49019599
888.29150391	2.49019599
888.29150391	2.49019599
888.29559326	2.49019599
888.29962158	2.49019599
888.30371094	2.49019599
888.30371094	2.50980401
888.30786133	2.50980401
888.31201172	2.50980401
888.31201172	2.50980401
888.31591797	2.50980401
888.32006836	2.50980401
888.32415771	2.50980401
888.32415771	2.50980401
888.32830811	2.50980401
888.33239746	2.52941179
888.33654785	2.52941179
888.33654785	2.52941179
888.34051514	2.52941179
888.34466553	2.52941179
888.34881592	2.52941179
888.34881592	2.52941179
888.35290527	2.52941179
888.35693359	2.52941179
888.35693359	2.52941179
888.36108398	2.52941179
888.36523438	2.54901958
888.36938477	2.54901958
888.36938477	2.54901958
888.37329102	2.54901958
888.37744141	2.54901958
888.38153076	2.54901958
888.38153076	2.54901958
888.38568115	2.54901958
888.38964844	2.54901958
888.39392090	2.54901958
888.39392090	2.54901958
888.39788818	2.54901958
888.40209961	2.54901958
888.40209961	2.54901958
888.40600586	2.54901958
888.41021729	2.54901958
888.41436768	2.54901958
888.41436768	2.54901958
888.41864014	2.54901958
888.42254639	2.54901958
888.42651367	2.54901958
888.42651367	2.54901958
888.43072510	2.54901958
888.43481445	2.54901958
888.43896484	2.54901958
888.43896484	2.54901958
888.44299316	2.54901958
888.44708252	2.54901958
888.45123291	2.56862736
888.45532227	2.56862736
888.45941162	2.56862736
888.45941162	2.56862736
888.46362305	2.56862736
888.46752930	2.56862736
888.47174072	2.56862736
888.47174072	2.56862736
888.47576904	2.56862736
888.47991943	2.56862736
888.48388672	2.56862736
888.48388672	2.56862736
888.48815918	2.56862736
888.49224854	2.56862736
888.49639893	2.56862736
888.50036621	2.56862736
888.50445557	2.56862736
888.50445557	2.56862736
888.50854492	2.56862736
888.51269531	2.56862736
888.51666260	2.56862736
888.51666260	2.56862736
888.52099609	2.58823538
888.52496338	2.58823538
888.52905273	2.58823538
888.52905273	2.58823538
888.53302002	2.58823538
888.53723145	2.58823538
888.54138184	2.58823538
888.54547119	2.58823538
888.54962158	2.58823538
888.54962158	2.58823538
888.55364990	2.58823538
888.55773926	2.58823538
888.56182861	2.58823538
888.56182861	2.58823538
888.56591797	2.58823538
888.56994629	2.58823538
888.57403564	2.58823538
888.57403564	2.58823538
888.57818604	2.58823538
888.58227539	2.58823538
888.58630371	2.58823538
888.59045410	2.58823538
888.59454346	2.58823538
888.59454346	2.58823538
888.59869385	2.58823538
888.60284424	2.58823538
888.60687256	2.58823538
888.60687256	2.58823538
888.61096191	2.58823538
888.61505127	2.60784316
888.61920166	2.60784316
888.61920166	2.60784316
888.62316895	2.60784316
888.62731934	2.60784316
888.63140869	2.60784316
888.63555908	2.60784316
888.63970947	2.60784316
888.63970947	2.60784316
888.64367676	2.60784316
888.64776611	2.60784316
888.65197754	2.60784316
888.65197754	2.60784316
888.65606689	2.60784316
888.66003418	2.62745094
888.66424561	2.62745094
888.66424561	2.62745094
888.66833496	2.62745094
888.67242432	2.62745094
888.67663574	2.62745094
888.68054199	2.62745094
888.68469238	2.62745094
888.68469238	2.62745094
888.68890381	2.62745094
888.69299316	2.62745094
888.69696045	2.62745094
888.69696045	2.62745094
888.70104980	2.62745094
888.70520020	2.62745094
888.70928955	2.62745094
888.70928955	2.62745094
888.71331787	2.62745094
888.71740723	2.62745094
888.72155762	2.62745094
888.72564697	2.60784316
888.72979736	2.60784316
888.72979736	2.60784316
888.73400879	2.60784316
888.73797607	2.60784316
888.74206543	2.60784316
888.74206543	2.58823538
888.74609375	2.58823538
888.75024414	2.58823538
888.75433350	2.58823538
888.75433350	2.58823538
888.75842285	2.56862736
888.76251221	2.56862736
888.76654053	2.56862736
888.76654053	2.56862736
888.77069092	2.56862736
888.77478027	2.56862736
888.77478027	2.54901958
888.77893066	2.54901958
888.78289795	2.54901958
888.78704834	2.54901958
888.78704834	2.52941179
888.79119873	2.52941179
888.79534912	2.52941179
888.79949951	2.52941179
888.79949951	2.52941179
888.80352783	2.52941179
888.80761719	2.52941179
888.81176758	2.52941179
888.81176758	2.52941179
888.81579590	2.50980401
888.81994629	2.50980401
888.81994629	2.50980401
888.82391357	2.50980401
888.82806396	2.50980401
888.83215332	2.50980401
888.83215332	2.50980401
888.83618164	2.50980401
888.84027100	2.50980401
888.84442139	2.50980401
888.84442139	2.50980401
888.84863281	2.50980401
888.85272217	2.50980401
888.85675049	2.50980401
888.85675049	2.50980401
888.86083984	2.50980401
888.86499023	2.50980401
888.86499023	2.50980401
888.86907959	2.50980401
888.87304688	2.50980401
888.87719727	2.50980401
888.87719727	2.50980401
888.88128662	2.52941179
888.88543701	2.52941179
888.88952637	2.52941179
888.88952637	2.52941179
888.89355469	2.52941179
888.89764404	2.52941179
888.90185547	2.52941179
888.90185547	2.52941179
888.90594482	2.52941179
888.90997314	2.52941179
888.90997314	2.52941179
888.91412354	2.52941179
888.91815186	2.52941179
888.92236328	2.52941179
888.92236328	2.54901958
888.92626953	2.54901958
888.93048096	2.54901958
888.93463135	2.54901958
888.93463135	2.54901958
888.93872070	2.54901958
888.94287109	2.54901958
888.94696045	2.54901958
888.94696045	2.54901958
888.95092773	2.54901958
888.95507813	2.54901958
888.95916748	2.56862736
888.96313477	2.56862736
888.96728516	2.56862736
888.96728516	2.56862736
888.97143555	2.56862736
888.97552490	2.56862736
888.97967529	2.56862736
888.97967529	2.56862736
888.98370361	2.56862736
888.98791504	2.56862736
888.99194336	2.56862736
888.99194336	2.56862736
888.99609375	2.56862736
889.00012207	2.56862736
889.00439453	2.56862736
889.00830078	2.56862736
889.01239014	2.56862736
889.01239014	2.56862736
889.01641846	2.56862736
889.02056885	2.56862736
889.02471924	2.56862736
889.02471924	2.56862736
889.02880859	2.56862736
889.03295898	2.56862736
889.03692627	2.56862736
889.03692627	2.56862736
889.04107666	2.56862736
889.04522705	2.56862736
889.04937744	2.56862736
889.05334473	2.56862736
889.05743408	2.56862736
889.05743408	2.56862736
889.06158447	2.56862736
889.06567383	2.56862736
889.06982422	2.56862736
889.06982422	2.56862736
889.07391357	2.56862736
889.07788086	2.56862736
889.08203125	2.56862736
889.08203125	2.54901958
889.08612061	2.54901958
889.09014893	2.54901958
889.09429932	2.54901958
889.09844971	2.54901958
889.10253906	2.54901958
889.10253906	2.54901958
889.10656738	2.54901958
889.11071777	2.54901958
889.11486816	2.54901958
889.11486816	2.54901958
889.11889648	2.54901958
889.12292480	2.54901958
889.12707520	2.54901958
889.12707520	2.54901958
889.13116455	2.54901958
889.13537598	2.54901958
889.13940430	2.54901958
889.14343262	2.54901958
889.14752197	2.54901958
889.14752197	2.54901958
889.15167236	2.54901958
889.15582275	2.54901958
889.15997314	2.54901958
889.15997314	2.54901958
889.16400146	2.54901958
889.16809082	2.54901958
889.17224121	2.54901958
889.17224121	2.54901958
889.17620850	2.56862736
889.18035889	2.56862736
889.18438721	2.56862736
889.18865967	2.56862736
889.19274902	2.56862736
889.19274902	2.56862736
889.19665527	2.56862736
889.20092773	2.56862736
889.20495605	2.56862736
889.20495605	2.56862736
889.20904541	2.56862736
889.21301270	2.56862736
889.21716309	2.56862736
889.21716309	2.56862736
889.22131348	2.56862736
889.22540283	2.56862736
889.22955322	2.56862736
889.23358154	2.56862736
889.23773193	2.56862736
889.23773193	2.56862736
889.24188232	2.56862736
889.24597168	2.56862736
889.25000000	2.58823538
889.25000000	2.58823538
889.25408936	2.58823538
889.25823975	2.58823538
889.26226807	2.58823538
889.26226807	2.58823538
889.26629639	2.58823538
889.27038574	2.58823538
889.27453613	2.58823538
889.27862549	2.58823538
889.28277588	2.58823538
889.28277588	2.58823538
889.28692627	2.58823538
889.29101563	2.58823538
889.29510498	2.58823538
889.29510498	2.58823538
889.29925537	2.58823538
889.30322266	2.58823538
889.30731201	2.58823538
889.30731201	2.58823538
889.31188965	2.58823538
889.31561279	2.58823538
889.31970215	2.58823538
889.31970215	2.58823538
889.32366943	2.58823538
889.32794189	2.58823538
889.32794189	2.58823538
889.33197021	2.58823538
889.33605957	2.58823538
889.34002686	2.58823538
889.34002686	2.58823538
889.34417725	2.58823538
889.34826660	2.56862736
889.35241699	2.56862736
889.35241699	2.56862736
889.35638428	2.56862736
889.36053467	2.56862736
889.36474609	2.56862736
889.36474609	2.56862736
889.36877441	2.56862736
889.37298584	2.54901958
889.37298584	2.54901958
889.37695313	2.54901958
889.38104248	2.54901958
889.38549805	2.54901958
889.38549805	2.54901958
889.42022705	2.54901958
889.42022705	2.52941179
889.42022705	2.52941179
889.42022705	2.52941179
889.42022705	2.52941179
889.42022705	2.52941179
889.42022705	2.52941179
889.42022705	2.52941179
889.42022705	2.52941179
889.42022705	2.50980401
889.42022705	2.50980401
889.42205811	2.50980401
889.42614746	2.50980401
889.43017578	2.50980401
889.43017578	2.50980401
889.43432617	2.50980401
889.43841553	2.50980401
889.44256592	2.50980401
889.44256592	2.50980401
889.44665527	2.50980401
889.45098877	2.50980401
889.45477295	2.50980401
889.45477295	2.49019599
889.45892334	2.49019599
889.46307373	2.49019599
889.46307373	2.49019599
889.46704102	2.49019599
889.47119141	2.49019599
889.47528076	2.49019599
889.47528076	2.49019599
889.47943115	2.49019599
889.48339844	2.49019599
889.48754883	2.49019599
889.48754883	2.49019599
889.49169922	2.49019599
889.49572754	2.50980401
889.49993896	2.50980401
889.49993896	2.50980401
889.50396729	2.50980401
889.50805664	2.50980401
889.51208496	2.50980401
889.51611328	2.50980401
889.52032471	2.50980401
889.52032471	2.50980401
889.52441406	2.50980401
889.52856445	2.52941179
889.53265381	2.52941179
889.53265381	2.52941179
889.53668213	2.52941179
889.54095459	2.52941179
889.54486084	2.52941179
889.54486084	2.52941179
889.54907227	2.54901958
889.55322266	2.54901958
889.55718994	2.54901958
889.56134033	2.54901958
889.56542969	2.54901958
889.56542969	2.56862736
889.56945801	2.56862736
889.57354736	2.56862736
889.57763672	2.56862736
889.57763672	2.56862736
889.58184814	2.56862736
889.58593750	2.56862736
889.58990479	2.56862736
889.58990479	2.56862736
889.59405518	2.56862736
889.59820557	2.56862736
889.60241699	2.56862736
889.60632324	2.56862736
889.61047363	2.58823538
889.61047363	2.58823538
889.61456299	2.58823538
889.61865234	2.58823538
889.62274170	2.58823538
889.62274170	2.58823538
889.62689209	2.58823538
889.63085938	2.58823538
889.63500977	2.58823538
889.63500977	2.58823538
889.63916016	2.58823538
889.64312744	2.58823538
889.64727783	2.58823538
889.65142822	2.58823538
889.65557861	2.58823538
889.65557861	2.58823538
889.65954590	2.58823538
889.66369629	2.56862736
889.66790771	2.56862736
889.66790771	2.56862736
889.67199707	2.56862736
889.67602539	2.56862736
889.67999268	2.56862736
889.67999268	2.56862736
889.68420410	2.56862736
889.68829346	2.56862736
889.69244385	2.56862736
889.69641113	2.56862736
889.70056152	2.56862736
889.70056152	2.56862736
889.70465088	2.56862736
889.70874023	2.56862736
889.71295166	2.56862736
889.71295166	2.56862736
889.71691895	2.56862736
889.72106934	2.56862736
889.72515869	2.56862736
889.72515869	2.56862736
889.72930908	2.56862736
889.73327637	2.56862736
889.73742676	2.56862736
889.74151611	2.56862736
889.74566650	2.54901958
889.74566650	2.54901958
889.74969482	2.54901958
889.75390625	2.54901958
889.75793457	2.54901958
889.75793457	2.54901958
889.76202393	2.54901958
889.76605225	2.54901958
889.77026367	2.54901958
889.77026367	2.54901958
889.77429199	2.54901958
889.77838135	2.54901958
889.78253174	2.54901958
889.78656006	2.54901958
889.79064941	2.54901958
889.79064941	2.54901958
889.79473877	2.54901958
889.79895020	2.54901958
889.80303955	2.54901958
889.80303955	2.54901958
889.80706787	2.54901958
889.81115723	2.54901958
889.81524658	2.54901958
889.81524658	2.54901958
889.81945801	2.54901958
889.82342529	2.54901958
889.82757568	2.54901958
889.83160400	2.54901958
889.83581543	2.54901958
889.83581543	2.54901958
889.83990479	2.54901958
889.84393311	2.54901958
889.84802246	2.54901958
889.84802246	2.54901958
889.85217285	2.54901958
889.85620117	2.54901958
889.86029053	2.54901958
889.86029053	2.54901958
889.86444092	2.54901958
889.86853027	2.54901958
889.87268066	2.54901958
889.87268066	2.54901958
889.87664795	2.54901958
889.88092041	2.54901958
889.88092041	2.54901958
889.88488770	2.54901958
889.88903809	2.54901958
889.89318848	2.54901958
889.89318848	2.54901958
889.89715576	2.54901958
889.90130615	2.54901958
889.90539551	2.54901958
889.90539551	2.54901958
889.90942383	2.56862736
889.91357422	2.56862736
889.91766357	2.56862736
889.91766357	2.56862736
889.92181396	2.56862736
889.92596436	2.56862736
889.92596436	2.56862736
889.92993164	2.54901958
889.93408203	2.54901958
889.93817139	2.54901958
889.93817139	2.54901958
889.94226074	2.54901958
889.94628906	2.54901958
889.95037842	2.54901958
889.95037842	2.54901958
889.95452881	2.52941179
889.95861816	2.52941179
889.96276855	2.52941179
889.96276855	2.52941179
889.96691895	2.52941179
889.97088623	2.52941179
889.97088623	2.52941179
889.97503662	2.50980401
889.97918701	2.50980401
889.98333740	2.50980401
889.98333740	2.50980401
889.98730469	2.50980401
889.99145508	2.50980401
889.99560547	2.50980401
889.99560547	2.49019599
889.99951172	2.49019599
890.00372314	2.49019599
890.00793457	2.49019599
890.00793457	2.49019599
890.01190186	2.49019599
890.01605225	2.49019599
890.01605225	2.49019599
890.02001953	2.49019599
890.02416992	2.49019599
890.02825928	2.49019599
890.02825928	2.49019599
890.03240967	2.49019599
890.03643799	2.49019599
890.04052734	2.49019599
890.04052734	2.49019599
890.04467773	2.49019599
890.04882813	2.49019599
890.05297852	2.49019599
890.05297852	2.49019599
890.05694580	2.49019599
890.06109619	2.49019599
890.06518555	2.49019599
890.06927490	2.49019599
890.07324219	2.50980401
890.07324219	2.50980401
890.07739258	2.50980401
890.08154297	2.50980401
890.08563232	2.50980401
890.08563232	2.50980401
890.08966064	2.50980401
890.09387207	2.50980401
890.09790039	2.50980401
890.09790039	2.50980401
890.10205078	2.52941179
890.10614014	2.52941179
890.11126709	2.52941179
890.11431885	2.52941179
890.11840820	2.52941179
890.11840820	2.52941179
890.12249756	2.52941179
890.12658691	2.52941179
890.13067627	2.54901958
890.13067627	2.54901958
890.13513184	2.54901958
890.13891602	2.54901958
890.14300537	2.54901958
890.14300537	2.54901958
890.14703369	2.54901958
890.15112305	2.56862736
890.15533447	2.56862736
890.15936279	2.56862736
890.16345215	2.56862736
890.16345215	2.56862736
890.16754150	2.56862736
890.17175293	2.56862736
890.17578125	2.56862736
890.17578125	2.56862736
890.17999268	2.58823538
890.18395996	2.58823538
890.18817139	2.58823538
890.18817139	2.58823538
890.19226074	2.58823538
890.19635010	2.58823538
890.20043945	2.58823538
890.20446777	2.58823538
890.20867920	2.58823538
890.20867920	2.58823538
890.21270752	2.58823538
890.21673584	2.58823538
890.22100830	2.58823538
890.22100830	2.58823538
890.22491455	2.58823538
890.22906494	2.58823538
890.23315430	2.58823538
890.23315430	2.58823538
890.23718262	2.58823538
890.24127197	2.58823538
890.24542236	2.58823538
890.24963379	2.58823538
890.25360107	2.58823538
890.25360107	2.58823538
890.25769043	2.58823538
890.26177979	2.58823538
890.26593018	2.58823538
890.26593018	2.58823538
890.26989746	2.58823538
890.27404785	2.58823538
890.27813721	2.58823538
890.27813721	2.58823538
890.28228760	2.58823538
890.28637695	2.58823538
890.29040527	2.58823538
890.29455566	2.58823538
890.29870605	2.58823538
890.29870605	2.58823538
890.30279541	2.58823538
890.30694580	2.58823538
890.31097412	2.58823538
890.31097412	2.58823538
890.31506348	2.58823538
890.31915283	2.58823538
890.32324219	2.58823538
890.32324219	2.58823538
890.32727051	2.58823538
890.33135986	2.58823538
890.33557129	2.58823538
890.33959961	2.58823538
890.34362793	2.58823538
890.34362793	2.58823538
890.34777832	2.58823538
890.35186768	2.58823538
890.35601807	2.58823538
890.35601807	2.58823538
890.36010742	2.58823538
890.36419678	2.58823538
890.36822510	2.58823538
890.36822510	2.58823538
890.37243652	2.58823538
890.37640381	2.58823538
890.38049316	2.58823538
890.38049316	2.58823538
890.38470459	2.58823538
890.38879395	2.58823538
890.38879395	2.58823538
890.39288330	2.58823538
890.39691162	2.58823538
890.40100098	2.58823538
890.40100098	2.58823538
890.40515137	2.58823538
890.40930176	2.58823538
890.41333008	2.58823538
890.41333008	2.58823538
890.41741943	2.58823538
890.42156982	2.58823538
890.42565918	2.58823538
890.42565918	2.58823538
890.42968750	2.58823538
890.43395996	2.58823538
890.43395996	2.58823538
890.43786621	2.58823538
890.44207764	2.58823538
890.44610596	2.58823538
890.44610596	2.58823538
890.45013428	2.58823538
890.45428467	2.58823538
890.45837402	2.58823538
890.45837402	2.58823538
890.46258545	2.58823538
890.46649170	2.58823538
890.47064209	2.58823538
890.47064209	2.58823538
890.47479248	2.58823538
890.47888184	2.58823538
890.47888184	2.58823538
890.48297119	2.58823538
890.48699951	2.58823538
890.49121094	2.58823538
890.49121094	2.58823538
890.49530029	2.58823538
890.49945068	2.58823538
890.50341797	2.58823538
890.50341797	2.58823538
890.50756836	2.56862736
890.51165771	2.56862736
890.51580811	2.56862736
890.51580811	2.56862736
890.51989746	2.56862736
890.52392578	2.56862736
890.52392578	2.56862736
890.52801514	2.54901958
890.53216553	2.54901958
890.53625488	2.54901958
890.53625488	2.54901958
890.54028320	2.52941179
890.54437256	2.52941179
890.54858398	2.52941179
890.54858398	2.52941179
890.55273438	2.52941179
890.55670166	2.52941179
890.56097412	2.52941179
890.56097412	2.50980401
890.56494141	2.50980401
890.56903076	2.50980401
890.57299805	2.50980401
890.57714844	2.50980401
890.58123779	2.50980401
890.58123779	2.50980401
890.58538818	2.50980401
890.58953857	2.50980401
890.59350586	2.50980401
890.59350586	2.49019599
890.59765625	2.50980401
890.60174561	2.49019599
890.60595703	2.49019599
890.60595703	2.49019599
890.60992432	2.49019599
890.61407471	2.49019599
890.61816406	2.50980401
890.62225342	2.50980401
890.62634277	2.50980401
890.62634277	2.50980401
890.63043213	2.50980401
890.63452148	2.50980401
890.63867188	2.50980401
890.63867188	2.50980401
890.64276123	2.50980401
890.64691162	2.50980401
890.65087891	2.50980401
890.65087891	2.50980401
890.65502930	2.50980401
890.65917969	2.52941179
890.66320801	2.52941179
890.66729736	2.52941179
890.67150879	2.52941179
890.67150879	2.52941179
890.67559814	2.52941179
890.67962646	2.52941179
890.68371582	2.52941179
890.68371582	2.54901958
890.68780518	2.54901958
890.69195557	2.54901958
890.69604492	2.54901958
890.69604492	2.54901958
890.70001221	2.54901958
890.70416260	2.56862736
890.70825195	2.56862736
890.71240234	2.56862736
890.71649170	2.56862736
890.71649170	2.56862736
890.72058105	2.56862736
890.72467041	2.56862736
890.72882080	2.56862736
890.72882080	2.58823538
890.73297119	2.58823538
890.73693848	2.58823538
890.74108887	2.58823538
890.74108887	2.58823538
890.74523926	2.58823538
890.74932861	2.58823538
890.75335693	2.58823538
890.75738525	2.58823538
890.76153564	2.58823538
890.76153564	2.58823538
890.76562500	2.58823538
890.76965332	2.60784316
890.77392578	2.60784316
890.77392578	2.60784316
890.77789307	2.60784316
890.78204346	2.60784316
890.78613281	2.60784316
890.78613281	2.60784316
890.79016113	2.60784316
890.79437256	2.60784316
890.79846191	2.60784316
890.80261230	2.60784316
890.80651855	2.60784316
890.80651855	2.60784316
890.81072998	2.60784316
890.81488037	2.60784316
890.81890869	2.60784316
890.81890869	2.58823538
890.82287598	2.60784316
890.82702637	2.58823538
890.83111572	2.58823538
890.83111572	2.58823538
890.83532715	2.58823538
890.83935547	2.58823538
890.84338379	2.58823538
890.84747314	2.58823538
890.85168457	2.58823538
890.85168457	2.58823538
890.85583496	2.58823538
890.85998535	2.58823538
890.86395264	2.58823538
890.86395264	2.58823538
890.86804199	2.58823538
890.87219238	2.58823538
890.87628174	2.58823538
890.87628174	2.58823538
890.88024902	2.58823538
890.88439941	2.58823538
890.88854980	2.58823538
890.89263916	2.58823538
890.89666748	2.58823538
890.89666748	2.58823538
890.90087891	2.58823538
890.90490723	2.58823538
890.90905762	2.58823538
890.90905762	2.58823538
890.91308594	2.58823538
890.91723633	2.58823538
890.92132568	2.58823538
890.92132568	2.58823538
890.92541504	2.58823538
890.92956543	2.58823538
890.93359375	2.58823538
890.93359375	2.58823538
890.93762207	2.58823538
890.94177246	2.58823538
890.94177246	2.58823538
890.94586182	2.58823538
890.94989014	2.58823538
890.95404053	2.58823538
890.95404053	2.58823538
890.95812988	2.58823538
890.96228027	2.58823538
890.96636963	2.58823538
890.96636963	2.58823538
890.97045898	2.58823538
890.97454834	2.58823538
890.97869873	2.58823538
890.97869873	2.58823538
890.98272705	2.58823538
890.98699951	2.58823538
890.98699951	2.58823538
890.99096680	2.58823538
890.99505615	2.58823538
890.99920654	2.58823538
890.99920654	2.58823538
891.00317383	2.58823538
891.00738525	2.58823538
891.01147461	2.58823538
891.01147461	2.58823538
891.01556396	2.58823538
891.01959229	2.58823538
891.02374268	2.58823538
891.02374268	2.58823538
891.02789307	2.58823538
891.03198242	2.58823538
891.03198242	2.58823538
891.03601074	2.58823538
891.04003906	2.58823538
891.04412842	2.58823538
891.04412842	2.58823538
891.04827881	2.58823538
891.05242920	2.58823538
891.05651855	2.56862736
891.05651855	2.56862736
891.06054688	2.56862736
891.06469727	2.56862736
891.06884766	2.56862736
891.06884766	2.56862736
891.07287598	2.54901958
891.07690430	2.54901958
891.07690430	2.54901958
891.08099365	2.54901958
891.08520508	2.54901958
891.08929443	2.52941179
891.08929443	2.52941179
891.09326172	2.52941179
891.09741211	2.52941179
891.10150146	2.52941179
891.10150146	2.50980401
891.10583496	2.52941179
891.10968018	2.50980401
891.11395264	2.50980401
891.11395264	2.50980401
891.11804199	2.50980401
891.12207031	2.50980401
891.12615967	2.50980401
891.13012695	2.50980401
891.13427734	2.50980401
891.13427734	2.49019599
891.13842773	2.49019599
891.14251709	2.49019599
891.14654541	2.49019599
891.14654541	2.49019599
891.15063477	2.49019599
891.15478516	2.49019599
891.15887451	2.49019599
891.15887451	2.49019599
891.16296387	2.50980401
891.16705322	2.50980401
891.17120361	2.50980401
891.17535400	2.50980401
891.17950439	2.50980401
891.17950439	2.50980401
891.18341064	2.50980401
891.18756104	2.50980401
891.19165039	2.50980401
891.19165039	2.50980401
891.19573975	2.50980401
891.19989014	2.50980401
891.20391846	2.50980401
891.20391846	2.50980401
891.20800781	2.52941179
891.21215820	2.52941179
891.21624756	2.52941179
891.22027588	2.52941179
891.22442627	2.52941179
891.22442627	2.52941179
891.22851563	2.52941179
891.23272705	2.52941179
891.23669434	2.54901958
891.23669434	2.54901958
891.24090576	2.54901958
891.24499512	2.54901958
891.24914551	2.54901958
891.24914551	2.54901958
891.25311279	2.54901958
891.25726318	2.54901958
891.26135254	2.56862736
891.26550293	2.56862736
891.26959229	2.56862736
891.26959229	2.56862736
891.27355957	2.56862736
891.27777100	2.56862736
891.28192139	2.56862736
891.28192139	2.56862736
891.28594971	2.56862736
891.28997803	2.56862736
891.29412842	2.56862736
891.29412842	2.56862736
891.29821777	2.56862736
891.30236816	2.56862736
891.30627441	2.56862736
891.31042480	2.56862736
891.31457520	2.56862736
891.31457520	2.56862736
891.31860352	2.56862736
891.32281494	2.56862736
891.32696533	2.56862736
891.32696533	2.56862736
891.33093262	2.56862736
891.33502197	2.56862736
891.33917236	2.56862736
891.33917236	2.56862736
891.34320068	2.56862736
891.34735107	2.56862736
891.35144043	2.56862736
891.35559082	2.56862736
891.35974121	2.56862736
891.35974121	2.56862736
891.36370850	2.56862736
891.36791992	2.56862736
891.37200928	2.56862736
891.37200928	2.56862736
891.37603760	2.56862736
891.38012695	2.56862736
891.38427734	2.56862736
891.38427734	2.56862736
891.38836670	2.56862736
891.39245605	2.56862736
891.39648438	2.56862736
891.40063477	2.56862736
891.40472412	2.56862736
891.40472412	2.56862736
891.40887451	2.56862736
891.41296387	2.56862736
891.41699219	2.56862736
891.41699219	2.56862736
891.42114258	2.56862736
891.42523193	2.56862736
891.42926025	2.56862736
891.42926025	2.56862736
891.43328857	2.56862736
891.43737793	2.56862736
891.44152832	2.56862736
891.44152832	2.56862736
891.44573975	2.56862736
891.44982910	2.56862736
891.44982910	2.56862736
891.45397949	2.56862736
891.45794678	2.56862736
891.46203613	2.56862736
891.46203613	2.56862736
891.46618652	2.56862736
891.47015381	2.56862736
891.47430420	2.56862736
891.47430420	2.56862736
891.47833252	2.56862736
891.48254395	2.56862736
891.48657227	2.56862736
891.48657227	2.56862736
891.49066162	2.56862736
891.49487305	2.56862736
891.49487305	2.56862736
891.49902344	2.56862736
891.50292969	2.56862736
891.50708008	2.56862736
891.50708008	2.56862736
891.51123047	2.56862736
891.51538086	2.56862736
891.51947021	2.56862736
891.51947021	2.56862736
891.52343750	2.56862736
891.52758789	2.56862736
891.53173828	2.56862736
891.53173828	2.56862736
891.53588867	2.56862736
891.53997803	2.56862736
891.53997803	2.56862736
891.54394531	2.56862736
891.54803467	2.56862736
891.55212402	2.56862736
891.55212402	2.56862736
891.55615234	2.56862736
891.56030273	2.56862736
891.56439209	2.56862736
891.56439209	2.56862736
891.56860352	2.56862736
891.57263184	2.56862736
891.57666016	2.56862736
891.57666016	2.56862736
891.58087158	2.56862736
891.58489990	2.54901958
891.58489990	2.54901958
891.58905029	2.54901958
891.59301758	2.54901958
891.59710693	2.54901958
891.59710693	2.54901958
891.60131836	2.52941179
891.60546875	2.52941179
891.60955811	2.52941179
891.60955811	2.52941179
891.61358643	2.52941179
891.61767578	2.52941179
891.62182617	2.50980401
891.62182617	2.50980401
891.62597656	2.50980401
891.62988281	2.50980401
891.63397217	2.50980401
891.63818359	2.50980401
891.64227295	2.49019599
891.64227295	2.49019599
891.64624023	2.49019599
891.65039063	2.49019599
891.65454102	2.49019599
891.65454102	2.49019599
891.65869141	2.49019599
891.66259766	2.49019599
891.66693115	2.49019599
891.66693115	2.49019599
891.67095947	2.49019599
891.67504883	2.49019599
891.67919922	2.47058821
891.68316650	2.47058821
891.68731689	2.47058821
891.68731689	2.49019599
891.69140625	2.47058821
891.69549561	2.47058821
891.69964600	2.49019599
891.69964600	2.49019599
891.70367432	2.49019599
891.70776367	2.49019599
891.71191406	2.49019599
891.71191406	2.49019599
891.71600342	2.49019599
891.72003174	2.49019599
891.72418213	2.49019599
891.72833252	2.49019599
891.73248291	2.49019599
891.73248291	2.49019599
891.73645020	2.49019599
891.74060059	2.49019599
891.74468994	2.49019599
891.74468994	2.50980401
891.74877930	2.50980401
891.75292969	2.50980401
891.75701904	2.50980401
891.75701904	2.50980401
891.76110840	2.50980401
891.76519775	2.50980401
891.76934814	2.50980401
891.77331543	2.50980401
891.77746582	2.50980401
891.77746582	2.52941179
891.78161621	2.52941179
891.78576660	2.52941179
891.78973389	2.52941179
891.78973389	2.52941179
891.79388428	2.52941179
891.79785156	2.52941179
891.80206299	2.52941179
891.80206299	2.52941179
891.80615234	2.52941179
891.81018066	2.52941179
891.81427002	2.54901958
891.81842041	2.54901958
891.82250977	2.54901958
891.82250977	2.54901958
891.82653809	2.54901958
891.83062744	2.54901958
891.83477783	2.54901958
891.83477783	2.54901958
891.83892822	2.54901958
891.84289551	2.54901958
891.84704590	2.54901958
891.84704590	2.54901958
891.85113525	2.54901958
891.85528564	2.54901958
891.85943604	2.54901958
891.86334229	2.54901958
891.86755371	2.54901958
891.86755371	2.54901958
891.87170410	2.54901958
891.87579346	2.54901958
891.87994385	2.54901958
891.87994385	2.54901958
891.88385010	2.52941179
891.88806152	2.52941179
891.89208984	2.52941179
891.89208984	2.52941179
891.89617920	2.52941179
891.90026855	2.52941179
891.90441895	2.52941179
891.90850830	2.52941179
891.91265869	2.52941179
891.91265869	2.52941179
891.91662598	2.52941179
891.92095947	2.52941179
891.92492676	2.52941179
891.92492676	2.52941179
891.92907715	2.52941179
891.93304443	2.52941179
891.93719482	2.52941179
891.93719482	2.52941179
891.94128418	2.52941179
891.94537354	2.52941179
891.94952393	2.52941179
891.95355225	2.52941179
891.95764160	2.52941179
891.95764160	2.52941179
891.96179199	2.52941179
891.96588135	2.52941179
891.96990967	2.52941179
891.96990967	2.52941179
891.97399902	2.52941179
891.97821045	2.52941179
891.98223877	2.52941179
891.98223877	2.52941179
891.98626709	2.52941179
891.99035645	2.52941179
891.99450684	2.52941179
891.99450684	2.52941179
891.99859619	2.52941179
892.00280762	2.52941179
892.00280762	2.52941179
892.00689697	2.54901958
892.01092529	2.54901958
892.01501465	2.54901958
892.01501465	2.54901958
892.01916504	2.54901958
892.02313232	2.54901958
892.02728271	2.54901958
892.02728271	2.54901958
892.03137207	2.54901958
892.03552246	2.54901958
892.03961182	2.54901958
892.03961182	2.54901958
892.04370117	2.56862736
892.04797363	2.56862736
892.04797363	2.56862736
892.05187988	2.56862736
892.05609131	2.56862736
892.06005859	2.56862736
892.06005859	2.56862736
892.06420898	2.56862736
892.06829834	2.56862736
892.07238770	2.56862736
892.07238770	2.56862736
892.07635498	2.56862736
892.08050537	2.56862736
892.08471680	2.56862736
892.08471680	2.56862736
892.08874512	2.56862736
892.09289551	2.56862736
892.09289551	2.58823538
892.09686279	2.58823538
892.10101318	2.58823538
892.10522461	2.58823538
892.10522461	2.58823538
892.10931396	2.58823538
892.11334229	2.58823538
892.11743164	2.58823538
892.11743164	2.56862736
892.12152100	2.56862736
892.12573242	2.56862736
892.12976074	2.56862736
892.12976074	2.56862736
892.13385010	2.56862736
892.13787842	2.56862736
892.13787842	2.56862736
892.14202881	2.54901958
892.14611816	2.54901958
892.15014648	2.54901958
892.15014648	2.54901958
892.15423584	2.54901958
892.15838623	2.54901958
892.16253662	2.52941179
892.16253662	2.52941179
892.16650391	2.52941179
892.17071533	2.52941179
892.17480469	2.52941179
892.17480469	2.52941179
892.17895508	2.52941179
892.18304443	2.52941179
892.18701172	2.50980401
892.19110107	2.50980401
892.19525146	2.50980401
892.19525146	2.50980401
892.19940186	2.50980401
892.20336914	2.50980401
892.20751953	2.50980401
892.20751953	2.50980401
892.21160889	2.50980401
892.21575928	2.50980401
892.21984863	2.50980401
892.21984863	2.50980401
892.22387695	2.50980401
892.22808838	2.50980401
892.23223877	2.50980401
892.23620605	2.50980401
892.24029541	2.50980401
892.24029541	2.50980401
892.24444580	2.50980401
892.24859619	2.50980401
892.25268555	2.50980401
892.25268555	2.50980401
892.25665283	2.50980401
892.26098633	2.50980401
892.26489258	2.52941179
892.26489258	2.52941179
892.26904297	2.52941179
892.27313232	2.52941179
892.27716064	2.52941179
892.28125000	2.52941179
892.28540039	2.52941179
892.28540039	2.52941179
892.28948975	2.52941179
892.29351807	2.52941179
892.29772949	2.52941179
892.29772949	2.52941179
892.30175781	2.52941179
892.30596924	2.52941179
892.30993652	2.54901958
892.30993652	2.54901958
892.31408691	2.54901958
892.31811523	2.54901958
892.32226563	2.54901958
892.32623291	2.54901958
892.33038330	2.54901958
892.33038330	2.54901958
892.33447266	2.54901958
892.33862305	2.54901958
892.34277344	2.54901958
892.34277344	2.54901958
892.34686279	2.56862736
892.35089111	2.56862736
892.35504150	2.56862736
892.35504150	2.56862736
892.35919189	2.56862736
892.36322021	2.56862736
892.36730957	2.56862736
892.37139893	2.56862736
892.37561035	2.56862736
892.37561035	2.56862736
892.37951660	2.56862736
892.38360596	2.56862736
892.38787842	2.56862736
892.38787842	2.56862736
892.39184570	2.56862736
892.39599609	2.56862736
892.40002441	2.56862736
892.40002441	2.56862736
892.40411377	2.56862736
892.40826416	2.56862736
892.41235352	2.56862736
892.41644287	2.56862736
892.42059326	2.56862736
892.42059326	2.56862736
892.42468262	2.56862736
892.42883301	2.56862736
892.43292236	2.56862736
892.43292236	2.56862736
892.43688965	2.56862736
892.44104004	2.56862736
892.44512939	2.56862736
892.44512939	2.56862736
892.44927979	2.56862736
892.45324707	2.56862736
892.45739746	2.56862736
892.46148682	2.56862736
892.46563721	2.56862736
892.46563721	2.56862736
892.46960449	2.56862736
892.47393799	2.56862736
892.47796631	2.56862736
892.47796631	2.54901958
892.48205566	2.54901958
892.48608398	2.54901958
892.49017334	2.54901958
892.49017334	2.56862736
892.49426270	2.56862736
892.49841309	2.56862736
892.50256348	2.56862736
892.50256348	2.56862736
892.50659180	2.56862736
892.51074219	2.56862736
892.51074219	2.56862736
892.51489258	2.56862736
892.51892090	2.56862736
892.52307129	2.56862736
892.52307129	2.56862736
892.52709961	2.56862736
892.53125000	2.56862736
892.53533936	2.56862736
892.53533936	2.56862736
892.53936768	2.56862736
892.54339600	2.56862736
892.54754639	2.56862736
892.54754639	2.56862736
892.55157471	2.56862736
892.55584717	2.56862736
892.55584717	2.56862736
892.55987549	2.56862736
892.56390381	2.56862736
892.56811523	2.56862736
892.56811523	2.56862736
892.57214355	2.56862736
892.57611084	2.56862736
892.58026123	2.56862736
892.58026123	2.56862736
892.58435059	2.56862736
892.58856201	2.56862736
892.59259033	2.56862736
892.59259033	2.56862736
892.59661865	2.56862736
892.60089111	2.56862736
892.60089111	2.56862736
892.60498047	2.56862736
892.60906982	2.56862736
892.61322021	2.58823538
892.61322021	2.58823538
892.61718750	2.58823538
892.62121582	2.58823538
892.62542725	2.58823538
892.62542725	2.58823538
892.62939453	2.58823538
892.63348389	2.58823538
892.63763428	2.58823538
892.63763428	2.58823538
892.64172363	2.56862736
892.64587402	2.56862736
892.64587402	2.56862736
892.64984131	2.56862736
892.65411377	2.56862736
892.65814209	2.56862736
892.65814209	2.56862736
892.66229248	2.56862736
892.66632080	2.56862736
892.67041016	2.54901958
892.67041016	2.54901958
892.67456055	2.54901958
892.67871094	2.54901958
892.68280029	2.54901958
892.68280029	2.54901958
892.68695068	2.54901958
892.69091797	2.52941179
892.69091797	2.52941179
892.69500732	2.52941179
892.69915771	2.52941179
892.70324707	2.52941179
892.70324707	2.52941179
892.70727539	2.52941179
892.71136475	2.52941179
892.71551514	2.52941179
892.71551514	2.50980401
892.71954346	2.50980401
892.72363281	2.50980401
892.72796631	2.50980401
892.72796631	2.50980401
892.73193359	2.50980401
892.73608398	2.50980401
892.74005127	2.50980401
892.74420166	2.50980401
892.74835205	2.50980401
892.74835205	2.50980401
892.75244141	2.50980401
892.75640869	2.50980401
892.76055908	2.50980401
892.76055908	2.50980401
892.76458740	2.50980401
892.76879883	2.50980401
892.77288818	2.50980401
892.77288818	2.50980401
892.77691650	2.50980401
892.78100586	2.50980401
892.78521729	2.50980401
892.78924561	2.50980401
892.79339600	2.50980401
892.79339600	2.52941179
892.79736328	2.52941179
892.80151367	2.52941179
892.80572510	2.52941179
892.80572510	2.52941179
892.80969238	2.52941179
892.81396484	2.52941179
892.81787109	2.52941179
892.81787109	2.52941179
892.82202148	2.52941179
892.82611084	2.52941179
892.83013916	2.54901958
892.83422852	2.54901958
892.83837891	2.54901958
892.83837891	2.54901958
892.84246826	2.54901958
892.84649658	2.54901958
892.85064697	2.54901958
892.85064697	2.54901958
892.85485840	2.54901958
892.85894775	2.54901958
892.86309814	2.54901958
892.86309814	2.56862736
892.86706543	2.56862736
892.87115479	2.56862736
892.87530518	2.56862736
892.87939453	2.56862736
892.88336182	2.56862736
892.88336182	2.56862736
892.88751221	2.56862736
892.89160156	2.56862736
892.89575195	2.56862736
892.89575195	2.56862736
892.89984131	2.56862736
892.90386963	2.56862736
892.90795898	2.56862736
892.90795898	2.56862736
892.91217041	2.56862736
892.91632080	2.56862736
892.92028809	2.56862736
892.92443848	2.56862736
892.92858887	2.56862736
892.92858887	2.56862736
892.93267822	2.56862736
892.93664551	2.56862736
892.94091797	2.56862736
892.94091797	2.56862736
892.94482422	2.56862736
892.94897461	2.56862736
892.95312500	2.56862736
892.95312500	2.56862736
892.95715332	2.56862736
892.96124268	2.56862736
892.96539307	2.56862736
892.96948242	2.56862736
892.97351074	2.56862736
892.97351074	2.56862736
892.97766113	2.56862736
892.98181152	2.56862736
892.98596191	2.56862736
892.98596191	2.56862736
892.98992920	2.56862736
892.99407959	2.56862736
892.99816895	2.54901958
892.99816895	2.54901958
893.00225830	2.54901958
893.00622559	2.54901958
893.01037598	2.54901958
893.01446533	2.54901958
893.01861572	2.54901958
893.01861572	2.54901958
893.02276611	2.54901958
893.02685547	2.54901958
893.03088379	2.54901958
893.03088379	2.54901958
893.03503418	2.54901958
893.03918457	2.54901958
893.04333496	2.54901958
893.04333496	2.54901958
893.04730225	2.54901958
893.05145264	2.54901958
893.05554199	2.54901958
893.05554199	2.54901958
893.05957031	2.54901958
893.06365967	2.54901958
893.06365967	2.54901958
893.06781006	2.54901958
893.07189941	2.54901958
893.07598877	2.54901958
893.07598877	2.54901958
893.08007813	2.54901958
893.08410645	2.54901958
893.08825684	2.54901958
893.08825684	2.54901958
893.09234619	2.54901958
893.09637451	2.54901958
893.10046387	2.54901958
893.10046387	2.54901958
893.10467529	2.54901958
893.10882568	2.54901958
893.10882568	2.54901958
893.11297607	2.54901958
893.11694336	2.54901958
893.12109375	2.54901958
893.12109375	2.54901958
893.12518311	2.54901958
893.12927246	2.54901958
893.13336182	2.54901958
893.13336182	2.54901958
893.13739014	2.54901958
893.14147949	2.54901958
893.14562988	2.54901958
893.14562988	2.54901958
893.14959717	2.54901958
893.15393066	2.54901958
893.15393066	2.54901958
893.15789795	2.54901958
893.16204834	2.54901958
893.16613770	2.54901958
893.16613770	2.54901958
893.17016602	2.52941179
893.17425537	2.52941179
893.17840576	2.52941179
893.17840576	2.52941179
893.18249512	2.52941179
893.18652344	2.52941179
893.19061279	2.52941179
893.19061279	2.52941179
893.19470215	2.52941179
893.19885254	2.50980401
893.19885254	2.50980401
893.20288086	2.50980401
893.20697021	2.50980401
893.21112061	2.50980401
893.21112061	2.50980401
893.21527100	2.50980401
893.21936035	2.50980401
893.22338867	2.50980401
893.22338867	2.49019599
893.22760010	2.49019599
893.23162842	2.49019599
893.23577881	2.49019599
893.23577881	2.49019599
893.23992920	2.49019599
893.24389648	2.49019599
893.24804688	2.49019599
893.25219727	2.49019599
893.25622559	2.49019599
893.25622559	2.49019599
893.26025391	2.49019599
893.26434326	2.49019599
893.26867676	2.49019599
893.26867676	2.49019599
893.27264404	2.49019599
893.27661133	2.49019599
893.28088379	2.49019599
893.28088379	2.49019599
893.28491211	2.49019599
893.28900146	2.49019599
893.29302979	2.49019599
893.29718018	2.49019599
893.30139160	2.49019599
893.30139160	2.49019599
893.30541992	2.49019599
893.30944824	2.49019599
893.31359863	2.49019599
893.31359863	2.49019599
893.31768799	2.49019599
893.32183838	2.49019599
893.32598877	2.49019599
893.32598877	2.49019599
893.32995605	2.49019599
893.33404541	2.49019599
893.33819580	2.50980401
893.34234619	2.50980401
893.34643555	2.50980401
893.34643555	2.50980401
893.35034180	2.50980401
893.35449219	2.50980401
893.35858154	2.50980401
893.35858154	2.50980401
893.36279297	2.50980401
893.36688232	2.52941179
893.37091064	2.52941179
893.37091064	2.52941179
893.37506104	2.52941179
893.37915039	2.52941179
893.38311768	2.52941179
893.38720703	2.52941179
893.39141846	2.52941179
893.39141846	2.52941179
893.39550781	2.52941179
893.39947510	2.52941179
893.40362549	2.54901958
893.40362549	2.54901958
893.40771484	2.54901958
893.41186523	2.54901958
893.41601563	2.54901958
893.41601563	2.54901958
893.42004395	2.54901958
893.42419434	2.54901958
893.42834473	2.54901958
893.43243408	2.54901958
893.43658447	2.54901958
893.43658447	2.54901958
893.44049072	2.54901958
893.44458008	2.54901958
893.44873047	2.54901958
893.44873047	2.54901958
893.45288086	2.54901958
893.45684814	2.54901958
893.46099854	2.54901958
893.46099854	2.54901958
893.46508789	2.54901958
893.46923828	2.54901958
893.47326660	2.54901958
893.47741699	2.54901958
893.48156738	2.54901958
893.48156738	2.54901958
893.48565674	2.54901958
893.48968506	2.54901958
893.49395752	2.54901958
893.49395752	2.54901958
893.49792480	2.54901958
893.50207520	2.54901958
893.50610352	2.54901958
893.50610352	2.54901958
893.51013184	2.54901958
893.51422119	2.54901958
893.51837158	2.54901958
893.52246094	2.54901958
893.52661133	2.54901958
893.52661133	2.54901958
893.53057861	2.54901958
893.53479004	2.54901958
893.53894043	2.54901958
893.53894043	2.54901958
893.54290771	2.54901958
893.54705811	2.54901958
893.55120850	2.54901958
893.55120850	2.54901958
893.55529785	2.54901958
893.55944824	2.54901958
893.56341553	2.54901958
893.56756592	2.54901958
893.57159424	2.54901958
893.57159424	2.54901958
893.57574463	2.54901958
893.57989502	2.54901958
893.58386230	2.54901958
893.58386230	2.54901958
893.58801270	2.54901958
893.59210205	2.54901958
893.59625244	2.54901958
893.59625244	2.54901958
893.60021973	2.54901958
893.60443115	2.54901958
893.60852051	2.54901958
893.60852051	2.54901958
893.61267090	2.56862736
893.61669922	2.56862736
893.61669922	2.56862736
893.62091064	2.56862736
893.62493896	2.56862736
893.62902832	2.56862736
893.62902832	2.56862736
893.63299561	2.56862736
893.63708496	2.56862736
893.64123535	2.56862736
893.64123535	2.56862736
893.64532471	2.56862736
893.64947510	2.56862736
893.65350342	2.56862736
893.65350342	2.58823538
893.65765381	2.58823538
893.66174316	2.58823538
893.66174316	2.58823538
893.66589355	2.58823538
893.66992188	2.58823538
893.67401123	2.58823538
893.67401123	2.58823538
893.67816162	2.56862736
893.68231201	2.56862736
893.68634033	2.56862736
893.68634033	2.56862736
893.69036865	2.56862736
893.69445801	2.56862736
893.69860840	2.56862736
893.69860840	2.56862736
893.70275879	2.56862736
893.70684814	2.56862736
893.70684814	2.56862736
893.71087646	2.54901958
893.71496582	2.54901958
893.71911621	2.54901958
893.71911621	2.54901958
893.72308350	2.54901958
893.72729492	2.54901958
893.73144531	2.54901958
893.73144531	2.52941179
893.73553467	2.52941179
893.73956299	2.52941179
893.74365234	2.52941179
893.74365234	2.52941179
893.74780273	2.52941179
893.75195313	2.52941179
893.75195313	2.52941179
893.75598145	2.52941179
893.76000977	2.52941179
893.76409912	2.50980401
893.76409912	2.50980401
893.76824951	2.50980401
893.77233887	2.50980401
893.77648926	2.50980401
893.77648926	2.50980401
893.78045654	2.50980401
893.78466797	2.50980401
893.78881836	2.50980401
893.78881836	2.50980401
893.79290771	2.50980401
893.79693604	2.50980401
893.80102539	2.50980401
893.80517578	2.50980401
893.80926514	2.50980401
893.80926514	2.50980401
893.81323242	2.50980401
893.81744385	2.50980401
893.82147217	2.50980401
893.82147217	2.50980401
893.82562256	2.50980401
893.82958984	2.50980401
893.83386230	2.52941179
893.83386230	2.52941179
893.83789063	2.52941179
893.84197998	2.52941179
893.84613037	2.52941179
893.85009766	2.52941179
893.85424805	2.52941179
893.85424805	2.52941179
893.85845947	2.52941179
893.86254883	2.52941179
893.86669922	2.52941179
893.86669922	2.52941179
893.87066650	2.52941179
893.87481689	2.52941179
893.87884521	2.52941179
893.87884521	2.52941179
893.88293457	2.54901958
893.88696289	2.54901958
893.89111328	2.54901958
893.89520264	2.54901958
893.89935303	2.54901958
893.89935303	2.54901958
893.90338135	2.54901958
893.90753174	2.54901958
893.91162109	2.54901958
893.91162109	2.54901958
893.91577148	2.54901958
893.91992188	2.54901958
893.92388916	2.54901958
893.92388916	2.54901958
893.92803955	2.54901958
893.93218994	2.54901958
893.93634033	2.54901958
893.94030762	2.54901958
893.94445801	2.56862736
893.94445801	2.54901958
893.94854736	2.56862736
893.95275879	2.56862736
893.95672607	2.56862736
893.95672607	2.56862736
893.96093750	2.56862736
893.96490479	2.56862736
893.96911621	2.56862736
893.96911621	2.56862736
893.97308350	2.54901958
893.97717285	2.54901958
893.98126221	2.54901958
893.98547363	2.54901958
893.98950195	2.54901958
893.98950195	2.54901958
893.99346924	2.54901958
893.99761963	2.54901958
894.00183105	2.54901958
894.00183105	2.54901958
894.00585938	2.54901958
894.00988770	2.54901958
894.01397705	2.54901958
894.01397705	2.54901958
894.01812744	2.54901958
894.02221680	2.54901958
894.02636719	2.54901958
894.03033447	2.54901958
894.03448486	2.54901958
894.03448486	2.54901958
894.03863525	2.54901958
894.04278564	2.54901958
894.04693604	2.54901958
894.04693604	2.54901958
894.05090332	2.54901958
894.05505371	2.54901958
894.05914307	2.54901958
894.05914307	2.54901958
894.06317139	2.54901958
894.06732178	2.54901958
894.07147217	2.54901958
894.07562256	2.56862736
894.07971191	2.56862736
894.07971191	2.56862736
894.08367920	2.56862736
894.08782959	2.56862736
894.09197998	2.56862736
894.09197998	2.56862736
894.09606934	2.56862736
894.09997559	2.56862736
894.10412598	2.56862736
894.10412598	2.56862736
894.10821533	2.56862736
894.11236572	2.56862736
894.11645508	2.56862736
894.11645508	2.56862736
894.12054443	2.56862736
894.12469482	2.56862736
894.12469482	2.56862736
894.12884521	2.56862736
894.13287354	2.56862736
894.13684082	2.56862736
894.13684082	2.56862736
894.14099121	2.56862736
894.14508057	2.56862736
894.14923096	2.56862736
894.14923096	2.56862736
894.15325928	2.56862736
894.15740967	2.56862736
894.16149902	2.56862736
894.16149902	2.56862736
894.16564941	2.56862736
894.16979980	2.56862736
894.16979980	2.56862736
894.17395020	2.56862736
894.17791748	2.56862736
894.18206787	2.56862736
894.18206787	2.56862736
894.18603516	2.56862736
894.19012451	2.56862736
894.19421387	2.56862736
894.19421387	2.56862736
894.19836426	2.56862736
894.20245361	2.56862736
894.20660400	2.56862736
894.20660400	2.56862736
894.21063232	2.56862736
894.21472168	2.56862736
894.21472168	2.54901958
894.21887207	2.54901958
894.22290039	2.54901958
894.22705078	2.54901958
894.22705078	2.54901958
894.23114014	2.54901958
894.23522949	2.54901958
894.23944092	2.52941179
894.23944092	2.52941179
894.24340820	2.52941179
894.24755859	2.52941179
894.25164795	2.52941179
894.25164795	2.52941179
894.25573730	2.52941179
894.25982666	2.52941179
894.25982666	2.52941179
894.26385498	2.52941179
894.26806641	2.50980401
894.27209473	2.50980401
894.27209473	2.50980401
894.27612305	2.50980401
894.28021240	2.50980401
894.28442383	2.50980401
894.28442383	2.50980401
894.28851318	2.50980401
894.29266357	2.50980401
894.29669189	2.50980401
894.29669189	2.50980401
894.30096436	2.50980401
894.30493164	2.50980401
894.30902100	2.50980401
894.31304932	2.50980401
894.31713867	2.50980401
894.31713867	2.50980401
894.32128906	2.50980401
894.32537842	2.50980401
894.32946777	2.50980401
894.32946777	2.50980401
894.33349609	2.50980401
894.33758545	2.50980401
894.34173584	2.50980401
894.34173584	2.50980401
894.34582520	2.50980401
894.34985352	2.50980401
894.35400391	2.50980401
894.35815430	2.50980401
894.36230469	2.50980401
894.36230469	2.52941179
894.36633301	2.52941179
894.37036133	2.52941179
894.37445068	2.52941179
894.37445068	2.52941179
894.37866211	2.52941179
894.38275146	2.52941179
894.38684082	2.52941179
894.38684082	2.52941179
894.39086914	2.52941179
894.39495850	2.52941179
894.39916992	2.52941179
894.40307617	2.52941179
894.40722656	2.52941179
894.40722656	2.52941179
894.41131592	2.52941179
894.41546631	2.54901958
894.41967773	2.54901958
894.41967773	2.54901958
894.42364502	2.54901958
894.42779541	2.54901958
894.43194580	2.54901958
894.43194580	2.54901958
894.43603516	2.54901958
894.44000244	2.54901958
894.44409180	2.54901958
894.44824219	2.54901958
894.45233154	2.54901958
894.45233154	2.54901958
894.45635986	2.54901958
894.46044922	2.54901958
894.46459961	2.54901958
894.46459961	2.54901958
894.46875000	2.54901958
894.47290039	2.54901958
894.47692871	2.54901958
894.47692871	2.54901958
894.48101807	2.54901958
894.48510742	2.54901958
894.48931885	2.54901958
894.49328613	2.54901958
894.49743652	2.54901958
894.49743652	2.54901958
894.50146484	2.54901958
894.50561523	2.54901958
894.50970459	2.54901958
894.50970459	2.54901958
894.51385498	2.54901958
894.51788330	2.54901958
894.52197266	2.54901958
894.52197266	2.54901958
894.52612305	2.54901958
894.53009033	2.54901958
894.53424072	2.54901958
894.53839111	2.54901958
894.54254150	2.54901958
894.54254150	2.54901958
894.54656982	2.54901958
894.55065918	2.54901958
894.55493164	2.54901958
894.55493164	2.54901958
894.55889893	2.54901958
894.56292725	2.56862736
894.56707764	2.56862736
894.56707764	2.56862736
894.57110596	2.56862736
894.57525635	2.56862736
894.57934570	2.56862736
894.58343506	2.56862736
894.58758545	2.56862736
894.58758545	2.56862736
894.59167480	2.56862736
894.59582520	2.56862736
894.59991455	2.56862736
894.59991455	2.56862736
894.60394287	2.56862736
894.60803223	2.56862736
894.61212158	2.56862736
894.61212158	2.56862736
894.61608887	2.56862736
894.62023926	2.56862736
894.62438965	2.56862736
894.62854004	2.56862736
894.63262939	2.56862736
894.63262939	2.58823538
894.63659668	2.58823538
894.64086914	2.58823538
894.64483643	2.58823538
894.64483643	2.58823538
894.64898682	2.58823538
894.65301514	2.58823538
894.65710449	2.58823538
894.65710449	2.58823538
894.66125488	2.58823538
894.66540527	2.58823538
894.66961670	2.58823538
894.66961670	2.58823538
894.67352295	2.58823538
894.67767334	2.58823538
894.67767334	2.58823538
894.68176270	2.58823538
894.68591309	2.58823538
894.69000244	2.58823538
894.69000244	2.58823538
894.69396973	2.58823538
894.69805908	2.58823538
894.70220947	2.58823538
894.70220947	2.58823538
894.70623779	2.58823538
894.71038818	2.58823538
894.71447754	2.58823538
894.71447754	2.58823538
894.71862793	2.58823538
894.72271729	2.60784316
894.72271729	2.58823538
894.72692871	2.58823538
894.73089600	2.58823538
894.73498535	2.58823538
894.73498535	2.58823538
894.73919678	2.58823538
894.74316406	2.58823538
894.74725342	2.58823538
894.74725342	2.58823538
894.75140381	2.58823538
894.75549316	2.56862736
894.75958252	2.56862736
894.75958252	2.56862736
894.76361084	2.56862736
894.76782227	2.56862736
894.76782227	2.56862736
894.77185059	2.56862736
894.77593994	2.56862736
894.77996826	2.54901958
894.77996826	2.54901958
894.78411865	2.54901958
894.78826904	2.54901958
894.79241943	2.54901958
894.79241943	2.54901958
894.79638672	2.54901958
894.80053711	2.52941179
894.80456543	2.52941179
894.80456543	2.52941179
894.80883789	2.52941179
894.81286621	2.52941179
894.81286621	2.52941179
894.81683350	2.52941179
894.82098389	2.52941179
894.82507324	2.52941179
894.82507324	2.52941179
894.82922363	2.52941179
894.83325195	2.52941179
894.83740234	2.52941179
894.83740234	2.52941179
894.84149170	2.52941179
894.84564209	2.52941179
894.84979248	2.52941179
894.84979248	2.52941179
894.85394287	2.52941179
894.85791016	2.52941179
894.86206055	2.52941179
894.86602783	2.52941179
894.87017822	2.52941179
894.87017822	2.52941179
894.87426758	2.52941179
894.87841797	2.52941179
894.88256836	2.52941179
894.88256836	2.52941179
894.88659668	2.52941179
894.89068604	2.52941179
894.89477539	2.52941179
894.89477539	2.52941179
894.89892578	2.52941179
894.90307617	2.52941179
894.90710449	2.52941179
894.91113281	2.54901958
894.91522217	2.54901958
894.91522217	2.54901958
894.91943359	2.54901958
894.92333984	2.54901958
894.92749023	2.54901958
894.92749023	2.54901958
894.93164063	2.54901958
894.93572998	2.54901958
894.93988037	2.54901958
894.93988037	2.54901958
894.94390869	2.54901958
894.94793701	2.56862736
894.95214844	2.56862736
894.95611572	2.56862736
894.96026611	2.56862736
894.96026611	2.56862736
894.96435547	2.56862736
894.96856689	2.56862736
894.97259521	2.56862736
894.97259521	2.56862736
894.97662354	2.56862736
894.98089600	2.56862736
894.98480225	2.56862736
894.98480225	2.56862736
894.98901367	2.56862736
894.99304199	2.56862736
894.99713135	2.56862736
895.00122070	2.56862736
895.00537109	2.56862736
895.00537109	2.56862736
895.00939941	2.56862736
895.01348877	2.56862736
895.01757813	2.56862736
895.01757813	2.56862736
895.02172852	2.56862736
895.02581787	2.56862736
895.02996826	2.56862736
895.02996826	2.56862736
895.03399658	2.56862736
895.03820801	2.56862736
895.04229736	2.56862736
895.04626465	2.56862736
895.05041504	2.56862736
895.05041504	2.56862736
895.05450439	2.56862736
895.05865479	2.56862736
895.06274414	2.56862736
895.06274414	2.56862736
895.06683350	2.56862736
895.07086182	2.56862736
895.07495117	2.56862736
895.07495117	2.56862736
895.07910156	2.56862736
895.08306885	2.56862736
895.08721924	2.56862736
895.09136963	2.56862736
895.09552002	2.56862736
895.09552002	2.56862736
895.09954834	2.56862736
895.10363770	2.56862736
895.10791016	2.56862736
895.10791016	2.56862736
895.11193848	2.56862736
895.11602783	2.56862736
895.12017822	2.56862736
895.12017822	2.56862736
895.12420654	2.56862736
895.12829590	2.56862736
895.13232422	2.56862736
895.13635254	2.56862736
895.14044189	2.56862736
895.14044189	2.56862736
895.14459229	2.56862736
895.14868164	2.56862736
895.15283203	2.56862736
895.15283203	2.56862736
895.15686035	2.56862736
895.16094971	2.56862736
895.16516113	2.56862736
895.16516113	2.56862736
895.16931152	2.56862736
895.17327881	2.56862736
895.17742920	2.56862736
895.17742920	2.56862736
895.18157959	2.56862736
895.18566895	2.56862736
895.18566895	2.56862736
895.18963623	2.56862736
895.19384766	2.56862736
895.19781494	2.56862736
895.19781494	2.56862736
895.20196533	2.56862736
895.20611572	2.56862736
895.21008301	2.56862736
895.21008301	2.56862736
895.21423340	2.56862736
895.21832275	2.54901958
895.22247314	2.54901958
895.22247314	2.54901958
895.22650146	2.54901958
895.23065186	2.54901958
895.23065186	2.54901958
895.23480225	2.54901958
895.23895264	2.54901958
895.24304199	2.54901958
895.24304199	2.54901958
895.24700928	2.54901958
895.25115967	2.54901958
895.25524902	2.54901958
895.25524902	2.54901958
895.25933838	2.54901958
895.26336670	2.54901958
895.26745605	2.54901958
895.26745605	2.54901958
895.27160645	2.54901958
895.27569580	2.54901958
895.27569580	2.54901958
895.27984619	2.54901958
895.28387451	2.54901958
895.28802490	2.54901958
895.28802490	2.54901958
895.29217529	2.54901958
895.29632568	2.54901958
895.30029297	2.54901958
895.30029297	2.54901958
895.30438232	2.54901958
895.30853271	2.54901958
895.31262207	2.54901958
895.31262207	2.52941179
895.31658936	2.52941179
895.32086182	2.52941179
895.32086182	2.52941179
895.32482910	2.52941179
895.32897949	2.52941179
895.33306885	2.52941179
895.33306885	2.52941179
895.33709717	2.50980401
895.34118652	2.50980401
895.34539795	2.50980401
895.34539795	2.50980401
895.34942627	2.50980401
895.35351563	2.50980401
895.35760498	2.50980401
895.35760498	2.50980401
895.36181641	2.50980401
895.36590576	2.49019599
895.36993408	2.49019599
895.37402344	2.49019599
895.37817383	2.49019599
895.37817383	2.49019599
895.38226318	2.49019599
895.38623047	2.49019599
895.39038086	2.49019599
895.39038086	2.49019599
895.39447021	2.49019599
895.39855957	2.49019599
895.40270996	2.49019599
895.40270996	2.49019599
895.40686035	2.49019599
895.41082764	2.49019599
895.41497803	2.49019599
895.41912842	2.49019599
895.42327881	2.49019599
895.42327881	2.49019599
895.42724609	2.49019599
895.43139648	2.49019599
895.43554688	2.49019599
895.43554688	2.49019599
895.43951416	2.49019599
895.44360352	2.49019599
895.44781494	2.49019599
895.44781494	2.49019599
895.45184326	2.50980401
895.45593262	2.50980401
895.45996094	2.50980401
895.46411133	2.50980401
895.46820068	2.50980401
895.46820068	2.50980401
895.47235107	2.50980401
895.47637939	2.50980401
895.48052979	2.50980401
895.48052979	2.52941179
895.48474121	2.52941179
895.48876953	2.52941179
895.49291992	2.52941179
895.49291992	2.52941179
895.49688721	2.52941179
895.50103760	2.52941179
895.50512695	2.52941179
895.50921631	2.54901958
895.51324463	2.54901958
895.51324463	2.54901958
895.51733398	2.54901958
895.52148438	2.54901958
895.52557373	2.54901958
895.52557373	2.54901958
895.52960205	2.56862736
895.53381348	2.56862736
895.53790283	2.56862736
895.53790283	2.56862736
895.54205322	2.56862736
895.54614258	2.56862736
895.55017090	2.56862736
895.55426025	2.56862736
895.55841064	2.56862736
895.55841064	2.56862736
895.56250000	2.56862736
895.56646729	2.56862736
895.57055664	2.56862736
895.57055664	2.56862736
895.57470703	2.56862736
895.57885742	2.56862736
895.58294678	2.56862736
895.58294678	2.56862736
895.58697510	2.56862736
895.59106445	2.56862736
895.59527588	2.56862736
895.59942627	2.56862736
895.60339355	2.56862736
895.60339355	2.56862736
895.60754395	2.56862736
895.61163330	2.56862736
895.61578369	2.56862736
895.61578369	2.56862736
895.61993408	2.56862736
895.62390137	2.56862736
895.62805176	2.56862736
895.62805176	2.56862736
895.63220215	2.56862736
895.63635254	2.56862736
895.64031982	2.56862736
895.64440918	2.56862736
895.64855957	2.56862736
895.64855957	2.56862736
895.65270996	2.56862736
895.65667725	2.56862736
895.66094971	2.56862736
895.66094971	2.56862736
895.66485596	2.56862736
895.66900635	2.56862736
895.67309570	2.56862736
895.67309570	2.56862736
895.67712402	2.56862736
895.68121338	2.56862736
895.68536377	2.56862736
895.68957520	2.56862736
895.69348145	2.56862736
895.69348145	2.56862736
895.69757080	2.56862736
895.70178223	2.56862736
895.70587158	2.56862736
895.70587158	2.56862736
895.70983887	2.56862736
895.71398926	2.56862736
895.71807861	2.56862736
895.71807861	2.56862736
895.72222900	2.56862736
895.72619629	2.56862736
895.73040771	2.56862736
895.73040771	2.56862736
895.73449707	2.56862736
895.73864746	2.56862736
895.73864746	2.56862736
895.74279785	2.56862736
895.74688721	2.56862736
895.75091553	2.56862736
895.75091553	2.56862736
895.75500488	2.56862736
895.75909424	2.56862736
895.76324463	2.56862736
895.76324463	2.58823538
895.76721191	2.56862736
895.77136230	2.58823538
895.77545166	2.58823538
895.77545166	2.58823538
895.77947998	2.58823538
895.78356934	2.58823538
895.78356934	2.58823538
895.78778076	2.58823538
895.79187012	2.58823538
895.79602051	2.58823538
895.79602051	2.58823538
895.80004883	2.58823538
895.80419922	2.58823538
895.80828857	2.58823538
895.80828857	2.58823538
895.81237793	2.58823538
895.81634521	2.58823538
895.82043457	2.58823538
895.82043457	2.58823538
895.82458496	2.58823538
895.82873535	2.58823538
895.82873535	2.58823538
895.83282471	2.58823538
895.83685303	2.58823538
895.84094238	2.58823538
895.84094238	2.58823538
895.84509277	2.58823538
895.84930420	2.58823538
895.85327148	2.58823538
895.85327148	2.58823538
895.85742188	2.58823538
895.86151123	2.58823538
895.86566162	2.58823538
895.86566162	2.58823538
895.86962891	2.58823538
895.87384033	2.58823538
895.87384033	2.58823538
895.87786865	2.58823538
895.88201904	2.58823538
895.88610840	2.58823538
895.88610840	2.58823538
895.89007568	2.58823538
895.89422607	2.58823538
895.89831543	2.58823538
895.89831543	2.58823538
895.90246582	2.58823538
895.90643311	2.58823538
895.91058350	2.58823538
895.91058350	2.58823538
895.91473389	2.58823538
895.91888428	2.58823538
895.92291260	2.58823538
895.92700195	2.58823538
895.93115234	2.56862736
895.93115234	2.56862736
895.93524170	2.56862736
895.93939209	2.56862736
895.94329834	2.56862736
895.94329834	2.56862736
895.94744873	2.56862736
895.95159912	2.56862736
895.95568848	2.56862736
895.95568848	2.56862736
895.95983887	2.54901958
895.96386719	2.54901958
895.96795654	2.54901958
895.97210693	2.54901958
895.97619629	2.54901958
895.97619629	2.54901958
895.98028564	2.54901958
895.98437500	2.54901958
895.98846436	2.54901958
895.98846436	2.54901958
895.99267578	2.54901958
895.99664307	2.54901958
896.00091553	2.54901958
896.00091553	2.54901958
896.00482178	2.54901958
896.00897217	2.54901958
896.01293945	2.54901958
896.01708984	2.54901958
896.02124023	2.56862736
896.02124023	2.56862736
896.02532959	2.56862736
896.02947998	2.56862736
896.03344727	2.56862736
896.03344727	2.56862736
896.03759766	2.56862736
896.04180908	2.56862736
896.04589844	2.56862736
896.04589844	2.56862736
896.04992676	2.56862736
896.05401611	2.56862736
896.05816650	2.58823538
896.06225586	2.58823538
896.06634521	2.58823538
896.06634521	2.58823538
896.07031250	2.58823538
896.07446289	2.58823538
896.07855225	2.58823538
896.07855225	2.58823538
896.08270264	2.58823538
896.08685303	2.58823538
896.09088135	2.58823538
896.09088135	2.58823538
896.09497070	2.58823538
896.09912109	2.58823538
896.10314941	2.60784316
896.10723877	2.60784316
896.11138916	2.60784316
896.11138916	2.60784316
896.11553955	2.60784316
896.11968994	2.60784316
896.12365723	2.60784316
896.12365723	2.60784316
896.12780762	2.60784316
896.13189697	2.60784316
896.13598633	2.60784316
896.13598633	2.60784316
896.13995361	2.60784316
896.14410400	2.60784316
896.14819336	2.60784316
896.15234375	2.60784316
896.15643311	2.60784316
896.15643311	2.60784316
896.16046143	2.60784316
896.16455078	2.60784316
896.16876221	2.60784316
896.16876221	2.60784316
896.17285156	2.60784316
896.17687988	2.60784316
896.18103027	2.60784316
896.18103027	2.60784316
896.18511963	2.60784316
896.18927002	2.60784316
896.19323730	2.60784316
896.19732666	2.60784316
896.20153809	2.60784316
896.20153809	2.60784316
896.20556641	2.60784316
896.20959473	2.60784316
896.21380615	2.58823538
896.21380615	2.58823538
896.21783447	2.58823538
896.22198486	2.58823538
896.22613525	2.58823538
896.22613525	2.58823538
896.23016357	2.58823538
896.23425293	2.58823538
896.23846436	2.58823538
896.23846436	2.58823538
896.24249268	2.58823538
896.24664307	2.58823538
896.24664307	2.56862736
896.25061035	2.56862736
896.25469971	2.56862736
896.25885010	2.56862736
896.25885010	2.56862736
896.26281738	2.56862736
896.26696777	2.56862736
896.27111816	2.56862736
896.27111816	2.56862736
896.27520752	2.56862736
896.27935791	2.56862736
896.28332520	2.56862736
896.28332520	2.56862736
896.28747559	2.54901958
896.29162598	2.54901958
896.29162598	2.54901958
896.29577637	2.54901958
896.29992676	2.54901958
896.30389404	2.54901958
896.30389404	2.54901958
896.30804443	2.54901958
896.31219482	2.54901958
896.31622314	2.54901958
896.31622314	2.54901958
896.32019043	2.54901958
896.32434082	2.54901958
896.32843018	2.54901958
896.32843018	2.54901958
896.33264160	2.54901958
896.33666992	2.54901958
896.33666992	2.54901958
896.34088135	2.54901958
896.34478760	2.54901958
896.34899902	2.54901958
896.34899902	2.54901958
896.35302734	2.56862736
896.35717773	2.56862736
896.36126709	2.56862736
896.36126709	2.56862736
896.36541748	2.56862736
896.36950684	2.56862736
896.37347412	2.56862736
896.37347412	2.56862736
896.37756348	2.56862736
896.38171387	2.56862736
896.38171387	2.56862736
896.38586426	2.56862736
896.38983154	2.56862736
896.39398193	2.56862736
896.39398193	2.56862736
896.39813232	2.56862736
896.40222168	2.56862736
896.40637207	2.56862736
896.40637207	2.56862736
896.41040039	2.56862736
896.41455078	2.56862736
896.41857910	2.56862736
896.41857910	2.56862736
896.42272949	2.56862736
896.42694092	2.56862736
896.43090820	2.56862736
896.43499756	2.56862736
896.43914795	2.56862736
896.43914795	2.56862736
896.44305420	2.56862736
896.44720459	2.56862736
896.45129395	2.56862736
896.45129395	2.56862736
896.45544434	2.56862736
896.45941162	2.56862736
896.46362305	2.56862736
896.46362305	2.56862736
896.46771240	2.56862736
896.47186279	2.56862736
896.47595215	2.56862736
896.48004150	2.56862736
896.48413086	2.56862736
896.48413086	2.56862736
896.48828125	2.56862736
896.49243164	2.56862736
896.49652100	2.54901958
896.49652100	2.54901958
896.50054932	2.54901958
896.50463867	2.54901958
896.50872803	2.54901958
896.50872803	2.54901958
896.51281738	2.54901958
896.51684570	2.52941179
896.52093506	2.52941179
896.52508545	2.52941179
896.52917480	2.52941179
896.52917480	2.52941179
896.53320313	2.52941179
896.53735352	2.52941179
896.54150391	2.50980401
896.54150391	2.50980401
896.54565430	2.50980401
896.54962158	2.50980401
896.55389404	2.50980401
896.55389404	2.50980401
896.55786133	2.50980401
896.56201172	2.50980401
896.56610107	2.49019599
896.57006836	2.49019599
896.57421875	2.49019599
896.57421875	2.49019599
896.57830811	2.49019599
896.58245850	2.49019599
896.58654785	2.49019599
896.58654785	2.49019599
896.59057617	2.49019599
896.59466553	2.49019599
896.59887695	2.49019599
896.59887695	2.49019599
896.60284424	2.49019599
896.60699463	2.49019599
896.61114502	2.49019599
896.61529541	2.49019599
896.61938477	2.49019599
896.61938477	2.49019599
896.62347412	2.49019599
896.62756348	2.49019599
896.63171387	2.49019599
896.63171387	2.49019599
896.63580322	2.49019599
896.63989258	2.49019599
896.64392090	2.49019599
896.64392090	2.49019599
896.64807129	2.50980401
896.65216064	2.50980401
896.65618896	2.50980401
896.66021729	2.50980401
896.66430664	2.50980401
896.66430664	2.50980401
896.66851807	2.50980401
896.67260742	2.50980401
896.67657471	2.50980401
896.67657471	2.50980401
896.68090820	2.50980401
896.68487549	2.52941179
896.68902588	2.52941179
896.68902588	2.52941179
896.69299316	2.52941179
896.69708252	2.52941179
896.70123291	2.52941179
896.70538330	2.52941179
896.70947266	2.52941179
896.70947266	2.52941179
896.71343994	2.52941179
896.71759033	2.52941179
896.72174072	2.54901958
896.72174072	2.54901958
896.72583008	2.54901958
896.72985840	2.54901958
896.73400879	2.54901958
896.73400879	2.54901958
896.73815918	2.54901958
896.74230957	2.54901958
896.74639893	2.54901958
896.75036621	2.54901958
896.75451660	2.54901958
896.75451660	2.54901958
896.75860596	2.54901958
896.76269531	2.54901958
896.76684570	2.52941179
896.76684570	2.52941179
896.77081299	2.52941179
896.77496338	2.52941179
896.77905273	2.52941179
896.77905273	2.52941179
896.78308105	2.52941179
896.78723145	2.52941179
896.79132080	2.52941179
896.79132080	2.52941179
896.79553223	2.52941179
896.79968262	2.52941179
896.79968262	2.52941179
896.80358887	2.52941179
896.80773926	2.52941179
896.81188965	2.52941179
896.81188965	2.52941179
896.81597900	2.52941179
896.81994629	2.52941179
896.82409668	2.52941179
896.82409668	2.50980401
896.82818604	2.50980401
896.83233643	2.50980401
896.83642578	2.50980401
896.83642578	2.50980401
896.84045410	2.50980401
896.84454346	2.50980401
896.84454346	2.50980401
896.84875488	2.50980401
896.85290527	2.50980401
896.85687256	2.50980401
896.85687256	2.50980401
896.86102295	2.50980401
896.86517334	2.50980401
896.86926270	2.50980401
896.86926270	2.50980401
896.87322998	2.50980401
896.87738037	2.50980401
896.88140869	2.50980401
896.88140869	2.50980401
896.88562012	2.50980401
896.88970947	2.50980401
896.88970947	2.50980401
896.89385986	2.50980401
896.89782715	2.50980401
896.90197754	2.50980401
896.90197754	2.50980401
896.90612793	2.50980401
896.91009521	2.49019599
896.91424561	2.49019599
896.91424561	2.49019599
896.91833496	2.49019599
896.92254639	2.49019599
896.92663574	2.49019599
896.92663574	2.49019599
896.93060303	2.47058821
896.93487549	2.47058821
896.93487549	2.47058821
896.93890381	2.47058821
896.94293213	2.47058821
896.94708252	2.45098042
896.94708252	2.45098042
896.95117188	2.45098042
896.95526123	2.45098042
896.95941162	2.45098042
896.95941162	2.45098042
896.96343994	2.45098042
896.96752930	2.43137264
896.97167969	2.43137264
896.97167969	2.43137264
896.97570801	2.43137264
896.97985840	2.43137264
896.98382568	2.43137264
896.98797607	2.43137264
896.99206543	2.43137264
896.99206543	2.43137264
896.99609375	2.43137264
897.00024414	2.43137264
897.00433350	2.43137264
897.00433350	2.43137264
897.00842285	2.43137264
897.01257324	2.43137264
897.01654053	2.43137264
897.01654053	2.43137264
897.02087402	2.43137264
897.02484131	2.43137264
897.02893066	2.43137264
897.03295898	2.43137264
897.03710938	2.45098042
897.03710938	2.45098042
897.04125977	2.45098042
897.04541016	2.45098042
897.04956055	2.45098042
897.04956055	2.45098042
897.05346680	2.45098042
897.05761719	2.45098042
897.06176758	2.45098042
897.06176758	2.45098042
897.06585693	2.47058821
897.06982422	2.47058821
897.07397461	2.47058821
897.07806396	2.47058821
897.08221436	2.47058821
897.08221436	2.47058821
897.08618164	2.47058821
897.09033203	2.47058821
897.09442139	2.47058821
897.09442139	2.49019599
897.09863281	2.49019599
897.10272217	2.49019599
897.10687256	2.49019599
897.10687256	2.49019599
897.11090088	2.49019599
897.11499023	2.50980401
897.11914063	2.50980401
897.12310791	2.50980401
897.12719727	2.50980401
897.12719727	2.52941179
897.13128662	2.52941179
897.13549805	2.52941179
897.13958740	2.52941179
897.13958740	2.52941179
897.14361572	2.54901958
897.14770508	2.54901958
897.15191650	2.54901958
897.15191650	2.54901958
897.15594482	2.54901958
897.15997314	2.54901958
897.16418457	2.54901958
897.16827393	2.54901958
897.17242432	2.54901958
897.17242432	2.54901958
897.17639160	2.54901958
897.18054199	2.54901958
897.18457031	2.54901958
897.18457031	2.54901958
897.18872070	2.54901958
897.19287109	2.54901958
897.19683838	2.54901958
897.19683838	2.54901958
897.20092773	2.54901958
897.20507813	2.54901958
897.20916748	2.54901958
897.21325684	2.54901958
897.21728516	2.54901958
897.21728516	2.54901958
897.22149658	2.54901958
897.22558594	2.54901958
897.22973633	2.54901958
897.22973633	2.54901958
897.23394775	2.54901958
897.23791504	2.54901958
897.24200439	2.54901958
897.24200439	2.54901958
897.24615479	2.54901958
897.25012207	2.54901958
897.25421143	2.54901958
897.25836182	2.54901958
897.26245117	2.54901958
897.26245117	2.54901958
897.26647949	2.54901958
897.27056885	2.54901958
897.27484131	2.54901958
897.27484131	2.56862736
897.27880859	2.56862736
897.28283691	2.56862736
897.28692627	2.56862736
897.28692627	2.56862736
897.29107666	2.56862736
897.29528809	2.56862736
897.29937744	2.56862736
897.29937744	2.56862736
897.30334473	2.56862736
897.30749512	2.56862736
897.30749512	2.56862736
897.31164551	2.56862736
897.31573486	2.56862736
897.31982422	2.56862736
897.31982422	2.56862736
897.32379150	2.56862736
897.32794189	2.56862736
897.33209229	2.56862736
897.33209229	2.56862736
897.33612061	2.56862736
897.34020996	2.56862736
897.34429932	2.56862736
897.34429932	2.56862736
897.34844971	2.56862736
897.35260010	2.56862736
897.35260010	2.56862736
897.35662842	2.58823538
897.36077881	2.58823538
897.36492920	2.58823538
897.36492920	2.58823538
897.36901855	2.58823538
897.37304688	2.58823538
897.37707520	2.58823538
897.37707520	2.58823538
897.38116455	2.58823538
897.38531494	2.60784316
897.38946533	2.60784316
897.38946533	2.60784316
897.39343262	2.60784316
897.39758301	2.60784316
897.39758301	2.60784316
897.40173340	2.60784316
897.40582275	2.60784316
897.40997314	2.60784316
897.40997314	2.60784316
897.41400146	2.60784316
897.41821289	2.62745094
897.42230225	2.62745094
897.42230225	2.62745094
897.42626953	2.62745094
897.43035889	2.62745094
897.43444824	2.62745094
897.43444824	2.62745094
897.43865967	2.62745094
897.44281006	2.62745094
897.44281006	2.62745094
897.44683838	2.62745094
897.45080566	2.62745094
897.45495605	2.62745094
897.45495605	2.62745094
897.45904541	2.62745094
897.46307373	2.62745094
897.46716309	2.62745094
897.46716309	2.62745094
897.47131348	2.62745094
897.47546387	2.62745094
897.47961426	2.62745094
897.47961426	2.62745094
897.48364258	2.62745094
897.48791504	2.62745094
897.48791504	2.62745094
897.49188232	2.62745094
897.49603271	2.62745094
897.50000000	2.62745094
897.50000000	2.62745094
897.50415039	2.62745094
897.50823975	2.62745094
897.51232910	2.62745094
897.51232910	2.62745094
897.51635742	2.62745094
897.52044678	2.62745094
897.52459717	2.62745094
897.52459717	2.62745094
897.52868652	2.62745094
897.53283691	2.62745094
897.53680420	2.62745094
897.54095459	2.62745094
897.54516602	2.62745094
897.54516602	2.62745094
897.54925537	2.62745094
897.55328369	2.62745094
897.55737305	2.62745094
897.55737305	2.62745094
897.56152344	2.62745094
897.56561279	2.62745094
897.56970215	2.62745094
897.56970215	2.62745094
897.57385254	2.62745094
897.57781982	2.62745094
897.58197021	2.60784316
897.58605957	2.60784316
897.59008789	2.60784316
897.59008789	2.60784316
897.59417725	2.60784316
897.59832764	2.58823538
897.60247803	2.58823538
897.60247803	2.58823538
897.60650635	2.58823538
897.61059570	2.58823538
897.61486816	2.56862736
897.61486816	2.56862736
897.61883545	2.56862736
897.62304688	2.56862736
897.62695313	2.54901958
897.63104248	2.54901958
897.63519287	2.54901958
897.63519287	2.54901958
897.63934326	2.52941179
897.64331055	2.52941179
897.64746094	2.52941179
897.64746094	2.52941179
897.65155029	2.52941179
897.65570068	2.52941179
897.65985107	2.52941179
897.65985107	2.50980401
897.66387939	2.50980401
897.66802979	2.50980401
897.67218018	2.50980401
897.67614746	2.50980401
897.68029785	2.49019599
897.68029785	2.49019599
897.68438721	2.49019599
897.68853760	2.49019599
897.69262695	2.49019599
897.69262695	2.49019599
897.69671631	2.49019599
897.70092773	2.47058821
897.70489502	2.47058821
897.70489502	2.47058821
897.70904541	2.47058821
897.71301270	2.47058821
897.71716309	2.47058821
897.72131348	2.47058821
897.72534180	2.45098042
897.72534180	2.45098042
897.72943115	2.45098042
897.73345947	2.45098042
897.73760986	2.45098042
897.73760986	2.45098042
897.74169922	2.45098042
897.74584961	2.45098042
897.74981689	2.45098042
897.74981689	2.45098042
897.75396729	2.45098042
897.75811768	2.45098042
897.76220703	2.45098042
897.76617432	2.45098042
897.77032471	2.45098042
897.77032471	2.45098042
897.77447510	2.45098042
897.77856445	2.45098042
897.78271484	2.45098042
897.78271484	2.45098042
897.78680420	2.45098042
897.79083252	2.45098042
897.79504395	2.47058821
897.79504395	2.47058821
897.79913330	2.47058821
897.80316162	2.47058821
897.80725098	2.47058821
897.81140137	2.47058821
897.81542969	2.49019599
897.81542969	2.49019599
897.81945801	2.49019599
897.82360840	2.49019599
897.82781982	2.49019599
897.82781982	2.49019599
897.83178711	2.50980401
897.83593750	2.50980401
897.83996582	2.50980401
897.83996582	2.50980401
897.84405518	2.52941179
897.84820557	2.52941179
897.85235596	2.52941179
897.85235596	2.52941179
897.85638428	2.52941179
897.86047363	2.54901958
897.86047363	2.54901958
897.86456299	2.54901958
897.86871338	2.54901958
897.87292480	2.54901958
897.87292480	2.54901958
897.87683105	2.54901958
897.88092041	2.56862736
897.88507080	2.56862736
897.88507080	2.56862736
897.88916016	2.56862736
897.89318848	2.56862736
897.89733887	2.56862736
897.89733887	2.56862736
897.90148926	2.56862736
897.90557861	2.56862736
897.90557861	2.56862736
897.90960693	2.58823538
897.91387939	2.58823538
897.91790771	2.58823538
897.91790771	2.58823538
897.92193604	2.58823538
897.92614746	2.58823538
897.93017578	2.58823538
897.93017578	2.58823538
897.93426514	2.58823538
897.93835449	2.58823538
897.94250488	2.58823538
897.94250488	2.58823538
897.94647217	2.58823538
897.95056152	2.58823538
897.95056152	2.58823538
897.95471191	2.58823538
897.95880127	2.58823538
897.96295166	2.58823538
897.96295166	2.58823538
897.96691895	2.58823538
897.97106934	2.58823538
897.97515869	2.58823538
897.97515869	2.58823538
897.97937012	2.58823538
897.98339844	2.58823538
897.98754883	2.58823538
897.98754883	2.58823538
897.99163818	2.58823538
897.99578857	2.58823538
897.99578857	2.56862736
897.99987793	2.56862736
898.00390625	2.56862736
898.00799561	2.56862736
898.00799561	2.56862736
898.01202393	2.56862736
898.01623535	2.56862736
898.02020264	2.56862736
898.02020264	2.56862736
898.02435303	2.56862736
898.02844238	2.56862736
898.03259277	2.56862736
898.03259277	2.56862736
898.03656006	2.56862736
898.04089355	2.56862736
898.04492188	2.56862736
898.04901123	2.56862736
898.05316162	2.58823538
898.05316162	2.58823538
898.05712891	2.58823538
898.06127930	2.58823538
898.06530762	2.58823538
898.06530762	2.58823538
898.06945801	2.58823538
898.07342529	2.58823538
898.07757568	2.58823538
898.07757568	2.58823538
898.08172607	2.58823538
898.08581543	2.58823538
898.08978271	2.58823538
898.09393311	2.58823538
898.09808350	2.58823538
898.09808350	2.58823538
898.10223389	2.58823538
898.10626221	2.58823538
898.11035156	2.58823538
898.11035156	2.58823538
898.11450195	2.58823538
898.11859131	2.58823538
898.12274170	2.58823538
898.12274170	2.58823538
898.12683105	2.58823538
898.13079834	2.58823538
898.13494873	2.58823538
898.13903809	2.60784316
898.14318848	2.60784316
898.14318848	2.60784316
898.14715576	2.60784316
898.15130615	2.60784316
898.15545654	2.60784316
898.15545654	2.60784316
898.15948486	2.60784316
898.16363525	2.60784316
898.16790771	2.60784316
898.16790771	2.60784316
898.17181396	2.60784316
898.17602539	2.60784316
898.17999268	2.60784316
898.18414307	2.60784316
898.18823242	2.60784316
898.18823242	2.60784316
898.19232178	2.60784316
898.19635010	2.60784316
898.20043945	2.60784316
898.20043945	2.60784316
898.20458984	2.60784316
898.20867920	2.60784316
898.21282959	2.60784316
898.21282959	2.60784316
898.21679688	2.60784316
898.22100830	2.60784316
898.22509766	2.60784316
898.22924805	2.60784316
898.23327637	2.58823538
898.23327637	2.58823538
898.23736572	2.58823538
898.24151611	2.58823538
898.24566650	2.58823538
898.24566650	2.58823538
898.24963379	2.58823538
898.25390625	2.58823538
898.25781250	2.58823538
898.25781250	2.58823538
898.26196289	2.58823538
898.26605225	2.58823538
898.27008057	2.58823538
898.27416992	2.58823538
898.27832031	2.58823538
898.27832031	2.58823538
898.28247070	2.58823538
898.28643799	2.58823538
898.29058838	2.56862736
898.29058838	2.56862736
898.29473877	2.56862736
898.29888916	2.56862736
898.30303955	2.56862736
898.30303955	2.56862736
898.30700684	2.56862736
898.31115723	2.56862736
898.31524658	2.56862736
898.31939697	2.56862736
898.32330322	2.56862736
898.32330322	2.58823538
898.32745361	2.56862736
898.33154297	2.56862736
898.33575439	2.58823538
898.33575439	2.56862736
898.33978271	2.56862736
898.34381104	2.58823538
898.34790039	2.58823538
898.34790039	2.58823538
898.35211182	2.58823538
898.35626221	2.58823538
898.36022949	2.58823538
898.36437988	2.58823538
898.36846924	2.58823538
898.36846924	2.58823538
898.37261963	2.58823538
898.37658691	2.58823538
898.38085938	2.58823538
898.38085938	2.58823538
898.38488770	2.58823538
898.38891602	2.58823538
898.39306641	2.58823538
898.39306641	2.58823538
898.39703369	2.58823538
898.40118408	2.58823538
898.40533447	2.58823538
898.40533447	2.58823538
898.40942383	2.58823538
898.41363525	2.58823538
898.41363525	2.58823538
898.41760254	2.58823538
898.42175293	2.58823538
898.42590332	2.58823538
898.42590332	2.58823538
898.42987061	2.58823538
898.43402100	2.58823538
898.43811035	2.58823538
898.43811035	2.58823538
898.44213867	2.58823538
898.44616699	2.58823538
898.45031738	2.58823538
898.45031738	2.58823538
898.45446777	2.58823538
898.45861816	2.58823538
898.45861816	2.58823538
898.46270752	2.58823538
898.46679688	2.58823538
898.47082520	2.58823538
898.47082520	2.58823538
898.47503662	2.58823538
898.47912598	2.58823538
898.48327637	2.58823538
898.48327637	2.58823538
898.48724365	2.58823538
898.49139404	2.58823538
898.49548340	2.58823538
898.49548340	2.58823538
898.49951172	2.58823538
898.50360107	2.58823538
898.50360107	2.58823538
898.50781250	2.58823538
898.51190186	2.58823538
898.51605225	2.56862736
898.51605225	2.56862736
898.52001953	2.56862736
898.52416992	2.56862736
898.52825928	2.56862736
898.52825928	2.56862736
898.53240967	2.56862736
898.53631592	2.56862736
898.54046631	2.56862736
898.54046631	2.56862736
898.54461670	2.56862736
898.54870605	2.56862736
898.54870605	2.56862736
898.55285645	2.56862736
898.55682373	2.56862736
898.56091309	2.56862736
898.56091309	2.56862736
898.56512451	2.56862736
898.56921387	2.56862736
898.57330322	2.56862736
898.57330322	2.56862736
898.57733154	2.56862736
898.58142090	2.56862736
898.58563232	2.56862736
898.58563232	2.56862736
898.58953857	2.56862736
898.59381104	2.56862736
898.59777832	2.56862736
898.60198975	2.56862736
898.60614014	2.56862736
898.60614014	2.56862736
898.61010742	2.56862736
898.61425781	2.56862736
898.61828613	2.56862736
898.61828613	2.56862736
898.62249756	2.56862736
898.62652588	2.56862736
898.63067627	2.56862736
898.63067627	2.56862736
898.63476563	2.56862736
898.63885498	2.56862736
898.64288330	2.56862736
898.64703369	2.56862736
898.65118408	2.56862736
898.65118408	2.56862736
898.65527344	2.56862736
898.65930176	2.56862736
898.66333008	2.56862736
898.66333008	2.56862736
898.66741943	2.56862736
898.67156982	2.56862736
898.67565918	2.56862736
898.67565918	2.56862736
898.67987061	2.56862736
898.68383789	2.56862736
898.68798828	2.56862736
898.69207764	2.56862736
898.69616699	2.56862736
898.69616699	2.56862736
898.70019531	2.56862736
898.70434570	2.56862736
898.70843506	2.56862736
898.70843506	2.56862736
898.71252441	2.56862736
898.71655273	2.56862736
898.72082520	2.56862736
898.72082520	2.56862736
898.72485352	2.56862736
898.72900391	2.56862736
898.73303223	2.56862736
898.73712158	2.56862736
898.74127197	2.56862736
898.74127197	2.56862736
898.74542236	2.56862736
898.74938965	2.56862736
898.75347900	2.56862736
898.75347900	2.56862736
898.75756836	2.56862736
898.76165771	2.56862736
898.76580811	2.54901958
898.76580811	2.54901958
898.76983643	2.54901958
898.77392578	2.54901958
898.77807617	2.54901958
898.78216553	2.54901958
898.78631592	2.54901958
898.78631592	2.54901958
898.79034424	2.52941179
898.79449463	2.52941179
898.79864502	2.52941179
898.79864502	2.52941179
898.80273438	2.52941179
898.80688477	2.52941179
898.81085205	2.52941179
898.81085205	2.50980401
898.81500244	2.50980401
898.81909180	2.50980401
898.82305908	2.50980401
898.82720947	2.49019599
898.83129883	2.49019599
898.83129883	2.49019599
898.83544922	2.49019599
898.83953857	2.49019599
898.84356689	2.49019599
898.84356689	2.49019599
898.84765625	2.47058821
898.85180664	2.47058821
898.85601807	2.47058821
898.85601807	2.47058821
898.85998535	2.47058821
898.86413574	2.47058821
898.86828613	2.47058821
898.87237549	2.47058821
898.87646484	2.45098042
898.87646484	2.45098042
898.88043213	2.45098042
898.88452148	2.45098042
898.88873291	2.45098042
898.88873291	2.45098042
898.89282227	2.45098042
898.89685059	2.45098042
898.90093994	2.45098042
898.90093994	2.45098042
898.90509033	2.45098042
898.90917969	2.47058821
898.91326904	2.47058821
898.91326904	2.47058821
898.91735840	2.47058821
898.92150879	2.47058821
898.92150879	2.47058821
898.92565918	2.47058821
898.92962646	2.47058821
898.93389893	2.47058821
898.93389893	2.47058821
898.93786621	2.47058821
898.94195557	2.47058821
898.94604492	2.47058821
898.94604492	2.47058821
898.95007324	2.49019599
898.95416260	2.49019599
898.95831299	2.49019599
898.95831299	2.49019599
898.96240234	2.49019599
898.96655273	2.49019599
898.96655273	2.49019599
898.97058105	2.49019599
898.97473145	2.49019599
898.97882080	2.49019599
898.97882080	2.49019599
898.98284912	2.50980401
898.98699951	2.50980401
898.99114990	2.50980401
898.99114990	2.50980401
898.99523926	2.50980401
898.99938965	2.50980401
899.00335693	2.50980401
899.00335693	2.50980401
899.00744629	2.50980401
899.01159668	2.50980401
899.01159668	2.49019599
899.01568604	2.49019599
899.01983643	2.49019599
899.02380371	2.49019599
899.02380371	2.49019599
899.02795410	2.49019599
899.03204346	2.49019599
899.03619385	2.49019599
899.03619385	2.47058821
899.04022217	2.47058821
899.04437256	2.47058821
899.04852295	2.47058821
899.04852295	2.47058821
899.05261230	2.47058821
899.05664063	2.47058821
899.05664063	2.47058821
899.06091309	2.47058821
899.06488037	2.47058821
899.06896973	2.47058821
899.06896973	2.47058821
899.07293701	2.47058821
899.07702637	2.47058821
899.08117676	2.47058821
899.08117676	2.47058821
899.08532715	2.45098042
899.08929443	2.45098042
899.09344482	2.45098042
899.09344482	2.45098042
899.09753418	2.45098042
899.10168457	2.45098042
899.10589600	2.45098042
899.10986328	2.45098042
899.11401367	2.45098042
899.11401367	2.45098042
899.11822510	2.45098042
899.12225342	2.47058821
899.12640381	2.47058821
899.12640381	2.47058821
899.13031006	2.47058821
899.13439941	2.47058821
899.13854980	2.47058821
899.13854980	2.47058821
899.14270020	2.47058821
899.14678955	2.47058821
899.15081787	2.47058821
899.15496826	2.49019599
899.15905762	2.49019599
899.15905762	2.49019599
899.16308594	2.49019599
899.16723633	2.49019599
899.17138672	2.49019599
899.17138672	2.49019599
899.17547607	2.49019599
899.17962646	2.50980401
899.18359375	2.50980401
899.18359375	2.50980401
899.18768311	2.50980401
899.19183350	2.50980401
899.19592285	2.52941179
899.19995117	2.52941179
899.20404053	2.52941179
899.20404053	2.52941179
899.20819092	2.54901958
899.21228027	2.54901958
899.21643066	2.54901958
899.21643066	2.54901958
899.22045898	2.56862736
899.22460938	2.56862736
899.22875977	2.56862736
899.22875977	2.56862736
899.23291016	2.56862736
899.23687744	2.56862736
899.24096680	2.58823538
899.24511719	2.58823538
899.24926758	2.58823538
899.24926758	2.58823538
899.25323486	2.58823538
899.25738525	2.58823538
899.26153564	2.58823538
899.26153564	2.58823538
899.26568604	2.58823538
899.26965332	2.58823538
899.27386475	2.58823538
899.27386475	2.58823538
899.27795410	2.60784316
899.28204346	2.60784316
899.28613281	2.60784316
899.29003906	2.60784316
899.29425049	2.60784316
899.29425049	2.60784316
899.29833984	2.60784316
899.30242920	2.60784316
899.30657959	2.60784316
899.30657959	2.60784316
899.31054688	2.60784316
899.31469727	2.60784316
899.31878662	2.60784316
899.31878662	2.60784316
899.32281494	2.60784316
899.32690430	2.60784316
899.33105469	2.60784316
899.33514404	2.60784316
899.33935547	2.60784316
899.33935547	2.60784316
899.34332275	2.60784316
899.34741211	2.60784316
899.35150146	2.60784316
899.35150146	2.60784316
899.35571289	2.60784316
899.35986328	2.60784316
899.36389160	2.60784316
899.36389160	2.60784316
899.36798096	2.60784316
899.37213135	2.60784316
899.37628174	2.60784316
899.38018799	2.60784316
899.38427734	2.60784316
899.38427734	2.60784316
899.38842773	2.60784316
899.39257813	2.60784316
899.39654541	2.60784316
899.39654541	2.60784316
899.40081787	2.60784316
899.40478516	2.60784316
899.40893555	2.62745094
899.40893555	2.62745094
899.41296387	2.62745094
899.41711426	2.62745094
899.42126465	2.62745094
899.42126465	2.62745094
899.42535400	2.62745094
899.42950439	2.60784316
899.42950439	2.60784316
899.43347168	2.60784316
899.43762207	2.60784316
899.44171143	2.60784316
899.44171143	2.60784316
899.44580078	2.60784316
899.44982910	2.60784316
899.45391846	2.60784316
899.45391846	2.60784316
899.45806885	2.60784316
899.46215820	2.60784316
899.46630859	2.60784316
899.46630859	2.60784316
899.47027588	2.60784316
899.47442627	2.60784316
899.47442627	2.60784316
899.47863770	2.60784316
899.48272705	2.60784316
899.48687744	2.60784316
899.48687744	2.60784316
899.49084473	2.60784316
899.49499512	2.60784316
899.49908447	2.60784316
899.49908447	2.60784316
899.50311279	2.60784316
899.50720215	2.58823538
899.51135254	2.58823538
899.51135254	2.58823538
899.51538086	2.58823538
899.51959229	2.58823538
899.51959229	2.58823538
899.52355957	2.58823538
899.52770996	2.58823538
899.53179932	2.58823538
899.53179932	2.58823538
899.53601074	2.58823538
899.53997803	2.58823538
899.54412842	2.58823538
899.54412842	2.58823538
899.54827881	2.58823538
899.55236816	2.58823538
899.55651855	2.60784316
899.55651855	2.60784316
899.56048584	2.60784316
899.56463623	2.60784316
899.56463623	2.60784316
899.56866455	2.60784316
899.57281494	2.60784316
899.57678223	2.60784316
899.57678223	2.60784316
899.58093262	2.60784316
899.58502197	2.60784316
899.58917236	2.60784316
899.58917236	2.60784316
899.59313965	2.60784316
899.59729004	2.60784316
899.60144043	2.60784316
899.60144043	2.60784316
899.60565186	2.60784316
899.60974121	2.60784316
899.60974121	2.60784316
899.61389160	2.60784316
899.61785889	2.60784316
899.62200928	2.60784316
899.62200928	2.60784316
899.62609863	2.60784316
899.63006592	2.60784316
899.63415527	2.60784316
899.63415527	2.60784316
899.63830566	2.60784316
899.64239502	2.60784316
899.64654541	2.60784316
899.64654541	2.60784316
899.65057373	2.60784316
899.65466309	2.60784316
899.65881348	2.60784316
899.66284180	2.60784316
899.66699219	2.60784316
899.66699219	2.60784316
899.67114258	2.60784316
899.67523193	2.60784316
899.67938232	2.60784316
899.67938232	2.60784316
899.68334961	2.60784316
899.68750000	2.60784316
899.69158936	2.60784316
899.69158936	2.60784316
899.69567871	2.60784316
899.69982910	2.60784316
899.70379639	2.60784316
899.70794678	2.60784316
899.71203613	2.60784316
899.71203613	2.60784316
899.71606445	2.58823538
899.72015381	2.58823538
899.72436523	2.58823538
899.72436523	2.58823538
899.72851563	2.58823538
899.73260498	2.58823538
899.73675537	2.58823538
899.73675537	2.58823538
899.74078369	2.58823538
899.74487305	2.58823538
899.74896240	2.58823538
899.75292969	2.58823538
899.75701904	2.58823538
899.75701904	2.58823538
899.76116943	2.58823538
899.76525879	2.58823538
899.76947021	2.58823538
899.76947021	2.58823538
899.77343750	2.58823538
899.77752686	2.58823538
899.78167725	2.58823538
899.78167725	2.58823538
899.78582764	2.56862736
899.78997803	2.56862736
899.79400635	2.56862736
899.79803467	2.56862736
899.80212402	2.56862736
899.80212402	2.56862736
899.80627441	2.56862736
899.81036377	2.56862736
899.81451416	2.56862736
899.81451416	2.56862736
899.81854248	2.56862736
899.82269287	2.56862736
899.82678223	2.56862736
899.82678223	2.56862736
899.83081055	2.56862736
899.83489990	2.56862736
899.83905029	2.56862736
899.84301758	2.56862736
899.84716797	2.56862736
899.84716797	2.56862736
899.85131836	2.56862736
899.85546875	2.56862736
899.85961914	2.56862736
899.85961914	2.56862736
899.86364746	2.56862736
899.86773682	2.56862736
899.87182617	2.56862736
899.87182617	2.56862736
899.87597656	2.56862736
899.87988281	2.56862736
899.88403320	2.56862736
899.88818359	2.56862736
899.89227295	2.56862736
899.89227295	2.56862736
899.89630127	2.56862736
899.90039063	2.56862736
899.90454102	2.56862736
899.90454102	2.56862736
899.90869141	2.56862736
899.91284180	2.56862736
899.91687012	2.56862736
899.91687012	2.56862736
899.92095947	2.56862736
899.92510986	2.56862736
899.92926025	2.54901958
899.93322754	2.54901958
899.93737793	2.54901958
899.93737793	2.54901958
899.94140625	2.54901958
899.94549561	2.54901958
899.94964600	2.54901958
899.94964600	2.54901958
899.95379639	2.54901958
899.95776367	2.54901958
899.96191406	2.54901958
899.96191406	2.54901958
899.96606445	2.54901958
899.97003174	2.52941179
899.97418213	2.52941179
899.97418213	2.52941179
899.97827148	2.52941179
899.98248291	2.52941179
899.98248291	2.52941179
899.98651123	2.52941179
899.99060059	2.52941179
899.99487305	2.52941179
899.99487305	2.52941179
899.99884033	2.52941179
900.00280762	2.52941179
900.00689697	2.52941179
900.00689697	2.52941179
900.01110840	2.52941179
900.01531982	2.52941179
900.01940918	2.52941179
900.01940918	2.52941179
900.02337646	2.52941179
900.02752686	2.52941179
900.02752686	2.52941179
900.03167725	2.52941179
900.03576660	2.54901958
900.03979492	2.54901958
900.03979492	2.54901958
900.04382324	2.54901958
900.04791260	2.54901958
900.05212402	2.54901958
900.05212402	2.54901958
900.05609131	2.54901958
900.06024170	2.54901958
900.06439209	2.54901958
900.06439209	2.54901958
900.06848145	2.54901958
900.07257080	2.54901958
900.07257080	2.54901958
900.07653809	2.56862736
900.08081055	2.56862736
900.08483887	2.56862736
900.08483887	2.56862736
900.08892822	2.56862736
900.09289551	2.56862736
900.09704590	2.56862736
900.09704590	2.56862736
900.10119629	2.56862736
900.10528564	2.56862736
900.10949707	2.56862736
900.10949707	2.56862736
900.11346436	2.56862736
900.11761475	2.56862736
900.11761475	2.56862736
900.12176514	2.56862736
900.12585449	2.58823538
900.12994385	2.58823538
900.12994385	2.58823538
900.13391113	2.58823538
900.13812256	2.58823538
900.14215088	2.58823538
900.14215088	2.58823538
900.14617920	2.58823538
900.15026855	2.58823538
900.15441895	2.58823538
900.15441895	2.58823538
900.15850830	2.58823538
900.16271973	2.58823538
900.16687012	2.58823538
900.17083740	2.58823538
900.17498779	2.58823538
900.17498779	2.58823538
900.17913818	2.58823538
900.18310547	2.58823538
900.18725586	2.58823538
900.18725586	2.58823538
900.19128418	2.58823538
900.19543457	2.60784316
900.19952393	2.58823538
900.19952393	2.60784316
900.20355225	2.58823538
900.20782471	2.58823538
900.21179199	2.58823538
900.21594238	2.58823538
900.21990967	2.58823538
900.21990967	2.58823538
900.22406006	2.58823538
900.22827148	2.58823538
900.23236084	2.58823538
900.23236084	2.58823538
900.23638916	2.58823538
900.24047852	2.58823538
900.24462891	2.58823538
900.24462891	2.58823538
900.24871826	2.58823538
900.25286865	2.58823538
900.25677490	2.58823538
900.26092529	2.58823538
900.26501465	2.58823538
900.26501465	2.58823538
900.26922607	2.58823538
900.27313232	2.58823538
900.27734375	2.58823538
900.27734375	2.58823538
900.28143311	2.58823538
900.28558350	2.58823538
900.28973389	2.58823538
900.28973389	2.58823538
900.29388428	2.58823538
900.29785156	2.58823538
900.30194092	2.58823538
900.30615234	2.58823538
900.31011963	2.58823538
900.31011963	2.58823538
900.31420898	2.58823538
900.31829834	2.58823538
900.32244873	2.58823538
900.32244873	2.58823538
900.32641602	2.58823538
900.33056641	2.58823538
900.33477783	2.58823538
900.33477783	2.58823538
900.33880615	2.58823538
900.34289551	2.58823538
900.34692383	2.58823538
900.35101318	2.58823538
900.35522461	2.58823538
900.35522461	2.58823538
900.35937500	2.58823538
900.36334229	2.58823538
900.36749268	2.58823538
900.36749268	2.58823538
900.37164307	2.58823538
900.37573242	2.58823538
900.37982178	2.58823538
900.37982178	2.58823538
900.38391113	2.58823538
900.38793945	2.58823538
900.39202881	2.58823538
900.39617920	2.58823538
900.40020752	2.58823538
900.40020752	2.58823538
900.40435791	2.58823538
900.40844727	2.58823538
900.41253662	2.58823538
900.41253662	2.58823538
900.41656494	2.58823538
900.42083740	2.58823538
900.42486572	2.58823538
900.42486572	2.58823538
900.42895508	2.58823538
900.43310547	2.58823538
900.43707275	2.58823538
900.44116211	2.58823538
900.44531250	2.58823538
900.44531250	2.58823538
900.44940186	2.58823538
900.45343018	2.58823538
900.45751953	2.58823538
900.45751953	2.58823538
900.46166992	2.58823538
900.46575928	2.58823538
900.46997070	2.58823538
900.46997070	2.58823538
900.47393799	2.58823538
900.47814941	2.58823538
900.48223877	2.58823538
900.48620605	2.58823538
900.49035645	2.58823538
900.49035645	2.58823538
900.49444580	2.58823538
900.49859619	2.58823538
900.50274658	2.58823538
900.50274658	2.56862736
900.50677490	2.56862736
900.51080322	2.56862736
900.51489258	2.56862736
900.51489258	2.56862736
900.51904297	2.56862736
900.52301025	2.56862736
900.52716064	2.56862736
900.52716064	2.56862736
900.53125000	2.56862736
900.53546143	2.56862736
900.53546143	2.54901958
900.53942871	2.54901958
900.54351807	2.54901958
900.54785156	2.54901958
900.54785156	2.54901958
900.55175781	2.54901958
900.55596924	2.54901958
900.55999756	2.54901958
900.55999756	2.52941179
900.56414795	2.52941179
900.56829834	2.52941179
900.57232666	2.52941179
900.57232666	2.52941179
900.57629395	2.52941179
900.58044434	2.52941179
900.58044434	2.52941179
900.58453369	2.52941179
900.58868408	2.52941179
900.59277344	2.52941179
900.59277344	2.52941179
900.59680176	2.52941179
900.60089111	2.52941179
900.60510254	2.52941179
900.60510254	2.52941179
900.60919189	2.52941179
900.61322021	2.52941179
900.61730957	2.52941179
900.61730957	2.52941179
900.62152100	2.52941179
900.62561035	2.52941179
900.62561035	2.52941179
900.62957764	2.52941179
900.63378906	2.52941179
900.63775635	2.52941179
900.63775635	2.52941179
900.64196777	2.52941179
900.64605713	2.52941179
900.65008545	2.52941179
900.65008545	2.54901958
900.65417480	2.54901958
900.65832520	2.54901958
900.66241455	2.54901958
900.66241455	2.54901958
900.66644287	2.54901958
900.67053223	2.54901958
900.67053223	2.54901958
900.67474365	2.54901958
900.67889404	2.54901958
900.68298340	2.54901958
900.68298340	2.54901958
900.68695068	2.56862736
900.69104004	2.56862736
900.69519043	2.56862736
900.69519043	2.56862736
900.69927979	2.56862736
900.70330811	2.56862736
900.70739746	2.56862736
900.70739746	2.56862736
900.71154785	2.56862736
900.71563721	2.56862736
900.71978760	2.56862736
900.72381592	2.56862736
900.72796631	2.56862736
900.72796631	2.56862736
900.73211670	2.56862736
900.73614502	2.56862736
900.74023438	2.56862736
900.74023438	2.58823538
900.74432373	2.58823538
900.74847412	2.58823538
900.75256348	2.58823538
900.75256348	2.58823538
900.75653076	2.58823538
900.76080322	2.58823538
900.76477051	2.58823538
900.76892090	2.58823538
900.77301025	2.58823538
900.77301025	2.58823538
900.77703857	2.58823538
900.78112793	2.58823538
900.78533936	2.58823538
900.78533936	2.58823538
900.78942871	2.58823538
900.79345703	2.58823538
900.79760742	2.58823538
900.79760742	2.58823538
900.80169678	2.58823538
900.80584717	2.58823538
900.80975342	2.58823538
900.81402588	2.58823538
900.81811523	2.58823538
900.81811523	2.58823538
900.82226563	2.58823538
900.82629395	2.58823538
900.83038330	2.58823538
900.83038330	2.58823538
900.83447266	2.58823538
900.83862305	2.56862736
900.84277344	2.56862736
900.84277344	2.56862736
900.84686279	2.58823538
900.85076904	2.56862736
900.85491943	2.56862736
900.85906982	2.56862736
900.86315918	2.56862736
900.86315918	2.56862736
900.86718750	2.56862736
900.87133789	2.56862736
900.87542725	2.56862736
900.87542725	2.56862736
900.87951660	2.56862736
900.88354492	2.56862736
900.88781738	2.56862736
900.88781738	2.56862736
900.89178467	2.56862736
900.89587402	2.56862736
900.89990234	2.56862736
900.90405273	2.56862736
900.90820313	2.56862736
900.90820313	2.56862736
900.91229248	2.56862736
900.91632080	2.56862736
900.92047119	2.56862736
900.92047119	2.56862736
900.92462158	2.56862736
900.92871094	2.56862736
900.93286133	2.56862736
900.93286133	2.56862736
900.93682861	2.56862736
900.94091797	2.56862736
900.94500732	2.56862736
900.94915771	2.56862736
900.95330811	2.56862736
900.95330811	2.56862736
900.95727539	2.56862736
900.96142578	2.56862736
900.96551514	2.56862736
900.96551514	2.56862736
900.96954346	2.56862736
900.97381592	2.56862736
900.97784424	2.56862736
900.97784424	2.56862736
900.98199463	2.56862736
900.98614502	2.56862736
900.99005127	2.54901958
900.99420166	2.54901958
900.99829102	2.54901958
900.99829102	2.54901958
901.00244141	2.54901958
901.00634766	2.54901958
901.01055908	2.54901958
901.01055908	2.54901958
901.01464844	2.54901958
901.01879883	2.54901958
901.02288818	2.54901958
901.02288818	2.54901958
901.02691650	2.54901958
901.03100586	2.54901958
901.03521729	2.54901958
901.03521729	2.54901958
901.03936768	2.54901958
901.04333496	2.54901958
901.04333496	2.54901958
901.04748535	2.54901958
901.05163574	2.54901958
901.05572510	2.54901958
901.05572510	2.54901958
901.05975342	2.54901958
901.06384277	2.54901958
901.06799316	2.52941179
901.06799316	2.52941179
901.07208252	2.52941179
901.07617188	2.52941179
901.08013916	2.52941179
901.08013916	2.52941179
901.08428955	2.52941179
901.08843994	2.52941179
901.08843994	2.52941179
901.09252930	2.52941179
901.09655762	2.52941179
901.10076904	2.52941179
901.10076904	2.52941179
901.10485840	2.50980401
901.10900879	2.50980401
901.11309814	2.50980401
901.11309814	2.50980401
901.11706543	2.50980401
901.12127686	2.50980401
901.12542725	2.50980401
901.12542725	2.50980401
901.12957764	2.49019599
901.13354492	2.49019599
901.13354492	2.49019599
901.13769531	2.49019599
901.14172363	2.49019599
901.14587402	2.49019599
901.14587402	2.49019599
901.14996338	2.49019599
901.15399170	2.47058821
901.15820313	2.47058821
901.15820313	2.47058821
901.16223145	2.47058821
901.16619873	2.47058821
901.17041016	2.47058821
901.17041016	2.47058821
901.17456055	2.47058821
901.17858887	2.47058821
901.17858887	2.47058821
901.18267822	2.47058821
901.18682861	2.47058821
901.19079590	2.47058821
901.19079590	2.47058821
901.19494629	2.47058821
901.19909668	2.47058821
901.20324707	2.47058821
901.20324707	2.47058821
901.20721436	2.47058821
901.21136475	2.47058821
901.21551514	2.47058821
901.21551514	2.47058821
901.21960449	2.47058821
901.22357178	2.47058821
901.22772217	2.47058821
901.23187256	2.47058821
901.23596191	2.49019599
901.23596191	2.49019599
901.23999023	2.49019599
901.24420166	2.49019599
901.24829102	2.49019599
901.24829102	2.49019599
901.25238037	2.49019599
901.25640869	2.49019599
901.26049805	2.49019599
901.26049805	2.49019599
901.26458740	2.49019599
901.26873779	2.49019599
901.27282715	2.47058821
901.27685547	2.47058821
901.28094482	2.47058821
901.28094482	2.47058821
901.28509521	2.47058821
901.28924561	2.47058821
901.29339600	2.47058821
901.29339600	2.47058821
901.29730225	2.47058821
901.30139160	2.47058821
901.30560303	2.47058821
901.30560303	2.47058821
901.30950928	2.47058821
901.31384277	2.47058821
901.31787109	2.47058821
901.32196045	2.47058821
901.32611084	2.47058821
901.32611084	2.47058821
901.33007813	2.47058821
901.33422852	2.47058821
901.33837891	2.47058821
901.33837891	2.47058821
901.34246826	2.47058821
901.34649658	2.47058821
901.35058594	2.47058821
901.35058594	2.47058821
901.35473633	2.47058821
901.35888672	2.47058821
901.36303711	2.47058821
901.36700439	2.47058821
901.37115479	2.47058821
901.37115479	2.47058821
901.37530518	2.47058821
901.37939453	2.47058821
901.38342285	2.47058821
901.38342285	2.49019599
901.38751221	2.49019599
901.39160156	2.49019599
901.39575195	2.49019599
901.39575195	2.49019599
901.39984131	2.49019599
901.40393066	2.49019599
901.40808105	2.49019599
901.41204834	2.49019599
901.41619873	2.49019599
901.41619873	2.49019599
901.42022705	2.49019599
901.42431641	2.49019599
901.42840576	2.49019599
901.42840576	2.49019599
901.43255615	2.49019599
901.43658447	2.49019599
901.44079590	2.50980401
901.44079590	2.50980401
901.44476318	2.50980401
901.44891357	2.50980401
901.45294189	2.50980401
901.45703125	2.50980401
901.46118164	2.50980401
901.46118164	2.50980401
901.46527100	2.50980401
901.46929932	2.50980401
901.47338867	2.50980401
901.47338867	2.50980401
901.47760010	2.50980401
901.48175049	2.52941179
901.48583984	2.52941179
901.48583984	2.52941179
901.48986816	2.52941179
901.49395752	2.52941179
901.49810791	2.52941179
901.50213623	2.52941179
901.50622559	2.52941179
901.50622559	2.52941179
901.51031494	2.52941179
901.51440430	2.52941179
901.51855469	2.52941179
901.51855469	2.52941179
901.52276611	2.52941179
901.52673340	2.52941179
901.53076172	2.54901958
901.53076172	2.54901958
901.53497314	2.54901958
901.53912354	2.54901958
901.54302979	2.54901958
901.54718018	2.54901958
901.55139160	2.54901958
901.55139160	2.54901958
901.55548096	2.54901958
901.55944824	2.54901958
901.56353760	2.54901958
901.56353760	2.54901958
901.56762695	2.54901958
901.57177734	2.54901958
901.57592773	2.54901958
901.57592773	2.56862736
901.57989502	2.56862736
901.58404541	2.54901958
901.58819580	2.54901958
901.58819580	2.54901958
901.59228516	2.54901958
901.59643555	2.54901958
901.59643555	2.54901958
901.60052490	2.54901958
901.60461426	2.54901958
901.60876465	2.54901958
901.60876465	2.54901958
901.61285400	2.54901958
901.61682129	2.54901958
901.62097168	2.54901958
901.62097168	2.54901958
901.62512207	2.54901958
901.62921143	2.52941179
901.63317871	2.52941179
901.63317871	2.52941179
901.63726807	2.52941179
901.64141846	2.52941179
901.64141846	2.52941179
901.64550781	2.52941179
901.64953613	2.52941179
901.65380859	2.52941179
901.65380859	2.52941179
901.65777588	2.52941179
901.66192627	2.52941179
901.66607666	2.50980401
901.66607666	2.50980401
901.67016602	2.50980401
901.67419434	2.50980401
901.67834473	2.50980401
901.67834473	2.50980401
901.68249512	2.50980401
901.68652344	2.50980401
901.68652344	2.50980401
901.69061279	2.50980401
901.69470215	2.50980401
901.69879150	2.50980401
901.69879150	2.50980401
901.70281982	2.50980401
901.70690918	2.50980401
901.71099854	2.50980401
901.71099854	2.50980401
901.71514893	2.50980401
901.71936035	2.50980401
901.72326660	2.50980401
901.72326660	2.50980401
901.72741699	2.50980401
901.73162842	2.50980401
901.73162842	2.50980401
901.73577881	2.50980401
901.73986816	2.50980401
901.74383545	2.50980401
901.74383545	2.52941179
901.74798584	2.52941179
901.75201416	2.52941179
901.75616455	2.52941179
901.75616455	2.52941179
901.76019287	2.52941179
901.76428223	2.52941179
901.76843262	2.52941179
901.76843262	2.52941179
901.77252197	2.52941179
901.77661133	2.52941179
901.78076172	2.52941179
901.78479004	2.52941179
901.78900146	2.52941179
901.78900146	2.52941179
901.79290771	2.54901958
901.79705811	2.54901958
901.80120850	2.54901958
901.80120850	2.54901958
901.80529785	2.54901958
901.80950928	2.54901958
901.81341553	2.54901958
901.81341553	2.54901958
901.81756592	2.54901958
901.82165527	2.54901958
901.82580566	2.54901958
901.82977295	2.54901958
901.83392334	2.54901958
901.83392334	2.54901958
901.83807373	2.54901958
901.84216309	2.56862736
901.84625244	2.56862736
901.84625244	2.56862736
901.85028076	2.56862736
901.85449219	2.56862736
901.85858154	2.56862736
901.85858154	2.56862736
901.86260986	2.56862736
901.86688232	2.56862736
901.87078857	2.56862736
901.87493896	2.56862736
901.87902832	2.56862736
901.87902832	2.56862736
901.88305664	2.56862736
901.88720703	2.56862736
901.89135742	2.56862736
901.89135742	2.56862736
901.89544678	2.56862736
901.89953613	2.56862736
901.90356445	2.56862736
901.90356445	2.56862736
901.90765381	2.56862736
901.91180420	2.56862736
901.91595459	2.56862736
901.91998291	2.56862736
901.92407227	2.54901958
901.92407227	2.54901958
901.92822266	2.56862736
901.93237305	2.56862736
901.93646240	2.56862736
901.93646240	2.56862736
901.94042969	2.56862736
901.94458008	2.56862736
901.94860840	2.56862736
901.94860840	2.56862736
901.95281982	2.56862736
901.95678711	2.56862736
901.96093750	2.56862736
901.96502686	2.56862736
901.96917725	2.56862736
901.96917725	2.56862736
901.97314453	2.56862736
901.97729492	2.56862736
901.98150635	2.56862736
901.98150635	2.56862736
901.98553467	2.56862736
901.98956299	2.56862736
901.99383545	2.56862736
901.99383545	2.56862736
901.99786377	2.56862736
902.00195313	2.56862736
902.00604248	2.56862736
902.01000977	2.56862736
902.01416016	2.56862736
902.01416016	2.56862736
902.01837158	2.56862736
902.02239990	2.56862736
902.02648926	2.56862736
902.02648926	2.56862736
902.03051758	2.56862736
902.03466797	2.56862736
902.03881836	2.56862736
902.03881836	2.56862736
902.04284668	2.56862736
902.04687500	2.56862736
902.05108643	2.56862736
902.05511475	2.56862736
902.05932617	2.56862736
902.05932617	2.56862736
902.06329346	2.56862736
902.06738281	2.56862736
902.07153320	2.56862736
902.07153320	2.56862736
902.07562256	2.56862736
902.07977295	2.56862736
902.08374023	2.56862736
902.08374023	2.56862736
902.08789063	2.56862736
902.09204102	2.56862736
902.09619141	2.56862736
902.10021973	2.56862736
902.10430908	2.56862736
902.10430908	2.56862736
902.10839844	2.56862736
902.11260986	2.56862736
902.11669922	2.56862736
902.11669922	2.56862736
902.12084961	2.56862736
902.12481689	2.56862736
902.12896729	2.56862736
902.12896729	2.56862736
902.13293457	2.56862736
902.13702393	2.56862736
902.14117432	2.56862736
902.14117432	2.56862736
902.14526367	2.54901958
902.14941406	2.54901958
902.14941406	2.54901958
902.15344238	2.54901958
902.15753174	2.54901958
902.16168213	2.54901958
902.16168213	2.54901958
902.16583252	2.54901958
902.16986084	2.52941179
902.17401123	2.52941179
902.17401123	2.52941179
902.17810059	2.52941179
902.18225098	2.52941179
902.18634033	2.52941179
902.18634033	2.52941179
902.19036865	2.52941179
902.19439697	2.52941179
902.19439697	2.52941179
902.19854736	2.52941179
902.20269775	2.50980401
902.20678711	2.52941179
902.20678711	2.50980401
902.21081543	2.50980401
902.21490479	2.50980401
902.21905518	2.50980401
902.21905518	2.50980401
902.22302246	2.50980401
902.22717285	2.50980401
902.23138428	2.50980401
902.23138428	2.50980401
902.23541260	2.50980401
902.23962402	2.50980401
902.23962402	2.50980401
902.24359131	2.50980401
902.24774170	2.50980401
902.25177002	2.50980401
902.25177002	2.50980401
902.25592041	2.50980401
902.25988770	2.50980401
902.26403809	2.50980401
902.26403809	2.50980401
902.26812744	2.50980401
902.27227783	2.50980401
902.27636719	2.50980401
902.27636719	2.50980401
902.28039551	2.50980401
902.28454590	2.50980401
902.28875732	2.50980401
902.29278564	2.50980401
902.29687500	2.50980401
902.29687500	2.52941179
902.30096436	2.52941179
902.30505371	2.52941179
902.30920410	2.52941179
902.30920410	2.52941179
902.31317139	2.52941179
902.31726074	2.52941179
902.32147217	2.52941179
902.32147217	2.52941179
902.32550049	2.52941179
902.32965088	2.52941179
902.33374023	2.52941179
902.33776855	2.52941179
902.34185791	2.52941179
902.34185791	2.52941179
902.34606934	2.52941179
902.35009766	2.52941179
902.35418701	2.52941179
902.35418701	2.52941179
902.35833740	2.52941179
902.36248779	2.52941179
902.36657715	2.52941179
902.36657715	2.52941179
902.37060547	2.52941179
902.37469482	2.52941179
902.37884521	2.52941179
902.38287354	2.52941179
902.38702393	2.52941179
902.38702393	2.52941179
902.39111328	2.52941179
902.39520264	2.52941179
902.39935303	2.52941179
902.39935303	2.52941179
902.40338135	2.52941179
902.40753174	2.52941179
902.41156006	2.52941179
902.41156006	2.52941179
902.41564941	2.52941179
902.41979980	2.52941179
902.42376709	2.52941179
902.42791748	2.52941179
902.43200684	2.52941179
902.43200684	2.52941179
902.43627930	2.52941179
902.44018555	2.52941179
902.44427490	2.52941179
902.44427490	2.52941179
902.44836426	2.52941179
902.45251465	2.52941179
902.45648193	2.52941179
902.45648193	2.52941179
902.46075439	2.52941179
902.46478271	2.52941179
902.46893311	2.52941179
902.47290039	2.52941179
902.47705078	2.52941179
902.47705078	2.52941179
902.48120117	2.52941179
902.48529053	2.52941179
902.48944092	2.52941179
902.48944092	2.52941179
902.49340820	2.52941179
902.49755859	2.52941179
902.50164795	2.52941179
902.50164795	2.52941179
902.50579834	2.52941179
902.50976563	2.52941179
902.51391602	2.52941179
902.51800537	2.52941179
902.52215576	2.52941179
902.52215576	2.52941179
902.52612305	2.52941179
902.53027344	2.52941179
902.53436279	2.52941179
902.53436279	2.52941179
902.53863525	2.52941179
902.54272461	2.52941179
902.54687500	2.52941179
902.54687500	2.52941179
902.55084229	2.52941179
902.55493164	2.52941179
902.55908203	2.54901958
902.56304932	2.54901958
902.56713867	2.54901958
902.56713867	2.54901958
902.57128906	2.54901958
902.57537842	2.54901958
902.57952881	2.54901958
902.57952881	2.54901958
902.58349609	2.54901958
902.58764648	2.54901958
902.59179688	2.54901958
902.59179688	2.54901958
902.59594727	2.54901958
902.59997559	2.54901958
902.60412598	2.54901958
902.60821533	2.54901958
902.61230469	2.54901958
902.61230469	2.54901958
902.61627197	2.54901958
902.62048340	2.54901958
902.62463379	2.54901958
902.62463379	2.54901958
902.62878418	2.54901958
902.63287354	2.54901958
902.63684082	2.54901958
902.63684082	2.54901958
902.64093018	2.54901958
902.64501953	2.54901958
902.64923096	2.54901958
902.64923096	2.54901958
902.65313721	2.54901958
902.65722656	2.52941179
902.65722656	2.52941179
902.66137695	2.52941179
902.66552734	2.52941179
902.66967773	2.52941179
902.66967773	2.52941179
902.67382813	2.52941179
902.67785645	2.52941179
902.68188477	2.50980401
902.68188477	2.50980401
902.68609619	2.50980401
902.69006348	2.50980401
902.69415283	2.50980401
902.69415283	2.50980401
902.69824219	2.49019599
902.70239258	2.49019599
902.70239258	2.49019599
902.70642090	2.49019599
902.71051025	2.49019599
902.71478271	2.49019599
902.71478271	2.49019599
902.71875000	2.49019599
902.72290039	2.47058821
902.72686768	2.47058821
902.72686768	2.47058821
902.73101807	2.47058821
902.73516846	2.47058821
902.73931885	2.47058821
902.73931885	2.47058821
902.74334717	2.47058821
902.74743652	2.47058821
902.74743652	2.47058821
902.75164795	2.47058821
902.75567627	2.47058821
902.75970459	2.47058821
902.75970459	2.47058821
902.76379395	2.47058821
902.76788330	2.47058821
902.77203369	2.47058821
902.77203369	2.47058821
902.77612305	2.47058821
902.78015137	2.47058821
902.78424072	2.47058821
902.78424072	2.47058821
902.78845215	2.47058821
902.79260254	2.47058821
902.79260254	2.47058821
902.79656982	2.49019599
902.80084229	2.49019599
902.80487061	2.49019599
902.80487061	2.49019599
902.80895996	2.49019599
902.81298828	2.49019599
902.81707764	2.49019599
902.81707764	2.49019599
902.82122803	2.49019599
902.82531738	2.49019599
902.82934570	2.49019599
902.82934570	2.49019599
902.83343506	2.49019599
902.83752441	2.49019599
902.84167480	2.50980401
902.84576416	2.50980401
902.84991455	2.50980401
902.84991455	2.50980401
902.85388184	2.50980401
902.85803223	2.50980401
902.86218262	2.50980401
902.86218262	2.50980401
902.86633301	2.50980401
902.87030029	2.50980401
902.87445068	2.50980401
902.87445068	2.50980401
902.87860107	2.52941179
902.88262939	2.52941179
902.88677979	2.52941179
902.89074707	2.52941179
902.89489746	2.52941179
902.89489746	2.52941179
902.89898682	2.52941179
902.90301514	2.52941179
902.90710449	2.52941179
902.90710449	2.52941179
902.91131592	2.52941179
902.91540527	2.52941179
902.91961670	2.52941179
902.91961670	2.52941179
902.92358398	2.52941179
902.92785645	2.52941179
902.93182373	2.52941179
902.93597412	2.52941179
902.94012451	2.52941179
902.94012451	2.52941179
902.94403076	2.52941179
902.94812012	2.52941179
902.95227051	2.52941179
902.95227051	2.52941179
902.95623779	2.52941179
902.96038818	2.52941179
902.96453857	2.52941179
902.96453857	2.52941179
902.96868896	2.52941179
902.97277832	2.52941179
902.97680664	2.52941179
902.98095703	2.52941179
902.98510742	2.52941179
902.98510742	2.52941179
902.98919678	2.52941179
902.99322510	2.52941179
902.99731445	2.52941179
902.99731445	2.52941179
903.00146484	2.52941179
903.00555420	2.52941179
903.00964355	2.52941179
903.00964355	2.52941179
903.01379395	2.52941179
903.01776123	2.52941179
903.02191162	2.52941179
903.02600098	2.52941179
903.03002930	2.52941179
903.03002930	2.52941179
903.03411865	2.52941179
903.03833008	2.52941179
903.04241943	2.52941179
903.04241943	2.52941179
903.04644775	2.52941179
903.05053711	2.52941179
903.05468750	2.52941179
903.05468750	2.52941179
903.05883789	2.52941179
903.06292725	2.54901958
903.06689453	2.54901958
903.07098389	2.54901958
903.07513428	2.54901958
903.07513428	2.54901958
903.07922363	2.54901958
903.08325195	2.54901958
903.08740234	2.54901958
903.08740234	2.54901958
903.09155273	2.54901958
903.09564209	2.54901958
903.09979248	2.54901958
903.09979248	2.54901958
903.10382080	2.54901958
903.10797119	2.54901958
903.11212158	2.54901958
903.11608887	2.54901958
903.12017822	2.54901958
903.12017822	2.54901958
903.12426758	2.54901958
903.12841797	2.54901958
903.13250732	2.54901958
903.13250732	2.54901958
903.13653564	2.54901958
903.14074707	2.54901958
903.14477539	2.54901958
903.14477539	2.54901958
903.14886475	2.54901958
903.15301514	2.54901958
903.15704346	2.54901958
903.16119385	2.54901958
903.16534424	2.54901958
903.16534424	2.54901958
903.16943359	2.54901958
903.17346191	2.54901958
903.17755127	2.54901958
903.17755127	2.54901958
903.18170166	2.54901958
903.18585205	2.54901958
903.18994141	2.54901958
903.18994141	2.52941179
903.19403076	2.52941179
903.19812012	2.52941179
903.20227051	2.52941179
903.20227051	2.52941179
903.20623779	2.52941179
903.21032715	2.52941179
903.21032715	2.52941179
903.21447754	2.52941179
903.21862793	2.52941179
903.22271729	2.50980401
903.22271729	2.50980401
903.22674561	2.50980401
903.23077393	2.50980401
903.23486328	2.50980401
903.23486328	2.50980401
903.23901367	2.50980401
903.24298096	2.49019599
903.24713135	2.49019599
903.24713135	2.49019599
903.25134277	2.49019599
903.25537109	2.49019599
903.25537109	2.49019599
903.25939941	2.49019599
903.26348877	2.49019599
903.26776123	2.49019599
903.26776123	2.49019599
903.27178955	2.49019599
903.27587891	2.49019599
903.27990723	2.49019599
903.27990723	2.49019599
903.28399658	2.49019599
903.28826904	2.49019599
903.29235840	2.50980401
903.29235840	2.50980401
903.29632568	2.50980401
903.30047607	2.50980401
903.30047607	2.50980401
903.30456543	2.50980401
903.30871582	2.50980401
903.31286621	2.52941179
903.31286621	2.52941179
903.31677246	2.52941179
903.32086182	2.52941179
903.32501221	2.52941179
903.32501221	2.52941179
903.32910156	2.52941179
903.33319092	2.54901958
903.33721924	2.54901958
903.33721924	2.54901958
903.34143066	2.54901958
903.34552002	2.54901958
903.34552002	2.54901958
903.34954834	2.56862736
903.35382080	2.56862736
903.35778809	2.56862736
903.35778809	2.56862736
903.36199951	2.56862736
903.36608887	2.56862736
903.37005615	2.56862736
903.37005615	2.56862736
903.37414551	2.56862736
903.37823486	2.56862736
903.38238525	2.56862736
903.38238525	2.56862736
903.38635254	2.56862736
903.39050293	2.56862736
903.39465332	2.58823538
903.39874268	2.58823538
903.40289307	2.58823538
903.40289307	2.58823538
903.40692139	2.58823538
903.41107178	2.58823538
903.41522217	2.58823538
903.41522217	2.58823538
903.41931152	2.58823538
903.42333984	2.58823538
903.42742920	2.58823538
903.42742920	2.58823538
903.43157959	2.58823538
903.43566895	2.58823538
903.43981934	2.58823538
903.44378662	2.58823538
903.44787598	2.58823538
903.44787598	2.58823538
903.45202637	2.58823538
903.45599365	2.58823538
903.46014404	2.58823538
903.46014404	2.58823538
903.46429443	2.58823538
903.46838379	2.58823538
903.47253418	2.58823538
903.47253418	2.58823538
903.47650146	2.58823538
903.48083496	2.58823538
903.48486328	2.58823538
903.48895264	2.58823538
903.49310303	2.58823538
903.49310303	2.58823538
903.49707031	2.58823538
903.50122070	2.58823538
903.50524902	2.58823538
903.50524902	2.58823538
903.50939941	2.58823538
903.51336670	2.58823538
903.51751709	2.60784316
903.51751709	2.60784316
903.52160645	2.60784316
903.52575684	2.60784316
903.52990723	2.60784316
903.53387451	2.60784316
903.53808594	2.60784316
903.53808594	2.60784316
903.54223633	2.60784316
903.54620361	2.60784316
903.55035400	2.60784316
903.55035400	2.60784316
903.55444336	2.60784316
903.55859375	2.60784316
903.56274414	2.60784316
903.56274414	2.60784316
903.56677246	2.62745094
903.57073975	2.62745094
903.57489014	2.62745094
903.57897949	2.62745094
903.58312988	2.62745094
903.58312988	2.62745094
903.58709717	2.62745094
903.59130859	2.62745094
903.59539795	2.62745094
903.59539795	2.62745094
903.59942627	2.62745094
903.60351563	2.62745094
903.60784912	2.62745094
903.60784912	2.62745094
903.61181641	2.62745094
903.61596680	2.62745094
903.61993408	2.62745094
903.62402344	2.62745094
903.62817383	2.62745094
903.62817383	2.62745094
903.63226318	2.62745094
903.63629150	2.62745094
903.64038086	2.62745094
903.64038086	2.62745094
903.64453125	2.62745094
903.64862061	2.62745094
903.65289307	2.62745094
903.65289307	2.62745094
903.65673828	2.62745094
903.66094971	2.62745094
903.66503906	2.62745094
903.66918945	2.62745094
903.67333984	2.62745094
903.67333984	2.62745094
903.67730713	2.62745094
903.68145752	2.62745094
903.68554688	2.62745094
903.68554688	2.62745094
903.68957520	2.62745094
903.69390869	2.62745094
903.69787598	2.62745094
903.69787598	2.62745094
903.70196533	2.62745094
903.70611572	2.62745094
903.71008301	2.62745094
903.71008301	2.62745094
903.71423340	2.62745094
903.71850586	2.62745094
903.71850586	2.62745094
903.72247314	2.62745094
903.72637939	2.62745094
903.73052979	2.62745094
903.73052979	2.62745094
903.73461914	2.62745094
903.73876953	2.62745094
903.74285889	2.62745094
903.74285889	2.62745094
903.74688721	2.62745094
903.75103760	2.62745094
903.75518799	2.62745094
903.75518799	2.62745094
903.75927734	2.60784316
903.76324463	2.60784316
903.76324463	2.60784316
903.76739502	2.60784316
903.77148438	2.60784316
903.77563477	2.60784316
903.77563477	2.60784316
903.77972412	2.60784316
903.78375244	2.58823538
903.78790283	2.58823538
903.78790283	2.58823538
903.79205322	2.58823538
903.79620361	2.58823538
903.80017090	2.58823538
903.80017090	2.58823538
903.80426025	2.58823538
903.80841064	2.56862736
903.80841064	2.56862736
903.81256104	2.56862736
903.81652832	2.56862736
903.82080078	2.56862736
903.82080078	2.56862736
903.82476807	2.56862736
903.82885742	2.56862736
903.83300781	2.56862736
903.83300781	2.56862736
903.83697510	2.56862736
903.84112549	2.56862736
903.84527588	2.56862736
903.84527588	2.56862736
903.84936523	2.56862736
903.85339355	2.56862736
903.85339355	2.56862736
903.85754395	2.56862736
903.86169434	2.56862736
903.86584473	2.56862736
903.86584473	2.56862736
903.86981201	2.56862736
903.87390137	2.56862736
903.87799072	2.56862736
903.87799072	2.56862736
903.88214111	2.56862736
903.88629150	2.56862736
903.89025879	2.56862736
903.89025879	2.56862736
903.89440918	2.56862736
903.89855957	2.56862736
903.90270996	2.56862736
903.90673828	2.56862736
903.91082764	2.56862736
903.91082764	2.56862736
903.91497803	2.56862736
903.91900635	2.56862736
903.92321777	2.56862736
903.92321777	2.56862736
903.92718506	2.56862736
903.93133545	2.56862736
903.93542480	2.56862736
903.93542480	2.56862736
903.93957520	2.56862736
903.94354248	2.56862736
903.94775391	2.56862736
903.95172119	2.56862736
903.95587158	2.56862736
903.95587158	2.56862736
903.95983887	2.56862736
903.96405029	2.56862736
903.96813965	2.56862736
903.96813965	2.56862736
903.97229004	2.56862736
903.97625732	2.56862736
903.98040771	2.56862736
903.98040771	2.56862736
903.98455811	2.56862736
903.98864746	2.56862736
903.99279785	2.56862736
903.99682617	2.56862736
904.00091553	2.56862736
904.00091553	2.56862736
904.00500488	2.56862736
904.00915527	2.56862736
904.01324463	2.56862736
904.01324463	2.56862736
904.01727295	2.56862736
904.02136230	2.56862736
904.02551270	2.56862736
904.02551270	2.56862736
904.02947998	2.56862736
904.03375244	2.56862736
904.03778076	2.56862736
904.04199219	2.56862736
904.04608154	2.56862736
904.04608154	2.56862736
904.05004883	2.56862736
904.05419922	2.56862736
904.05828857	2.56862736
904.05828857	2.56862736
904.06243896	2.56862736
904.06640625	2.56862736
904.07049561	2.56862736
904.07049561	2.56862736
904.07464600	2.56862736
904.07873535	2.56862736
904.08288574	2.56862736
904.08685303	2.56862736
904.09100342	2.56862736
904.09100342	2.56862736
904.09515381	2.56862736
904.09930420	2.56862736
904.10333252	2.56862736
904.10333252	2.56862736
904.10742188	2.56862736
904.11157227	2.56862736
904.11572266	2.56862736
904.11572266	2.56862736
904.11981201	2.56862736
904.12384033	2.56862736
904.12792969	2.56862736
904.13195801	2.56862736
904.13610840	2.56862736
904.13610840	2.56862736
904.14013672	2.56862736
904.14428711	2.56862736
904.14837646	2.56862736
904.14837646	2.56862736
904.15252686	2.56862736
904.15649414	2.56862736
904.16076660	2.56862736
904.16076660	2.56862736
904.16479492	2.56862736
904.16888428	2.56862736
904.17309570	2.56862736
904.17706299	2.56862736
904.18121338	2.56862736
904.18121338	2.56862736
904.18524170	2.56862736
904.18945313	2.56862736
904.19342041	2.56862736
904.19342041	2.56862736
904.19750977	2.56862736
904.20172119	2.56862736
904.20574951	2.56862736
904.20574951	2.56862736
904.20971680	2.56862736
904.21386719	2.56862736
904.21801758	2.56862736
904.22216797	2.56862736
904.22625732	2.56862736
904.22625732	2.56862736
904.23028564	2.56862736
904.23443604	2.58823538
904.23858643	2.58823538
904.23858643	2.58823538
904.24267578	2.58823538
904.24682617	2.58823538
904.25079346	2.58823538
904.25079346	2.58823538
904.25494385	2.58823538
904.25897217	2.58823538
904.26312256	2.58823538
904.26312256	2.58823538
904.26715088	2.58823538
904.27124023	2.58823538
904.27124023	2.58823538
904.27539063	2.58823538
904.27947998	2.58823538
904.28350830	2.58823538
904.28350830	2.58823538
904.28759766	2.58823538
904.29180908	2.56862736
904.29595947	2.56862736
904.29595947	2.56862736
904.29992676	2.56862736
904.30407715	2.56862736
904.30816650	2.56862736
904.30816650	2.56862736
904.31231689	2.56862736
904.31640625	2.56862736
904.31640625	2.56862736
904.32037354	2.56862736
904.32452393	2.56862736
904.32861328	2.54901958
904.32861328	2.54901958
904.33276367	2.54901958
904.33673096	2.54901958
904.34088135	2.54901958
904.34088135	2.54901958
904.34497070	2.54901958
904.34918213	2.52941179
904.35333252	2.52941179
904.35333252	2.52941179
904.35729980	2.52941179
904.36145020	2.52941179
904.36145020	2.52941179
904.36560059	2.52941179
904.36956787	2.52941179
904.37384033	2.52941179
904.37384033	2.52941179
904.37774658	2.52941179
904.38183594	2.52941179
904.38598633	2.52941179
904.38598633	2.50980401
904.39001465	2.50980401
904.39410400	2.50980401
904.39825439	2.50980401
904.39825439	2.50980401
904.40246582	2.50980401
904.40649414	2.50980401
904.40649414	2.50980401
904.41052246	2.50980401
904.41467285	2.50980401
904.41876221	2.50980401
904.41876221	2.50980401
904.42285156	2.50980401
904.42694092	2.52941179
904.43109131	2.50980401
904.43109131	2.52941179
904.43511963	2.52941179
904.43927002	2.52941179
904.44335938	2.52941179
904.44335938	2.52941179
904.44738770	2.52941179
904.45147705	2.52941179
904.45562744	2.52941179
904.45971680	2.52941179
904.46374512	2.52941179
904.46374512	2.52941179
904.46783447	2.52941179
904.47204590	2.52941179
904.47619629	2.52941179
904.47619629	2.52941179
904.48016357	2.52941179
904.48431396	2.52941179
904.48846436	2.52941179
904.48846436	2.54901958
904.49255371	2.54901958
904.49670410	2.54901958
904.50085449	2.54901958
904.50476074	2.54901958
904.50897217	2.54901958
904.50897217	2.54901958
904.51300049	2.54901958
904.51708984	2.54901958
904.52117920	2.54901958
904.52117920	2.54901958
904.52532959	2.54901958
904.52947998	2.54901958
904.53344727	2.54901958
904.53344727	2.54901958
904.53747559	2.54901958
904.54162598	2.54901958
904.54571533	2.54901958
904.54974365	2.54901958
904.55389404	2.54901958
904.55389404	2.56862736
904.55804443	2.54901958
904.56219482	2.56862736
904.56628418	2.56862736
904.56628418	2.54901958
904.57031250	2.56862736
904.57434082	2.56862736
904.57855225	2.56862736
904.57855225	2.56862736
904.58264160	2.56862736
904.58679199	2.56862736
904.59075928	2.56862736
904.59484863	2.56862736
904.59899902	2.56862736
904.59899902	2.56862736
904.60302734	2.56862736
904.60717773	2.56862736
904.61132813	2.56862736
904.61132813	2.56862736
904.61547852	2.56862736
904.61944580	2.56862736
904.62359619	2.56862736
904.62359619	2.56862736
904.62762451	2.56862736
904.63177490	2.56862736
904.63586426	2.56862736
904.63983154	2.56862736
904.64398193	2.56862736
904.64398193	2.56862736
904.64813232	2.56862736
904.65234375	2.56862736
904.65637207	2.56862736
904.65637207	2.56862736
904.66040039	2.56862736
904.66455078	2.56862736
904.66864014	2.56862736
904.66864014	2.56862736
904.67279053	2.56862736
904.67681885	2.56862736
904.68096924	2.56862736
904.68505859	2.56862736
904.68914795	2.56862736
904.68914795	2.56862736
904.69311523	2.56862736
904.69726563	2.56862736
904.70135498	2.56862736
904.70135498	2.56862736
904.70550537	2.56862736
904.70947266	2.56862736
904.71374512	2.56862736
904.71374512	2.56862736
904.71771240	2.56862736
904.72198486	2.56862736
904.72607422	2.56862736
904.73004150	2.56862736
904.73419189	2.56862736
904.73419189	2.56862736
904.73828125	2.56862736
904.74243164	2.56862736
904.74658203	2.56862736
904.74658203	2.56862736
904.75054932	2.56862736
904.75469971	2.56862736
904.75878906	2.56862736
904.75878906	2.56862736
904.76275635	2.56862736
904.76684570	2.56862736
904.77099609	2.56862736
904.77099609	2.56862736
904.77514648	2.56862736
904.77923584	2.56862736
904.77923584	2.56862736
904.78326416	2.56862736
904.78735352	2.56862736
904.79150391	2.56862736
904.79150391	2.56862736
904.79571533	2.56862736
904.79980469	2.56862736
904.80383301	2.56862736
904.80383301	2.56862736
904.80792236	2.56862736
904.81207275	2.56862736
904.81610107	2.56862736
904.81610107	2.56862736
904.82012939	2.56862736
904.82421875	2.56862736
904.82421875	2.56862736
904.82836914	2.56862736
904.83245850	2.56862736
904.83660889	2.56862736
904.83660889	2.56862736
904.84075928	2.56862736
904.84472656	2.56862736
904.84887695	2.56862736
904.84887695	2.56862736
904.85296631	2.56862736
904.85705566	2.56862736
904.86120605	2.56862736
904.86120605	2.56862736
904.86535645	2.56862736
904.86944580	2.56862736
904.86944580	2.56862736
904.87341309	2.56862736
904.87750244	2.56862736
904.88159180	2.56862736
904.88159180	2.56862736
904.88574219	2.56862736
904.88977051	2.56862736
904.89385986	2.56862736
904.89385986	2.58823538
904.89801025	2.56862736
904.90209961	2.56862736
904.90625000	2.56862736
904.90625000	2.56862736
904.91027832	2.56862736
904.91442871	2.56862736
904.91442871	2.56862736
904.91851807	2.56862736
904.92272949	2.56862736
904.92681885	2.56862736
904.92681885	2.56862736
904.93078613	2.56862736
904.93493652	2.56862736
904.93902588	2.56862736
904.93902588	2.54901958
904.94299316	2.54901958
904.94714355	2.54901958
904.95123291	2.54901958
904.95123291	2.54901958
904.95538330	2.54901958
904.95947266	2.52941179
904.96350098	2.52941179
904.96759033	2.52941179
904.97180176	2.52941179
904.97180176	2.52941179
904.97595215	2.52941179
904.97991943	2.52941179
904.98406982	2.52941179
904.98406982	2.50980401
904.98822021	2.50980401
904.99230957	2.50980401
904.99645996	2.50980401
904.99645996	2.50980401
905.00042725	2.50980401
905.00457764	2.50980401
905.00860596	2.50980401
905.01275635	2.50980401
905.01672363	2.50980401
905.01672363	2.50980401
905.02087402	2.50980401
905.02496338	2.50980401
905.02911377	2.50980401
905.02911377	2.50980401
905.03314209	2.50980401
905.03723145	2.50980401
905.04138184	2.50980401
905.04138184	2.50980401
905.04559326	2.50980401
905.04968262	2.50980401
905.05383301	2.50980401
905.05780029	2.50980401
905.06195068	2.50980401
905.06195068	2.50980401
905.06604004	2.50980401
905.07000732	2.50980401
905.07409668	2.50980401
905.07409668	2.50980401
905.07824707	2.50980401
905.08233643	2.50980401
905.08648682	2.50980401
905.08648682	2.50980401
905.09045410	2.50980401
905.09466553	2.52941179
905.09875488	2.52941179
905.10296631	2.52941179
905.10693359	2.52941179
905.10693359	2.52941179
905.11102295	2.52941179
905.11517334	2.52941179
905.11932373	2.52941179
905.11932373	2.52941179
905.12329102	2.52941179
905.12738037	2.52941179
905.13153076	2.52941179
905.13153076	2.52941179
905.13562012	2.52941179
905.13977051	2.52941179
905.14373779	2.54901958
905.14788818	2.54901958
905.15197754	2.54901958
905.15197754	2.54901958
905.15612793	2.54901958
905.16015625	2.54901958
905.16430664	2.54901958
905.16430664	2.54901958
905.16845703	2.54901958
905.17254639	2.54901958
905.17663574	2.54901958
905.17663574	2.54901958
905.18084717	2.54901958
905.18481445	2.54901958
905.18884277	2.54901958
905.19287109	2.54901958
905.19696045	2.54901958
905.19696045	2.54901958
905.20111084	2.54901958
905.20526123	2.54901958
905.20941162	2.54901958
905.20941162	2.54901958
905.21337891	2.54901958
905.21746826	2.54901958
905.22167969	2.54901958
905.22167969	2.54901958
905.22583008	2.54901958
905.22979736	2.54901958
905.23388672	2.54901958
905.23803711	2.54901958
905.24218750	2.54901958
905.24218750	2.54901958
905.24609375	2.54901958
905.25024414	2.54901958
905.25439453	2.54901958
905.25439453	2.54901958
905.25854492	2.54901958
905.26269531	2.54901958
905.26678467	2.54901958
905.26678467	2.56862736
905.27075195	2.54901958
905.27484131	2.54901958
905.27929688	2.54901958
905.28302002	2.54901958
905.28717041	2.54901958
905.28717041	2.54901958
905.29211426	2.54901958
905.29534912	2.54901958
905.29949951	2.54901958
905.29949951	2.54901958
905.30352783	2.54901958
905.30761719	2.54901958
905.31170654	2.54901958
905.31170654	2.54901958
905.31585693	2.54901958
905.31988525	2.54901958
905.32397461	2.54901958
905.32397461	2.54901958
905.32818604	2.54901958
905.33221436	2.54901958
905.33221436	2.56862736
905.33630371	2.56862736
905.34039307	2.56862736
905.34448242	2.56862736
905.34448242	2.56862736
905.34857178	2.56862736
905.35272217	2.56862736
905.35687256	2.56862736
905.35687256	2.56862736
905.36083984	2.56862736
905.36499023	2.56862736
905.36920166	2.56862736
905.36920166	2.56862736
905.37310791	2.56862736
905.37725830	2.56862736
905.37725830	2.56862736
905.38140869	2.56862736
905.38549805	2.56862736
905.38958740	2.56862736
905.38958740	2.56862736
905.39367676	2.56862736
905.39770508	2.56862736
905.40185547	2.56862736
905.40185547	2.56862736
905.40594482	2.56862736
905.40997314	2.56862736
905.41412354	2.56862736
905.41412354	2.56862736
905.41827393	2.56862736
905.42236328	2.56862736
905.42236328	2.56862736
905.42639160	2.56862736
905.43048096	2.56862736
905.43475342	2.56862736
905.43475342	2.56862736
905.43872070	2.56862736
905.44281006	2.56862736
905.44683838	2.56862736
905.44683838	2.56862736
905.45098877	2.56862736
905.45507813	2.56862736
905.45922852	2.56862736
905.45922852	2.56862736
905.46319580	2.56862736
905.46734619	2.56862736
905.46734619	2.56862736
905.47149658	2.56862736
905.47564697	2.56862736
905.47979736	2.56862736
905.47979736	2.56862736
905.48376465	2.56862736
905.48791504	2.56862736
905.49206543	2.56862736
905.49206543	2.56862736
905.49621582	2.56862736
905.50018311	2.56862736
905.50433350	2.56862736
905.50433350	2.56862736
905.50836182	2.56862736
905.51251221	2.56862736
905.51647949	2.56862736
905.52075195	2.56862736
905.52471924	2.56862736
905.52471924	2.54901958
905.52886963	2.54901958
905.53283691	2.54901958
905.53698730	2.54901958
905.53698730	2.54901958
905.54113770	2.52941179
905.54528809	2.52941179
905.54943848	2.52941179
905.54943848	2.52941179
905.55340576	2.52941179
905.55755615	2.52941179
905.56164551	2.50980401
905.56579590	2.50980401
905.56994629	2.50980401
905.56994629	2.50980401
905.57385254	2.50980401
905.57800293	2.50980401
905.58209229	2.50980401
905.58209229	2.50980401
905.58612061	2.49019599
905.59020996	2.49019599
905.59436035	2.49019599
905.59436035	2.49019599
905.59844971	2.49019599
905.60266113	2.49019599
905.60681152	2.49019599
905.61077881	2.49019599
905.61492920	2.49019599
905.61492920	2.49019599
905.61901855	2.49019599
905.62304688	2.49019599
905.62713623	2.49019599
905.62713623	2.49019599
905.63122559	2.49019599
905.63537598	2.49019599
905.63952637	2.49019599
905.63952637	2.49019599
905.64349365	2.49019599
905.64776611	2.49019599
905.65173340	2.49019599
905.65588379	2.49019599
905.65985107	2.49019599
905.65985107	2.49019599
905.66406250	2.49019599
905.66821289	2.49019599
905.67230225	2.49019599
905.67230225	2.49019599
905.67633057	2.49019599
905.68041992	2.50980401
905.68457031	2.50980401
905.68457031	2.50980401
905.68865967	2.50980401
905.69274902	2.50980401
905.69671631	2.50980401
905.70086670	2.50980401
905.70501709	2.50980401
905.70501709	2.50980401
905.70910645	2.50980401
905.71313477	2.50980401
905.71722412	2.50980401
905.71722412	2.52941179
905.72143555	2.52941179
905.72558594	2.52941179
905.72961426	2.52941179
905.72961426	2.52941179
905.73370361	2.52941179
905.73779297	2.52941179
905.74194336	2.52941179
905.74609375	2.52941179
905.75006104	2.52941179
905.75006104	2.52941179
905.75421143	2.52941179
905.75823975	2.52941179
905.76239014	2.54901958
905.76239014	2.54901958
905.76635742	2.54901958
905.77050781	2.54901958
905.77471924	2.54901958
905.77471924	2.54901958
905.77874756	2.54901958
905.78283691	2.54901958
905.78686523	2.54901958
905.79101563	2.54901958
905.79516602	2.54901958
905.79516602	2.54901958
905.79931641	2.54901958
905.80328369	2.54901958
905.80737305	2.54901958
905.80737305	2.54901958
905.81158447	2.54901958
905.81567383	2.54901958
905.81976318	2.54901958
905.81976318	2.54901958
905.82373047	2.54901958
905.82788086	2.54901958
905.83197021	2.54901958
905.83612061	2.54901958
905.84008789	2.54901958
905.84008789	2.54901958
905.84423828	2.54901958
905.84832764	2.54901958
905.85247803	2.54901958
905.85247803	2.54901958
905.85656738	2.54901958
905.86077881	2.54901958
905.86480713	2.54901958
905.86480713	2.54901958
905.86889648	2.54901958
905.87292480	2.54901958
905.87707520	2.54901958
905.87707520	2.54901958
905.88116455	2.54901958
905.88519287	2.54901958
905.88519287	2.54901958
905.88940430	2.54901958
905.89337158	2.54901958
905.89752197	2.54901958
905.89752197	2.54901958
905.90161133	2.54901958
905.90576172	2.54901958
905.90985107	2.54901958
905.90985107	2.54901958
905.91387939	2.54901958
905.91809082	2.54901958
905.92218018	2.54901958
905.92218018	2.54901958
905.92633057	2.54901958
905.93029785	2.54901958
905.93029785	2.54901958
905.93444824	2.54901958
905.93847656	2.54901958
905.94262695	2.54901958
905.94262695	2.54901958
905.94677734	2.54901958
905.95074463	2.54901958
905.95483398	2.54901958
905.95483398	2.54901958
905.95898438	2.54901958
905.96295166	2.54901958
905.96710205	2.54901958
905.96710205	2.54901958
905.97125244	2.54901958
905.97540283	2.54901958
905.97540283	2.54901958
905.97943115	2.54901958
905.98358154	2.54901958
905.98779297	2.54901958
905.98779297	2.54901958
905.99182129	2.54901958
905.99597168	2.54901958
905.99987793	2.54901958
905.99987793	2.54901958
906.00396729	2.54901958
906.00811768	2.54901958
906.01220703	2.54901958
906.01220703	2.54901958
906.01623535	2.54901958
906.02038574	2.54901958
906.02038574	2.54901958
906.02447510	2.54901958
906.02862549	2.54901958
906.03277588	2.54901958
906.03277588	2.54901958
906.03680420	2.54901958
906.04089355	2.54901958
906.04504395	2.54901958
906.04504395	2.54901958
906.04919434	2.54901958
906.05316162	2.54901958
906.05731201	2.54901958
906.05731201	2.54901958
906.06140137	2.54901958
906.06555176	2.54901958
906.06970215	2.54901958
906.07379150	2.54901958
906.07781982	2.54901958
906.07781982	2.54901958
906.08190918	2.54901958
906.08605957	2.54901958
906.09008789	2.54901958
906.09008789	2.54901958
906.09423828	2.54901958
906.09820557	2.54901958
906.10235596	2.54901958
906.10235596	2.54901958
906.10638428	2.54901958
906.11047363	2.54901958
906.11462402	2.54901958
906.11871338	2.54901958
906.12292480	2.54901958
906.12292480	2.54901958
906.12689209	2.54901958
906.13104248	2.54901958
906.13507080	2.54901958
906.13507080	2.54901958
906.13928223	2.54901958
906.14324951	2.54901958
906.14733887	2.54901958
906.14733887	2.54901958
906.15148926	2.54901958
906.15563965	2.52941179
906.15972900	2.52941179
906.16375732	2.52941179
906.16790771	2.52941179
906.16790771	2.52941179
906.17199707	2.52941179
906.17620850	2.52941179
906.18017578	2.52941179
906.18017578	2.52941179
906.18426514	2.52941179
906.18835449	2.50980401
906.19250488	2.50980401
906.19250488	2.50980401
906.19647217	2.50980401
906.20074463	2.50980401
906.20471191	2.50980401
906.20886230	2.50980401
906.21295166	2.50980401
906.21295166	2.50980401
906.21697998	2.50980401
906.22113037	2.50980401
906.22534180	2.50980401
906.22534180	2.50980401
906.22943115	2.50980401
906.23339844	2.50980401
906.23754883	2.50980401
906.23754883	2.50980401
906.24169922	2.50980401
906.24578857	2.50980401
906.24975586	2.50980401
906.25384521	2.50980401
906.25799561	2.50980401
906.25799561	2.50980401
906.26208496	2.50980401
906.26623535	2.50980401
906.27026367	2.50980401
906.27026367	2.50980401
906.27435303	2.50980401
906.27850342	2.50980401
906.28265381	2.50980401
906.28265381	2.50980401
906.28680420	2.50980401
906.29077148	2.50980401
906.29492188	2.50980401
906.29907227	2.52941179
906.30316162	2.52941179
906.30316162	2.52941179
906.30712891	2.52941179
906.31127930	2.52941179
906.31542969	2.52941179
906.31542969	2.52941179
906.31951904	2.52941179
906.32348633	2.52941179
906.32769775	2.52941179
906.32769775	2.54901958
906.33172607	2.54901958
906.33593750	2.54901958
906.33984375	2.54901958
906.34399414	2.54901958
906.34808350	2.54901958
906.34808350	2.54901958
906.35223389	2.54901958
906.35632324	2.56862736
906.36041260	2.56862736
906.36041260	2.56862736
906.36456299	2.56862736
906.36859131	2.56862736
906.37280273	2.56862736
906.37280273	2.56862736
906.37677002	2.56862736
906.38085938	2.56862736
906.38500977	2.56862736
906.38500977	2.56862736
906.38909912	2.56862736
906.39318848	2.56862736
906.39318848	2.56862736
906.39721680	2.56862736
906.40136719	2.56862736
906.40551758	2.56862736
906.40551758	2.56862736
906.40948486	2.56862736
906.41375732	2.56862736
906.41778564	2.56862736
906.41778564	2.56862736
906.42199707	2.56862736
906.42608643	2.56862736
906.43017578	2.56862736
906.43017578	2.56862736
906.43420410	2.56862736
906.43823242	2.56862736
906.43823242	2.56862736
906.44238281	2.56862736
906.44635010	2.56862736
906.45050049	2.56862736
906.45050049	2.56862736
906.45458984	2.56862736
906.45874023	2.56862736
906.46282959	2.56862736
906.46282959	2.56862736
906.46685791	2.56862736
906.47094727	2.56862736
906.47515869	2.56862736
906.47515869	2.56862736
906.47930908	2.56862736
906.48333740	2.56862736
906.48333740	2.56862736
906.48742676	2.56862736
906.49157715	2.56862736
906.49566650	2.56862736
906.49566650	2.56862736
906.49975586	2.56862736
906.50378418	2.56862736
906.50787354	2.56862736
906.50787354	2.56862736
906.51196289	2.56862736
906.51611328	2.56862736
906.52008057	2.56862736
906.52008057	2.56862736
906.52423096	2.56862736
906.52832031	2.56862736
906.52832031	2.56862736
906.53253174	2.58823538
906.53656006	2.58823538
906.54083252	2.56862736
906.54083252	2.58823538
906.54479980	2.58823538
906.54888916	2.58823538
906.55303955	2.58823538
906.55303955	2.58823538
906.55700684	2.58823538
906.56115723	2.58823538
906.56530762	2.58823538
906.56530762	2.58823538
906.56939697	2.58823538
906.57336426	2.58823538
906.57745361	2.58823538
906.58160400	2.58823538
906.58569336	2.58823538
906.58569336	2.58823538
906.58972168	2.58823538
906.59381104	2.58823538
906.59796143	2.58823538
906.59796143	2.58823538
906.60211182	2.58823538
906.60632324	2.58823538
906.61029053	2.58823538
906.61029053	2.58823538
906.61437988	2.58823538
906.61853027	2.58823538
906.62268066	2.58823538
906.62683105	2.58823538
906.63073730	2.58823538
906.63073730	2.58823538
906.63482666	2.58823538
906.63897705	2.58823538
906.64306641	2.58823538
906.64306641	2.58823538
906.64709473	2.58823538
906.65124512	2.58823538
906.65539551	2.58823538
906.65539551	2.58823538
906.65936279	2.58823538
906.66351318	2.58823538
906.66778564	2.58823538
906.67181396	2.58823538
906.67590332	2.58823538
906.67590332	2.58823538
906.67993164	2.58823538
906.68408203	2.58823538
906.68817139	2.58823538
906.68817139	2.58823538
906.69226074	2.58823538
906.69622803	2.58823538
906.70037842	2.58823538
906.70037842	2.58823538
906.70446777	2.58823538
906.70861816	2.58823538
906.71270752	2.58823538
906.71673584	2.56862736
906.72082520	2.56862736
906.72082520	2.56862736
906.72503662	2.56862736
906.72918701	2.56862736
906.73327637	2.56862736
906.73327637	2.56862736
906.73730469	2.56862736
906.74139404	2.56862736
906.74554443	2.56862736
906.74554443	2.54901958
906.74951172	2.54901958
906.75372314	2.54901958
906.75769043	2.54901958
906.76190186	2.54901958
906.76593018	2.52941179
906.76593018	2.52941179
906.77001953	2.52941179
906.77410889	2.52941179
906.77825928	2.52941179
906.77825928	2.52941179
906.78234863	2.52941179
906.78637695	2.52941179
906.79052734	2.52941179
906.79052734	2.52941179
906.79467773	2.52941179
906.79882813	2.52941179
906.80291748	2.50980401
906.80688477	2.50980401
906.81097412	2.50980401
906.81097412	2.50980401
906.81518555	2.50980401
906.81933594	2.50980401
906.82336426	2.50980401
906.82336426	2.50980401
906.82745361	2.50980401
906.83154297	2.50980401
906.83569336	2.50980401
906.83569336	2.50980401
906.83984375	2.50980401
906.84381104	2.50980401
906.84796143	2.50980401
906.85192871	2.50980401
906.85614014	2.50980401
906.85614014	2.50980401
906.86010742	2.50980401
906.86425781	2.50980401
906.86840820	2.50980401
906.86840820	2.52941179
906.87249756	2.52941179
906.87652588	2.52941179
906.88073730	2.52941179
906.88073730	2.52941179
906.88470459	2.52941179
906.88885498	2.52941179
906.89300537	2.52941179
906.89300537	2.52941179
906.89697266	2.52941179
906.90118408	2.52941179
906.90118408	2.52941179
906.90527344	2.52941179
906.90936279	2.52941179
906.91333008	2.52941179
906.91333008	2.52941179
906.91754150	2.52941179
906.92169189	2.52941179
906.92578125	2.54901958
906.92578125	2.54901958
906.92980957	2.54901958
906.93389893	2.54901958
906.93804932	2.54901958
906.93804932	2.54901958
906.94213867	2.54901958
906.94622803	2.54901958
906.94622803	2.54901958
906.95025635	2.54901958
906.95434570	2.54901958
906.95849609	2.54901958
906.95849609	2.54901958
906.96258545	2.54901958
906.96673584	2.54901958
906.97070313	2.54901958
906.97070313	2.54901958
906.97491455	2.54901958
906.97906494	2.54901958
906.98315430	2.54901958
906.98315430	2.54901958
906.98718262	2.54901958
906.99127197	2.54901958
906.99127197	2.54901958
906.99542236	2.54901958
906.99957275	2.54901958
907.00354004	2.56862736
907.00354004	2.54901958
907.00756836	2.56862736
907.01171875	2.56862736
907.01580811	2.54901958
907.01580811	2.54901958
907.01989746	2.54901958
907.02398682	2.54901958
907.02813721	2.54901958
907.02813721	2.54901958
907.03222656	2.54901958
907.03631592	2.54901958
907.03631592	2.54901958
907.04040527	2.54901958
907.04455566	2.54901958
907.04870605	2.54901958
907.04870605	2.54901958
907.05279541	2.54901958
907.05676270	2.54901958
907.06091309	2.54901958
907.06091309	2.54901958
907.06506348	2.54901958
907.06915283	2.54901958
907.07324219	2.54901958
907.07324219	2.54901958
907.07720947	2.54901958
907.08135986	2.54901958
907.08135986	2.54901958
907.08544922	2.54901958
907.08947754	2.54901958
907.09375000	2.54901958
907.09375000	2.54901958
907.09771729	2.54901958
907.10180664	2.54901958
907.10601807	2.54901958
907.10601807	2.54901958
907.11004639	2.54901958
907.11419678	2.54901958
907.11828613	2.54901958
907.11828613	2.54901958
907.12237549	2.54901958
907.12652588	2.54901958
907.13049316	2.54901958
907.13458252	2.54901958
907.13873291	2.54901958
907.13873291	2.54901958
907.14270020	2.54901958
907.14685059	2.54901958
907.15093994	2.54901958
907.15093994	2.54901958
907.15509033	2.54901958
907.15917969	2.54901958
907.16326904	2.54901958
907.16326904	2.54901958
907.16741943	2.54901958
907.17156982	2.54901958
907.17565918	2.52941179
907.17974854	2.52941179
907.18377686	2.52941179
907.18377686	2.52941179
907.18792725	2.52941179
907.19195557	2.52941179
907.19610596	2.52941179
907.19610596	2.52941179
907.20007324	2.52941179
907.20422363	2.52941179
907.20837402	2.52941179
907.20837402	2.52941179
907.21246338	2.52941179
907.21649170	2.52941179
907.22070313	2.52941179
907.22473145	2.52941179
907.22894287	2.52941179
907.22894287	2.52941179
907.23291016	2.54901958
907.23699951	2.54901958
907.24114990	2.54901958
907.24114990	2.54901958
907.24530029	2.54901958
907.24945068	2.52941179
907.25341797	2.54901958
907.25341797	2.54901958
907.25744629	2.54901958
907.26159668	2.54901958
907.26568604	2.56862736
907.26983643	2.56862736
907.27386475	2.56862736
907.27386475	2.56862736
907.27801514	2.56862736
907.28210449	2.56862736
907.28631592	2.56862736
907.28631592	2.56862736
907.29022217	2.56862736
907.29437256	2.56862736
907.29852295	2.56862736
907.29852295	2.56862736
907.30261230	2.56862736
907.30682373	2.56862736
907.31072998	2.56862736
907.31488037	2.56862736
907.31896973	2.56862736
907.31896973	2.54901958
907.32293701	2.54901958
907.32708740	2.54901958
907.33123779	2.54901958
907.33123779	2.54901958
907.33532715	2.54901958
907.33935547	2.52941179
907.34350586	2.52941179
907.34350586	2.52941179
907.34765625	2.52941179
907.35186768	2.52941179
907.35589600	2.52941179
907.35992432	2.52941179
907.36401367	2.52941179
907.36401367	2.52941179
907.36816406	2.52941179
907.37231445	2.50980401
907.37640381	2.50980401
907.37640381	2.50980401
907.38031006	2.50980401
907.38446045	2.50980401
907.38854980	2.50980401
907.38854980	2.50980401
907.39276123	2.50980401
907.39672852	2.50980401
907.40087891	2.50980401
907.40496826	2.50980401
907.40911865	2.50980401
907.40911865	2.50980401
907.41302490	2.50980401
907.41723633	2.50980401
907.42144775	2.50980401
907.42144775	2.50980401
907.42553711	2.50980401
907.42968750	2.50980401
907.43377686	2.50980401
907.43377686	2.50980401
907.43780518	2.50980401
907.44183350	2.50980401
907.44598389	2.50980401
907.44598389	2.50980401
907.44995117	2.50980401
907.45416260	2.50980401
907.45416260	2.50980401
907.45831299	2.52941179
907.46240234	2.52941179
907.46655273	2.52941179
907.46655273	2.52941179
907.47058105	2.52941179
907.47467041	2.52941179
907.47882080	2.52941179
907.47882080	2.52941179
907.48272705	2.52941179
907.48687744	2.52941179
907.49096680	2.54901958
907.49096680	2.54901958
907.49511719	2.54901958
907.49926758	2.54901958
907.49926758	2.54901958
907.50323486	2.54901958
907.50732422	2.54901958
907.51147461	2.54901958
907.51147461	2.54901958
907.51556396	2.56862736
907.51971436	2.56862736
907.52368164	2.56862736
907.52368164	2.56862736
907.52783203	2.56862736
907.53198242	2.56862736
907.53613281	2.56862736
907.53613281	2.56862736
907.54016113	2.54901958
907.54431152	2.54901958
907.54431152	2.54901958
907.54840088	2.54901958
907.55249023	2.54901958
907.55664063	2.54901958
907.55664063	2.54901958
907.56072998	2.54901958
907.56475830	2.54901958
907.56884766	2.54901958
907.56884766	2.54901958
907.57287598	2.54901958
907.57696533	2.54901958
907.58111572	2.54901958
907.58111572	2.54901958
907.58520508	2.54901958
907.58935547	2.54901958
907.58935547	2.54901958
907.59332275	2.54901958
907.59753418	2.54901958
907.60162354	2.54901958
907.60162354	2.54901958
907.60577393	2.54901958
907.60980225	2.54901958
907.61389160	2.54901958
907.61389160	2.54901958
907.61804199	2.54901958
907.62219238	2.54901958
907.62628174	2.54901958
907.62628174	2.54901958
907.63037109	2.54901958
907.63446045	2.54901958
907.63854980	2.54901958
907.64263916	2.54901958
907.64678955	2.54901958
907.64678955	2.54901958
907.65081787	2.54901958
907.65490723	2.56862736
907.65905762	2.56862736
907.65905762	2.56862736
907.66296387	2.56862736
907.66711426	2.56862736
907.67120361	2.56862736
907.67120361	2.56862736
907.67535400	2.56862736
907.67944336	2.56862736
907.68347168	2.56862736
907.68774414	2.56862736
907.69171143	2.56862736
907.69171143	2.56862736
907.69586182	2.56862736
907.69982910	2.56862736
907.70397949	2.56862736
907.70397949	2.56862736
907.70806885	2.56862736
907.71221924	2.56862736
907.71630859	2.56862736
907.71630859	2.56862736
907.72039795	2.56862736
907.72442627	2.56862736
907.72863770	2.56862736
907.73278809	2.56862736
907.73675537	2.56862736
907.73675537	2.58823538
907.74090576	2.58823538
907.74505615	2.58823538
907.74920654	2.58823538
907.74920654	2.58823538
907.75311279	2.58823538
907.75720215	2.58823538
907.76135254	2.58823538
907.76135254	2.58823538
907.76544189	2.58823538
907.76959229	2.58823538
907.77368164	2.58823538
907.77770996	2.58823538
907.78179932	2.58823538
907.78179932	2.58823538
907.78594971	2.58823538
907.79003906	2.58823538
907.79412842	2.58823538
907.79412842	2.58823538
907.79827881	2.60784316
907.80230713	2.60784316
907.80651855	2.60784316
907.80651855	2.60784316
907.81054688	2.60784316
907.81463623	2.60784316
907.81872559	2.60784316
907.82275391	2.60784316
907.82684326	2.60784316
907.82684326	2.60784316
907.83099365	2.60784316
907.83514404	2.60784316
907.83923340	2.60784316
907.83923340	2.60784316
907.84320068	2.60784316
907.84735107	2.60784316
907.85150146	2.60784316
907.85150146	2.62745094
907.85559082	2.60784316
907.85980225	2.60784316
907.86419678	2.60784316
907.86791992	2.60784316
907.87207031	2.60784316
907.87207031	2.60784316
907.87609863	2.60784316
907.88012695	2.60784316
907.88421631	2.60784316
907.88421631	2.60784316
907.88836670	2.60784316
907.89251709	2.60784316
907.89660645	2.60784316
907.89660645	2.58823538
907.90081787	2.58823538
907.90472412	2.58823538
907.90887451	2.58823538
907.91320801	2.58823538
907.91699219	2.58823538
907.91699219	2.56862736
907.92114258	2.56862736
907.92523193	2.56862736
907.92932129	2.56862736
907.92932129	2.56862736
907.93334961	2.56862736
907.93750000	2.56862736
907.94250488	2.54901958
907.94250488	2.54901958
907.94573975	2.54901958
907.94970703	2.54901958
907.95385742	2.54901958
907.95385742	2.54901958
907.95806885	2.54901958
907.96368408	2.52941179
907.96368408	2.52941179
907.96612549	2.52941179
907.97015381	2.52941179
907.97436523	2.52941179
907.97436523	2.52941179
907.97839355	2.52941179
907.98254395	2.52941179
907.98669434	2.52941179
907.98669434	2.52941179
907.99072266	2.52941179
907.99481201	2.52941179
907.99896240	2.52941179
907.99896240	2.52941179
908.00292969	2.52941179
908.00701904	2.52941179
908.00701904	2.52941179
908.01116943	2.52941179
908.01525879	2.52941179
908.01947021	2.52941179
908.01947021	2.52941179
908.02337646	2.52941179
908.02752686	2.52941179
908.03167725	2.52941179
908.03167725	2.52941179
908.03588867	2.54901958
908.03985596	2.54901958
908.04400635	2.54901958
908.04400635	2.54901958
908.04809570	2.54901958
908.05218506	2.54901958
908.05218506	2.54901958
908.05621338	2.54901958
908.06036377	2.54901958
908.06445313	2.56862736
908.06445313	2.56862736
908.06860352	2.56862736
908.07269287	2.56862736
908.07666016	2.56862736
908.07666016	2.56862736
908.08081055	2.56862736
908.08496094	2.56862736
908.08911133	2.56862736
908.08911133	2.56862736
908.09313965	2.56862736
908.09722900	2.56862736
908.09722900	2.56862736
908.10137939	2.56862736
908.10552979	2.58823538
908.10961914	2.58823538
908.10961914	2.58823538
908.11370850	2.58823538
908.11773682	2.58823538
908.12182617	2.58823538
908.12182617	2.58823538
908.12603760	2.58823538
908.13006592	2.58823538
908.13409424	2.58823538
908.13409424	2.58823538
908.13818359	2.58823538
908.14233398	2.58823538
908.14233398	2.58823538
908.14630127	2.58823538
908.15051270	2.58823538
908.15472412	2.58823538
908.15472412	2.58823538
908.15869141	2.58823538
908.16284180	2.58823538
908.16687012	2.58823538
908.16687012	2.58823538
908.17102051	2.58823538
908.17510986	2.58823538
908.17926025	2.58823538
908.17926025	2.58823538
908.18322754	2.58823538
908.18731689	2.58823538
908.19146729	2.60784316
908.19555664	2.60784316
908.19970703	2.60784316
908.19970703	2.60784316
908.20367432	2.60784316
908.20782471	2.60784316
908.21197510	2.60784316
908.21197510	2.60784316
908.21606445	2.60784316
908.22009277	2.60784316
908.22424316	2.60784316
908.22424316	2.60784316
908.22839355	2.60784316
908.23254395	2.60784316
908.23651123	2.60784316
908.24072266	2.60784316
908.24481201	2.60784316
908.24481201	2.60784316
908.24890137	2.60784316
908.25286865	2.60784316
908.25695801	2.60784316
908.25695801	2.60784316
908.26110840	2.60784316
908.26519775	2.60784316
908.26934814	2.60784316
908.26934814	2.60784316
908.27331543	2.60784316
908.27746582	2.60784316
908.28155518	2.60784316
908.28570557	2.60784316
908.28991699	2.60784316
908.28991699	2.60784316
908.29388428	2.60784316
908.29803467	2.62745094
908.30212402	2.62745094
908.30212402	2.62745094
908.30615234	2.62745094
908.31024170	2.62745094
908.31439209	2.62745094
908.31439209	2.62745094
908.31848145	2.62745094
908.32263184	2.62745094
908.32672119	2.62745094
908.33074951	2.62745094
908.33483887	2.62745094
908.33483887	2.62745094
908.33898926	2.62745094
908.34295654	2.62745094
908.34710693	2.62745094
908.34710693	2.62745094
908.35131836	2.62745094
908.35546875	2.62745094
908.35955811	2.62745094
908.35955811	2.62745094
908.36352539	2.62745094
908.36779785	2.62745094
908.37176514	2.62745094
908.37591553	2.62745094
908.38006592	2.62745094
908.38006592	2.62745094
908.38409424	2.62745094
908.38818359	2.62745094
908.39227295	2.62745094
908.39227295	2.62745094
908.39630127	2.62745094
908.40039063	2.62745094
908.40460205	2.62745094
908.40460205	2.62745094
908.40869141	2.62745094
908.41271973	2.62745094
908.41668701	2.62745094
908.42089844	2.60784316
908.42498779	2.60784316
908.42498779	2.60784316
908.42913818	2.60784316
908.43310547	2.60784316
908.43725586	2.60784316
908.43725586	2.60784316
908.44134521	2.60784316
908.44549561	2.60784316
908.44958496	2.60784316
908.44958496	2.60784316
908.45373535	2.58823538
908.45770264	2.58823538
908.46185303	2.58823538
908.46594238	2.58823538
908.46997070	2.58823538
908.46997070	2.58823538
908.47412109	2.58823538
908.47821045	2.56862736
908.48242188	2.56862736
908.48242188	2.56862736
908.48638916	2.56862736
908.49053955	2.56862736
908.49462891	2.56862736
908.49462891	2.56862736
908.49877930	2.56862736
908.50280762	2.54901958
908.50683594	2.54901958
908.50683594	2.54901958
908.51092529	2.54901958
908.51507568	2.54901958
908.51507568	2.54901958
908.51922607	2.54901958
908.52319336	2.54901958
908.52734375	2.52941179
908.52734375	2.52941179
908.53143311	2.52941179
908.53558350	2.52941179
908.53979492	2.52941179
908.53979492	2.52941179
908.54376221	2.52941179
908.54791260	2.52941179
908.55194092	2.52941179
908.55194092	2.52941179
908.55615234	2.52941179
908.56011963	2.52941179
908.56011963	2.52941179
908.56420898	2.52941179
908.56829834	2.52941179
908.57244873	2.52941179
908.57244873	2.52941179
908.57641602	2.54901958
908.58074951	2.54901958
908.58471680	2.54901958
908.58471680	2.54901958
908.58886719	2.54901958
908.59283447	2.54901958
908.59698486	2.54901958
908.59698486	2.54901958
908.60113525	2.54901958
908.60528564	2.54901958
908.60528564	2.54901958
908.60943604	2.54901958
908.61340332	2.54901958
908.61749268	2.56862736
908.61749268	2.56862736
908.62164307	2.56862736
908.62579346	2.56862736
908.62988281	2.56862736
908.62988281	2.56862736
908.63385010	2.56862736
908.63793945	2.56862736
908.64208984	2.56862736
908.64208984	2.56862736
908.64605713	2.56862736
908.65020752	2.56862736
908.65020752	2.56862736
908.65435791	2.56862736
908.65844727	2.56862736
908.66259766	2.56862736
908.66259766	2.56862736
908.66674805	2.56862736
908.67077637	2.56862736
908.67492676	2.56862736
908.67492676	2.56862736
908.67901611	2.56862736
908.68304443	2.56862736
908.68713379	2.58823538
908.68713379	2.58823538
908.69122314	2.58823538
908.69537354	2.58823538
908.69946289	2.58823538
908.70349121	2.58823538
908.70770264	2.58823538
908.70770264	2.58823538
908.71173096	2.58823538
908.71582031	2.58823538
908.71997070	2.58823538
908.71997070	2.58823538
908.72393799	2.58823538
908.72814941	2.58823538
908.73229980	2.58823538
908.73229980	2.58823538
908.73626709	2.58823538
908.74041748	2.58823538
908.74456787	2.58823538
908.74865723	2.58823538
908.75274658	2.56862736
908.75274658	2.58823538
908.75665283	2.58823538
908.76086426	2.56862736
908.76495361	2.56862736
908.76495361	2.58823538
908.76910400	2.56862736
908.77307129	2.56862736
908.77722168	2.58823538
908.77722168	2.58823538
908.78131104	2.56862736
908.78546143	2.56862736
908.78967285	2.58823538
908.79376221	2.58823538
908.79772949	2.58823538
908.79772949	2.58823538
908.80181885	2.58823538
908.80603027	2.58823538
908.81005859	2.58823538
908.81005859	2.58823538
908.81402588	2.58823538
908.81817627	2.58823538
908.82232666	2.58823538
908.82232666	2.58823538
908.82629395	2.58823538
908.83044434	2.58823538
908.83453369	2.58823538
908.83874512	2.58823538
908.84283447	2.58823538
908.84283447	2.58823538
908.84686279	2.58823538
908.85095215	2.58823538
908.85516357	2.58823538
908.85516357	2.58823538
908.85931396	2.58823538
908.86328125	2.58823538
908.86737061	2.58823538
908.86737061	2.58823538
908.87152100	2.58823538
908.87567139	2.58823538
908.87976074	2.58823538
908.88372803	2.58823538
908.88787842	2.58823538
908.88787842	2.58823538
908.89202881	2.58823538
908.89611816	2.58823538
908.90008545	2.58823538
908.90008545	2.58823538
908.90423584	2.58823538
908.90826416	2.58823538
908.91247559	2.58823538
908.91247559	2.58823538
908.91644287	2.58823538
908.92077637	2.58823538
908.92474365	2.58823538
908.92889404	2.58823538
908.93304443	2.58823538
908.93304443	2.58823538
908.93701172	2.58823538
908.94116211	2.58823538
908.94525146	2.58823538
908.94525146	2.58823538
908.94927979	2.58823538
908.95343018	2.58823538
908.95812988	2.58823538
908.95812988	2.58823538
908.96160889	2.58823538
908.96569824	2.58823538
908.96972656	2.58823538
908.97393799	2.58823538
908.97796631	2.58823538
908.97796631	2.58823538
908.98211670	2.58823538
908.98608398	2.58823538
908.99023438	2.58823538
908.99023438	2.58823538
908.99432373	2.56862736
908.99847412	2.56862736
909.00262451	2.56862736
909.00262451	2.56862736
909.00671387	2.56862736
909.01068115	2.56862736
909.01483154	2.56862736
909.01947021	2.56862736
909.02307129	2.54901958
909.02307129	2.54901958
909.02709961	2.54901958
909.03161621	2.54901958
909.03533936	2.54901958
909.03533936	2.54901958
909.03948975	2.52941179
909.04345703	2.52941179
909.04791260	2.52941179
909.04791260	2.52941179
909.05194092	2.52941179
909.05712891	2.52941179
909.05981445	2.52941179
909.05981445	2.52941179
909.06396484	2.52941179
909.06805420	2.52941179
909.06805420	2.52941179
909.07226563	2.50980401
909.07623291	2.50980401
909.08068848	2.50980401
909.08068848	2.50980401
909.08441162	2.50980401
909.08862305	2.50980401
909.09271240	2.50980401
909.09271240	2.50980401
909.09667969	2.50980401
909.10076904	2.50980401
909.10498047	2.50980401
909.10498047	2.50980401
909.10913086	2.50980401
909.11322021	2.50980401
909.11322021	2.50980401
909.11718750	2.50980401
909.12133789	2.50980401
909.12548828	2.50980401
909.12548828	2.50980401
909.12945557	2.50980401
909.13372803	2.50980401
909.13769531	2.52941179
909.13769531	2.52941179
909.14184570	2.52941179
909.14593506	2.52941179
909.14996338	2.52941179
909.14996338	2.52941179
909.15405273	2.52941179
909.15820313	2.52941179
909.15820313	2.52941179
909.16229248	2.52941179
909.16638184	2.52941179
909.17053223	2.52941179
909.17053223	2.52941179
909.17462158	2.52941179
909.17877197	2.52941179
909.18286133	2.52941179
909.18286133	2.52941179
909.18682861	2.54901958
909.19097900	2.54901958
909.19506836	2.54901958
909.19506836	2.54901958
909.19915771	2.54901958
909.20336914	2.54901958
909.20336914	2.54901958
909.20733643	2.54901958
909.21148682	2.54901958
909.21557617	2.54901958
909.21557617	2.54901958
909.21972656	2.54901958
909.22369385	2.54901958
909.22790527	2.56862736
909.22790527	2.56862736
909.23199463	2.56862736
909.23614502	2.56862736
909.24011230	2.56862736
909.24011230	2.56862736
909.24426270	2.56862736
909.24835205	2.56862736
909.25250244	2.56862736
909.25646973	2.56862736
909.26068115	2.56862736
909.26068115	2.56862736
909.26470947	2.56862736
909.26879883	2.56862736
909.27294922	2.56862736
909.27294922	2.56862736
909.27697754	2.56862736
909.28112793	2.56862736
909.28515625	2.56862736
909.28515625	2.56862736
909.28930664	2.56862736
909.29333496	2.56862736
909.29742432	2.56862736
909.30157471	2.56862736
909.30572510	2.56862736
909.30572510	2.56862736
909.30975342	2.56862736
909.31384277	2.56862736
909.31793213	2.56862736
909.31793213	2.56862736
909.32208252	2.56862736
909.32617188	2.56862736
909.33020020	2.56862736
909.33020020	2.56862736
909.33428955	2.56862736
909.33843994	2.56862736
909.34252930	2.56862736
909.34674072	2.56862736
909.35076904	2.56862736
909.35076904	2.56862736
909.35485840	2.56862736
909.35900879	2.56862736
909.36315918	2.56862736
909.36315918	2.56862736
909.36712646	2.56862736
909.37127686	2.56862736
909.37530518	2.56862736
909.37530518	2.56862736
909.37951660	2.56862736
909.38348389	2.56862736
909.38769531	2.56862736
909.39166260	2.56862736
909.39581299	2.56862736
909.39581299	2.56862736
909.39984131	2.56862736
909.40399170	2.56862736
909.40808105	2.56862736
909.40808105	2.56862736
909.41223145	2.56862736
909.41619873	2.56862736
909.42041016	2.56862736
909.42041016	2.56862736
909.42449951	2.56862736
909.42864990	2.56862736
909.43280029	2.56862736
909.43676758	2.56862736
909.44085693	2.56862736
909.44085693	2.56862736
909.44500732	2.56862736
909.44903564	2.56862736
909.45318604	2.56862736
909.45318604	2.56862736
909.45721436	2.58823538
909.46136475	2.58823538
909.46545410	2.58823538
909.46545410	2.58823538
909.46948242	2.58823538
909.47369385	2.58823538
909.47778320	2.58823538
909.48187256	2.58823538
909.48602295	2.58823538
909.48602295	2.58823538
909.48999023	2.58823538
909.49414063	2.58823538
909.49829102	2.58823538
909.49829102	2.58823538
909.50231934	2.58823538
909.50634766	2.58823538
909.51043701	2.58823538
909.51043701	2.58823538
909.51458740	2.58823538
909.51873779	2.58823538
909.52282715	2.58823538
909.52679443	2.58823538
909.53094482	2.58823538
909.53094482	2.58823538
909.53515625	2.58823538
909.53930664	2.58823538
909.54339600	2.58823538
909.54339600	2.58823538
909.54742432	2.58823538
909.55157471	2.58823538
909.55566406	2.56862736
909.55566406	2.56862736
909.55975342	2.56862736
909.56372070	2.56862736
909.56781006	2.56862736
909.56781006	2.56862736
909.57196045	2.56862736
909.57604980	2.56862736
909.57604980	2.56862736
909.58007813	2.54901958
909.58416748	2.54901958
909.58831787	2.54901958
909.58831787	2.54901958
909.59240723	2.54901958
909.59649658	2.54901958
909.60076904	2.54901958
909.60076904	2.54901958
909.60479736	2.54901958
909.60888672	2.52941179
909.61303711	2.52941179
909.61303711	2.52941179
909.61700439	2.52941179
909.62115479	2.52941179
909.62115479	2.52941179
909.62524414	2.52941179
909.62939453	2.52941179
909.63336182	2.52941179
909.63336182	2.52941179
909.63745117	2.52941179
909.64160156	2.50980401
909.64569092	2.50980401
909.64569092	2.50980401
909.64971924	2.50980401
909.65380859	2.50980401
909.65795898	2.50980401
909.65795898	2.50980401
909.66204834	2.50980401
909.66625977	2.50980401
909.66625977	2.50980401
909.67022705	2.50980401
909.67437744	2.50980401
909.67852783	2.50980401
909.67852783	2.52941179
909.68267822	2.52941179
909.68676758	2.52941179
909.69073486	2.52941179
909.69073486	2.52941179
909.69482422	2.52941179
909.69891357	2.52941179
909.70306396	2.52941179
909.70306396	2.52941179
909.70703125	2.52941179
909.71118164	2.52941179
909.71118164	2.52941179
909.71533203	2.52941179
909.71948242	2.52941179
909.72344971	2.52941179
909.72344971	2.52941179
909.72760010	2.52941179
909.73181152	2.52941179
909.73590088	2.54901958
909.73590088	2.54901958
909.73986816	2.54901958
909.74401855	2.54901958
909.74810791	2.54901958
909.74810791	2.54901958
909.75219727	2.54901958
909.75634766	2.54901958
909.75634766	2.54901958
909.76031494	2.54901958
909.76446533	2.54901958
909.76855469	2.54901958
909.76855469	2.54901958
909.77270508	2.54901958
909.77667236	2.54901958
909.78082275	2.56862736
909.78082275	2.56862736
909.78497314	2.56862736
909.78912354	2.56862736
909.79327393	2.56862736
909.79327393	2.56862736
909.79724121	2.56862736
909.80139160	2.56862736
909.80554199	2.56862736
909.80950928	2.56862736
909.81372070	2.56862736
909.81372070	2.56862736
909.81768799	2.56862736
909.82183838	2.56862736
909.82592773	2.56862736
909.82592773	2.56862736
909.82995605	2.56862736
909.83404541	2.56862736
909.83819580	2.56862736
909.83819580	2.56862736
909.84228516	2.56862736
909.84637451	2.56862736
909.85052490	2.56862736
909.85461426	2.56862736
909.85876465	2.56862736
909.85876465	2.56862736
909.86291504	2.56862736
909.86688232	2.56862736
909.87097168	2.56862736
909.87097168	2.56862736
909.87512207	2.56862736
909.87927246	2.56862736
909.88330078	2.56862736
909.88330078	2.56862736
909.88745117	2.56862736
909.89154053	2.56862736
909.89562988	2.56862736
909.89978027	2.56862736
909.90380859	2.56862736
909.90380859	2.56862736
909.90789795	2.56862736
909.91198730	2.56862736
909.91607666	2.56862736
909.91607666	2.56862736
909.92010498	2.56862736
909.92419434	2.56862736
909.92834473	2.56862736
909.92834473	2.56862736
909.93243408	2.56862736
909.93658447	2.56862736
909.94079590	2.56862736
909.94470215	2.56862736
909.94879150	2.56862736
909.94879150	2.56862736
909.95281982	2.54901958
909.95697021	2.54901958
909.96105957	2.54901958
909.96105957	2.54901958
909.96520996	2.54901958
909.96929932	2.54901958
909.97332764	2.54901958
909.97332764	2.54901958
909.97741699	2.54901958
909.98162842	2.54901958
909.98571777	2.54901958
909.98974609	2.54901958
909.99389648	2.54901958
909.99389648	2.54901958
909.99804688	2.54901958
910.00207520	2.54901958
910.00622559	2.54901958
910.00622559	2.54901958
910.01019287	2.54901958
910.01434326	2.54901958
910.01849365	2.54901958
910.01849365	2.54901958
910.02258301	2.54901958
910.02667236	2.54901958
910.03070068	2.54901958
910.03479004	2.54901958
910.03900146	2.54901958
910.03900146	2.54901958
910.04302979	2.54901958
910.04711914	2.54901958
910.05126953	2.54901958
910.05126953	2.52941179
910.05541992	2.52941179
910.05938721	2.52941179
910.06347656	2.52941179
910.06347656	2.52941179
910.06756592	2.52941179
910.07171631	2.52941179
910.07580566	2.52941179
910.07983398	2.52941179
910.08392334	2.52941179
910.08392334	2.52941179
910.08807373	2.50980401
910.09216309	2.50980401
910.09631348	2.50980401
910.09631348	2.50980401
910.10034180	2.50980401
910.10449219	2.50980401
910.10864258	2.50980401
910.10864258	2.50980401
910.11279297	2.50980401
910.11676025	2.50980401
910.12091064	2.49019599
910.12091064	2.49019599
910.12506104	2.49019599
910.12915039	2.49019599
910.12915039	2.49019599
910.13305664	2.49019599
910.13720703	2.49019599
910.14129639	2.49019599
910.14129639	2.49019599
910.14544678	2.49019599
910.14953613	2.49019599
910.15368652	2.49019599
910.15368652	2.49019599
910.15771484	2.49019599
910.16180420	2.49019599
910.16595459	2.49019599
910.16595459	2.49019599
910.16998291	2.49019599
910.17413330	2.49019599
910.17413330	2.49019599
910.17822266	2.49019599
910.18237305	2.49019599
910.18652344	2.49019599
910.18652344	2.49019599
910.19049072	2.49019599
910.19458008	2.49019599
910.19873047	2.49019599
910.19873047	2.49019599
910.20281982	2.49019599
910.20678711	2.49019599
910.21093750	2.49019599
910.21093750	2.49019599
910.21508789	2.49019599
910.21917725	2.49019599
910.21917725	2.50980401
910.22320557	2.50980401
910.22735596	2.50980401
910.23150635	2.50980401
910.23150635	2.50980401
910.23559570	2.50980401
910.23974609	2.50980401
910.24377441	2.50980401
910.24377441	2.50980401
910.24792480	2.50980401
910.25195313	2.50980401
910.25610352	2.50980401
910.25610352	2.52941179
910.26007080	2.52941179
910.26422119	2.52941179
910.26422119	2.52941179
910.26831055	2.52941179
910.27246094	2.52941179
910.27655029	2.52941179
910.27655029	2.52941179
910.28070068	2.52941179
910.28466797	2.52941179
910.28894043	2.52941179
910.28894043	2.52941179
910.29290771	2.54901958
910.29699707	2.54901958
910.30108643	2.54901958
910.30108643	2.54901958
910.30529785	2.54901958
910.30938721	2.54901958
910.31335449	2.56862736
910.31744385	2.56862736
910.32159424	2.56862736
910.32159424	2.56862736
910.32568359	2.56862736
910.32971191	2.56862736
910.33380127	2.56862736
910.33380127	2.56862736
910.33795166	2.56862736
910.34204102	2.56862736
910.34625244	2.56862736
910.34625244	2.56862736
910.35021973	2.56862736
910.35437012	2.56862736
910.35852051	2.56862736
910.36260986	2.56862736
910.36676025	2.56862736
910.36676025	2.56862736
910.37072754	2.56862736
910.37487793	2.56862736
910.37902832	2.56862736
910.37902832	2.56862736
910.38293457	2.56862736
910.38708496	2.56862736
910.39117432	2.56862736
910.39117432	2.56862736
910.39532471	2.56862736
910.39941406	2.56862736
910.40344238	2.56862736
910.40759277	2.56862736
910.41168213	2.56862736
910.41168213	2.56862736
910.41577148	2.56862736
910.41992188	2.56862736
910.42401123	2.56862736
910.42401123	2.56862736
910.42816162	2.56862736
910.43225098	2.56862736
910.43640137	2.56862736
910.43640137	2.56862736
910.44036865	2.56862736
910.44445801	2.56862736
910.44854736	2.56862736
910.45269775	2.56862736
910.45666504	2.56862736
910.45666504	2.56862736
910.46081543	2.56862736
910.46490479	2.56862736
910.46905518	2.56862736
910.46905518	2.56862736
910.47302246	2.56862736
910.47723389	2.56862736
910.48138428	2.56862736
910.48138428	2.56862736
910.48547363	2.56862736
910.48962402	2.56862736
910.49377441	2.56862736
910.49774170	2.56862736
910.50195313	2.56862736
910.50195313	2.56862736
910.50598145	2.56862736
910.50988770	2.56862736
910.51409912	2.56862736
910.51409912	2.56862736
910.51818848	2.56862736
910.52233887	2.56862736
910.52642822	2.56862736
910.52642822	2.56862736
910.53045654	2.56862736
910.53454590	2.56862736
910.53875732	2.56862736
910.54290771	2.56862736
910.54687500	2.56862736
910.54687500	2.56862736
910.55102539	2.56862736
910.55511475	2.56862736
910.55926514	2.56862736
910.55926514	2.56862736
910.56317139	2.56862736
910.56732178	2.56862736
910.57147217	2.56862736
910.57147217	2.56862736
910.57562256	2.56862736
910.57977295	2.54901958
910.58380127	2.54901958
910.58789063	2.54901958
910.59210205	2.54901958
910.59210205	2.54901958
910.59613037	2.54901958
910.60015869	2.52941179
910.60418701	2.52941179
910.60418701	2.52941179
910.60833740	2.52941179
910.61242676	2.52941179
910.61663818	2.52941179
910.61663818	2.52941179
910.62078857	2.52941179
910.62475586	2.52941179
910.62884521	2.50980401
910.62884521	2.50980401
910.63281250	2.50980401
910.63696289	2.50980401
910.63696289	2.50980401
910.64111328	2.50980401
910.64520264	2.50980401
910.64935303	2.50980401
910.64935303	2.50980401
910.65332031	2.50980401
910.65747070	2.50980401
910.66162109	2.50980401
910.66162109	2.50980401
910.66577148	2.50980401
910.66973877	2.50980401
910.67382813	2.49019599
910.67382813	2.49019599
910.67791748	2.50980401
910.68212891	2.49019599
910.68212891	2.49019599
910.68615723	2.50980401
910.69018555	2.50980401
910.69433594	2.50980401
910.69433594	2.50980401
910.69842529	2.50980401
910.70257568	2.50980401
910.70666504	2.50980401
910.70666504	2.50980401
910.71069336	2.50980401
910.71478271	2.50980401
910.71893311	2.50980401
910.71893311	2.50980401
910.72296143	2.50980401
910.72705078	2.50980401
910.72705078	2.50980401
910.73120117	2.50980401
910.73529053	2.50980401
910.73950195	2.50980401
910.73950195	2.50980401
910.74340820	2.50980401
910.74768066	2.50980401
910.75164795	2.52941179
910.75164795	2.52941179
910.75579834	2.52941179
910.75976563	2.52941179
910.76397705	2.52941179
910.76397705	2.52941179
910.76806641	2.52941179
910.77221680	2.52941179
910.77221680	2.52941179
910.77618408	2.52941179
910.78033447	2.52941179
910.78442383	2.52941179
910.78442383	2.52941179
910.78857422	2.52941179
910.79266357	2.54901958
910.79675293	2.54901958
910.79675293	2.54901958
910.80084229	2.54901958
910.80505371	2.54901958
910.80914307	2.54901958
910.80914307	2.54901958
910.81311035	2.54901958
910.81719971	2.54901958
910.81719971	2.54901958
910.82128906	2.54901958
910.82543945	2.54901958
910.82952881	2.54901958
910.82952881	2.54901958
910.83367920	2.54901958
910.83770752	2.54901958
910.84185791	2.54901958
910.84185791	2.54901958
910.84594727	2.54901958
910.84991455	2.54901958
910.85406494	2.54901958
910.85406494	2.54901958
910.85821533	2.54901958
910.86230469	2.54901958
910.86651611	2.54901958
910.87042236	2.54901958
910.87469482	2.54901958
910.87469482	2.54901958
910.87866211	2.54901958
910.88281250	2.54901958
910.88684082	2.54901958
910.88684082	2.54901958
910.89093018	2.54901958
910.89508057	2.54901958
910.89916992	2.54901958
910.89916992	2.54901958
910.90319824	2.54901958
910.90734863	2.54901958
910.91149902	2.54901958
910.91558838	2.54901958
910.91979980	2.54901958
910.91979980	2.54901958
910.92376709	2.54901958
910.92791748	2.54901958
910.93200684	2.54901958
910.93200684	2.54901958
910.93609619	2.54901958
910.94012451	2.54901958
910.94415283	2.54901958
910.94415283	2.54901958
910.94830322	2.54901958
910.95245361	2.54901958
910.95672607	2.54901958
910.96075439	2.54901958
910.96472168	2.54901958
910.96472168	2.54901958
910.96887207	2.54901958
910.97290039	2.54901958
910.97698975	2.54901958
910.97698975	2.54901958
910.98107910	2.54901958
910.98535156	2.54901958
910.98931885	2.54901958
910.98931885	2.54901958
910.99334717	2.54901958
910.99743652	2.54901958
911.00158691	2.56862736
911.00573730	2.56862736
911.00982666	2.56862736
911.00982666	2.56862736
911.01391602	2.56862736
911.01794434	2.56862736
911.02209473	2.56862736
911.02209473	2.56862736
911.02618408	2.56862736
911.03021240	2.56862736
911.03430176	2.56862736
911.03430176	2.56862736
911.03851318	2.56862736
911.04260254	2.56862736
911.04675293	2.56862736
911.05072021	2.56862736
911.05487061	2.56862736
911.05487061	2.56862736
911.05902100	2.56862736
911.06298828	2.56862736
911.06707764	2.56862736
911.06707764	2.56862736
911.07116699	2.56862736
911.07531738	2.56862736
911.07940674	2.56862736
911.07940674	2.56862736
911.08343506	2.56862736
911.08764648	2.56862736
911.09167480	2.54901958
911.09582520	2.54901958
911.09997559	2.54901958
911.09997559	2.54901958
911.10400391	2.54901958
911.10815430	2.54901958
911.11224365	2.54901958
911.11224365	2.54901958
911.11627197	2.52941179
911.12036133	2.52941179
911.12445068	2.52941179
911.12445068	2.52941179
911.12854004	2.52941179
911.13269043	2.52941179
911.13665771	2.52941179
911.14080811	2.52941179
911.14495850	2.52941179
911.14495850	2.52941179
911.14904785	2.50980401
911.15307617	2.50980401
911.15722656	2.50980401
911.15722656	2.50980401
911.16137695	2.50980401
911.16552734	2.50980401
911.16961670	2.50980401
911.16961670	2.50980401
911.17376709	2.50980401
911.17773438	2.50980401
911.18194580	2.50980401
911.18194580	2.50980401
911.18597412	2.50980401
911.19000244	2.50980401
911.19000244	2.50980401
911.19409180	2.50980401
911.19812012	2.50980401
911.20233154	2.50980401
911.20233154	2.50980401
911.20629883	2.50980401
911.21044922	2.50980401
911.21466064	2.50980401
911.21466064	2.50980401
911.21875000	2.50980401
911.22283936	2.50980401
911.22680664	2.50980401
911.22680664	2.50980401
911.23101807	2.50980401
911.23510742	2.50980401
911.23510742	2.50980401
911.23925781	2.50980401
911.24322510	2.50980401
911.24731445	2.50980401
911.24731445	2.50980401
911.25146484	2.50980401
911.25555420	2.50980401
911.25964355	2.52941179
911.25964355	2.52941179
911.26367188	2.52941179
911.26782227	2.52941179
911.27197266	2.52941179
911.27197266	2.52941179
911.27606201	2.52941179
911.28009033	2.52941179
911.28009033	2.52941179
911.28417969	2.52941179
911.28833008	2.52941179
911.29248047	2.52941179
911.29248047	2.52941179
911.29650879	2.52941179
911.30078125	2.52941179
911.30474854	2.52941179
911.30474854	2.54901958
911.30889893	2.54901958
911.31286621	2.54901958
911.31695557	2.54901958
911.31695557	2.54901958
911.32104492	2.54901958
911.32519531	2.54901958
911.32519531	2.54901958
911.32928467	2.54901958
911.33331299	2.54901958
911.33746338	2.54901958
911.33746338	2.54901958
911.34155273	2.54901958
911.34570313	2.54901958
911.34985352	2.54901958
911.34985352	2.54901958
911.35388184	2.54901958
911.35803223	2.54901958
911.36206055	2.54901958
911.36206055	2.54901958
911.36608887	2.54901958
911.37023926	2.54901958
911.37432861	2.54901958
911.37841797	2.54901958
911.38256836	2.54901958
911.38256836	2.54901958
911.38671875	2.54901958
911.39068604	2.54901958
911.39483643	2.54901958
911.39483643	2.54901958
911.39892578	2.54901958
911.40295410	2.54901958
911.40704346	2.54901958
911.40704346	2.54901958
911.41125488	2.54901958
911.41540527	2.54901958
911.41943359	2.54901958
911.42346191	2.54901958
911.42767334	2.54901958
911.42767334	2.54901958
911.43176270	2.54901958
911.43585205	2.54901958
911.44000244	2.54901958
911.44000244	2.54901958
911.44396973	2.54901958
911.44805908	2.54901958
911.45214844	2.54901958
911.45214844	2.54901958
911.45617676	2.54901958
911.46026611	2.54901958
911.46447754	2.54901958
911.46856689	2.54901958
911.47271729	2.54901958
911.47271729	2.54901958
911.47668457	2.54901958
911.48083496	2.54901958
911.48498535	2.54901958
911.48498535	2.54901958
911.48913574	2.54901958
911.49310303	2.54901958
911.49725342	2.54901958
911.49725342	2.56862736
911.50134277	2.54901958
911.50543213	2.54901958
911.50952148	2.54901958
911.51367188	2.56862736
911.51770020	2.56862736
911.51770020	2.56862736
911.52178955	2.56862736
911.52593994	2.56862736
911.52990723	2.56862736
911.52990723	2.56862736
911.53405762	2.56862736
911.53820801	2.56862736
911.54235840	2.56862736
911.54235840	2.56862736
911.54638672	2.56862736
911.55047607	2.56862736
911.55474854	2.56862736
911.55877686	2.56862736
911.56286621	2.56862736
911.56286621	2.56862736
911.56683350	2.56862736
911.57092285	2.56862736
911.57507324	2.56862736
911.57507324	2.56862736
911.57916260	2.56862736
911.58319092	2.56862736
911.58734131	2.56862736
911.58734131	2.56862736
911.59143066	2.56862736
911.59552002	2.56862736
911.59973145	2.56862736
911.60375977	2.56862736
911.60784912	2.54901958
911.60784912	2.54901958
911.61199951	2.54901958
911.61614990	2.54901958
911.62011719	2.54901958
911.62011719	2.54901958
911.62414551	2.54901958
911.62829590	2.54901958
911.63238525	2.54901958
911.63238525	2.52941179
911.63647461	2.52941179
911.64068604	2.52941179
911.64471436	2.52941179
911.64880371	2.52941179
911.65295410	2.52941179
911.65295410	2.52941179
911.65692139	2.52941179
911.66107178	2.52941179
911.66522217	2.52941179
911.66522217	2.50980401
911.66937256	2.50980401
911.67340088	2.50980401
911.67749023	2.50980401
911.67749023	2.50980401
911.68157959	2.50980401
911.68572998	2.50980401
911.68988037	2.50980401
911.68988037	2.50980401
911.69384766	2.50980401
911.69793701	2.50980401
911.69793701	2.50980401
911.70202637	2.50980401
911.70611572	2.50980401
911.71026611	2.50980401
911.71026611	2.50980401
911.71435547	2.50980401
911.71850586	2.50980401
911.72265625	2.50980401
911.72265625	2.50980401
911.72680664	2.50980401
911.73077393	2.50980401
911.73480225	2.50980401
911.73480225	2.50980401
911.73895264	2.50980401
911.74304199	2.50980401
911.74304199	2.50980401
911.74707031	2.50980401
911.75122070	2.50980401
911.75537109	2.50980401
911.75537109	2.50980401
911.75939941	2.52941179
911.76342773	2.50980401
911.76770020	2.50980401
911.76770020	2.52941179
911.77166748	2.52941179
911.77581787	2.52941179
911.77990723	2.52941179
911.77990723	2.52941179
911.78393555	2.52941179
911.78802490	2.52941179
911.78802490	2.52941179
911.79217529	2.52941179
911.79620361	2.52941179
911.80035400	2.52941179
911.80035400	2.52941179
911.80444336	2.52941179
911.80853271	2.52941179
911.81274414	2.52941179
911.81274414	2.52941179
911.81671143	2.52941179
911.82080078	2.54901958
911.82495117	2.54901958
911.82495117	2.54901958
911.82904053	2.54901958
911.83319092	2.54901958
911.83319092	2.54901958
911.83715820	2.54901958
911.84130859	2.54901958
911.84539795	2.54901958
911.84539795	2.54901958
911.84948730	2.54901958
911.85369873	2.54901958
911.85772705	2.54901958
911.85772705	2.54901958
911.86187744	2.54901958
911.86596680	2.54901958
911.86999512	2.54901958
911.86999512	2.54901958
911.87408447	2.54901958
911.87817383	2.54901958
911.87817383	2.54901958
911.88226318	2.54901958
911.88629150	2.54901958
911.89044189	2.54901958
911.89044189	2.54901958
911.89453125	2.54901958
911.89868164	2.54901958
911.90283203	2.54901958
911.90283203	2.54901958
911.90686035	2.54901958
911.91101074	2.54901958
911.91510010	2.54901958
911.91510010	2.54901958
911.91918945	2.54901958
911.92321777	2.54901958
911.92736816	2.54901958
911.93151855	2.54901958
911.93554688	2.54901958
911.93554688	2.54901958
911.93969727	2.54901958
911.94384766	2.54901958
911.94793701	2.54901958
911.94793701	2.54901958
911.95208740	2.54901958
911.95611572	2.54901958
911.96014404	2.54901958
911.96014404	2.54901958
911.96429443	2.54901958
911.96838379	2.54901958
911.97253418	2.54901958
911.97644043	2.54901958
911.98071289	2.54901958
911.98071289	2.54901958
911.98468018	2.54901958
911.98883057	2.54901958
911.99291992	2.54901958
911.99291992	2.54901958
911.99694824	2.54901958
912.00109863	2.54901958
912.00518799	2.54901958
912.00518799	2.54901958
912.00927734	2.54901958
912.01330566	2.54901958
912.01739502	2.54901958
912.02160645	2.54901958
912.02569580	2.54901958
912.02569580	2.54901958
912.02966309	2.54901958
912.03381348	2.54901958
912.03796387	2.54901958
912.03796387	2.54901958
912.04211426	2.54901958
912.04626465	2.54901958
912.05023193	2.54901958
912.05023193	2.54901958
912.05438232	2.54901958
912.05847168	2.54901958
912.06262207	2.54901958
912.06671143	2.54901958
912.07067871	2.54901958
912.07067871	2.54901958
912.07482910	2.54901958
912.07891846	2.54901958
912.08306885	2.54901958
912.08306885	2.54901958
912.08703613	2.54901958
912.09118652	2.56862736
912.09527588	2.54901958
912.09527588	2.54901958
912.09948730	2.54901958
912.10345459	2.54901958
912.10772705	2.54901958
912.11169434	2.54901958
912.11584473	2.54901958
912.11584473	2.54901958
912.11987305	2.54901958
912.12390137	2.54901958
912.12805176	2.54901958
912.12805176	2.54901958
912.13214111	2.54901958
912.13616943	2.54901958
912.14025879	2.54901958
912.14025879	2.52941179
912.14447021	2.52941179
912.14855957	2.52941179
912.15270996	2.52941179
912.15667725	2.52941179
912.16088867	2.52941179
912.16088867	2.52941179
912.16503906	2.52941179
912.16906738	2.52941179
912.17321777	2.52941179
912.17321777	2.52941179
912.17724609	2.50980401
912.18133545	2.50980401
912.18542480	2.50980401
912.18542480	2.50980401
912.18963623	2.50980401
912.19378662	2.50980401
912.19769287	2.50980401
912.20178223	2.50980401
912.20593262	2.50980401
912.20593262	2.50980401
912.20989990	2.50980401
912.21405029	2.50980401
912.21813965	2.50980401
912.21813965	2.50980401
912.22235107	2.50980401
912.22625732	2.50980401
912.23052979	2.50980401
912.23052979	2.50980401
912.23461914	2.50980401
912.23876953	2.50980401
912.24285889	2.50980401
912.24285889	2.50980401
912.24682617	2.50980401
912.25097656	2.50980401
912.25097656	2.50980401
912.25506592	2.50980401
912.25915527	2.50980401
912.26330566	2.50980401
912.26330566	2.50980401
912.26727295	2.52941179
912.27142334	2.52941179
912.27557373	2.52941179
912.27557373	2.52941179
912.27966309	2.52941179
912.28369141	2.52941179
912.28784180	2.52941179
912.28784180	2.52941179
912.29199219	2.52941179
912.29614258	2.52941179
912.29614258	2.52941179
912.30010986	2.52941179
912.30419922	2.52941179
912.30834961	2.52941179
912.30834961	2.52941179
912.31250000	2.52941179
912.31640625	2.52941179
912.32067871	2.54901958
912.32067871	2.54901958
912.32464600	2.54901958
912.32879639	2.54901958
912.33288574	2.54901958
912.33288574	2.54901958
912.33697510	2.54901958
912.34106445	2.54901958
912.34106445	2.54901958
912.34515381	2.54901958
912.34930420	2.54901958
912.35339355	2.54901958
912.35339355	2.54901958
912.35748291	2.54901958
912.36163330	2.54901958
912.36572266	2.54901958
912.36572266	2.54901958
912.36975098	2.54901958
912.37384033	2.54901958
912.37792969	2.54901958
912.37792969	2.54901958
912.38201904	2.54901958
912.38616943	2.54901958
912.38616943	2.54901958
912.39013672	2.54901958
912.39434814	2.54901958
912.39843750	2.54901958
912.39843750	2.54901958
912.40264893	2.54901958
912.40667725	2.54901958
912.41064453	2.54901958
912.41064453	2.54901958
912.41485596	2.54901958
912.41894531	2.54901958
912.42309570	2.54901958
912.42309570	2.54901958
912.42706299	2.54901958
912.43121338	2.54901958
912.43530273	2.54901958
912.43951416	2.54901958
912.44348145	2.54901958
912.44348145	2.54901958
912.44763184	2.54901958
912.45166016	2.54901958
912.45581055	2.54901958
912.45581055	2.54901958
912.45977783	2.54901958
912.46392822	2.54901958
912.46801758	2.54901958
912.46801758	2.54901958
912.47216797	2.54901958
912.47631836	2.54901958
912.48034668	2.54901958
912.48443604	2.54901958
912.48864746	2.54901958
912.48864746	2.54901958
912.49273682	2.54901958
912.49670410	2.54901958
912.50085449	2.54901958
912.50085449	2.54901958
912.50500488	2.54901958
912.50903320	2.54901958
912.51312256	2.54901958
912.51312256	2.56862736
912.51721191	2.56862736
912.52130127	2.56862736
912.52545166	2.56862736
912.52954102	2.56862736
912.53369141	2.56862736
912.53369141	2.56862736
912.53771973	2.56862736
912.54180908	2.56862736
912.54602051	2.56862736
912.54602051	2.56862736
912.54998779	2.56862736
912.55413818	2.56862736
912.55822754	2.56862736
912.55822754	2.56862736
912.56237793	2.56862736
912.56640625	2.56862736
912.57043457	2.56862736
912.57452393	2.56862736
912.57867432	2.56862736
912.57867432	2.56862736
912.58276367	2.56862736
912.58679199	2.56862736
912.59088135	2.56862736
912.59088135	2.56862736
912.59503174	2.56862736
912.59918213	2.56862736
912.60333252	2.56862736
912.60333252	2.56862736
912.60736084	2.56862736
912.61151123	2.56862736
912.61560059	2.56862736
912.61975098	2.56862736
912.62371826	2.56862736
912.62371826	2.56862736
912.62780762	2.56862736
912.63189697	2.56862736
912.63604736	2.56862736
912.63604736	2.56862736
912.64001465	2.56862736
912.64416504	2.56862736
912.64825439	2.56862736
912.64825439	2.56862736
912.65246582	2.56862736
912.65637207	2.56862736
912.66070557	2.56862736
912.66467285	2.56862736
912.66882324	2.56862736
912.66882324	2.56862736
912.67285156	2.56862736
912.67700195	2.56862736
912.68109131	2.56862736
912.68109131	2.56862736
912.68530273	2.54901958
912.68939209	2.54901958
912.69335938	2.54901958
912.69335938	2.54901958
912.69750977	2.54901958
912.70166016	2.54901958
912.70574951	2.54901958
912.70971680	2.54901958
912.71386719	2.52941179
912.71386719	2.52941179
912.71801758	2.52941179
912.72216797	2.52941179
912.72619629	2.52941179
912.72619629	2.52941179
912.73016357	2.52941179
912.73431396	2.52941179
912.73840332	2.52941179
912.73840332	2.52941179
912.74261475	2.52941179
912.74670410	2.52941179
912.75067139	2.52941179
912.75476074	2.52941179
912.75891113	2.52941179
912.75891113	2.52941179
912.76287842	2.52941179
912.76702881	2.52941179
912.77117920	2.52941179
912.77117920	2.52941179
912.77526855	2.52941179
912.77941895	2.52941179
912.78338623	2.52941179
912.78338623	2.52941179
912.78759766	2.52941179
912.79174805	2.52941179
912.79589844	2.52941179
912.79589844	2.52941179
912.79986572	2.52941179
912.80395508	2.52941179
912.80395508	2.52941179
912.80810547	2.52941179
912.81225586	2.52941179
912.81628418	2.54901958
912.81628418	2.54901958
912.82031250	2.54901958
912.82440186	2.54901958
912.82855225	2.54901958
912.82855225	2.54901958
912.83264160	2.54901958
912.83666992	2.54901958
912.84075928	2.54901958
912.84075928	2.54901958
912.84490967	2.54901958
912.84906006	2.54901958
912.84906006	2.54901958
912.85308838	2.54901958
912.85723877	2.54901958
912.86132813	2.54901958
912.86132813	2.54901958
912.86547852	2.54901958
912.86962891	2.54901958
912.87371826	2.54901958
912.87371826	2.54901958
912.87768555	2.54901958
912.88177490	2.54901958
912.88592529	2.54901958
912.88592529	2.54901958
912.88989258	2.54901958
912.89404297	2.54901958
912.89404297	2.54901958
912.89813232	2.54901958
912.90228271	2.54901958
912.90643311	2.54901958
912.90643311	2.54901958
912.91046143	2.54901958
912.91461182	2.54901958
912.91870117	2.54901958
912.91870117	2.54901958
912.92272949	2.54901958
912.92681885	2.54901958
912.93096924	2.54901958
912.93096924	2.54901958
912.93518066	2.54901958
912.93927002	2.54901958
912.93927002	2.54901958
912.94329834	2.54901958
912.94738770	2.54901958
912.95153809	2.54901958
912.95153809	2.54901958
912.95562744	2.54901958
912.95971680	2.54901958
912.96374512	2.54901958
912.96374512	2.54901958
912.96801758	2.54901958
912.97198486	2.54901958
912.97607422	2.54901958
912.97607422	2.56862736
912.98016357	2.56862736
912.98425293	2.56862736
912.98840332	2.56862736
912.99249268	2.56862736
912.99652100	2.56862736
912.99652100	2.56862736
913.00067139	2.56862736
913.00476074	2.56862736
913.00878906	2.56862736
913.00878906	2.56862736
913.01275635	2.56862736
913.01690674	2.56862736
913.02105713	2.56862736
913.02105713	2.56862736
913.02514648	2.56862736
913.02929688	2.56862736
913.03326416	2.56862736
913.03747559	2.56862736
913.04156494	2.58823538
913.04156494	2.58823538
913.04571533	2.58823538
913.04974365	2.58823538
913.05383301	2.58823538
913.05383301	2.58823538
913.05798340	2.58823538
913.06213379	2.58823538
913.06616211	2.58823538
913.06616211	2.58823538
913.07019043	2.58823538
913.07427979	2.58823538
913.07843018	2.60784316
913.08251953	2.60784316
913.08666992	2.60784316
913.08666992	2.60784316
913.09063721	2.60784316
913.09478760	2.60784316
913.09893799	2.60784316
913.09893799	2.60784316
913.10296631	2.60784316
913.10711670	2.60784316
913.11120605	2.60784316
913.11120605	2.60784316
913.11535645	2.60784316
913.11944580	2.60784316
913.12347412	2.60784316
913.12768555	2.60784316
913.13165283	2.60784316
913.13165283	2.60784316
913.13586426	2.60784316
913.13977051	2.60784316
913.14392090	2.60784316
913.14392090	2.60784316
913.14801025	2.60784316
913.15216064	2.60784316
913.15631104	2.60784316
913.15631104	2.60784316
913.16033936	2.60784316
913.16448975	2.60784316
913.16870117	2.60784316
913.17272949	2.60784316
913.17669678	2.58823538
913.17669678	2.58823538
913.18084717	2.58823538
913.18493652	2.58823538
913.18908691	2.58823538
913.18908691	2.58823538
913.19299316	2.58823538
913.19720459	2.58823538
913.20129395	2.58823538
913.20129395	2.58823538
913.20544434	2.56862736
913.20953369	2.56862736
913.21368408	2.56862736
913.21765137	2.56862736
913.22198486	2.56862736
913.22198486	2.56862736
913.22601318	2.56862736
913.22991943	2.56862736
913.23406982	2.56862736
913.23406982	2.54901958
913.23815918	2.54901958
913.24237061	2.54901958
913.24645996	2.54901958
913.24645996	2.54901958
913.25048828	2.54901958
913.25469971	2.54901958
913.25866699	2.54901958
913.26275635	2.54901958
913.26678467	2.54901958
913.26678467	2.54901958
913.27093506	2.54901958
913.27508545	2.54901958
913.27917480	2.54901958
913.27917480	2.54901958
913.28314209	2.54901958
913.28729248	2.54901958
913.29144287	2.54901958
913.29144287	2.54901958
913.29559326	2.54901958
913.29974365	2.54901958
913.30371094	2.54901958
913.30371094	2.54901958
913.30786133	2.54901958
913.31201172	2.54901958
913.31201172	2.54901958
913.31604004	2.54901958
913.32006836	2.54901958
913.32415771	2.54901958
913.32415771	2.54901958
913.32830811	2.54901958
913.33239746	2.54901958
913.33654785	2.54901958
913.33654785	2.54901958
913.34063721	2.54901958
913.34466553	2.54901958
913.34875488	2.54901958
913.34875488	2.54901958
913.35284424	2.54901958
913.35699463	2.54901958
913.35699463	2.54901958
913.36108398	2.54901958
913.36523438	2.54901958
913.36932373	2.54901958
913.36932373	2.54901958
913.37335205	2.54901958
913.37744141	2.54901958
913.38153076	2.54901958
913.38153076	2.54901958
913.38580322	2.54901958
913.38964844	2.54901958
913.39379883	2.54901958
913.39379883	2.54901958
913.39788818	2.54901958
913.40203857	2.54901958
913.40203857	2.54901958
913.40612793	2.54901958
913.41015625	2.54901958
913.41430664	2.54901958
913.41430664	2.54901958
913.41851807	2.54901958
913.42260742	2.54901958
913.42675781	2.54901958
913.42675781	2.54901958
913.43066406	2.54901958
913.43481445	2.54901958
913.43896484	2.54901958
913.43896484	2.54901958
913.44287109	2.54901958
913.44702148	2.54901958
913.44702148	2.54901958
913.45117188	2.54901958
913.45532227	2.54901958
913.45941162	2.54901958
913.45941162	2.54901958
913.46343994	2.54901958
913.46752930	2.54901958
913.47167969	2.54901958
913.47167969	2.54901958
913.47583008	2.54901958
913.47985840	2.54901958
913.48394775	2.54901958
913.48394775	2.54901958
913.48809814	2.54901958
913.49218750	2.54901958
913.49633789	2.54901958
913.50030518	2.54901958
913.50445557	2.54901958
913.50445557	2.54901958
913.50866699	2.54901958
913.51275635	2.54901958
913.51672363	2.54901958
913.51672363	2.56862736
913.52087402	2.54901958
913.52496338	2.54901958
913.52911377	2.56862736
913.52911377	2.56862736
913.53314209	2.56862736
913.53717041	2.56862736
913.54132080	2.56862736
913.54547119	2.56862736
913.54956055	2.56862736
913.54956055	2.56862736
913.55371094	2.56862736
913.55767822	2.56862736
913.56176758	2.56862736
913.56176758	2.56862736
913.56591797	2.56862736
913.56994629	2.56862736
913.57397461	2.56862736
913.57397461	2.56862736
913.57818604	2.56862736
913.58227539	2.56862736
913.58630371	2.56862736
913.59039307	2.56862736
913.59466553	2.56862736
913.59466553	2.56862736
913.59863281	2.56862736
913.60284424	2.56862736
913.60687256	2.56862736
913.60687256	2.56862736
913.61096191	2.56862736
913.61511230	2.56862736
913.61920166	2.56862736
913.61920166	2.56862736
913.62322998	2.56862736
913.62725830	2.56862736
913.63140869	2.56862736
913.63555908	2.56862736
913.63964844	2.56862736
913.63964844	2.56862736
913.64367676	2.56862736
913.64776611	2.56862736
913.65191650	2.56862736
913.65191650	2.56862736
913.65606689	2.56862736
913.66003418	2.56862736
913.66418457	2.56862736
913.66418457	2.56862736
913.66833496	2.56862736
913.67242432	2.56862736
913.67645264	2.56862736
913.68072510	2.56862736
913.68475342	2.56862736
913.68475342	2.56862736
913.68884277	2.56862736
913.69274902	2.56862736
913.69689941	2.56862736
913.69689941	2.56862736
913.70104980	2.56862736
913.70520020	2.56862736
913.70928955	2.56862736
913.70928955	2.56862736
913.71331787	2.56862736
913.71740723	2.56862736
913.72155762	2.56862736
913.72564697	2.56862736
913.72985840	2.56862736
913.72985840	2.56862736
913.73388672	2.54901958
913.73791504	2.54901958
913.74200439	2.54901958
913.74200439	2.54901958
913.74621582	2.54901958
913.75012207	2.54901958
913.75427246	2.54901958
913.75427246	2.52941179
913.75842285	2.52941179
913.76251221	2.52941179
913.76666260	2.52941179
913.77062988	2.52941179
913.77484131	2.52941179
913.77484131	2.52941179
913.77893066	2.52941179
913.78289795	2.52941179
913.78704834	2.50980401
913.78704834	2.50980401
913.79119873	2.50980401
913.79534912	2.50980401
913.79949951	2.50980401
913.79949951	2.50980401
913.80346680	2.50980401
913.80773926	2.50980401
913.81170654	2.50980401
913.81579590	2.50980401
913.81994629	2.50980401
913.81994629	2.50980401
913.82391357	2.50980401
913.82806396	2.50980401
913.83215332	2.50980401
913.83215332	2.50980401
913.83624268	2.50980401
913.84027100	2.50980401
913.84442139	2.50980401
913.84442139	2.50980401
913.84851074	2.50980401
913.85272217	2.50980401
913.85675049	2.50980401
913.85675049	2.52941179
913.86083984	2.52941179
913.86499023	2.52941179
913.86499023	2.52941179
913.86901855	2.52941179
913.87310791	2.52941179
913.87719727	2.52941179
913.87719727	2.52941179
913.88128662	2.52941179
913.88537598	2.52941179
913.88952637	2.54901958
913.88952637	2.54901958
913.89367676	2.54901958
913.89764404	2.54901958
913.90179443	2.54901958
913.90179443	2.54901958
913.90594482	2.54901958
913.91003418	2.54901958
913.91003418	2.54901958
913.91412354	2.54901958
913.91821289	2.56862736
913.92230225	2.56862736
913.92230225	2.56862736
913.92633057	2.56862736
913.93041992	2.56862736
913.93475342	2.56862736
913.93475342	2.56862736
913.93865967	2.56862736
913.94274902	2.56862736
913.94677734	2.56862736
913.94677734	2.56862736
913.95086670	2.56862736
913.95501709	2.56862736
913.95501709	2.56862736
913.95916748	2.56862736
913.96313477	2.56862736
913.96728516	2.56862736
913.96728516	2.56862736
913.97143555	2.56862736
913.97558594	2.56862736
913.97973633	2.56862736
913.97973633	2.56862736
913.98370361	2.56862736
913.98785400	2.56862736
913.99200439	2.56862736
913.99200439	2.56862736
913.99603271	2.56862736
914.00006104	2.56862736
914.00006104	2.56862736
914.00421143	2.56862736
914.00830078	2.56862736
914.01239014	2.56862736
914.01239014	2.56862736
914.01641846	2.56862736
914.02062988	2.56862736
914.02465820	2.56862736
914.02465820	2.56862736
914.02874756	2.54901958
914.03289795	2.54901958
914.03692627	2.54901958
914.03692627	2.54901958
914.04107666	2.54901958
914.04522705	2.54901958
914.04937744	2.54901958
914.05334473	2.54901958
914.05743408	2.54901958
914.05743408	2.54901958
914.06158447	2.54901958
914.06573486	2.54901958
914.06988525	2.54901958
914.06988525	2.54901958
914.07379150	2.54901958
914.07794189	2.54901958
914.08203125	2.54901958
914.08203125	2.54901958
914.08618164	2.54901958
914.09014893	2.54901958
914.09429932	2.54901958
914.09838867	2.54901958
914.10253906	2.54901958
914.10253906	2.54901958
914.10675049	2.54901958
914.11071777	2.54901958
914.11486816	2.54901958
914.11486816	2.54901958
914.11889648	2.54901958
914.12298584	2.54901958
914.12701416	2.54901958
914.12701416	2.54901958
914.13116455	2.54901958
914.13537598	2.54901958
914.13940430	2.54901958
914.14343262	2.56862736
914.14764404	2.56862736
914.14764404	2.56862736
914.15167236	2.56862736
914.15582275	2.56862736
914.15991211	2.56862736
914.15991211	2.56862736
914.16394043	2.56862736
914.16809082	2.56862736
914.17218018	2.56862736
914.17218018	2.56862736
914.17620850	2.56862736
914.18035889	2.56862736
914.18444824	2.56862736
914.18853760	2.56862736
914.19262695	2.56862736
914.19262695	2.56862736
914.19665527	2.56862736
914.20074463	2.56862736
914.20489502	2.56862736
914.20489502	2.56862736
914.20904541	2.56862736
914.21307373	2.56862736
914.21716309	2.56862736
914.21716309	2.56862736
914.22131348	2.56862736
914.22546387	2.56862736
914.22961426	2.56862736
914.23370361	2.56862736
914.23773193	2.56862736
914.23773193	2.56862736
914.24182129	2.56862736
914.24597168	2.56862736
914.25000000	2.56862736
914.25000000	2.56862736
914.25408936	2.56862736
914.25823975	2.58823538
914.26245117	2.56862736
914.26245117	2.56862736
914.26629639	2.56862736
914.27038574	2.56862736
914.27459717	2.56862736
914.27874756	2.56862736
914.28289795	2.56862736
914.28289795	2.56862736
914.28674316	2.56862736
914.29089355	2.56862736
914.29504395	2.56862736
914.29504395	2.56862736
914.29913330	2.56862736
914.30316162	2.56862736
914.30725098	2.56862736
914.30725098	2.56862736
914.31146240	2.56862736
914.31561279	2.56862736
914.31970215	2.54901958
914.32366943	2.54901958
914.32781982	2.54901958
914.32781982	2.54901958
914.33190918	2.54901958
914.33605957	2.54901958
914.34002686	2.54901958
914.34002686	2.54901958
914.34417725	2.54901958
914.34826660	2.54901958
914.35241699	2.54901958
914.35241699	2.54901958
914.35644531	2.54901958
914.36071777	2.54901958
914.36468506	2.54901958
914.36468506	2.54901958
914.36877441	2.54901958
914.37298584	2.54901958
914.37298584	2.54901958
914.37695313	2.54901958
914.38104248	2.54901958
914.38513184	2.54901958
914.38513184	2.54901958
914.38928223	2.54901958
914.39331055	2.54901958
914.39739990	2.54901958
914.39739990	2.54901958
914.40155029	2.54901958
914.40570068	2.54901958
914.40979004	2.54901958
914.40979004	2.54901958
914.41381836	2.54901958
914.41796875	2.54901958
914.41796875	2.54901958
914.42205811	2.54901958
914.42614746	2.54901958
914.43011475	2.54901958
914.43011475	2.54901958
914.43432617	2.54901958
914.43841553	2.54901958
914.44250488	2.54901958
914.44250488	2.54901958
914.44665527	2.54901958
914.45062256	2.54901958
914.45477295	2.56862736
914.45477295	2.56862736
914.45886230	2.56862736
914.46301270	2.56862736
914.46301270	2.56862736
914.46704102	2.56862736
914.47119141	2.56862736
914.47534180	2.56862736
914.47534180	2.56862736
914.47943115	2.56862736
914.48345947	2.56862736
914.48773193	2.56862736
914.48773193	2.56862736
914.49169922	2.56862736
914.49584961	2.56862736
914.50000000	2.56862736
914.50000000	2.56862736
914.50396729	2.56862736
914.50805664	2.56862736
914.50805664	2.56862736
914.51214600	2.56862736
914.51617432	2.56862736
914.52026367	2.56862736
914.52026367	2.56862736
914.52441406	2.56862736
914.52850342	2.56862736
914.53265381	2.56862736
914.53265381	2.56862736
914.53668213	2.56862736
914.54077148	2.56862736
914.54498291	2.56862736
914.54498291	2.56862736
914.54913330	2.56862736
914.55322266	2.56862736
914.55322266	2.56862736
914.55718994	2.56862736
914.56134033	2.56862736
914.56549072	2.56862736
914.56549072	2.56862736
914.56958008	2.56862736
914.57360840	2.56862736
914.57769775	2.56862736
914.57769775	2.56862736
914.58178711	2.56862736
914.58593750	2.56862736
914.58990479	2.56862736
914.58990479	2.56862736
914.59405518	2.56862736
914.59814453	2.56862736
914.60235596	2.56862736
914.60632324	2.56862736
914.61041260	2.56862736
914.61041260	2.56862736
914.61462402	2.56862736
914.61871338	2.56862736
914.62286377	2.56862736
914.62286377	2.56862736
914.62677002	2.56862736
914.63092041	2.56862736
914.63500977	2.56862736
914.63500977	2.56862736
914.63916016	2.56862736
914.64312744	2.56862736
914.64727783	2.56862736
914.65136719	2.56862736
914.65551758	2.56862736
914.65551758	2.56862736
914.65966797	2.56862736
914.66369629	2.56862736
914.66784668	2.56862736
914.66784668	2.56862736
914.67199707	2.56862736
914.67608643	2.56862736
914.68011475	2.56862736
914.68011475	2.56862736
914.68420410	2.56862736
914.68829346	2.56862736
914.69238281	2.56862736
914.69641113	2.56862736
914.70062256	2.56862736
914.70062256	2.56862736
914.70465088	2.56862736
914.70874023	2.56862736
914.71289063	2.56862736
914.71289063	2.56862736
914.71685791	2.56862736
914.72106934	2.56862736
914.72521973	2.56862736
914.72521973	2.56862736
914.72937012	2.56862736
914.73333740	2.56862736
914.73742676	2.56862736
914.74157715	2.56862736
914.74572754	2.56862736
914.74572754	2.56862736
914.74969482	2.56862736
914.75384521	2.56862736
914.75793457	2.56862736
914.75793457	2.56862736
914.76202393	2.56862736
914.76599121	2.54901958
914.77014160	2.54901958
914.77014160	2.54901958
914.77429199	2.54901958
914.77838135	2.54901958
914.78253174	2.54901958
914.78668213	2.54901958
914.79064941	2.54901958
914.79064941	2.54901958
914.79486084	2.54901958
914.79895020	2.54901958
914.80310059	2.54901958
914.80310059	2.54901958
914.80706787	2.54901958
914.81121826	2.54901958
914.81536865	2.54901958
914.81536865	2.54901958
914.81945801	2.54901958
914.82336426	2.54901958
914.82763672	2.54901958
914.83166504	2.54901958
914.83575439	2.52941179
914.83575439	2.52941179
914.83978271	2.52941179
914.84387207	2.52941179
914.84802246	2.52941179
914.84802246	2.52941179
914.85211182	2.50980401
914.85638428	2.50980401
914.86035156	2.50980401
914.86035156	2.50980401
914.86450195	2.50980401
914.86865234	2.50980401
914.87274170	2.50980401
914.87664795	2.50980401
914.88073730	2.50980401
914.88073730	2.50980401
914.88488770	2.50980401
914.88903809	2.49019599
914.89312744	2.49019599
914.89312744	2.49019599
914.89715576	2.49019599
914.90124512	2.49019599
914.90539551	2.49019599
914.90539551	2.49019599
914.90936279	2.49019599
914.91369629	2.49019599
914.91772461	2.49019599
914.91772461	2.49019599
914.92187500	2.49019599
914.92590332	2.49019599
914.92590332	2.49019599
914.92993164	2.49019599
914.93408203	2.49019599
914.93817139	2.49019599
914.93817139	2.49019599
914.94226074	2.49019599
914.94628906	2.49019599
914.95037842	2.49019599
914.95037842	2.49019599
914.95452881	2.49019599
914.95861816	2.49019599
914.96276855	2.49019599
914.96276855	2.50980401
914.96673584	2.50980401
914.97094727	2.50980401
914.97094727	2.50980401
914.97509766	2.50980401
914.97924805	2.50980401
914.98333740	2.50980401
914.98333740	2.50980401
914.98730469	2.50980401
914.99145508	2.50980401
914.99560547	2.50980401
914.99560547	2.50980401
914.99969482	2.50980401
915.00372314	2.50980401
915.00781250	2.52941179
915.00781250	2.52941179
915.01190186	2.52941179
915.01599121	2.52941179
915.01599121	2.52941179
915.02001953	2.52941179
915.02416992	2.52941179
915.02832031	2.52941179
915.02832031	2.52941179
915.03240967	2.52941179
915.03649902	2.52941179
915.04064941	2.54901958
915.04064941	2.54901958
915.04467773	2.54901958
915.04882813	2.54901958
915.05297852	2.54901958
915.05297852	2.54901958
915.05694580	2.54901958
915.06109619	2.54901958
915.06109619	2.54901958
915.06524658	2.54901958
915.06927490	2.54901958
915.07330322	2.54901958
915.07330322	2.54901958
915.07739258	2.54901958
915.08148193	2.54901958
915.08563232	2.54901958
915.08563232	2.54901958
915.08966064	2.54901958
915.09381104	2.54901958
915.09790039	2.54901958
915.09790039	2.54901958
915.10205078	2.54901958
915.10620117	2.54901958
915.11022949	2.56862736
915.11431885	2.56862736
915.11846924	2.56862736
915.11846924	2.56862736
915.12255859	2.56862736
915.12670898	2.56862736
915.13061523	2.56862736
915.13061523	2.56862736
915.13476563	2.56862736
915.13891602	2.56862736
915.14300537	2.56862736
915.14300537	2.56862736
915.14703369	2.56862736
915.15112305	2.56862736
915.15533447	2.56862736
915.15936279	2.56862736
915.16345215	2.56862736
915.16345215	2.56862736
915.16760254	2.56862736
915.17175293	2.56862736
915.17584229	2.56862736
915.17584229	2.56862736
915.17980957	2.58823538
915.18395996	2.56862736
915.18804932	2.56862736
915.18804932	2.56862736
915.19213867	2.56862736
915.19622803	2.56862736
915.20025635	2.56862736
915.20440674	2.56862736
915.20849609	2.56862736
915.20849609	2.56862736
915.21264648	2.56862736
915.21661377	2.56862736
915.22082520	2.56862736
915.22082520	2.56862736
915.22491455	2.56862736
915.22912598	2.56862736
915.23321533	2.56862736
915.23321533	2.56862736
915.23712158	2.56862736
915.24133301	2.56862736
915.24548340	2.56862736
915.24957275	2.56862736
915.25372314	2.56862736
915.25372314	2.56862736
915.25762939	2.56862736
915.26190186	2.56862736
915.26580811	2.56862736
915.26580811	2.56862736
915.26989746	2.56862736
915.27398682	2.56862736
915.27819824	2.56862736
915.27819824	2.56862736
915.28222656	2.56862736
915.28649902	2.56862736
915.29040527	2.56862736
915.29455566	2.56862736
915.29870605	2.56862736
915.29870605	2.56862736
915.30279541	2.56862736
915.30682373	2.56862736
915.31091309	2.56862736
915.31091309	2.56862736
915.31506348	2.56862736
915.31921387	2.56862736
915.32324219	2.56862736
915.32324219	2.56862736
915.32727051	2.56862736
915.33135986	2.56862736
915.33557129	2.56862736
915.33966064	2.56862736
915.34362793	2.56862736
915.34362793	2.56862736
915.34777832	2.56862736
915.35192871	2.56862736
915.35607910	2.56862736
915.35607910	2.56862736
915.35998535	2.56862736
915.36419678	2.56862736
915.36834717	2.56862736
915.36834717	2.56862736
915.37237549	2.56862736
915.37646484	2.56862736
915.38067627	2.56862736
915.38464355	2.56862736
915.38879395	2.56862736
915.38879395	2.56862736
915.39276123	2.56862736
915.39691162	2.56862736
915.40100098	2.56862736
915.40100098	2.56862736
915.40515137	2.56862736
915.40924072	2.56862736
915.41333008	2.54901958
915.41333008	2.54901958
915.41741943	2.54901958
915.42156982	2.54901958
915.42572021	2.54901958
915.42572021	2.54901958
915.42968750	2.54901958
915.43383789	2.52941179
915.43383789	2.52941179
915.43786621	2.52941179
915.44207764	2.52941179
915.44622803	2.52941179
915.44622803	2.52941179
915.45019531	2.52941179
915.45446777	2.52941179
915.45837402	2.52941179
915.45837402	2.50980401
915.46252441	2.50980401
915.46667480	2.50980401
915.47064209	2.50980401
915.47064209	2.50980401
915.47479248	2.50980401
915.47888184	2.50980401
915.47888184	2.50980401
915.48284912	2.50980401
915.48706055	2.50980401
915.49121094	2.50980401
915.49121094	2.50980401
915.49530029	2.50980401
915.49938965	2.50980401
915.50335693	2.50980401
915.50335693	2.50980401
915.50750732	2.50980401
915.51159668	2.50980401
915.51574707	2.50980401
915.51574707	2.50980401
915.51977539	2.50980401
915.52386475	2.50980401
915.52386475	2.50980401
915.52801514	2.50980401
915.53216553	2.50980401
915.53625488	2.50980401
915.53625488	2.50980401
915.54028320	2.50980401
915.54437256	2.50980401
915.54852295	2.50980401
915.54852295	2.52941179
915.55261230	2.52941179
915.55664063	2.52941179
915.56079102	2.52941179
915.56079102	2.52941179
915.56494141	2.52941179
915.56903076	2.52941179
915.56903076	2.52941179
915.57305908	2.52941179
915.57714844	2.52941179
915.58123779	2.52941179
915.58123779	2.52941179
915.58538818	2.52941179
915.58953857	2.52941179
915.59362793	2.52941179
915.59362793	2.54901958
915.59765625	2.54901958
915.60180664	2.54901958
915.60589600	2.54901958
915.60589600	2.54901958
915.60992432	2.54901958
915.61401367	2.54901958
915.61401367	2.54901958
915.61822510	2.54901958
915.62231445	2.54901958
915.62646484	2.54901958
915.62646484	2.54901958
915.63043213	2.54901958
915.63452148	2.56862736
915.63867188	2.54901958
915.63867188	2.56862736
915.64276123	2.56862736
915.64672852	2.56862736
915.65087891	2.56862736
915.65087891	2.56862736
915.65502930	2.56862736
915.65911865	2.56862736
915.66314697	2.56862736
915.66729736	2.56862736
915.67138672	2.56862736
915.67138672	2.56862736
915.67559814	2.56862736
915.67968750	2.56862736
915.68371582	2.56862736
915.68371582	2.56862736
915.68780518	2.56862736
915.69189453	2.54901958
915.69598389	2.54901958
915.69598389	2.54901958
915.70007324	2.56862736
915.70410156	2.54901958
915.70825195	2.54901958
915.71240234	2.54901958
915.71649170	2.54901958
915.71649170	2.54901958
915.72064209	2.54901958
915.72467041	2.54901958
915.72882080	2.54901958
915.72882080	2.54901958
915.73284912	2.54901958
915.73693848	2.54901958
915.74108887	2.54901958
915.74108887	2.54901958
915.74517822	2.54901958
915.74926758	2.54901958
915.75329590	2.54901958
915.75738525	2.54901958
915.76153564	2.54901958
915.76153564	2.54901958
915.76562500	2.54901958
915.76965332	2.56862736
915.77380371	2.54901958
915.77380371	2.54901958
915.77789307	2.54901958
915.78204346	2.54901958
915.78619385	2.54901958
915.78619385	2.54901958
915.79016113	2.54901958
915.79425049	2.54901958
915.79840088	2.54901958
915.80255127	2.54901958
915.80670166	2.54901958
915.80670166	2.54901958
915.81066895	2.54901958
915.81475830	2.56862736
915.81890869	2.56862736
915.81890869	2.56862736
915.82287598	2.56862736
915.82696533	2.56862736
915.83123779	2.56862736
915.83123779	2.56862736
915.83526611	2.56862736
915.83941650	2.56862736
915.84332275	2.56862736
915.84765625	2.56862736
915.85162354	2.56862736
915.85162354	2.56862736
915.85577393	2.56862736
915.85980225	2.56862736
915.86395264	2.56862736
915.86395264	2.56862736
915.86804199	2.56862736
915.87219238	2.56862736
915.87634277	2.56862736
915.87634277	2.56862736
915.88024902	2.56862736
915.88439941	2.56862736
915.88854980	2.56862736
915.89263916	2.56862736
915.89678955	2.56862736
915.89678955	2.56862736
915.90075684	2.56862736
915.90496826	2.56862736
915.90899658	2.56862736
915.90899658	2.56862736
915.91302490	2.56862736
915.91717529	2.56862736
915.92132568	2.56862736
915.92132568	2.56862736
915.92547607	2.56862736
915.92956543	2.56862736
915.93371582	2.56862736
915.93774414	2.56862736
915.94183350	2.56862736
915.94183350	2.56862736
915.94586182	2.56862736
915.94989014	2.56862736
915.95397949	2.56862736
915.95397949	2.56862736
915.95819092	2.54901958
915.96221924	2.54901958
915.96636963	2.54901958
915.96636963	2.54901958
915.97039795	2.54901958
915.97448730	2.54901958
915.97869873	2.54901958
915.97869873	2.54901958
915.98266602	2.52941179
915.98681641	2.52941179
915.98681641	2.52941179
915.99090576	2.52941179
915.99505615	2.50980401
915.99914551	2.50980401
915.99914551	2.50980401
916.00317383	2.50980401
916.00726318	2.50980401
916.01141357	2.50980401
916.01141357	2.50980401
916.01550293	2.50980401
916.01977539	2.50980401
916.02362061	2.50980401
916.02362061	2.50980401
916.02777100	2.50980401
916.03186035	2.50980401
916.03186035	2.50980401
916.03607178	2.49019599
916.03997803	2.49019599
916.04418945	2.49019599
916.04418945	2.49019599
916.04833984	2.49019599
916.05236816	2.49019599
916.05657959	2.49019599
916.05657959	2.50980401
916.06066895	2.49019599
916.06463623	2.50980401
916.06878662	2.50980401
916.06878662	2.50980401
916.07281494	2.50980401
916.07684326	2.50980401
916.07684326	2.50980401
916.08105469	2.50980401
916.08508301	2.50980401
916.08929443	2.50980401
916.08929443	2.50980401
916.09326172	2.49019599
916.09741211	2.50980401
916.10150146	2.50980401
916.10150146	2.50980401
916.10565186	2.49019599
916.10961914	2.49019599
916.11383057	2.49019599
916.11383057	2.50980401
916.11791992	2.50980401
916.12207031	2.50980401
916.12207031	2.50980401
916.12615967	2.50980401
916.13012695	2.50980401
916.13427734	2.50980401
916.13427734	2.50980401
916.13842773	2.50980401
916.14251709	2.50980401
916.14660645	2.50980401
916.14660645	2.50980401
916.15063477	2.50980401
916.15478516	2.50980401
916.15887451	2.50980401
916.15887451	2.50980401
916.16296387	2.50980401
916.16699219	2.52941179
916.17120361	2.52941179
916.17529297	2.52941179
916.17944336	2.52941179
916.17944336	2.52941179
916.18341064	2.52941179
916.18756104	2.52941179
916.19165039	2.52941179
916.19165039	2.52941179
916.19573975	2.52941179
916.19976807	2.52941179
916.20385742	2.52941179
916.20385742	2.52941179
916.20800781	2.52941179
916.21209717	2.52941179
916.21612549	2.52941179
916.22027588	2.52941179
916.22442627	2.52941179
916.22442627	2.52941179
916.22857666	2.52941179
916.23272705	2.52941179
916.23669434	2.52941179
916.23669434	2.54901958
916.24084473	2.54901958
916.24493408	2.54901958
916.24902344	2.54901958
916.24902344	2.54901958
916.25305176	2.54901958
916.25714111	2.54901958
916.26129150	2.54901958
916.26538086	2.54901958
916.26953125	2.54901958
916.26953125	2.52941179
916.27362061	2.54901958
916.27764893	2.54901958
916.28173828	2.54901958
916.28173828	2.54901958
916.28594971	2.54901958
916.28991699	2.54901958
916.29400635	2.52941179
916.29400635	2.52941179
916.29821777	2.54901958
916.30224609	2.54901958
916.30627441	2.54901958
916.31036377	2.54901958
916.31469727	2.54901958
916.31469727	2.54901958
916.31872559	2.54901958
916.32275391	2.54901958
916.32678223	2.54901958
916.32678223	2.54901958
916.33087158	2.54901958
916.33496094	2.54901958
916.33911133	2.54901958
916.33911133	2.54901958
916.34307861	2.54901958
916.34722900	2.54901958
916.35137939	2.54901958
916.35552979	2.54901958
916.35961914	2.54901958
916.35961914	2.54901958
916.36370850	2.54901958
916.36779785	2.54901958
916.37194824	2.54901958
916.37194824	2.54901958
916.37609863	2.54901958
916.38000488	2.54901958
916.38415527	2.54901958
916.38415527	2.54901958
916.38830566	2.54901958
916.39239502	2.54901958
916.39636230	2.54901958
916.40063477	2.54901958
916.40466309	2.54901958
916.40466309	2.54901958
916.40875244	2.54901958
916.41278076	2.54901958
916.41693115	2.56862736
916.41693115	2.56862736
916.42108154	2.56862736
916.42523193	2.56862736
916.42926025	2.56862736
916.42926025	2.56862736
916.43334961	2.56862736
916.43743896	2.56862736
916.44152832	2.56862736
916.44561768	2.56862736
916.44976807	2.56862736
916.44976807	2.56862736
916.45373535	2.56862736
916.45788574	2.56862736
916.46197510	2.56862736
916.46197510	2.56862736
916.46612549	2.56862736
916.47015381	2.56862736
916.47430420	2.56862736
916.47430420	2.56862736
916.47845459	2.56862736
916.48260498	2.56862736
916.48669434	2.54901958
916.49072266	2.54901958
916.49481201	2.54901958
916.49481201	2.54901958
916.49890137	2.54901958
916.50292969	2.54901958
916.50695801	2.54901958
916.50695801	2.52941179
916.51110840	2.52941179
916.51525879	2.52941179
916.51940918	2.52941179
916.51940918	2.52941179
916.52337646	2.52941179
916.52764893	2.52941179
916.53161621	2.52941179
916.53161621	2.50980401
916.53576660	2.50980401
916.53997803	2.50980401
916.53997803	2.50980401
916.54394531	2.50980401
916.54803467	2.50980401
916.55212402	2.50980401
916.55212402	2.50980401
916.55633545	2.50980401
916.56030273	2.50980401
916.56445313	2.50980401
916.56445313	2.50980401
916.56854248	2.50980401
916.57275391	2.50980401
916.57684326	2.50980401
916.57684326	2.50980401
916.58081055	2.50980401
916.58496094	2.50980401
916.58496094	2.50980401
916.58911133	2.50980401
916.59307861	2.50980401
916.59722900	2.50980401
916.59722900	2.50980401
916.60125732	2.50980401
916.60540771	2.50980401
916.60949707	2.50980401
916.60949707	2.50980401
916.61364746	2.50980401
916.61761475	2.50980401
916.62182617	2.50980401
916.62182617	2.50980401
916.62591553	2.50980401
916.63000488	2.50980401
916.63000488	2.50980401
916.63397217	2.50980401
916.63812256	2.50980401
916.64227295	2.50980401
916.64227295	2.50980401
916.64617920	2.50980401
916.65039063	2.50980401
916.65460205	2.50980401
916.65460205	2.50980401
916.65863037	2.50980401
916.66271973	2.50980401
916.66674805	2.50980401
916.66674805	2.50980401
916.67089844	2.50980401
916.67504883	2.50980401
916.67504883	2.52941179
916.67913818	2.52941179
916.68316650	2.52941179
916.68725586	2.52941179
916.68725586	2.52941179
916.69140625	2.52941179
916.69543457	2.52941179
916.69964600	2.52941179
916.69964600	2.54901958
916.70361328	2.54901958
916.70776367	2.54901958
916.71185303	2.54901958
916.71185303	2.54901958
916.71600342	2.54901958
916.72003174	2.54901958
916.72412109	2.56862736
916.72833252	2.56862736
916.73248291	2.56862736
916.73248291	2.56862736
916.73645020	2.56862736
916.74072266	2.56862736
916.74468994	2.56862736
916.74468994	2.56862736
916.74884033	2.56862736
916.75280762	2.56862736
916.75683594	2.56862736
916.75683594	2.56862736
916.76104736	2.56862736
916.76507568	2.56862736
916.76928711	2.54901958
916.77325439	2.54901958
916.77740479	2.54901958
916.77740479	2.54901958
916.78149414	2.54901958
916.78564453	2.54901958
916.78985596	2.54901958
916.78985596	2.54901958
916.79382324	2.54901958
916.79791260	2.54901958
916.80212402	2.54901958
916.80212402	2.54901958
916.80603027	2.54901958
916.81011963	2.54901958
916.81427002	2.54901958
916.81848145	2.54901958
916.82257080	2.54901958
916.82257080	2.54901958
916.82659912	2.54901958
916.83068848	2.54901958
916.83471680	2.54901958
916.83471680	2.54901958
916.83886719	2.54901958
916.84283447	2.54901958
916.84704590	2.54901958
916.84704590	2.54901958
916.85113525	2.54901958
916.85540771	2.54901958
916.85943604	2.54901958
916.86340332	2.54901958
916.86767578	2.54901958
916.86767578	2.54901958
916.87164307	2.54901958
916.87579346	2.54901958
916.87988281	2.54901958
916.87988281	2.54901958
916.88391113	2.54901958
916.88800049	2.54901958
916.89215088	2.54901958
916.89215088	2.54901958
916.89611816	2.54901958
916.90026855	2.54901958
916.90435791	2.54901958
916.90850830	2.54901958
916.91259766	2.52941179
916.91259766	2.52941179
916.91668701	2.52941179
916.92083740	2.52941179
916.92492676	2.52941179
916.92492676	2.52941179
916.92907715	2.52941179
916.93304443	2.52941179
916.93719482	2.52941179
916.93719482	2.52941179
916.94128418	2.52941179
916.94537354	2.52941179
916.94946289	2.52941179
916.95361328	2.52941179
916.95764160	2.52941179
916.95764160	2.52941179
916.96173096	2.52941179
916.96588135	2.52941179
916.97003174	2.52941179
916.97003174	2.52941179
916.97399902	2.52941179
916.97814941	2.52941179
916.98223877	2.52941179
916.98223877	2.52941179
916.98632813	2.52941179
916.99035645	2.52941179
916.99468994	2.52941179
916.99865723	2.52941179
917.00280762	2.52941179
917.00280762	2.52941179
917.00671387	2.52941179
917.01092529	2.52941179
917.01495361	2.52941179
917.01495361	2.52941179
917.01910400	2.52941179
917.02307129	2.52941179
917.02722168	2.52941179
917.02722168	2.52941179
917.03137207	2.52941179
917.03546143	2.50980401
917.03961182	2.50980401
917.03961182	2.50980401
917.04370117	2.50980401
917.04779053	2.50980401
917.04779053	2.50980401
917.05194092	2.50980401
917.05609131	2.50980401
917.06005859	2.50980401
917.06005859	2.50980401
917.06420898	2.50980401
917.06829834	2.50980401
917.07238770	2.49019599
917.07238770	2.49019599
917.07635498	2.49019599
917.08062744	2.49019599
917.08459473	2.49019599
917.08459473	2.49019599
917.08874512	2.49019599
917.09289551	2.49019599
917.09289551	2.49019599
917.09692383	2.49019599
917.10101318	2.49019599
917.10522461	2.49019599
917.10522461	2.49019599
917.10931396	2.49019599
917.11328125	2.49019599
917.11743164	2.49019599
917.11743164	2.49019599
917.12152100	2.49019599
917.12567139	2.49019599
917.12976074	2.49019599
917.12976074	2.49019599
917.13378906	2.49019599
917.13781738	2.49019599
917.13781738	2.49019599
917.14202881	2.49019599
917.14611816	2.49019599
917.15014648	2.49019599
917.15014648	2.49019599
917.15423584	2.49019599
917.15838623	2.49019599
917.16247559	2.49019599
917.16247559	2.49019599
917.16662598	2.49019599
917.17065430	2.49019599
917.17474365	2.49019599
917.17474365	2.50980401
917.17895508	2.50980401
917.18298340	2.50980401
917.18298340	2.50980401
917.18707275	2.50980401
917.19116211	2.50980401
917.19525146	2.50980401
917.19525146	2.50980401
917.19940186	2.50980401
917.20336914	2.50980401
917.20764160	2.50980401
917.20764160	2.50980401
917.21160889	2.50980401
917.21575928	2.52941179
917.21990967	2.52941179
917.21990967	2.52941179
917.22387695	2.52941179
917.22802734	2.52941179
917.23217773	2.52941179
917.23614502	2.52941179
917.24029541	2.52941179
917.24029541	2.52941179
917.24444580	2.52941179
917.24853516	2.52941179
917.25262451	2.52941179
917.25262451	2.52941179
917.25659180	2.52941179
917.26074219	2.52941179
917.26489258	2.54901958
917.26489258	2.54901958
917.26904297	2.54901958
917.27313232	2.54901958
917.27709961	2.54901958
917.28125000	2.54901958
917.28540039	2.54901958
917.28540039	2.54901958
917.28948975	2.54901958
917.29370117	2.54901958
917.29766846	2.54901958
917.29766846	2.54901958
917.30181885	2.54901958
917.30596924	2.54901958
917.30999756	2.54901958
917.30999756	2.54901958
917.31402588	2.54901958
917.31811523	2.54901958
917.32226563	2.54901958
917.32623291	2.54901958
917.33038330	2.54901958
917.33038330	2.54901958
917.33447266	2.54901958
917.33862305	2.54901958
917.34271240	2.54901958
917.34271240	2.54901958
917.34680176	2.54901958
917.35095215	2.54901958
917.35498047	2.54901958
917.35498047	2.54901958
917.35919189	2.54901958
917.36334229	2.54901958
917.36779785	2.54901958
917.37133789	2.54901958
917.37554932	2.54901958
917.37554932	2.54901958
917.37969971	2.54901958
917.38366699	2.54901958
917.38775635	2.54901958
917.38775635	2.54901958
917.39190674	2.54901958
917.39599609	2.54901958
917.40002441	2.54901958
917.40002441	2.54901958
917.40411377	2.54901958
917.40826416	2.54901958
917.41235352	2.54901958
917.41638184	2.54901958
917.42071533	2.54901958
917.42071533	2.56862736
917.42468262	2.56862736
917.42883301	2.56862736
917.43292236	2.56862736
917.43292236	2.56862736
917.43688965	2.56862736
917.44097900	2.56862736
917.44512939	2.56862736
917.44512939	2.56862736
917.44921875	2.56862736
917.45324707	2.56862736
917.45733643	2.56862736
917.46148682	2.56862736
917.46569824	2.56862736
917.46569824	2.56862736
917.46960449	2.56862736
917.47381592	2.56862736
917.47784424	2.56862736
917.47784424	2.56862736
917.48211670	2.56862736
917.48596191	2.56862736
917.49011230	2.58823538
917.49011230	2.58823538
917.49426270	2.58823538
917.49847412	2.58823538
917.50250244	2.58823538
917.50659180	2.58823538
917.51062012	2.58823538
917.51062012	2.58823538
917.51470947	2.58823538
917.51885986	2.58823538
917.52301025	2.58823538
917.52301025	2.58823538
917.52697754	2.58823538
917.53112793	2.58823538
917.53527832	2.58823538
917.53527832	2.58823538
917.53942871	2.58823538
917.54339600	2.58823538
917.54766846	2.58823538
917.55163574	2.58823538
917.55578613	2.56862736
917.55578613	2.56862736
917.55969238	2.56862736
917.56390381	2.56862736
917.56799316	2.56862736
917.56799316	2.56862736
917.57214355	2.56862736
917.57617188	2.56862736
917.58032227	2.56862736
917.58032227	2.56862736
917.58435059	2.54901958
917.58850098	2.54901958
917.59265137	2.54901958
917.59265137	2.54901958
917.59661865	2.54901958
917.60076904	2.52941179
917.60076904	2.52941179
917.60485840	2.52941179
917.60900879	2.52941179
917.61315918	2.52941179
917.61315918	2.52941179
917.61712646	2.52941179
917.62133789	2.52941179
917.62536621	2.52941179
917.62536621	2.52941179
917.62951660	2.52941179
917.63360596	2.50980401
917.63763428	2.50980401
917.63763428	2.50980401
917.64172363	2.50980401
917.64587402	2.50980401
917.64587402	2.50980401
917.64990234	2.50980401
917.65399170	2.50980401
917.65814209	2.50980401
917.65814209	2.50980401
917.66229248	2.50980401
917.66625977	2.50980401
917.67047119	2.50980401
917.67047119	2.50980401
917.67456055	2.50980401
917.67864990	2.50980401
917.68273926	2.50980401
917.68273926	2.52941179
917.68676758	2.52941179
917.69085693	2.52941179
917.69085693	2.52941179
917.69500732	2.52941179
917.69909668	2.52941179
917.70330811	2.52941179
917.70330811	2.52941179
917.70721436	2.52941179
917.71142578	2.52941179
917.71551514	2.52941179
917.71551514	2.52941179
917.71978760	2.52941179
917.72381592	2.52941179
917.72778320	2.52941179
917.72778320	2.52941179
917.73205566	2.52941179
917.73602295	2.52941179
917.73602295	2.52941179
917.73999023	2.52941179
917.74414063	2.54901958
917.74816895	2.54901958
917.74816895	2.54901958
917.75244141	2.54901958
917.75634766	2.54901958
917.76068115	2.54901958
917.76068115	2.54901958
917.76458740	2.54901958
917.76965332	2.54901958
917.77307129	2.54901958
917.77307129	2.54901958
917.77691650	2.54901958
917.78179932	2.54901958
917.78729248	2.56862736
917.79016113	2.56862736
917.79345703	2.56862736
917.79345703	2.56862736
917.79736328	2.56862736
917.80175781	2.56862736
917.80566406	2.56862736
917.80566406	2.56862736
917.80963135	2.56862736
917.81378174	2.56862736
917.81787109	2.56862736
917.81787109	2.56862736
917.82196045	2.56862736
917.82611084	2.56862736
917.83026123	2.56862736
917.83428955	2.56862736
917.83843994	2.56862736
917.83843994	2.56862736
917.84246826	2.56862736
917.84661865	2.56862736
917.85058594	2.56862736
917.85058594	2.56862736
917.85485840	2.56862736
917.85882568	2.56862736
917.86303711	2.56862736
917.86303711	2.56862736
917.86694336	2.56862736
917.87109375	2.56862736
917.87518311	2.56862736
917.87927246	2.56862736
917.88336182	2.56862736
917.88336182	2.56862736
917.88763428	2.56862736
917.89160156	2.56862736
917.89569092	2.56862736
917.89569092	2.56862736
917.89971924	2.56862736
917.90386963	2.56862736
917.90795898	2.56862736
917.90795898	2.56862736
917.91204834	2.56862736
917.91619873	2.56862736
917.92028809	2.56862736
917.92431641	2.56862736
917.92846680	2.56862736
917.92846680	2.56862736
917.93261719	2.56862736
917.93664551	2.56862736
917.94073486	2.56862736
917.94073486	2.56862736
917.94482422	2.56862736
917.94897461	2.56862736
917.95306396	2.56862736
917.95306396	2.56862736
917.95709229	2.56862736
917.96118164	2.56862736
917.96533203	2.56862736
917.96954346	2.56862736
917.97363281	2.56862736
917.97363281	2.56862736
917.97760010	2.56862736
917.98181152	2.56862736
917.98583984	2.56862736
917.98583984	2.56862736
917.98980713	2.56862736
917.99401855	2.56862736
917.99810791	2.56862736
917.99810791	2.56862736
918.00225830	2.56862736
918.00634766	2.56862736
918.01037598	2.56862736
918.01446533	2.56862736
918.01861572	2.56862736
918.01861572	2.56862736
918.02270508	2.56862736
918.02673340	2.56862736
918.03088379	2.56862736
918.03088379	2.56862736
918.03503418	2.56862736
918.03918457	2.56862736
918.04321289	2.56862736
918.04321289	2.56862736
918.04724121	2.56862736
918.05133057	2.56862736
918.05554199	2.56862736
918.05969238	2.56862736
918.06359863	2.56862736
918.06359863	2.56862736
918.06768799	2.56862736
918.07189941	2.56862736
918.07598877	2.56862736
918.07598877	2.56862736
918.08001709	2.56862736
918.08410645	2.56862736
918.08825684	2.56862736
918.08825684	2.56862736
918.09234619	2.56862736
918.09637451	2.56862736
918.10058594	2.56862736
918.10058594	2.56862736
918.10461426	2.56862736
918.10870361	2.56862736
918.10870361	2.54901958
918.11279297	2.54901958
918.11688232	2.54901958
918.12103271	2.54901958
918.12103271	2.54901958
918.12518311	2.54901958
918.12921143	2.54901958
918.13348389	2.54901958
918.13348389	2.52941179
918.13745117	2.52941179
918.14154053	2.52941179
918.14569092	2.52941179
918.14569092	2.52941179
918.14971924	2.52941179
918.15393066	2.52941179
918.15393066	2.52941179
918.15795898	2.52941179
918.16198730	2.52941179
918.16613770	2.50980401
918.16613770	2.50980401
918.17010498	2.50980401
918.17425537	2.50980401
918.17834473	2.50980401
918.17834473	2.50980401
918.18249512	2.50980401
918.18670654	2.50980401
918.19061279	2.50980401
918.19061279	2.50980401
918.19476318	2.50980401
918.19885254	2.50980401
918.19885254	2.50980401
918.20294189	2.50980401
918.20697021	2.50980401
918.21112061	2.50980401
918.21112061	2.50980401
918.21520996	2.50980401
918.21942139	2.50980401
918.22332764	2.50980401
918.22332764	2.50980401
918.22766113	2.50980401
918.23156738	2.50980401
918.23571777	2.52941179
918.23571777	2.52941179
918.23974609	2.52941179
918.24383545	2.52941179
918.24383545	2.52941179
918.24804688	2.52941179
918.25213623	2.52941179
918.25622559	2.52941179
918.25622559	2.52941179
918.26025391	2.52941179
918.26434326	2.52941179
918.26849365	2.52941179
918.26849365	2.52941179
918.27264404	2.52941179
918.27661133	2.52941179
918.28070068	2.52941179
918.28070068	2.52941179
918.28491211	2.54901958
918.28906250	2.54901958
918.28906250	2.54901958
918.29302979	2.54901958
918.29711914	2.54901958
918.30126953	2.54901958
918.30126953	2.54901958
918.30541992	2.54901958
918.30950928	2.54901958
918.31359863	2.54901958
918.31359863	2.54901958
918.31756592	2.54901958
918.32177734	2.54901958
918.32586670	2.54901958
918.32586670	2.54901958
918.32983398	2.54901958
918.33398438	2.56862736
918.33813477	2.56862736
918.34222412	2.56862736
918.34637451	2.56862736
918.34637451	2.56862736
918.35040283	2.56862736
918.35449219	2.56862736
918.35864258	2.56862736
918.35864258	2.56862736
918.36279297	2.56862736
918.36676025	2.56862736
918.37084961	2.56862736
918.37084961	2.56862736
918.37506104	2.56862736
918.37915039	2.56862736
918.38305664	2.56862736
918.38720703	2.56862736
918.39141846	2.56862736
918.39141846	2.56862736
918.39544678	2.56862736
918.39965820	2.56862736
918.40362549	2.56862736
918.40362549	2.56862736
918.40771484	2.56862736
918.41186523	2.56862736
918.41601563	2.56862736
918.41601563	2.56862736
918.42010498	2.56862736
918.42419434	2.56862736
918.42828369	2.56862736
918.43231201	2.56862736
918.43646240	2.56862736
918.43646240	2.56862736
918.44067383	2.56862736
918.44464111	2.56862736
918.44873047	2.56862736
918.44873047	2.56862736
918.45275879	2.56862736
918.45684814	2.56862736
918.46099854	2.56862736
918.46099854	2.56862736
918.46508789	2.56862736
918.46936035	2.56862736
918.47326660	2.56862736
918.47741699	2.56862736
918.48156738	2.56862736
918.48156738	2.56862736
918.48559570	2.56862736
918.48968506	2.56862736
918.49383545	2.56862736
918.49383545	2.56862736
918.49786377	2.56862736
918.50207520	2.56862736
918.50610352	2.56862736
918.50610352	2.56862736
918.51007080	2.56862736
918.51422119	2.56862736
918.51837158	2.56862736
918.52252197	2.56862736
918.52661133	2.56862736
918.52661133	2.56862736
918.53063965	2.56862736
918.53485107	2.56862736
918.53881836	2.56862736
918.53881836	2.56862736
918.54290771	2.56862736
918.54705811	2.56862736
918.55114746	2.56862736
918.55114746	2.56862736
918.55523682	2.56862736
918.55944824	2.56862736
918.56335449	2.56862736
918.56756592	2.56862736
918.57159424	2.56862736
918.57159424	2.56862736
918.57574463	2.56862736
918.57971191	2.56862736
918.58386230	2.56862736
918.58386230	2.56862736
918.58801270	2.56862736
918.59210205	2.56862736
918.59625244	2.56862736
918.59625244	2.56862736
918.60021973	2.56862736
918.60437012	2.56862736
918.60845947	2.56862736
918.61260986	2.56862736
918.61676025	2.56862736
918.61676025	2.56862736
918.62078857	2.56862736
918.62487793	2.56862736
918.62896729	2.56862736
918.62896729	2.56862736
918.63311768	2.56862736
918.63714600	2.56862736
918.64129639	2.56862736
918.64129639	2.56862736
918.64538574	2.56862736
918.64953613	2.56862736
918.65362549	2.56862736
918.65362549	2.56862736
918.65759277	2.56862736
918.66174316	2.56862736
918.66174316	2.56862736
918.66589355	2.54901958
918.66992188	2.54901958
918.67401123	2.54901958
918.67401123	2.54901958
918.67816162	2.54901958
918.68231201	2.54901958
918.68640137	2.52941179
918.68640137	2.52941179
918.69042969	2.52941179
918.69451904	2.52941179
918.69860840	2.52941179
918.69860840	2.52941179
918.70275879	2.52941179
918.70672607	2.52941179
918.70672607	2.52941179
918.71087646	2.52941179
918.71496582	2.50980401
918.71911621	2.50980401
918.71911621	2.50980401
918.72308350	2.50980401
918.72723389	2.50980401
918.73138428	2.50980401
918.73138428	2.50980401
918.73553467	2.50980401
918.73968506	2.50980401
918.74365234	2.50980401
918.74365234	2.50980401
918.74780273	2.50980401
918.75207520	2.50980401
918.75207520	2.50980401
918.75604248	2.50980401
918.75994873	2.50980401
918.76409912	2.50980401
918.76409912	2.50980401
918.76818848	2.50980401
918.77239990	2.50980401
918.77648926	2.50980401
918.77648926	2.50980401
918.78063965	2.50980401
918.78460693	2.50980401
918.78875732	2.50980401
918.78875732	2.50980401
918.79272461	2.50980401
918.79687500	2.50980401
918.79687500	2.50980401
918.80102539	2.50980401
918.80517578	2.50980401
918.80932617	2.50980401
918.80932617	2.52941179
918.81323242	2.52941179
918.81732178	2.52941179
918.82147217	2.52941179
918.82147217	2.52941179
918.82556152	2.52941179
918.82958984	2.52941179
918.83374023	2.52941179
918.83374023	2.52941179
918.83782959	2.52941179
918.84197998	2.52941179
918.84613037	2.52941179
918.85015869	2.52941179
918.85430908	2.52941179
918.85430908	2.52941179
918.85839844	2.52941179
918.86254883	2.52941179
918.86669922	2.52941179
918.86669922	2.52941179
918.87066650	2.52941179
918.87475586	2.52941179
918.87890625	2.52941179
918.87890625	2.52941179
918.88299561	2.52941179
918.88708496	2.52941179
918.89117432	2.52941179
918.89532471	2.52941179
918.89941406	2.52941179
918.89941406	2.52941179
918.90344238	2.52941179
918.90771484	2.52941179
918.91168213	2.52941179
918.91168213	2.54901958
918.91571045	2.54901958
918.91973877	2.54901958
918.92388916	2.54901958
918.92388916	2.54901958
918.92797852	2.54901958
918.93206787	2.54901958
918.93627930	2.54901958
918.94030762	2.54901958
918.94439697	2.54901958
918.94439697	2.54901958
918.94848633	2.54901958
918.95263672	2.54901958
918.95660400	2.54901958
918.95660400	2.54901958
918.96075439	2.54901958
918.96484375	2.54901958
918.96899414	2.54901958
918.96899414	2.54901958
918.97296143	2.54901958
918.97711182	2.54901958
918.98132324	2.54901958
918.98553467	2.54901958
918.98950195	2.54901958
918.98950195	2.54901958
918.99365234	2.54901958
918.99768066	2.54901958
919.00183105	2.54901958
919.00183105	2.54901958
919.00585938	2.54901958
919.00982666	2.54901958
919.01397705	2.54901958
919.01397705	2.54901958
919.01806641	2.54901958
919.02221680	2.54901958
919.02630615	2.54901958
919.03033447	2.54901958
919.03460693	2.54901958
919.03460693	2.54901958
919.03863525	2.54901958
919.04278564	2.54901958
919.04675293	2.54901958
919.04675293	2.54901958
919.05090332	2.54901958
919.05505371	2.54901958
919.05920410	2.54901958
919.05920410	2.54901958
919.06317139	2.54901958
919.06732178	2.54901958
919.07141113	2.56862736
919.07556152	2.56862736
919.07971191	2.56862736
919.07971191	2.56862736
919.08374023	2.56862736
919.08782959	2.56862736
919.09191895	2.56862736
919.09191895	2.56862736
919.09600830	2.56862736
919.10003662	2.56862736
919.10412598	2.56862736
919.10412598	2.56862736
919.10821533	2.56862736
919.11236572	2.56862736
919.11645508	2.56862736
919.12060547	2.56862736
919.12463379	2.56862736
919.12463379	2.56862736
919.12878418	2.56862736
919.13275146	2.56862736
919.13690186	2.56862736
919.13690186	2.56862736
919.14099121	2.56862736
919.14514160	2.56862736
919.14923096	2.56862736
919.14923096	2.56862736
919.15325928	2.56862736
919.15734863	2.56862736
919.16149902	2.56862736
919.16564941	2.56862736
919.16979980	2.56862736
919.16979980	2.56862736
919.17376709	2.56862736
919.17791748	2.56862736
919.18200684	2.56862736
919.18200684	2.56862736
919.18609619	2.56862736
919.19012451	2.56862736
919.19421387	2.56862736
919.19421387	2.56862736
919.19836426	2.56862736
919.20245361	2.56862736
919.20660400	2.56862736
919.20660400	2.56862736
919.21057129	2.56862736
919.21472168	2.56862736
919.21472168	2.56862736
919.21881104	2.56862736
919.22283936	2.56862736
919.22698975	2.56862736
919.22698975	2.56862736
919.23114014	2.56862736
919.23529053	2.56862736
919.23937988	2.54901958
919.23937988	2.54901958
919.24340820	2.54901958
919.24768066	2.54901958
919.25170898	2.54901958
919.25170898	2.52941179
919.25573730	2.52941179
919.25982666	2.52941179
919.25982666	2.52941179
919.26385498	2.52941179
919.26794434	2.52941179
919.27215576	2.52941179
919.27215576	2.52941179
919.27606201	2.52941179
919.28021240	2.52941179
919.28436279	2.50980401
919.28436279	2.50980401
919.28851318	2.50980401
919.29266357	2.50980401
919.29669189	2.50980401
919.29669189	2.50980401
919.30078125	2.50980401
919.30493164	2.50980401
919.30493164	2.50980401
919.30902100	2.50980401
919.31298828	2.50980401
919.31713867	2.50980401
919.31713867	2.50980401
919.32122803	2.50980401
919.32531738	2.50980401
919.32946777	2.50980401
919.32946777	2.50980401
919.33355713	2.50980401
919.33758545	2.50980401
919.34173584	2.50980401
919.34173584	2.50980401
919.34588623	2.50980401
919.35003662	2.50980401
919.35003662	2.50980401
919.35400391	2.50980401
919.35815430	2.50980401
919.36230469	2.50980401
919.36230469	2.50980401
919.36627197	2.50980401
919.37042236	2.50980401
919.37457275	2.50980401
919.37457275	2.50980401
919.37860107	2.50980401
919.38269043	2.50980401
919.38671875	2.50980401
919.38671875	2.50980401
919.39086914	2.50980401
919.39495850	2.50980401
919.39910889	2.52941179
919.40307617	2.52941179
919.40722656	2.52941179
919.40722656	2.52941179
919.41143799	2.52941179
919.41552734	2.52941179
919.41967773	2.52941179
919.41967773	2.52941179
919.42364502	2.52941179
919.42779541	2.52941179
919.43194580	2.52941179
919.43194580	2.52941179
919.43597412	2.52941179
919.44006348	2.52941179
919.44409180	2.52941179
919.44824219	2.52941179
919.45233154	2.54901958
919.45233154	2.54901958
919.45642090	2.54901958
919.46069336	2.54901958
919.46466064	2.54901958
919.46466064	2.54901958
919.46887207	2.54901958
919.47296143	2.54901958
919.47698975	2.54901958
919.47698975	2.54901958
919.48107910	2.54901958
919.48510742	2.54901958
919.48925781	2.54901958
919.49322510	2.54901958
919.49737549	2.54901958
919.49737549	2.54901958
919.50152588	2.54901958
919.50567627	2.54901958
919.50982666	2.54901958
919.50982666	2.54901958
919.51373291	2.54901958
919.51788330	2.54901958
919.52197266	2.54901958
919.52197266	2.54901958
919.52612305	2.54901958
919.53009033	2.54901958
919.53424072	2.54901958
919.53833008	2.54901958
919.54254150	2.54901958
919.54254150	2.54901958
919.54669189	2.54901958
919.55059814	2.54901958
919.55474854	2.54901958
919.55474854	2.54901958
919.55889893	2.54901958
919.56280518	2.54901958
919.56695557	2.54901958
919.56695557	2.54901958
919.57110596	2.54901958
919.57525635	2.54901958
919.57934570	2.54901958
919.58337402	2.54901958
919.58758545	2.54901958
919.58758545	2.54901958
919.59161377	2.54901958
919.59576416	2.54901958
919.59991455	2.54901958
919.59991455	2.54901958
919.60394287	2.54901958
919.60803223	2.54901958
919.61218262	2.54901958
919.61218262	2.54901958
919.61614990	2.54901958
919.62030029	2.54901958
919.62438965	2.54901958
919.62847900	2.54901958
919.63256836	2.54901958
919.63256836	2.54901958
919.63659668	2.54901958
919.64068604	2.54901958
919.64483643	2.54901958
919.64483643	2.54901958
919.64898682	2.54901958
919.65301514	2.54901958
919.65710449	2.54901958
919.65710449	2.54901958
919.66125488	2.54901958
919.66540527	2.54901958
919.66949463	2.54901958
919.67370605	2.56862736
919.67761230	2.56862736
919.67761230	2.56862736
919.68176270	2.56862736
919.68585205	2.56862736
919.69006348	2.56862736
919.69006348	2.56862736
919.69409180	2.56862736
919.69818115	2.56862736
919.70233154	2.56862736
919.70233154	2.54901958
919.70629883	2.56862736
919.71038818	2.56862736
919.71472168	2.56862736
919.71472168	2.56862736
919.71868896	2.56862736
919.72283936	2.56862736
919.72283936	2.56862736
919.72674561	2.56862736
919.73083496	2.56862736
919.73498535	2.56862736
919.73498535	2.56862736
919.73913574	2.56862736
919.74310303	2.56862736
919.74725342	2.56862736
919.74725342	2.56862736
919.75140381	2.56862736
919.75549316	2.56862736
919.75958252	2.56862736
919.75958252	2.56862736
919.76361084	2.56862736
919.76770020	2.56862736
919.76770020	2.56862736
919.77185059	2.56862736
919.77600098	2.56862736
919.78009033	2.56862736
919.78009033	2.56862736
919.78411865	2.56862736
919.78820801	2.56862736
919.79235840	2.56862736
919.79235840	2.56862736
919.79638672	2.56862736
919.80065918	2.54901958
919.80456543	2.54901958
919.80456543	2.54901958
919.80877686	2.54901958
919.81286621	2.54901958
919.81286621	2.54901958
919.81689453	2.54901958
919.82104492	2.54901958
919.82513428	2.52941179
919.82513428	2.52941179
919.82922363	2.52941179
919.83319092	2.52941179
919.83734131	2.52941179
919.83734131	2.52941179
919.84143066	2.52941179
919.84558105	2.52941179
919.84973145	2.52941179
919.84973145	2.50980401
919.85375977	2.50980401
919.85778809	2.50980401
919.85778809	2.50980401
919.86199951	2.50980401
919.86614990	2.50980401
919.87017822	2.50980401
919.87017822	2.50980401
919.87426758	2.50980401
919.87841797	2.50980401
919.88250732	2.50980401
919.88250732	2.50980401
919.88665771	2.50980401
919.89056396	2.50980401
919.89477539	2.50980401
919.89477539	2.50980401
919.89880371	2.50980401
919.90301514	2.50980401
919.90698242	2.50980401
919.91107178	2.50980401
919.91522217	2.50980401
919.91522217	2.50980401
919.91937256	2.50980401
919.92340088	2.50980401
919.92767334	2.50980401
919.92767334	2.50980401
919.93164063	2.50980401
919.93572998	2.50980401
919.93988037	2.50980401
919.93988037	2.50980401
919.94384766	2.50980401
919.94793701	2.50980401
919.95220947	2.50980401
919.95611572	2.50980401
919.96020508	2.50980401
919.96020508	2.50980401
919.96435547	2.50980401
919.96844482	2.52941179
919.97259521	2.52941179
919.97259521	2.52941179
919.97662354	2.52941179
919.98077393	2.52941179
919.98492432	2.52941179
919.98492432	2.52941179
919.98907471	2.52941179
919.99316406	2.52941179
919.99713135	2.52941179
920.00122070	2.52941179
920.00537109	2.52941179
920.00537109	2.52941179
920.00939941	2.52941179
920.01354980	2.52941179
920.01757813	2.52941179
920.01757813	2.52941179
920.02172852	2.54901958
920.02581787	2.54901958
920.02996826	2.54901958
920.02996826	2.54901958
920.03393555	2.54901958
920.03814697	2.54901958
920.04217529	2.54901958
920.04620361	2.54901958
920.05041504	2.54901958
920.05041504	2.54901958
920.05450439	2.54901958
920.05865479	2.54901958
920.06280518	2.54901958
920.06280518	2.54901958
920.06671143	2.54901958
920.07080078	2.54901958
920.07495117	2.54901958
920.07495117	2.54901958
920.07910156	2.54901958
920.08312988	2.54901958
920.08721924	2.54901958
920.09136963	2.54901958
920.09545898	2.54901958
920.09545898	2.54901958
920.09960938	2.54901958
920.10363770	2.54901958
920.10778809	2.54901958
920.10778809	2.54901958
920.11193848	2.54901958
920.11602783	2.54901958
920.12005615	2.54901958
920.12005615	2.54901958
920.12408447	2.54901958
920.12823486	2.54901958
920.13232422	2.54901958
920.13635254	2.54901958
920.14056396	2.54901958
920.14056396	2.54901958
920.14459229	2.54901958
920.14868164	2.54901958
920.15283203	2.54901958
920.15283203	2.54901958
920.15686035	2.54901958
920.16107178	2.54901958
920.16510010	2.54901958
920.16510010	2.54901958
920.16918945	2.54901958
920.17327881	2.54901958
920.17736816	2.54901958
920.18151855	2.54901958
920.18554688	2.54901958
920.18554688	2.54901958
920.18963623	2.54901958
920.19384766	2.54901958
920.19793701	2.54901958
920.19793701	2.54901958
920.20208740	2.54901958
920.20617676	2.54901958
920.21014404	2.54901958
920.21014404	2.54901958
920.21435547	2.54901958
920.21844482	2.54901958
920.22253418	2.54901958
920.22656250	2.54901958
920.23059082	2.54901958
920.23059082	2.54901958
920.23468018	2.54901958
920.23889160	2.54901958
920.24291992	2.54901958
920.24291992	2.54901958
920.24694824	2.54901958
920.25115967	2.54901958
920.25524902	2.54901958
920.25524902	2.54901958
920.25933838	2.54901958
920.26330566	2.54901958
920.26757813	2.54901958
920.26757813	2.54901958
920.27160645	2.54901958
920.27575684	2.54901958
920.27575684	2.54901958
920.27972412	2.54901958
920.28387451	2.56862736
920.28796387	2.56862736
920.28796387	2.56862736
920.29217529	2.56862736
920.29614258	2.56862736
920.30029297	2.56862736
920.30029297	2.56862736
920.30444336	2.56862736
920.30853271	2.56862736
920.31256104	2.56862736
920.31256104	2.56862736
920.31665039	2.56862736
920.32073975	2.56862736
920.32073975	2.56862736
920.32482910	2.56862736
920.32897949	2.56862736
920.33306885	2.56862736
920.33306885	2.56862736
920.33709717	2.56862736
920.34118652	2.56862736
920.34539795	2.56862736
920.34539795	2.56862736
920.34948730	2.56862736
920.35357666	2.56862736
920.35760498	2.56862736
920.35760498	2.56862736
920.36175537	2.56862736
920.36584473	2.56862736
920.36584473	2.56862736
920.36981201	2.56862736
920.37396240	2.54901958
920.37811279	2.54901958
920.37811279	2.54901958
920.38220215	2.54901958
920.38623047	2.54901958
920.39031982	2.54901958
920.39031982	2.54901958
920.39447021	2.52941179
920.39855957	2.52941179
920.40277100	2.52941179
920.40277100	2.52941179
920.40667725	2.52941179
920.41088867	2.52941179
920.41088867	2.52941179
920.41503906	2.52941179
920.41906738	2.52941179
920.42321777	2.50980401
920.42321777	2.50980401
920.42724609	2.50980401
920.43139648	2.50980401
920.43554688	2.50980401
920.43554688	2.50980401
920.43963623	2.50980401
920.44360352	2.50980401
920.44775391	2.50980401
920.44775391	2.50980401
920.45184326	2.49019599
920.45599365	2.49019599
920.45996094	2.49019599
920.46411133	2.49019599
920.46820068	2.49019599
920.46820068	2.49019599
920.47235107	2.49019599
920.47631836	2.49019599
920.48059082	2.49019599
920.48059082	2.49019599
920.48468018	2.49019599
920.48876953	2.49019599
920.49291992	2.49019599
920.49291992	2.49019599
920.49688721	2.49019599
920.50103760	2.49019599
920.50512695	2.49019599
920.50927734	2.49019599
920.51330566	2.49019599
920.51330566	2.49019599
920.51733398	2.49019599
920.52148438	2.50980401
920.52557373	2.50980401
920.52557373	2.50980401
920.52960205	2.50980401
920.53369141	2.50980401
920.53790283	2.50980401
920.53790283	2.50980401
920.54199219	2.50980401
920.54614258	2.50980401
920.55010986	2.50980401
920.55426025	2.50980401
920.55841064	2.50980401
920.55841064	2.50980401
920.56256104	2.50980401
920.56658936	2.50980401
920.57061768	2.50980401
920.57061768	2.50980401
920.57470703	2.50980401
920.57879639	2.52941179
920.58294678	2.52941179
920.58294678	2.52941179
920.58697510	2.52941179
920.59106445	2.52941179
920.59521484	2.52941179
920.59936523	2.52941179
920.60339355	2.52941179
920.60339355	2.52941179
920.60766602	2.52941179
920.61163330	2.52941179
920.61578369	2.52941179
920.61578369	2.52941179
920.61975098	2.52941179
920.62390137	2.52941179
920.62799072	2.52941179
920.62799072	2.52941179
920.63208008	2.52941179
920.63629150	2.52941179
920.64019775	2.52941179
920.64434814	2.52941179
920.64843750	2.54901958
920.64843750	2.54901958
920.65258789	2.54901958
920.65655518	2.54901958
920.66076660	2.54901958
920.66076660	2.54901958
920.66491699	2.52941179
920.66894531	2.54901958
920.67315674	2.54901958
920.67315674	2.54901958
920.67712402	2.54901958
920.68127441	2.54901958
920.68536377	2.54901958
920.68951416	2.54901958
920.69366455	2.54901958
920.69366455	2.54901958
920.69763184	2.54901958
920.70166016	2.54901958
920.70587158	2.54901958
920.70587158	2.54901958
920.70983887	2.54901958
920.71398926	2.54901958
920.71807861	2.54901958
920.71807861	2.54901958
920.72222900	2.54901958
920.72631836	2.54901958
920.73034668	2.54901958
920.73455811	2.54901958
920.73864746	2.54901958
920.73864746	2.54901958
920.74279785	2.54901958
920.74676514	2.54901958
920.75085449	2.54901958
920.75085449	2.54901958
920.75494385	2.54901958
920.75909424	2.54901958
920.76318359	2.54901958
920.76318359	2.54901958
920.76721191	2.54901958
920.77130127	2.54901958
920.77545166	2.54901958
920.77545166	2.54901958
920.77954102	2.54901958
920.78356934	2.54901958
920.78356934	2.54901958
920.78771973	2.54901958
920.79193115	2.54901958
920.79602051	2.54901958
920.79602051	2.54901958
920.79998779	2.54901958
920.80413818	2.54901958
920.80828857	2.54901958
920.80828857	2.54901958
920.81243896	2.54901958
920.81634521	2.54901958
920.82061768	2.54901958
920.82061768	2.54901958
920.82458496	2.54901958
920.82867432	2.54901958
920.82867432	2.56862736
920.83270264	2.56862736
920.83685303	2.56862736
920.84094238	2.56862736
920.84094238	2.56862736
920.84509277	2.56862736
920.84924316	2.56862736
920.85321045	2.56862736
920.85321045	2.56862736
920.85742188	2.56862736
920.86151123	2.56862736
920.86566162	2.56862736
920.86566162	2.56862736
920.86962891	2.56862736
920.87377930	2.56862736
920.87377930	2.56862736
920.87786865	2.56862736
920.88195801	2.56862736
920.88610840	2.56862736
920.88610840	2.56862736
920.89007568	2.56862736
920.89422607	2.56862736
920.89831543	2.56862736
920.89831543	2.56862736
920.90252686	2.56862736
920.90655518	2.56862736
920.91064453	2.56862736
920.91064453	2.56862736
920.91473389	2.56862736
920.91894531	2.56862736
920.91894531	2.56862736
920.92291260	2.56862736
920.92700195	2.56862736
920.93115234	2.56862736
920.93115234	2.56862736
920.93530273	2.56862736
920.93939209	2.56862736
920.94342041	2.56862736
920.94342041	2.56862736
920.94769287	2.56862736
920.95172119	2.56862736
920.95581055	2.56862736
920.95581055	2.56862736
920.95977783	2.56862736
920.96392822	2.56862736
920.96807861	2.54901958
920.97216797	2.54901958
920.97619629	2.54901958
920.97619629	2.54901958
920.98022461	2.54901958
920.98431396	2.54901958
920.98846436	2.54901958
920.98846436	2.54901958
920.99255371	2.52941179
920.99658203	2.52941179
921.00073242	2.52941179
921.00073242	2.52941179
921.00488281	2.52941179
921.00897217	2.52941179
921.01293945	2.52941179
921.01708984	2.52941179
921.02124023	2.52941179
921.02124023	2.52941179
921.02539063	2.50980401
921.02947998	2.50980401
921.03356934	2.50980401
921.03356934	2.50980401
921.03759766	2.50980401
921.04174805	2.50980401
921.04589844	2.50980401
921.04589844	2.50980401
921.04986572	2.50980401
921.05401611	2.50980401
921.05810547	2.50980401
921.06225586	2.50980401
921.06634521	2.50980401
921.06634521	2.50980401
921.07031250	2.50980401
921.07446289	2.50980401
921.07855225	2.50980401
921.07855225	2.50980401
921.08270264	2.50980401
921.08673096	2.50980401
921.09082031	2.50980401
921.09082031	2.50980401
921.09497070	2.50980401
921.09912109	2.50980401
921.10308838	2.50980401
921.10723877	2.50980401
921.11138916	2.50980401
921.11138916	2.50980401
921.11553955	2.50980401
921.11962891	2.50980401
921.12359619	2.50980401
921.12359619	2.50980401
921.12768555	2.50980401
921.13183594	2.50980401
921.13592529	2.50980401
921.13592529	2.50980401
921.13995361	2.50980401
921.14410400	2.50980401
921.14819336	2.50980401
921.15234375	2.50980401
921.15643311	2.52941179
921.15643311	2.52941179
921.16058350	2.52941179
921.16461182	2.52941179
921.16888428	2.52941179
921.16888428	2.52941179
921.17291260	2.52941179
921.17687988	2.52941179
921.18096924	2.52941179
921.18096924	2.52941179
921.18511963	2.52941179
921.18920898	2.52941179
921.19317627	2.52941179
921.19732666	2.52941179
921.20141602	2.52941179
921.20141602	2.52941179
921.20556641	2.52941179
921.20953369	2.52941179
921.21380615	2.54901958
921.21380615	2.54901958
921.21783447	2.54901958
921.22198486	2.54901958
921.22607422	2.54901958
921.22607422	2.54901958
921.23010254	2.54901958
921.23425293	2.54901958
921.23840332	2.54901958
921.24255371	2.54901958
921.24670410	2.54901958
921.24670410	2.54901958
921.25073242	2.54901958
921.25482178	2.54901958
921.25897217	2.54901958
921.25897217	2.54901958
921.26293945	2.54901958
921.26702881	2.54901958
921.27117920	2.54901958
921.27117920	2.54901958
921.27532959	2.54901958
921.27947998	2.54901958
921.28344727	2.54901958
921.28765869	2.54901958
921.29162598	2.54901958
921.29162598	2.54901958
921.29583740	2.54901958
921.29980469	2.54901958
921.30389404	2.54901958
921.30389404	2.54901958
921.30792236	2.54901958
921.31207275	2.54901958
921.31622314	2.54901958
921.31622314	2.54901958
921.32019043	2.54901958
921.32440186	2.54901958
921.32855225	2.54901958
921.32855225	2.54901958
921.33264160	2.54901958
921.33673096	2.54901958
921.33673096	2.54901958
921.34075928	2.54901958
921.34490967	2.54901958
921.34906006	2.54901958
921.34906006	2.54901958
921.35302734	2.54901958
921.35711670	2.54901958
921.36126709	2.54901958
921.36126709	2.54901958
921.36541748	2.54901958
921.36944580	2.54901958
921.37371826	2.54901958
921.37371826	2.54901958
921.37768555	2.54901958
921.38183594	2.54901958
921.38183594	2.54901958
921.38592529	2.54901958
921.38989258	2.54901958
921.39404297	2.54901958
921.39404297	2.54901958
921.39807129	2.54901958
921.40216064	2.54901958
921.40631104	2.54901958
921.40631104	2.54901958
921.41027832	2.54901958
921.41448975	2.54901958
921.41857910	2.54901958
921.41857910	2.54901958
921.42279053	2.54901958
921.42675781	2.54901958
921.42675781	2.54901958
921.43090820	2.54901958
921.43499756	2.54901958
921.43914795	2.54901958
921.43914795	2.54901958
921.44305420	2.54901958
921.44720459	2.54901958
921.45129395	2.54901958
921.45129395	2.56862736
921.45550537	2.56862736
921.45953369	2.56862736
921.46356201	2.56862736
921.46356201	2.56862736
921.46771240	2.56862736
921.47186279	2.56862736
921.47186279	2.56862736
921.47601318	2.56862736
921.47998047	2.56862736
921.48413086	2.56862736
921.48413086	2.56862736
921.48828125	2.56862736
921.49237061	2.56862736
921.49652100	2.56862736
921.49652100	2.56862736
921.50067139	2.56862736
921.50463867	2.56862736
921.50872803	2.56862736
921.50872803	2.56862736
921.51281738	2.56862736
921.51684570	2.56862736
921.52093506	2.56862736
921.52508545	2.56862736
921.52917480	2.56862736
921.52917480	2.56862736
921.53320313	2.56862736
921.53729248	2.56862736
921.54144287	2.56862736
921.54144287	2.56862736
921.54559326	2.56862736
921.54962158	2.56862736
921.55377197	2.56862736
921.55377197	2.56862736
921.55792236	2.56862736
921.56201172	2.56862736
921.56610107	2.56862736
921.57006836	2.56862736
921.57415771	2.56862736
921.57415771	2.56862736
921.57836914	2.56862736
921.58245850	2.56862736
921.58660889	2.56862736
921.58660889	2.56862736
921.59057617	2.56862736
921.59472656	2.56862736
921.59887695	2.56862736
921.59887695	2.56862736
921.60284424	2.56862736
921.60699463	2.56862736
921.61114502	2.56862736
921.61523438	2.56862736
921.61932373	2.54901958
921.61932373	2.54901958
921.62335205	2.54901958
921.62756348	2.54901958
921.63159180	2.54901958
921.63159180	2.54901958
921.63568115	2.52941179
921.63970947	2.52941179
921.64379883	2.52941179
921.64379883	2.52941179
921.64794922	2.52941179
921.65203857	2.52941179
921.65618896	2.52941179
921.66021729	2.52941179
921.66436768	2.52941179
921.66436768	2.50980401
921.66851807	2.50980401
921.67260742	2.50980401
921.67663574	2.50980401
921.67663574	2.50980401
921.68078613	2.50980401
921.68487549	2.50980401
921.68896484	2.50980401
921.68896484	2.50980401
921.69293213	2.50980401
921.69714355	2.50980401
921.70129395	2.50980401
921.70538330	2.50980401
921.70953369	2.50980401
921.70953369	2.50980401
921.71362305	2.50980401
921.71771240	2.50980401
921.72186279	2.50980401
921.72186279	2.50980401
921.72589111	2.50980401
921.72985840	2.50980401
921.73394775	2.50980401
921.73394775	2.50980401
921.73809814	2.50980401
921.74224854	2.50980401
921.74639893	2.50980401
921.75036621	2.50980401
921.75463867	2.50980401
921.75463867	2.50980401
921.75860596	2.50980401
921.76269531	2.50980401
921.76672363	2.50980401
921.76672363	2.50980401
921.77081299	2.50980401
921.77496338	2.50980401
921.77905273	2.50980401
921.77905273	2.50980401
921.78308105	2.52941179
921.78723145	2.52941179
921.79138184	2.52941179
921.79553223	2.52941179
921.79962158	2.52941179
921.79962158	2.52941179
921.80364990	2.52941179
921.80780029	2.52941179
921.81188965	2.52941179
921.81188965	2.52941179
921.81604004	2.52941179
921.81994629	2.52941179
921.82403564	2.52941179
921.82403564	2.52941179
921.82818604	2.52941179
921.83227539	2.52941179
921.83648682	2.52941179
921.83648682	2.52941179
921.84057617	2.52941179
921.84460449	2.52941179
921.84460449	2.52941179
921.84869385	2.52941179
921.85272217	2.52941179
921.85687256	2.52941179
921.85687256	2.52941179
921.86102295	2.52941179
921.86511230	2.54901958
921.86920166	2.52941179
921.86920166	2.54901958
921.87322998	2.52941179
921.87731934	2.52941179
921.88146973	2.54901958
921.88146973	2.54901958
921.88555908	2.54901958
921.88970947	2.54901958
921.88970947	2.54901958
921.89367676	2.54901958
921.89782715	2.54901958
921.90191650	2.54901958
921.90191650	2.54901958
921.90606689	2.54901958
921.91009521	2.54901958
921.91424561	2.54901958
921.91424561	2.54901958
921.91839600	2.54901958
921.92248535	2.54901958
921.92663574	2.54901958
921.92663574	2.54901958
921.93066406	2.54901958
921.93475342	2.54901958
921.93475342	2.54901958
921.93884277	2.54901958
921.94281006	2.54901958
921.94696045	2.54901958
921.94696045	2.54901958
921.95104980	2.54901958
921.95520020	2.54901958
921.95928955	2.54901958
921.95928955	2.54901958
921.96331787	2.54901958
921.96752930	2.54901958
921.97161865	2.54901958
921.97161865	2.54901958
921.97576904	2.54901958
921.97991943	2.54901958
921.97991943	2.54901958
921.98388672	2.54901958
921.98797607	2.54901958
921.99212646	2.54901958
921.99212646	2.54901958
921.99621582	2.54901958
922.00024414	2.54901958
922.00439453	2.54901958
922.00439453	2.54901958
922.00842285	2.54901958
922.01257324	2.54901958
922.01654053	2.54901958
922.01654053	2.54901958
922.02069092	2.54901958
922.02484131	2.54901958
922.02893066	2.54901958
922.03295898	2.54901958
922.03704834	2.54901958
922.03704834	2.54901958
922.04125977	2.56862736
922.04541016	2.56862736
922.04949951	2.56862736
922.04949951	2.56862736
922.05364990	2.56862736
922.05761719	2.56862736
922.06176758	2.56862736
922.06176758	2.56862736
922.06591797	2.56862736
922.07000732	2.56862736
922.07391357	2.56862736
922.07812500	2.56862736
922.08215332	2.56862736
922.08215332	2.56862736
922.08624268	2.56862736
922.09033203	2.56862736
922.09460449	2.56862736
922.09460449	2.56862736
922.09857178	2.56862736
922.10272217	2.56862736
922.10675049	2.56862736
922.10675049	2.56862736
922.11090088	2.56862736
922.11499023	2.56862736
922.11907959	2.56862736
922.12310791	2.56862736
922.12719727	2.56862736
922.12719727	2.56862736
922.13134766	2.56862736
922.13555908	2.56862736
922.13958740	2.56862736
922.13958740	2.56862736
922.14355469	2.56862736
922.14770508	2.56862736
922.15179443	2.56862736
922.15179443	2.56862736
922.15600586	2.56862736
922.15991211	2.56862736
922.16412354	2.56862736
922.16827393	2.56862736
922.17242432	2.56862736
922.17242432	2.56862736
922.17639160	2.56862736
922.18066406	2.56862736
922.18463135	2.56862736
922.18463135	2.56862736
922.18872070	2.56862736
922.19281006	2.56862736
922.19683838	2.56862736
922.19683838	2.56862736
922.20092773	2.56862736
922.20507813	2.58823538
922.20916748	2.56862736
922.21319580	2.56862736
922.21734619	2.56862736
922.21734619	2.56862736
922.22149658	2.56862736
922.22558594	2.56862736
922.22979736	2.56862736
922.22979736	2.56862736
922.23376465	2.56862736
922.23791504	2.56862736
922.24200439	2.56862736
922.24200439	2.56862736
922.24609375	2.56862736
922.25006104	2.56862736
922.25427246	2.56862736
922.25830078	2.54901958
922.26245117	2.54901958
922.26245117	2.54901958
922.26654053	2.54901958
922.27056885	2.54901958
922.27465820	2.54901958
922.27465820	2.52941179
922.27880859	2.52941179
922.28295898	2.52941179
922.28692627	2.52941179
922.28692627	2.52941179
922.29107666	2.52941179
922.29528809	2.52941179
922.29937744	2.52941179
922.30334473	2.52941179
922.30761719	2.52941179
922.30761719	2.52941179
922.31164551	2.52941179
922.31579590	2.52941179
922.31988525	2.50980401
922.31988525	2.50980401
922.32379150	2.50980401
922.32794189	2.50980401
922.33203125	2.50980401
922.33203125	2.50980401
922.33612061	2.50980401
922.34014893	2.50980401
922.34429932	2.50980401
922.34844971	2.50980401
922.35260010	2.50980401
922.35260010	2.50980401
922.35656738	2.50980401
922.36077881	2.50980401
922.36486816	2.52941179
922.36486816	2.52941179
922.36895752	2.52941179
922.37298584	2.52941179
922.37707520	2.50980401
922.37707520	2.52941179
922.38122559	2.52941179
922.38531494	2.52941179
922.38946533	2.52941179
922.38946533	2.52941179
922.39361572	2.52941179
922.39758301	2.52941179
922.39758301	2.52941179
922.40167236	2.52941179
922.40582275	2.52941179
922.40997314	2.52941179
922.40997314	2.52941179
922.41400146	2.52941179
922.41815186	2.52941179
922.42230225	2.54901958
922.42230225	2.54901958
922.42626953	2.54901958
922.43035889	2.54901958
922.43463135	2.54901958
922.43463135	2.54901958
922.43859863	2.54901958
922.44268799	2.54901958
922.44268799	2.54901958
922.44665527	2.54901958
922.45080566	2.54901958
922.45495605	2.56862736
922.45495605	2.56862736
922.45904541	2.56862736
922.46307373	2.56862736
922.46716309	2.56862736
922.46716309	2.56862736
922.47131348	2.56862736
922.47552490	2.56862736
922.47961426	2.56862736
922.47961426	2.56862736
922.48364258	2.56862736
922.48773193	2.56862736
922.48773193	2.56862736
922.49188232	2.56862736
922.49603271	2.56862736
922.50000000	2.56862736
922.50000000	2.56862736
922.50415039	2.56862736
922.50830078	2.56862736
922.51245117	2.56862736
922.51245117	2.56862736
922.51641846	2.56862736
922.52062988	2.56862736
922.52465820	2.56862736
922.52465820	2.56862736
922.52880859	2.56862736
922.53295898	2.56862736
922.53295898	2.56862736
922.53692627	2.56862736
922.54095459	2.56862736
922.54504395	2.56862736
922.54504395	2.56862736
922.54925537	2.56862736
922.55322266	2.56862736
922.55731201	2.56862736
922.55731201	2.56862736
922.56146240	2.56862736
922.56561279	2.56862736
922.56970215	2.56862736
922.56970215	2.56862736
922.57366943	2.56862736
922.57781982	2.56862736
922.58190918	2.56862736
922.58612061	2.56862736
922.59008789	2.56862736
922.59008789	2.56862736
922.59417725	2.56862736
922.59832764	2.56862736
922.60241699	2.56862736
922.60241699	2.56862736
922.60662842	2.56862736
922.61065674	2.56862736
922.61474609	2.56862736
922.61474609	2.56862736
922.61895752	2.56862736
922.62298584	2.56862736
922.62695313	2.56862736
922.63110352	2.56862736
922.63519287	2.56862736
922.63519287	2.56862736
922.63934326	2.56862736
922.64331055	2.56862736
922.64758301	2.56862736
922.64758301	2.56862736
922.65155029	2.56862736
922.65570068	2.56862736
922.65979004	2.56862736
922.65979004	2.56862736
922.66387939	2.56862736
922.66802979	2.56862736
922.67211914	2.56862736
922.67626953	2.56862736
922.68023682	2.56862736
922.68023682	2.56862736
922.68438721	2.56862736
922.68847656	2.56862736
922.69256592	2.56862736
922.69256592	2.56862736
922.69653320	2.56862736
922.70068359	2.56862736
922.70483398	2.56862736
922.70483398	2.56862736
922.70892334	2.56862736
922.71307373	2.56862736
922.71704102	2.56862736
922.72125244	2.56862736
922.72540283	2.56862736
922.72540283	2.56862736
922.72949219	2.56862736
922.73364258	2.56862736
922.73760986	2.56862736
922.73760986	2.56862736
922.74176025	2.56862736
922.74591064	2.56862736
922.75000000	2.56862736
922.75000000	2.56862736
922.75396729	2.56862736
922.75805664	2.56862736
922.76220703	2.56862736
922.76623535	2.56862736
922.77032471	2.56862736
922.77032471	2.56862736
922.77441406	2.56862736
922.77856445	2.56862736
922.78271484	2.56862736
922.78271484	2.56862736
922.78680420	2.56862736
922.79083252	2.56862736
922.79498291	2.56862736
922.79498291	2.56862736
922.79907227	2.56862736
922.80316162	2.56862736
922.80725098	2.56862736
922.81140137	2.56862736
922.81549072	2.56862736
922.81549072	2.56862736
922.81958008	2.56862736
922.82354736	2.56862736
922.82769775	2.56862736
922.82769775	2.56862736
922.83178711	2.56862736
922.83593750	2.56862736
922.83990479	2.56862736
922.83990479	2.56862736
922.84405518	2.56862736
922.84820557	2.56862736
922.85229492	2.56862736
922.85638428	2.56862736
922.86065674	2.56862736
922.86065674	2.56862736
922.86462402	2.56862736
922.86877441	2.56862736
922.87286377	2.56862736
922.87286377	2.56862736
922.87683105	2.54901958
922.88098145	2.54901958
922.88507080	2.54901958
922.88507080	2.54901958
922.88922119	2.54901958
922.89318848	2.54901958
922.89733887	2.52941179
922.89733887	2.52941179
922.90142822	2.52941179
922.90557861	2.52941179
922.90557861	2.52941179
922.90954590	2.52941179
922.91369629	2.52941179
922.91784668	2.52941179
922.91784668	2.52941179
922.92199707	2.52941179
922.92602539	2.50980401
922.93011475	2.50980401
922.93011475	2.50980401
922.93414307	2.50980401
922.93835449	2.50980401
922.94250488	2.50980401
922.94250488	2.50980401
922.94653320	2.50980401
922.95056152	2.50980401
922.95056152	2.50980401
922.95471191	2.50980401
922.95880127	2.50980401
922.96295166	2.50980401
922.96295166	2.50980401
922.96691895	2.50980401
922.97106934	2.50980401
922.97521973	2.50980401
922.97521973	2.49019599
922.97930908	2.50980401
922.98333740	2.50980401
922.98760986	2.50980401
922.98760986	2.49019599
922.99163818	2.50980401
922.99572754	2.50980401
922.99572754	2.50980401
922.99969482	2.50980401
923.00384521	2.50980401
923.00793457	2.50980401
923.00793457	2.50980401
923.01202393	2.50980401
923.01617432	2.50980401
923.02020264	2.50980401
923.02020264	2.50980401
923.02429199	2.50980401
923.02844238	2.50980401
923.03253174	2.50980401
923.03253174	2.50980401
923.03662109	2.50980401
923.04071045	2.50980401
923.04071045	2.50980401
923.04486084	2.50980401
923.04901123	2.50980401
923.05310059	2.50980401
923.05310059	2.52941179
923.05712891	2.52941179
923.06121826	2.52941179
923.06536865	2.52941179
923.06536865	2.52941179
923.06933594	2.52941179
923.07354736	2.52941179
923.07757568	2.52941179
923.07757568	2.52941179
923.08166504	2.52941179
923.08581543	2.52941179
923.08581543	2.52941179
923.08978271	2.52941179
923.09393311	2.52941179
923.09802246	2.54901958
923.09802246	2.54901958
923.10223389	2.54901958
923.10626221	2.54901958
923.11029053	2.54901958
923.11029053	2.54901958
923.11450195	2.54901958
923.11865234	2.54901958
923.12274170	2.54901958
923.12274170	2.54901958
923.12677002	2.54901958
923.13079834	2.54901958
923.13494873	2.54901958
923.13903809	2.54901958
923.14318848	2.54901958
923.14318848	2.54901958
923.14715576	2.54901958
923.15130615	2.54901958
923.15545654	2.54901958
923.15545654	2.54901958
923.15954590	2.54901958
923.16357422	2.54901958
923.16772461	2.54901958
923.16772461	2.54901958
923.17187500	2.54901958
923.17602539	2.54901958
923.17999268	2.54901958
923.18414307	2.54901958
923.18823242	2.54901958
923.18823242	2.54901958
923.19232178	2.54901958
923.19628906	2.54901958
923.20056152	2.54901958
923.20056152	2.54901958
923.20452881	2.54901958
923.20867920	2.54901958
923.21276855	2.54901958
923.21276855	2.54901958
923.21679688	2.54901958
923.22094727	2.54901958
923.22509766	2.54901958
923.22924805	2.54901958
923.23339844	2.54901958
923.23339844	2.54901958
923.23736572	2.54901958
923.24151611	2.54901958
923.24560547	2.54901958
923.24560547	2.54901958
923.24957275	2.54901958
923.25372314	2.54901958
923.25781250	2.54901958
923.25781250	2.54901958
923.26190186	2.54901958
923.26605225	2.54901958
923.27008057	2.54901958
923.27416992	2.54901958
923.27838135	2.54901958
923.27838135	2.54901958
923.28240967	2.54901958
923.28662109	2.54901958
923.29058838	2.54901958
923.29058838	2.54901958
923.29473877	2.54901958
923.29888916	2.54901958
923.30297852	2.54901958
923.30297852	2.54901958
923.30694580	2.54901958
923.31115723	2.54901958
923.31524658	2.54901958
923.31939697	2.54901958
923.32336426	2.54901958
923.32336426	2.54901958
923.32763672	2.54901958
923.33160400	2.54901958
923.33581543	2.54901958
923.33581543	2.54901958
923.33978271	2.54901958
923.34393311	2.54901958
923.34802246	2.54901958
923.34802246	2.54901958
923.35211182	2.54901958
923.35626221	2.54901958
923.36029053	2.56862736
923.36444092	2.56862736
923.36853027	2.56862736
923.36853027	2.56862736
923.37261963	2.54901958
923.37664795	2.56862736
923.38067627	2.56862736
923.38067627	2.54901958
923.38482666	2.56862736
923.38897705	2.56862736
923.39306641	2.56862736
923.39306641	2.54901958
923.39709473	2.56862736
923.40124512	2.56862736
923.40539551	2.56862736
923.40948486	2.54901958
923.41363525	2.54901958
923.41363525	2.54901958
923.41760254	2.54901958
923.42175293	2.56862736
923.42590332	2.54901958
923.42590332	2.56862736
923.42987061	2.54901958
923.43395996	2.54901958
923.43811035	2.54901958
923.43811035	2.54901958
923.44226074	2.54901958
923.44641113	2.54901958
923.45031738	2.54901958
923.45031738	2.54901958
923.45446777	2.54901958
923.45867920	2.54901958
923.45867920	2.54901958
923.46282959	2.54901958
923.46673584	2.54901958
923.47076416	2.54901958
923.47076416	2.52941179
923.47497559	2.52941179
923.47906494	2.52941179
923.48321533	2.52941179
923.48321533	2.52941179
923.48718262	2.52941179
923.49133301	2.52941179
923.49548340	2.52941179
923.49548340	2.52941179
923.49957275	2.50980401
923.50360107	2.50980401
923.50360107	2.50980401
923.50769043	2.50980401
923.51184082	2.50980401
923.51593018	2.50980401
923.51593018	2.50980401
923.51995850	2.50980401
923.52404785	2.50980401
923.52819824	2.50980401
923.52819824	2.50980401
923.53228760	2.49019599
923.53631592	2.50980401
923.54064941	2.49019599
923.54064941	2.49019599
923.54461670	2.49019599
923.54876709	2.49019599
923.54876709	2.49019599
923.55267334	2.49019599
923.55682373	2.49019599
923.56103516	2.49019599
923.56103516	2.49019599
923.56518555	2.49019599
923.56927490	2.49019599
923.57342529	2.49019599
923.57342529	2.49019599
923.57739258	2.49019599
923.58148193	2.49019599
923.58569336	2.49019599
923.58569336	2.49019599
923.58959961	2.49019599
923.59368896	2.49019599
923.59368896	2.49019599
923.59777832	2.50980401
923.60192871	2.50980401
923.60607910	2.50980401
923.60607910	2.50980401
923.61004639	2.50980401
923.61419678	2.50980401
923.61834717	2.50980401
923.61834717	2.50980401
923.62255859	2.50980401
923.62664795	2.50980401
923.63055420	2.50980401
923.63055420	2.50980401
923.63464355	2.50980401
923.63885498	2.50980401
923.64276123	2.52941179
923.64691162	2.52941179
923.65106201	2.52941179
923.65106201	2.52941179
923.65515137	2.52941179
923.65930176	2.52941179
923.66333008	2.52941179
923.66333008	2.52941179
923.66760254	2.52941179
923.67163086	2.52941179
923.67572021	2.52941179
923.67572021	2.52941179
923.67974854	2.52941179
923.68383789	2.52941179
923.68798828	2.52941179
923.69207764	2.52941179
923.69616699	2.54901958
923.69616699	2.54901958
923.70019531	2.54901958
923.70428467	2.54901958
923.70843506	2.54901958
923.70843506	2.54901958
923.71252441	2.54901958
923.71655273	2.54901958
923.72064209	2.54901958
923.72064209	2.54901958
923.72485352	2.54901958
923.72900391	2.54901958
923.73309326	2.54901958
923.73712158	2.54901958
923.74121094	2.54901958
923.74121094	2.54901958
923.74536133	2.54901958
923.74945068	2.54901958
923.75354004	2.54901958
923.75354004	2.54901958
923.75750732	2.54901958
923.76171875	2.54901958
923.76580811	2.54901958
923.76580811	2.54901958
923.76983643	2.54901958
923.77392578	2.54901958
923.77807617	2.54901958
923.78216553	2.54901958
923.78631592	2.54901958
923.78631592	2.54901958
923.79028320	2.54901958
923.79443359	2.54901958
923.79858398	2.54901958
923.79858398	2.54901958
923.80267334	2.54901958
923.80670166	2.54901958
923.81085205	2.54901958
923.81085205	2.54901958
923.81500244	2.54901958
923.81909180	2.54901958
923.82318115	2.54901958
923.82714844	2.54901958
923.83129883	2.54901958
923.83129883	2.54901958
923.83538818	2.54901958
923.83966064	2.54901958
923.84350586	2.54901958
923.84350586	2.54901958
923.84771729	2.54901958
923.85180664	2.54901958
923.85595703	2.54901958
923.85595703	2.54901958
923.85998535	2.54901958
923.86413574	2.54901958
923.86822510	2.54901958
923.87243652	2.54901958
923.87652588	2.54901958
923.87652588	2.54901958
923.88055420	2.54901958
923.88458252	2.54901958
923.88867188	2.54901958
923.88867188	2.54901958
923.89282227	2.54901958
923.89678955	2.54901958
923.90093994	2.54901958
923.90093994	2.56862736
923.90509033	2.56862736
923.90911865	2.56862736
923.91320801	2.56862736
923.91735840	2.56862736
923.92150879	2.56862736
923.92150879	2.56862736
923.92559814	2.56862736
923.92956543	2.56862736
923.93377686	2.56862736
923.93377686	2.56862736
923.93786621	2.56862736
923.94195557	2.56862736
923.94604492	2.56862736
923.94604492	2.56862736
923.95001221	2.56862736
923.95416260	2.56862736
923.95831299	2.56862736
923.96240234	2.56862736
923.96655273	2.56862736
923.96655273	2.56862736
923.97058105	2.56862736
923.97467041	2.56862736
923.97882080	2.56862736
923.97882080	2.56862736
923.98303223	2.56862736
923.98699951	2.56862736
923.99108887	2.56862736
923.99108887	2.56862736
923.99523926	2.56862736
923.99945068	2.56862736
924.00347900	2.56862736
924.00347900	2.56862736
924.00750732	2.56862736
924.01165771	2.56862736
924.01165771	2.56862736
924.01574707	2.56862736
924.01977539	2.56862736
924.02386475	2.56862736
924.02386475	2.56862736
924.02801514	2.54901958
924.03216553	2.54901958
924.03625488	2.54901958
924.03625488	2.54901958
924.04016113	2.54901958
924.04431152	2.54901958
924.04840088	2.54901958
924.04840088	2.52941179
924.05255127	2.52941179
924.05676270	2.52941179
924.05676270	2.52941179
924.06072998	2.52941179
924.06488037	2.52941179
924.06896973	2.52941179
924.06896973	2.52941179
924.07293701	2.50980401
924.07702637	2.50980401
924.08117676	2.50980401
924.08117676	2.50980401
924.08532715	2.50980401
924.08941650	2.50980401
924.09356689	2.50980401
924.09356689	2.50980401
924.09753418	2.50980401
924.10168457	2.50980401
924.10168457	2.50980401
924.10583496	2.49019599
924.10980225	2.49019599
924.11395264	2.49019599
924.11395264	2.49019599
924.11804199	2.49019599
924.12219238	2.49019599
924.12628174	2.49019599
924.12628174	2.49019599
924.13031006	2.49019599
924.13446045	2.49019599
924.13854980	2.49019599
924.13854980	2.49019599
924.14270020	2.49019599
924.14678955	2.49019599
924.14678955	2.49019599
924.15081787	2.49019599
924.15490723	2.49019599
924.15905762	2.49019599
924.15905762	2.49019599
924.16302490	2.49019599
924.16717529	2.49019599
924.17138672	2.49019599
924.17138672	2.49019599
924.17547607	2.49019599
924.17956543	2.49019599
924.18359375	2.50980401
924.18359375	2.50980401
924.18774414	2.50980401
924.19177246	2.50980401
924.19592285	2.50980401
924.19989014	2.50980401
924.20404053	2.50980401
924.20404053	2.50980401
924.20819092	2.50980401
924.21228027	2.50980401
924.21643066	2.50980401
924.21643066	2.50980401
924.22058105	2.50980401
924.22454834	2.52941179
924.22875977	2.52941179
924.22875977	2.52941179
924.23284912	2.52941179
924.23687744	2.52941179
924.24096680	2.52941179
924.24511719	2.52941179
924.24926758	2.52941179
924.24926758	2.52941179
924.25323486	2.52941179
924.25726318	2.52941179
924.26141357	2.52941179
924.26141357	2.52941179
924.26550293	2.52941179
924.26959229	2.52941179
924.27368164	2.52941179
924.27368164	2.52941179
924.27783203	2.52941179
924.28192139	2.52941179
924.28613281	2.54901958
924.29010010	2.54901958
924.29418945	2.54901958
924.29418945	2.54901958
924.29833984	2.54901958
924.30242920	2.54901958
924.30664063	2.54901958
924.30664063	2.54901958
924.31054688	2.54901958
924.31469727	2.54901958
924.31896973	2.54901958
924.31896973	2.54901958
924.32281494	2.54901958
924.32690430	2.54901958
924.33105469	2.54901958
924.33514404	2.54901958
924.33929443	2.54901958
924.33929443	2.54901958
924.34326172	2.54901958
924.34753418	2.54901958
924.35150146	2.54901958
924.35150146	2.54901958
924.35571289	2.54901958
924.35974121	2.54901958
924.36383057	2.54901958
924.36383057	2.54901958
924.36798096	2.54901958
924.37213135	2.54901958
924.37622070	2.54901958
924.38018799	2.54901958
924.38427734	2.54901958
924.38427734	2.54901958
924.38842773	2.54901958
924.39257813	2.54901958
924.39654541	2.54901958
924.39654541	2.54901958
924.40069580	2.54901958
924.40478516	2.54901958
924.40893555	2.54901958
924.40893555	2.54901958
924.41290283	2.54901958
924.41711426	2.54901958
924.42126465	2.54901958
924.42535400	2.54901958
924.42950439	2.54901958
924.42950439	2.54901958
924.43359375	2.54901958
924.43762207	2.54901958
924.44165039	2.54901958
924.44165039	2.54901958
924.44580078	2.54901958
924.44982910	2.54901958
924.45391846	2.54901958
924.45391846	2.54901958
924.45806885	2.56862736
924.46215820	2.54901958
924.46630859	2.56862736
924.47027588	2.56862736
924.47454834	2.56862736
924.47454834	2.56862736
924.47863770	2.56862736
924.48272705	2.56862736
924.48675537	2.56862736
924.48675537	2.56862736
924.49084473	2.56862736
924.49499512	2.56862736
924.49908447	2.56862736
924.49908447	2.56862736
924.50305176	2.56862736
924.50714111	2.56862736
924.51129150	2.56862736
924.51129150	2.56862736
924.51538086	2.56862736
924.51959229	2.56862736
924.51959229	2.56862736
924.52355957	2.56862736
924.52764893	2.56862736
924.53179932	2.56862736
924.53179932	2.56862736
924.53588867	2.56862736
924.53997803	2.56862736
924.54412842	2.56862736
924.54412842	2.56862736
924.54821777	2.56862736
924.55230713	2.56862736
924.55651855	2.56862736
924.55651855	2.56862736
924.56054688	2.56862736
924.56457520	2.56862736
924.56457520	2.56862736
924.56866455	2.56862736
924.57281494	2.56862736
924.57678223	2.56862736
924.57678223	2.56862736
924.58093262	2.56862736
924.58502197	2.56862736
924.58917236	2.56862736
924.58917236	2.56862736
924.59313965	2.54901958
924.59735107	2.54901958
924.60150146	2.54901958
924.60150146	2.54901958
924.60559082	2.54901958
924.60974121	2.54901958
924.60974121	2.54901958
924.61370850	2.52941179
924.61785889	2.52941179
924.62200928	2.52941179
924.62200928	2.52941179
924.62609863	2.52941179
924.63006592	2.52941179
924.63421631	2.52941179
924.63421631	2.50980401
924.63824463	2.50980401
924.64245605	2.50980401
924.64654541	2.50980401
924.64654541	2.50980401
924.65057373	2.50980401
924.65472412	2.50980401
924.65472412	2.50980401
924.65881348	2.50980401
924.66296387	2.50980401
924.66693115	2.50980401
924.66693115	2.49019599
924.67102051	2.49019599
924.67517090	2.49019599
924.67938232	2.49019599
924.67938232	2.49019599
924.68334961	2.49019599
924.68762207	2.49019599
924.69152832	2.49019599
924.69152832	2.49019599
924.69567871	2.49019599
924.69976807	2.49019599
924.70379639	2.49019599
924.70788574	2.49019599
924.71203613	2.49019599
924.71203613	2.49019599
924.71600342	2.50980401
924.72015381	2.50980401
924.72430420	2.50980401
924.72430420	2.50980401
924.72851563	2.50980401
924.73260498	2.50980401
924.73675537	2.50980401
924.73675537	2.50980401
924.74072266	2.50980401
924.74487305	2.50980401
924.74896240	2.50980401
924.75299072	2.50980401
924.75701904	2.50980401
924.75701904	2.52941179
924.76116943	2.52941179
924.76525879	2.52941179
924.76940918	2.52941179
924.76940918	2.52941179
924.77355957	2.52941179
924.77752686	2.52941179
924.78167725	2.52941179
924.78167725	2.52941179
924.78582764	2.52941179
924.78985596	2.52941179
924.79394531	2.52941179
924.79809570	2.52941179
924.80230713	2.54901958
924.80230713	2.54901958
924.80621338	2.54901958
924.81048584	2.54901958
924.81457520	2.54901958
924.81457520	2.54901958
924.81854248	2.54901958
924.82269287	2.54901958
924.82666016	2.54901958
924.82666016	2.54901958
924.83081055	2.54901958
924.83489990	2.54901958
924.83905029	2.54901958
924.84301758	2.56862736
924.84722900	2.56862736
924.84722900	2.56862736
924.85137939	2.56862736
924.85546875	2.56862736
924.85961914	2.56862736
924.85961914	2.56862736
924.86358643	2.56862736
924.86773682	2.56862736
924.87188721	2.56862736
924.87188721	2.56862736
924.87597656	2.56862736
924.88000488	2.56862736
924.88409424	2.56862736
924.88830566	2.56862736
924.89239502	2.56862736
924.89239502	2.56862736
924.89636230	2.56862736
924.90063477	2.56862736
924.90466309	2.56862736
924.90466309	2.56862736
924.90875244	2.56862736
924.91278076	2.56862736
924.91680908	2.56862736
924.91680908	2.56862736
924.92089844	2.56862736
924.92504883	2.56862736
924.92913818	2.56862736
924.93316650	2.56862736
924.93731689	2.56862736
924.93731689	2.56862736
924.94140625	2.56862736
924.94555664	2.56862736
924.94964600	2.56862736
924.94964600	2.56862736
924.95373535	2.56862736
924.95776367	2.56862736
924.96197510	2.56862736
924.96197510	2.56862736
924.96600342	2.56862736
924.97009277	2.56862736
924.97418213	2.56862736
924.97833252	2.56862736
924.98248291	2.56862736
924.98248291	2.56862736
924.98651123	2.56862736
924.99060059	2.56862736
924.99475098	2.56862736
924.99475098	2.56862736
924.99884033	2.56862736
925.00286865	2.56862736
925.00689697	2.56862736
925.00689697	2.56862736
925.01104736	2.56862736
925.01513672	2.56862736
925.01928711	2.56862736
925.01928711	2.56862736
925.02325439	2.56862736
925.02758789	2.56862736
925.02758789	2.56862736
925.03149414	2.56862736
925.03570557	2.56862736
925.03985596	2.56862736
925.03985596	2.56862736
925.04382324	2.56862736
925.04797363	2.56862736
925.05212402	2.56862736
925.05212402	2.56862736
925.05609131	2.56862736
925.06018066	2.56862736
925.06427002	2.56862736
925.06427002	2.56862736
925.06842041	2.56862736
925.07257080	2.56862736
925.07257080	2.56862736
925.07653809	2.56862736
925.08068848	2.56862736
925.08477783	2.56862736
925.08477783	2.56862736
925.08892822	2.56862736
925.09289551	2.56862736
925.09710693	2.56862736
925.09710693	2.56862736
925.10125732	2.56862736
925.10534668	2.56862736
925.10949707	2.56862736
925.10949707	2.56862736
925.11358643	2.56862736
925.11755371	2.56862736
925.11755371	2.56862736
925.12176514	2.58823538
925.12585449	2.56862736
925.13000488	2.56862736
925.13000488	2.56862736
925.13391113	2.56862736
925.13800049	2.56862736
925.14215088	2.56862736
925.14215088	2.56862736
925.14617920	2.56862736
925.15032959	2.56862736
925.15454102	2.56862736
925.15454102	2.56862736
925.15856934	2.56862736
925.16265869	2.54901958
925.16265869	2.54901958
925.16668701	2.54901958
925.17083740	2.54901958
925.17498779	2.54901958
925.17498779	2.54901958
925.17913818	2.52941179
925.18310547	2.52941179
925.18719482	2.52941179
925.18719482	2.52941179
925.19128418	2.52941179
925.19543457	2.52941179
925.19952393	2.52941179
925.19952393	2.52941179
925.20355225	2.50980401
925.20764160	2.50980401
925.20764160	2.50980401
925.21179199	2.50980401
925.21588135	2.50980401
925.21990967	2.50980401
925.21990967	2.50980401
925.22406006	2.50980401
925.22821045	2.50980401
925.23236084	2.50980401
925.23236084	2.50980401
925.23651123	2.50980401
925.24066162	2.50980401
925.24456787	2.50980401
925.24456787	2.50980401
925.24871826	2.50980401
925.25280762	2.50980401
925.25677490	2.50980401
925.26092529	2.50980401
925.26501465	2.50980401
925.26501465	2.50980401
925.26916504	2.50980401
925.27313232	2.50980401
925.27728271	2.50980401
925.27728271	2.50980401
925.28137207	2.50980401
925.28558350	2.50980401
925.28973389	2.50980401
925.28973389	2.50980401
925.29376221	2.50980401
925.29785156	2.50980401
925.30200195	2.50980401
925.30609131	2.50980401
925.31024170	2.50980401
925.31024170	2.50980401
925.31420898	2.50980401
925.31823730	2.50980401
925.32244873	2.50980401
925.32244873	2.50980401
925.32653809	2.50980401
925.33056641	2.52941179
925.33465576	2.52941179
925.33465576	2.52941179
925.33880615	2.52941179
925.34289551	2.52941179
925.34698486	2.52941179
925.35101318	2.52941179
925.35522461	2.52941179
925.35522461	2.52941179
925.35937500	2.52941179
925.36334229	2.52941179
925.36761475	2.52941179
925.36761475	2.52941179
925.37164307	2.52941179
925.37573242	2.54901958
925.37988281	2.54901958
925.37988281	2.54901958
925.38378906	2.54901958
925.38787842	2.54901958
925.39202881	2.54901958
925.39611816	2.54901958
925.40014648	2.54901958
925.40014648	2.54901958
925.40429688	2.54901958
925.40844727	2.54901958
925.41253662	2.54901958
925.41253662	2.54901958
925.41656494	2.54901958
925.42077637	2.54901958
925.42486572	2.54901958
925.42486572	2.54901958
925.42901611	2.54901958
925.43310547	2.54901958
925.43707275	2.54901958
925.44116211	2.54901958
925.44531250	2.54901958
925.44531250	2.54901958
925.44940186	2.54901958
925.45361328	2.54901958
925.45751953	2.54901958
925.45751953	2.54901958
925.46166992	2.54901958
925.46575928	2.54901958
925.46990967	2.54901958
925.46990967	2.54901958
925.47387695	2.54901958
925.47808838	2.54901958
925.48223877	2.54901958
925.48632813	2.54901958
925.49035645	2.54901958
925.49035645	2.54901958
925.49444580	2.54901958
925.49859619	2.54901958
925.50274658	2.54901958
925.50274658	2.54901958
925.50665283	2.54901958
925.51080322	2.54901958
925.51489258	2.54901958
925.51489258	2.54901958
925.51898193	2.54901958
925.52301025	2.54901958
925.52716064	2.54901958
925.53125000	2.54901958
925.53540039	2.54901958
925.53540039	2.54901958
925.53961182	2.54901958
925.54357910	2.54901958
925.54772949	2.54901958
925.54772949	2.54901958
925.55187988	2.54901958
925.55596924	2.54901958
925.56011963	2.54901958
925.56011963	2.54901958
925.56402588	2.54901958
925.56811523	2.54901958
925.57226563	2.54901958
925.57226563	2.54901958
925.57629395	2.54901958
925.58050537	2.56862736
925.58050537	2.56862736
925.58453369	2.56862736
925.58862305	2.56862736
925.59277344	2.54901958
925.59277344	2.56862736
925.59680176	2.56862736
925.60095215	2.56862736
925.60510254	2.56862736
925.60510254	2.56862736
925.60925293	2.56862736
925.61322021	2.56862736
925.61730957	2.56862736
925.61730957	2.56862736
925.62145996	2.56862736
925.62561035	2.56862736
925.62561035	2.56862736
925.62957764	2.56862736
925.63366699	2.56862736
925.63775635	2.56862736
925.63775635	2.56862736
925.64190674	2.56862736
925.64599609	2.56862736
925.65002441	2.56862736
925.65002441	2.56862736
925.65417480	2.56862736
925.65826416	2.56862736
925.66241455	2.56862736
925.66241455	2.56862736
925.66656494	2.56862736
925.67059326	2.56862736
925.67059326	2.56862736
925.67474365	2.56862736
925.67883301	2.56862736
925.68298340	2.56862736
925.68298340	2.56862736
925.68695068	2.56862736
925.69110107	2.56862736
925.69519043	2.56862736
925.69519043	2.56862736
925.69927979	2.56862736
925.70330811	2.56862736
925.70751953	2.54901958
925.70751953	2.54901958
925.71154785	2.54901958
925.71563721	2.54901958
925.71563721	2.54901958
925.71966553	2.54901958
925.72375488	2.54901958
925.72796631	2.54901958
925.72796631	2.52941179
925.73211670	2.52941179
925.73602295	2.52941179
925.74023438	2.52941179
925.74023438	2.52941179
925.74438477	2.52941179
925.74847412	2.52941179
925.75256348	2.52941179
925.75256348	2.50980401
925.75653076	2.50980401
925.76062012	2.50980401
925.76477051	2.50980401
925.76898193	2.50980401
925.77301025	2.50980401
925.77301025	2.50980401
925.77703857	2.50980401
925.78118896	2.50980401
925.78533936	2.50980401
925.78533936	2.50980401
925.78948975	2.50980401
925.79357910	2.49019599
925.79760742	2.49019599
925.79760742	2.49019599
925.80169678	2.49019599
925.80584717	2.49019599
925.80987549	2.49019599
925.81396484	2.49019599
925.81811523	2.49019599
925.81811523	2.49019599
925.82214355	2.49019599
925.82629395	2.49019599
925.83026123	2.49019599
925.83026123	2.49019599
925.83441162	2.49019599
925.83850098	2.49019599
925.84265137	2.50980401
925.84265137	2.50980401
925.84667969	2.50980401
925.85076904	2.50980401
925.85491943	2.50980401
925.85906982	2.50980401
925.86315918	2.50980401
925.86315918	2.50980401
925.86718750	2.50980401
925.87139893	2.50980401
925.87548828	2.50980401
925.87548828	2.50980401
925.87957764	2.50980401
925.88354492	2.50980401
925.88769531	2.50980401
925.88769531	2.50980401
925.89178467	2.52941179
925.89587402	2.52941179
925.89990234	2.52941179
925.90405273	2.52941179
925.90814209	2.52941179
925.90814209	2.52941179
925.91229248	2.52941179
925.91632080	2.52941179
925.92059326	2.52941179
925.92059326	2.52941179
925.92456055	2.52941179
925.92871094	2.52941179
925.93286133	2.52941179
925.93286133	2.54901958
925.93682861	2.54901958
925.94097900	2.54901958
925.94506836	2.54901958
925.94915771	2.54901958
925.95330811	2.54901958
925.95330811	2.54901958
925.95727539	2.54901958
925.96142578	2.54901958
925.96551514	2.54901958
925.96551514	2.54901958
925.96966553	2.54901958
925.97363281	2.54901958
925.97784424	2.54901958
925.97784424	2.54901958
925.98199463	2.54901958
925.98602295	2.54901958
925.99011230	2.54901958
925.99420166	2.54901958
925.99835205	2.54901958
925.99835205	2.54901958
926.00244141	2.54901958
926.00653076	2.54901958
926.01049805	2.54901958
926.01049805	2.54901958
926.01464844	2.52941179
926.01873779	2.52941179
926.02288818	2.54901958
926.02288818	2.54901958
926.02691650	2.54901958
926.03100586	2.54901958
926.03515625	2.54901958
926.03924561	2.54901958
926.04333496	2.54901958
926.04333496	2.54901958
926.04760742	2.54901958
926.05163574	2.54901958
926.05572510	2.54901958
926.05572510	2.54901958
926.05969238	2.54901958
926.06378174	2.54901958
926.06787109	2.54901958
926.06787109	2.54901958
926.07202148	2.54901958
926.07611084	2.54901958
926.08013916	2.54901958
926.08428955	2.54901958
926.08843994	2.54901958
926.08843994	2.54901958
926.09252930	2.54901958
926.09655762	2.54901958
926.10070801	2.54901958
926.10070801	2.54901958
926.10485840	2.54901958
926.10900879	2.54901958
926.11309814	2.54901958
926.11309814	2.54901958
926.11706543	2.54901958
926.12121582	2.54901958
926.12536621	2.54901958
926.12536621	2.54901958
926.12945557	2.54901958
926.13354492	2.54901958
926.13354492	2.54901958
926.13751221	2.54901958
926.14166260	2.54901958
926.14575195	2.54901958
926.14575195	2.54901958
926.14978027	2.54901958
926.15386963	2.54901958
926.15802002	2.54901958
926.15802002	2.54901958
926.16217041	2.54901958
926.16619873	2.54901958
926.17034912	2.54901958
926.17034912	2.54901958
926.17443848	2.54901958
926.17858887	2.54901958
926.17858887	2.54901958
926.18273926	2.54901958
926.18670654	2.54901958
926.19079590	2.54901958
926.19079590	2.54901958
926.19494629	2.54901958
926.19903564	2.54901958
926.20312500	2.54901958
926.20312500	2.54901958
926.20715332	2.54901958
926.21130371	2.56862736
926.21539307	2.54901958
926.21539307	2.54901958
926.21966553	2.54901958
926.22351074	2.56862736
926.22351074	2.56862736
926.22772217	2.56862736
926.23181152	2.56862736
926.23590088	2.54901958
926.23590088	2.54901958
926.23992920	2.54901958
926.24407959	2.54901958
926.24816895	2.54901958
926.24816895	2.54901958
926.25231934	2.54901958
926.25628662	2.54901958
926.26049805	2.54901958
926.26049805	2.54901958
926.26452637	2.54901958
926.26861572	2.54901958
926.26861572	2.52941179
926.27276611	2.52941179
926.27673340	2.52941179
926.28088379	2.52941179
926.28088379	2.52941179
926.28503418	2.52941179
926.28924561	2.52941179
926.29333496	2.52941179
926.29333496	2.52941179
926.29730225	2.52941179
926.30145264	2.52941179
926.30554199	2.50980401
926.30554199	2.50980401
926.30957031	2.50980401
926.31365967	2.50980401
926.31774902	2.50980401
926.32196045	2.50980401
926.32598877	2.50980401
926.32598877	2.50980401
926.33001709	2.50980401
926.33410645	2.50980401
926.33825684	2.50980401
926.33825684	2.50980401
926.34240723	2.50980401
926.34655762	2.49019599
926.35058594	2.49019599
926.35058594	2.49019599
926.35473633	2.49019599
926.35882568	2.49019599
926.36297607	2.49019599
926.36694336	2.49019599
926.37109375	2.49019599
926.37109375	2.49019599
926.37518311	2.49019599
926.37933350	2.49019599
926.38336182	2.50980401
926.38336182	2.49019599
926.38763428	2.50980401
926.39160156	2.50980401
926.39569092	2.50980401
926.39569092	2.50980401
926.39971924	2.50980401
926.40386963	2.50980401
926.40802002	2.50980401
926.41204834	2.50980401
926.41613770	2.50980401
926.41613770	2.50980401
926.42016602	2.50980401
926.42425537	2.50980401
926.42840576	2.50980401
926.42840576	2.50980401
926.43249512	2.50980401
926.43658447	2.50980401
926.44067383	2.52941179
926.44067383	2.52941179
926.44476318	2.52941179
926.44891357	2.52941179
926.45306396	2.52941179
926.45703125	2.52941179
926.46112061	2.52941179
926.46112061	2.52941179
926.46527100	2.52941179
926.46954346	2.52941179
926.47351074	2.52941179
926.47351074	2.52941179
926.47753906	2.52941179
926.48175049	2.52941179
926.48577881	2.54901958
926.48577881	2.54901958
926.48980713	2.54901958
926.49395752	2.54901958
926.49810791	2.54901958
926.50219727	2.54901958
926.50628662	2.54901958
926.50628662	2.54901958
926.51025391	2.54901958
926.51440430	2.54901958
926.51849365	2.54901958
926.51849365	2.54901958
926.52264404	2.54901958
926.52661133	2.54901958
926.53076172	2.54901958
926.53076172	2.54901958
926.53485107	2.54901958
926.53906250	2.54901958
926.54321289	2.54901958
926.54718018	2.54901958
926.55133057	2.54901958
926.55133057	2.54901958
926.55548096	2.54901958
926.55957031	2.54901958
926.56353760	2.54901958
926.56353760	2.54901958
926.56762695	2.54901958
926.57177734	2.54901958
926.57586670	2.54901958
926.57586670	2.54901958
926.57989502	2.54901958
926.58398438	2.56862736
926.58813477	2.56862736
926.59228516	2.56862736
926.59643555	2.56862736
926.59643555	2.56862736
926.60058594	2.56862736
926.60455322	2.56862736
926.60870361	2.56862736
926.60870361	2.56862736
926.61273193	2.56862736
926.61682129	2.56862736
926.62097168	2.56862736
926.62097168	2.56862736
926.62512207	2.56862736
926.62921143	2.56862736
926.63317871	2.56862736
926.63317871	2.56862736
926.63726807	2.56862736
926.64135742	2.56862736
926.64135742	2.56862736
926.64550781	2.56862736
926.64953613	2.56862736
926.65362549	2.56862736
926.65362549	2.56862736
926.65777588	2.56862736
926.66186523	2.56862736
926.66607666	2.56862736
926.66607666	2.56862736
926.67004395	2.56862736
926.67419434	2.56862736
926.67834473	2.56862736
926.67834473	2.56862736
926.68243408	2.56862736
926.68664551	2.56862736
926.68664551	2.56862736
926.69067383	2.56862736
926.69476318	2.56862736
926.69885254	2.56862736
926.69885254	2.56862736
926.70288086	2.56862736
926.70697021	2.56862736
926.71112061	2.56862736
926.71112061	2.56862736
926.71527100	2.56862736
926.71942139	2.56862736
926.72332764	2.56862736
926.72332764	2.56862736
926.72760010	2.56862736
926.73156738	2.56862736
926.73156738	2.56862736
926.73583984	2.56862736
926.73968506	2.56862736
926.74371338	2.56862736
926.74371338	2.56862736
926.74792480	2.56862736
926.75201416	2.56862736
926.75616455	2.56862736
926.75616455	2.56862736
926.76019287	2.56862736
926.76434326	2.58823538
926.76849365	2.58823538
926.76849365	2.58823538
926.77258301	2.58823538
926.77661133	2.58823538
926.77661133	2.58823538
926.78070068	2.58823538
926.78485107	2.58823538
926.78900146	2.58823538
926.78900146	2.58823538
926.79296875	2.56862736
926.79705811	2.56862736
926.80120850	2.56862736
926.80120850	2.56862736
926.80541992	2.56862736
926.80950928	2.56862736
926.81359863	2.56862736
926.81359863	2.56862736
926.81762695	2.56862736
926.82177734	2.56862736
926.82586670	2.54901958
926.82989502	2.54901958
926.83404541	2.54901958
926.83404541	2.54901958
926.83813477	2.54901958
926.84222412	2.54901958
926.84631348	2.52941179
926.84631348	2.52941179
926.85034180	2.52941179
926.85455322	2.52941179
926.85864258	2.52941179
926.85864258	2.52941179
926.86260986	2.52941179
926.86663818	2.52941179
926.87078857	2.50980401
926.87487793	2.50980401
926.87908936	2.50980401
926.87908936	2.50980401
926.88305664	2.50980401
926.88720703	2.50980401
926.89135742	2.50980401
926.89135742	2.50980401
926.89538574	2.50980401
926.89953613	2.50980401
926.90356445	2.50980401
926.90356445	2.50980401
926.90771484	2.50980401
926.91186523	2.50980401
926.91595459	2.50980401
926.91992188	2.50980401
926.92413330	2.50980401
926.92413330	2.50980401
926.92822266	2.50980401
926.93237305	2.50980401
926.93658447	2.50980401
926.93658447	2.50980401
926.94067383	2.50980401
926.94464111	2.50980401
926.94879150	2.50980401
926.94879150	2.50980401
926.95281982	2.50980401
926.95684814	2.50980401
926.96105957	2.50980401
926.96514893	2.50980401
926.96923828	2.52941179
926.96923828	2.52941179
926.97320557	2.52941179
926.97735596	2.52941179
926.98162842	2.52941179
926.98162842	2.52941179
926.98553467	2.52941179
926.98950195	2.52941179
926.99365234	2.52941179
926.99365234	2.52941179
926.99774170	2.52941179
927.00189209	2.52941179
927.00610352	2.52941179
927.01000977	2.52941179
927.01416016	2.52941179
927.01416016	2.54901958
927.01824951	2.54901958
927.02239990	2.54901958
927.02648926	2.54901958
927.02648926	2.54901958
927.03051758	2.54901958
927.03466797	2.54901958
927.03881836	2.54901958
927.03881836	2.54901958
927.04278564	2.54901958
927.04693604	2.54901958
927.05108643	2.54901958
927.05511475	2.54901958
927.05932617	2.54901958
927.05932617	2.54901958
927.06329346	2.54901958
927.06750488	2.54901958
927.07153320	2.54901958
927.07153320	2.54901958
927.07568359	2.54901958
927.07965088	2.54901958
927.08380127	2.54901958
927.08380127	2.54901958
927.08789063	2.54901958
927.09204102	2.54901958
927.09613037	2.54901958
927.10015869	2.54901958
927.10430908	2.54901958
927.10430908	2.54901958
927.10845947	2.54901958
927.11254883	2.54901958
927.11657715	2.54901958
927.11657715	2.54901958
927.12072754	2.54901958
927.12475586	2.54901958
927.12890625	2.54901958
927.12890625	2.54901958
927.13287354	2.54901958
927.13702393	2.54901958
927.14111328	2.54901958
927.14526367	2.54901958
927.14941406	2.54901958
927.14941406	2.54901958
927.15350342	2.54901958
927.15753174	2.54901958
927.16168213	2.54901958
927.16168213	2.54901958
927.16583252	2.54901958
927.16979980	2.54901958
927.17395020	2.54901958
927.17395020	2.54901958
927.17803955	2.54901958
927.18218994	2.54901958
927.18634033	2.54901958
927.18634033	2.54901958
927.19030762	2.54901958
927.19464111	2.54901958
927.19464111	2.54901958
927.19860840	2.54901958
927.20275879	2.54901958
927.20666504	2.54901958
927.20666504	2.54901958
927.21081543	2.54901958
927.21496582	2.54901958
927.21917725	2.54901958
927.21917725	2.54901958
927.22302246	2.54901958
927.22711182	2.54901958
927.23126221	2.54901958
927.23126221	2.54901958
927.23541260	2.54901958
927.23956299	2.54901958
927.23956299	2.54901958
927.24353027	2.54901958
927.24768066	2.54901958
927.25183105	2.54901958
927.25183105	2.54901958
927.25592041	2.54901958
927.25988770	2.54901958
927.26403809	2.56862736
927.26403809	2.56862736
927.26812744	2.56862736
927.27227783	2.56862736
927.27636719	2.56862736
927.27636719	2.56862736
927.28051758	2.56862736
927.28448486	2.56862736
927.28448486	2.56862736
927.28869629	2.56862736
927.29284668	2.56862736
927.29681396	2.56862736
927.29681396	2.56862736
927.30096436	2.56862736
927.30511475	2.56862736
927.30920410	2.56862736
927.30920410	2.56862736
927.31317139	2.56862736
927.31726074	2.56862736
927.32135010	2.56862736
927.32135010	2.56862736
927.32550049	2.56862736
927.32965088	2.56862736
927.32965088	2.56862736
927.33367920	2.56862736
927.33776855	2.56862736
927.34191895	2.56862736
927.34191895	2.56862736
927.34600830	2.56862736
927.35003662	2.56862736
927.35418701	2.56862736
927.35418701	2.56862736
927.35833740	2.56862736
927.36248779	2.56862736
927.36657715	2.56862736
927.36657715	2.56862736
927.37060547	2.56862736
927.37463379	2.54901958
927.37878418	2.54901958
927.38287354	2.54901958
927.38690186	2.54901958
927.38690186	2.54901958
927.39099121	2.54901958
927.39514160	2.52941179
927.39923096	2.52941179
927.39923096	2.52941179
927.40325928	2.52941179
927.40753174	2.52941179
927.41162109	2.52941179
927.41162109	2.52941179
927.41564941	2.52941179
927.41979980	2.52941179
927.42382813	2.52941179
927.42791748	2.50980401
927.43206787	2.50980401
927.43206787	2.50980401
927.43609619	2.50980401
927.44024658	2.50980401
927.44439697	2.50980401
927.44439697	2.50980401
927.44848633	2.50980401
927.45257568	2.50980401
927.45672607	2.50980401
927.45672607	2.50980401
927.46069336	2.50980401
927.46484375	2.50980401
927.46899414	2.50980401
927.47296143	2.50980401
927.47711182	2.50980401
927.47711182	2.50980401
927.48114014	2.50980401
927.48535156	2.50980401
927.48950195	2.50980401
927.48950195	2.50980401
927.49353027	2.50980401
927.49749756	2.50980401
927.50164795	2.50980401
927.50164795	2.50980401
927.50579834	2.50980401
927.50994873	2.50980401
927.51397705	2.50980401
927.51806641	2.50980401
927.52221680	2.50980401
927.52221680	2.50980401
927.52636719	2.50980401
927.53027344	2.50980401
927.53460693	2.50980401
927.53460693	2.50980401
927.53857422	2.52941179
927.54272461	2.52941179
927.54687500	2.52941179
927.54687500	2.52941179
927.55090332	2.52941179
927.55499268	2.52941179
927.55914307	2.52941179
927.56311035	2.52941179
927.56726074	2.52941179
927.56726074	2.52941179
927.57135010	2.52941179
927.57543945	2.52941179
927.57958984	2.52941179
927.57958984	2.52941179
927.58361816	2.54901958
927.58776855	2.54901958
927.59185791	2.54901958
927.59185791	2.54901958
927.59594727	2.54901958
927.59997559	2.54901958
927.60400391	2.54901958
927.60815430	2.54901958
927.61224365	2.54901958
927.61224365	2.54901958
927.61627197	2.54901958
927.62054443	2.54901958
927.62451172	2.54901958
927.62451172	2.54901958
927.62866211	2.54901958
927.63262939	2.54901958
927.63677979	2.54901958
927.63677979	2.54901958
927.64086914	2.54901958
927.64501953	2.54901958
927.64910889	2.54901958
927.65313721	2.54901958
927.65722656	2.54901958
927.65722656	2.54901958
927.66143799	2.54901958
927.66558838	2.54901958
927.66967773	2.54901958
927.66967773	2.54901958
927.67370605	2.54901958
927.67785645	2.54901958
927.68194580	2.54901958
927.68194580	2.54901958
927.68603516	2.54901958
927.69006348	2.54901958
927.69421387	2.54901958
927.69421387	2.54901958
927.69836426	2.54901958
927.70245361	2.54901958
927.70245361	2.54901958
927.70660400	2.54901958
927.71057129	2.54901958
927.71472168	2.54901958
927.71472168	2.54901958
927.71887207	2.54901958
927.72296143	2.54901958
927.72692871	2.54901958
927.72692871	2.54901958
927.73107910	2.54901958
927.73510742	2.54901958
927.73931885	2.54901958
927.73931885	2.54901958
927.74328613	2.54901958
927.74749756	2.54901958
927.74749756	2.54901958
927.75152588	2.54901958
927.75567627	2.54901958
927.75976563	2.54901958
927.75976563	2.54901958
927.76373291	2.54901958
927.76788330	2.54901958
927.77203369	2.54901958
927.77203369	2.54901958
927.77612305	2.54901958
927.78015137	2.54901958
927.78424072	2.54901958
927.78424072	2.54901958
927.78839111	2.54901958
927.79260254	2.54901958
927.79260254	2.54901958
927.79656982	2.54901958
927.80059814	2.54901958
927.80474854	2.54901958
927.80474854	2.54901958
927.80895996	2.54901958
927.81292725	2.54901958
927.81707764	2.54901958
927.81707764	2.54901958
927.82110596	2.54901958
927.82525635	2.54901958
927.82934570	2.54901958
927.82934570	2.54901958
927.83361816	2.54901958
927.83752441	2.54901958
927.83752441	2.54901958
927.84167480	2.54901958
927.84576416	2.54901958
927.84997559	2.54901958
927.84997559	2.54901958
927.85388184	2.54901958
927.85809326	2.54901958
927.86224365	2.54901958
927.86224365	2.54901958
927.86621094	2.54901958
927.87023926	2.54901958
927.87451172	2.54901958
927.87451172	2.56862736
927.87847900	2.54901958
927.88262939	2.56862736
927.88262939	2.56862736
927.88665771	2.56862736
927.89074707	2.56862736
927.89489746	2.56862736
927.89489746	2.54901958
927.89898682	2.54901958
927.90313721	2.56862736
927.90716553	2.54901958
927.90716553	2.54901958
927.91131592	2.54901958
927.91546631	2.54901958
927.91949463	2.54901958
927.91949463	2.54901958
927.92352295	2.54901958
927.92767334	2.54901958
927.93182373	2.54901958
927.93591309	2.54901958
927.93994141	2.52941179
927.93994141	2.52941179
927.94396973	2.52941179
927.94812012	2.52941179
927.95227051	2.52941179
927.95227051	2.52941179
927.95623779	2.52941179
927.96051025	2.52941179
927.96447754	2.52941179
927.96447754	2.52941179
927.96862793	2.52941179
927.97277832	2.50980401
927.97674561	2.50980401
927.98095703	2.50980401
927.98504639	2.50980401
927.98504639	2.50980401
927.98925781	2.50980401
927.99322510	2.50980401
927.99731445	2.50980401
927.99731445	2.50980401
928.00140381	2.50980401
928.00555420	2.50980401
928.00964355	2.50980401
928.00964355	2.50980401
928.01361084	2.50980401
928.01776123	2.50980401
928.02191162	2.50980401
928.02600098	2.50980401
928.03002930	2.50980401
928.03002930	2.50980401
928.03411865	2.50980401
928.03826904	2.50980401
928.04248047	2.50980401
928.04248047	2.50980401
928.04656982	2.50980401
928.05059814	2.50980401
928.05468750	2.50980401
928.05468750	2.50980401
928.05883789	2.50980401
928.06292725	2.50980401
928.06689453	2.50980401
928.07098389	2.50980401
928.07513428	2.50980401
928.07513428	2.50980401
928.07922363	2.50980401
928.08325195	2.50980401
928.08746338	2.52941179
928.08746338	2.52941179
928.09149170	2.50980401
928.09558105	2.52941179
928.09979248	2.52941179
928.09979248	2.52941179
928.10375977	2.52941179
928.10797119	2.52941179
928.11212158	2.52941179
928.11621094	2.52941179
928.12017822	2.52941179
928.12017822	2.52941179
928.12426758	2.52941179
928.12835693	2.52941179
928.13250732	2.52941179
928.13250732	2.52941179
928.13647461	2.54901958
928.14062500	2.54901958
928.14477539	2.54901958
928.14477539	2.54901958
928.14886475	2.54901958
928.15307617	2.54901958
928.15698242	2.54901958
928.16119385	2.54901958
928.16534424	2.54901958
928.16534424	2.54901958
928.16937256	2.54901958
928.17358398	2.54901958
928.17755127	2.54901958
928.17755127	2.54901958
928.18170166	2.54901958
928.18579102	2.54901958
928.18994141	2.54901958
928.18994141	2.54901958
928.19390869	2.54901958
928.19805908	2.54901958
928.20208740	2.54901958
928.20611572	2.54901958
928.21020508	2.54901958
928.21020508	2.54901958
928.21441650	2.54901958
928.21850586	2.54901958
928.22265625	2.54901958
928.22265625	2.54901958
928.22662354	2.54901958
928.23077393	2.54901958
928.23498535	2.54901958
928.23498535	2.54901958
928.23907471	2.54901958
928.24310303	2.54901958
928.24719238	2.54901958
928.24719238	2.54901958
928.25134277	2.54901958
928.25543213	2.54901958
928.25543213	2.54901958
928.25952148	2.54901958
928.26348877	2.54901958
928.26763916	2.54901958
928.26763916	2.54901958
928.27178955	2.54901958
928.27587891	2.54901958
928.27996826	2.54901958
928.27996826	2.54901958
928.28399658	2.54901958
928.28814697	2.54901958
928.29229736	2.54901958
928.29229736	2.54901958
928.29626465	2.54901958
928.30053711	2.54901958
928.30053711	2.54901958
928.30450439	2.54901958
928.30859375	2.54901958
928.31280518	2.54901958
928.31280518	2.54901958
928.31671143	2.54901958
928.32086182	2.54901958
928.32501221	2.54901958
928.32501221	2.54901958
928.32910156	2.56862736
928.33312988	2.56862736
928.33728027	2.56862736
928.33728027	2.56862736
928.34136963	2.56862736
928.34545898	2.56862736
928.34545898	2.56862736
928.34954834	2.56862736
928.35369873	2.56862736
928.35784912	2.56862736
928.35784912	2.56862736
928.36193848	2.56862736
928.36602783	2.56862736
928.37005615	2.56862736
928.37005615	2.56862736
928.37420654	2.56862736
928.37829590	2.56862736
928.38238525	2.56862736
928.38238525	2.56862736
928.38653564	2.56862736
928.39050293	2.56862736
928.39050293	2.56862736
928.39465332	2.56862736
928.39874268	2.56862736
928.40295410	2.56862736
928.40295410	2.56862736
928.40686035	2.56862736
928.41101074	2.56862736
928.41522217	2.56862736
928.41522217	2.56862736
928.41931152	2.58823538
928.42327881	2.58823538
928.42755127	2.58823538
928.42755127	2.58823538
928.43157959	2.58823538
928.43579102	2.58823538
928.43969727	2.58823538
928.44384766	2.58823538
928.44799805	2.58823538
928.44799805	2.58823538
928.45208740	2.58823538
928.45623779	2.58823538
928.46020508	2.58823538
928.46020508	2.58823538
928.46447754	2.58823538
928.46850586	2.58823538
928.47259521	2.58823538
928.47259521	2.58823538
928.47650146	2.58823538
928.48059082	2.58823538
928.48474121	2.58823538
928.48889160	2.58823538
928.49298096	2.56862736
928.49298096	2.56862736
928.49700928	2.56862736
928.50115967	2.56862736
928.50531006	2.56862736
928.50531006	2.56862736
928.50939941	2.56862736
928.51348877	2.56862736
928.51751709	2.56862736
928.51751709	2.54901958
928.52166748	2.54901958
928.52575684	2.54901958
928.52972412	2.54901958
928.53387451	2.54901958
928.53802490	2.52941179
928.53802490	2.52941179
928.54217529	2.52941179
928.54620361	2.52941179
928.55029297	2.52941179
928.55029297	2.52941179
928.55444336	2.52941179
928.55859375	2.52941179
928.56274414	2.52941179
928.56274414	2.50980401
928.56658936	2.50980401
928.57073975	2.50980401
928.57489014	2.50980401
928.57897949	2.50980401
928.58312988	2.50980401
928.58312988	2.50980401
928.58715820	2.50980401
928.59124756	2.50980401
928.59539795	2.50980401
928.59539795	2.50980401
928.59954834	2.50980401
928.60357666	2.50980401
928.60766602	2.50980401
928.60766602	2.50980401
928.61181641	2.50980401
928.61596680	2.50980401
928.61993408	2.50980401
928.62408447	2.50980401
928.62817383	2.50980401
928.62817383	2.50980401
928.63226318	2.50980401
928.63623047	2.50980401
928.64050293	2.50980401
928.64050293	2.50980401
928.64453125	2.50980401
928.64862061	2.50980401
928.65283203	2.50980401
928.65283203	2.50980401
928.65673828	2.52941179
928.66088867	2.52941179
928.66503906	2.52941179
928.66918945	2.52941179
928.67333984	2.52941179
928.67333984	2.52941179
928.67730713	2.52941179
928.68145752	2.52941179
928.68554688	2.52941179
928.68554688	2.52941179
928.68957520	2.52941179
928.69366455	2.52941179
928.69775391	2.52941179
928.69775391	2.54901958
928.70184326	2.54901958
928.70605469	2.54901958
928.71002197	2.54901958
928.71411133	2.54901958
928.71826172	2.54901958
928.71826172	2.54901958
928.72241211	2.54901958
928.72650146	2.54901958
928.73052979	2.54901958
928.73052979	2.54901958
928.73461914	2.54901958
928.73883057	2.54901958
928.74285889	2.54901958
928.74285889	2.54901958
928.74688721	2.54901958
928.75103760	2.54901958
928.75524902	2.54901958
928.75524902	2.54901958
928.75921631	2.54901958
928.76336670	2.56862736
928.76336670	2.54901958
928.76751709	2.54901958
928.77148438	2.54901958
928.77563477	2.54901958
928.77563477	2.54901958
928.77960205	2.56862736
928.78375244	2.54901958
928.78784180	2.54901958
928.78784180	2.54901958
928.79205322	2.54901958
928.79620361	2.54901958
928.80017090	2.54901958
928.80017090	2.54901958
928.80432129	2.54901958
928.80847168	2.54901958
928.80847168	2.54901958
928.81256104	2.54901958
928.81652832	2.54901958
928.82061768	2.54901958
928.82061768	2.54901958
928.82476807	2.54901958
928.82885742	2.54901958
928.83300781	2.54901958
928.83300781	2.54901958
928.83697510	2.54901958
928.84112549	2.54901958
928.84521484	2.56862736
928.84521484	2.54901958
928.84936523	2.54901958
928.85363770	2.54901958
928.85363770	2.54901958
928.85754395	2.54901958
928.86169434	2.54901958
928.86578369	2.56862736
928.86578369	2.54901958
928.86975098	2.54901958
928.87390137	2.54901958
928.87799072	2.54901958
928.87799072	2.54901958
928.88214111	2.56862736
928.88610840	2.56862736
928.89025879	2.56862736
928.89025879	2.56862736
928.89434814	2.56862736
928.89849854	2.56862736
928.89849854	2.56862736
928.90258789	2.56862736
928.90661621	2.56862736
928.91076660	2.56862736
928.91076660	2.56862736
928.91497803	2.56862736
928.91912842	2.56862736
928.92321777	2.56862736
928.92321777	2.56862736
928.92718506	2.56862736
928.93133545	2.56862736
928.93536377	2.56862736
928.93536377	2.56862736
928.93951416	2.56862736
928.94348145	2.56862736
928.94348145	2.56862736
928.94763184	2.56862736
928.95172119	2.56862736
928.95587158	2.56862736
928.95587158	2.56862736
928.95983887	2.56862736
928.96398926	2.56862736
928.96813965	2.56862736
928.96813965	2.56862736
928.97229004	2.56862736
928.97631836	2.56862736
928.98059082	2.56862736
928.98059082	2.56862736
928.98455811	2.56862736
928.98870850	2.56862736
928.99279785	2.56862736
928.99676514	2.56862736
929.00091553	2.56862736
929.00091553	2.56862736
929.00506592	2.56862736
929.00909424	2.56862736
929.01324463	2.56862736
929.01324463	2.56862736
929.01727295	2.56862736
929.02136230	2.56862736
929.02551270	2.56862736
929.02551270	2.56862736
929.02947998	2.56862736
929.03363037	2.56862736
929.03778076	2.56862736
929.04193115	2.56862736
929.04608154	2.56862736
929.04608154	2.56862736
929.05004883	2.56862736
929.05413818	2.56862736
929.05828857	2.56862736
929.05828857	2.56862736
929.06243896	2.56862736
929.06652832	2.56862736
929.07049561	2.56862736
929.07049561	2.56862736
929.07458496	2.56862736
929.07873535	2.56862736
929.08288574	2.54901958
929.08691406	2.54901958
929.09100342	2.54901958
929.09100342	2.54901958
929.09515381	2.54901958
929.09930420	2.54901958
929.10327148	2.54901958
929.10327148	2.54901958
929.10754395	2.52941179
929.11157227	2.52941179
929.11572266	2.52941179
929.11572266	2.52941179
929.11962891	2.52941179
929.12377930	2.52941179
929.12792969	2.52941179
929.13195801	2.50980401
929.13610840	2.50980401
929.13610840	2.50980401
929.14007568	2.50980401
929.14422607	2.50980401
929.14837646	2.50980401
929.14837646	2.50980401
929.15258789	2.50980401
929.15649414	2.50980401
929.16064453	2.50980401
929.16064453	2.50980401
929.16485596	2.50980401
929.16894531	2.50980401
929.17309570	2.50980401
929.17706299	2.50980401
929.18121338	2.50980401
929.18121338	2.50980401
929.18530273	2.50980401
929.18939209	2.50980401
929.19348145	2.50980401
929.19348145	2.50980401
929.19750977	2.50980401
929.20159912	2.50980401
929.20574951	2.50980401
929.20574951	2.50980401
929.20971680	2.50980401
929.21386719	2.50980401
929.21795654	2.50980401
929.22216797	2.50980401
929.22631836	2.50980401
929.22631836	2.50980401
929.23028564	2.50980401
929.23443604	2.50980401
929.23852539	2.50980401
929.23852539	2.50980401
929.24267578	2.52941179
929.24664307	2.52941179
929.25079346	2.52941179
929.25079346	2.52941179
929.25494385	2.52941179
929.25909424	2.52941179
929.26324463	2.52941179
929.26721191	2.52941179
929.27130127	2.52941179
929.27130127	2.52941179
929.27545166	2.52941179
929.27960205	2.54901958
929.28356934	2.54901958
929.28356934	2.54901958
929.28759766	2.54901958
929.29174805	2.54901958
929.29583740	2.54901958
929.29583740	2.54901958
929.29986572	2.54901958
929.30401611	2.54901958
929.30816650	2.54901958
929.30816650	2.54901958
929.31231689	2.54901958
929.31640625	2.54901958
929.31640625	2.54901958
929.32055664	2.54901958
929.32446289	2.54901958
929.32861328	2.54901958
929.32861328	2.54901958
929.33276367	2.54901958
929.33679199	2.54901958
929.34088135	2.54901958
929.34088135	2.54901958
929.34503174	2.54901958
929.34912109	2.54901958
929.35327148	2.54901958
929.35327148	2.54901958
929.35729980	2.54901958
929.36157227	2.54901958
929.36157227	2.54901958
929.36560059	2.54901958
929.36950684	2.54901958
929.37365723	2.54901958
929.37365723	2.54901958
929.37774658	2.54901958
929.38183594	2.54901958
929.38598633	2.54901958
929.38598633	2.54901958
929.38995361	2.52941179
929.39410400	2.52941179
929.39825439	2.52941179
929.39825439	2.52941179
929.40240479	2.52941179
929.40649414	2.54901958
929.40649414	2.54901958
929.41052246	2.54901958
929.41467285	2.54901958
929.41882324	2.52941179
929.41882324	2.54901958
929.42279053	2.54901958
929.42694092	2.54901958
929.43103027	2.54901958
929.43103027	2.54901958
929.43518066	2.54901958
929.43927002	2.54901958
929.44335938	2.54901958
929.44335938	2.54901958
929.44750977	2.54901958
929.45147705	2.54901958
929.45147705	2.54901958
929.45568848	2.54901958
929.45959473	2.54901958
929.46374512	2.54901958
929.46374512	2.54901958
929.46783447	2.54901958
929.47204590	2.54901958
929.47607422	2.54901958
929.47607422	2.54901958
929.48010254	2.54901958
929.48431396	2.54901958
929.48846436	2.54901958
929.48846436	2.54901958
929.49255371	2.54901958
929.49658203	2.54901958
929.50067139	2.56862736
929.50482178	2.56862736
929.50891113	2.56862736
929.50891113	2.56862736
929.51287842	2.56862736
929.51696777	2.56862736
929.52111816	2.56862736
929.52111816	2.56862736
929.52520752	2.56862736
929.52935791	2.56862736
929.53350830	2.56862736
929.53350830	2.56862736
929.53747559	2.56862736
929.54168701	2.56862736
929.54571533	2.56862736
929.54980469	2.56862736
929.55389404	2.56862736
929.55389404	2.56862736
929.55798340	2.56862736
929.56219482	2.56862736
929.56622314	2.56862736
929.56622314	2.56862736
929.57031250	2.56862736
929.57434082	2.56862736
929.57849121	2.56862736
929.57849121	2.56862736
929.58258057	2.56862736
929.58660889	2.56862736
929.59075928	2.56862736
929.59490967	2.56862736
929.59893799	2.56862736
929.59893799	2.56862736
929.60302734	2.56862736
929.60717773	2.56862736
929.61132813	2.56862736
929.61132813	2.56862736
929.61541748	2.56862736
929.61950684	2.56862736
929.62353516	2.56862736
929.62353516	2.56862736
929.62762451	2.56862736
929.63171387	2.56862736
929.63586426	2.56862736
929.63989258	2.56862736
929.64398193	2.56862736
929.64398193	2.56862736
929.64813232	2.56862736
929.65222168	2.56862736
929.65637207	2.56862736
929.65637207	2.56862736
929.66052246	2.54901958
929.66455078	2.54901958
929.66864014	2.54901958
929.66864014	2.54901958
929.67285156	2.52941179
929.67675781	2.52941179
929.68090820	2.52941179
929.68505859	2.52941179
929.68914795	2.52941179
929.68914795	2.52941179
929.69311523	2.52941179
929.69726563	2.52941179
929.70147705	2.52941179
929.70147705	2.52941179
929.70550537	2.52941179
929.70947266	2.52941179
929.71362305	2.52941179
929.71362305	2.52941179
929.71777344	2.50980401
929.72192383	2.52941179
929.72601318	2.50980401
929.73004150	2.50980401
929.73419189	2.50980401
929.73419189	2.50980401
929.73828125	2.50980401
929.74237061	2.50980401
929.74658203	2.50980401
929.74658203	2.50980401
929.75054932	2.50980401
929.75463867	2.50980401
929.75872803	2.50980401
929.75872803	2.50980401
929.76269531	2.52941179
929.76684570	2.52941179
929.77099609	2.52941179
929.77508545	2.52941179
929.77923584	2.52941179
929.77923584	2.52941179
929.78326416	2.52941179
929.78747559	2.52941179
929.79150391	2.52941179
929.79150391	2.52941179
929.79571533	2.52941179
929.79968262	2.52941179
929.80377197	2.52941179
929.80377197	2.52941179
929.80792236	2.52941179
929.81207275	2.52941179
929.81628418	2.52941179
929.82012939	2.52941179
929.82421875	2.52941179
929.82421875	2.54901958
929.82836914	2.54901958
929.83245850	2.54901958
929.83660889	2.54901958
929.83660889	2.54901958
929.84063721	2.54901958
929.84472656	2.54901958
929.84887695	2.56862736
929.84887695	2.56862736
929.85290527	2.56862736
929.85705566	2.56862736
929.86114502	2.56862736
929.86114502	2.56862736
929.86529541	2.56862736
929.86938477	2.56862736
929.86938477	2.56862736
929.87353516	2.56862736
929.87750244	2.56862736
929.88159180	2.56862736
929.88159180	2.56862736
929.88586426	2.56862736
929.88970947	2.56862736
929.89392090	2.56862736
929.89392090	2.56862736
929.89794922	2.56862736
929.90216064	2.56862736
929.90625000	2.56862736
929.90625000	2.56862736
929.91021729	2.56862736
929.91455078	2.56862736
929.91455078	2.56862736
929.91857910	2.56862736
929.92266846	2.56862736
929.92669678	2.56862736
929.92669678	2.56862736
929.93078613	2.56862736
929.93493652	2.56862736
929.93902588	2.56862736
929.93902588	2.56862736
929.94293213	2.56862736
929.94714355	2.56862736
929.95123291	2.56862736
929.95123291	2.56862736
929.95538330	2.56862736
929.95947266	2.56862736
929.95947266	2.56862736
929.96350098	2.56862736
929.96759033	2.56862736
929.97180176	2.56862736
929.97180176	2.56862736
929.97589111	2.56862736
929.98010254	2.56862736
929.98394775	2.56862736
929.98394775	2.56862736
929.98815918	2.56862736
929.99230957	2.56862736
929.99633789	2.56862736
929.99633789	2.56862736
930.00048828	2.56862736
930.00457764	2.56862736
930.00457764	2.56862736
930.00866699	2.56862736
930.01275635	2.56862736
930.01672363	2.56862736
930.01672363	2.56862736
930.02087402	2.56862736
930.02496338	2.56862736
930.02911377	2.56862736
930.02911377	2.56862736
930.03314209	2.56862736
930.03723145	2.56862736
930.04150391	2.56862736
930.04150391	2.56862736
930.04553223	2.56862736
930.04968262	2.56862736
930.05371094	2.56862736
930.05780029	2.56862736
930.06182861	2.56862736
930.06182861	2.56862736
930.06597900	2.56862736
930.07000732	2.56862736
930.07403564	2.56862736
930.07403564	2.56862736
930.07824707	2.56862736
930.08233643	2.56862736
930.08648682	2.56862736
930.08648682	2.56862736
930.09045410	2.56862736
930.09460449	2.56862736
930.09869385	2.56862736
930.10290527	2.56862736
930.10693359	2.56862736
930.10693359	2.56862736
930.11108398	2.56862736
930.11517334	2.56862736
930.11926270	2.56862736
930.11926270	2.56862736
930.12329102	2.58823538
930.12750244	2.58823538
930.13146973	2.56862736
930.13146973	2.56862736
930.13562012	2.56862736
930.13970947	2.56862736
930.14373779	2.58823538
930.14782715	2.56862736
930.15197754	2.58823538
930.15197754	2.58823538
930.15612793	2.56862736
930.16015625	2.58823538
930.16430664	2.56862736
930.16430664	2.56862736
930.16845703	2.58823538
930.17260742	2.56862736
930.17669678	2.56862736
930.17669678	2.56862736
930.18066406	2.56862736
930.18481445	2.56862736
930.18890381	2.56862736
930.19287109	2.56862736
930.19696045	2.56862736
930.19696045	2.56862736
930.20111084	2.56862736
930.20526123	2.56862736
930.20935059	2.54901958
930.20935059	2.54901958
930.21356201	2.54901958
930.21746826	2.54901958
930.22167969	2.54901958
930.22167969	2.54901958
930.22576904	2.54901958
930.22979736	2.54901958
930.23394775	2.52941179
930.23803711	2.52941179
930.24218750	2.52941179
930.24218750	2.52941179
930.24633789	2.52941179
930.25030518	2.52941179
930.25457764	2.52941179
930.25457764	2.52941179
930.25848389	2.52941179
930.26257324	2.52941179
930.26660156	2.52941179
930.26660156	2.52941179
930.27075195	2.50980401
930.27490234	2.50980401
930.27899170	2.50980401
930.28295898	2.50980401
930.28710938	2.50980401
930.28710938	2.50980401
930.29125977	2.50980401
930.29541016	2.50980401
930.29956055	2.50980401
930.29956055	2.50980401
930.30352783	2.52941179
930.30767822	2.52941179
930.31182861	2.52941179
930.31182861	2.52941179
930.31604004	2.52941179
930.31994629	2.52941179
930.32397461	2.52941179
930.32812500	2.52941179
930.33221436	2.52941179
930.33221436	2.52941179
930.33624268	2.52941179
930.34045410	2.52941179
930.34448242	2.52941179
930.34448242	2.52941179
930.34857178	2.52941179
930.35266113	2.52941179
930.35681152	2.52941179
930.35681152	2.52941179
930.36090088	2.52941179
930.36505127	2.52941179
930.36920166	2.54901958
930.36920166	2.54901958
930.37316895	2.54901958
930.37725830	2.54901958
930.37725830	2.54901958
930.38134766	2.54901958
930.38549805	2.56862736
930.38958740	2.56862736
930.38958740	2.56862736
930.39361572	2.56862736
930.39770508	2.56862736
930.40185547	2.56862736
930.40185547	2.56862736
930.40600586	2.56862736
930.41003418	2.56862736
930.41418457	2.56862736
930.41418457	2.56862736
930.41827393	2.56862736
930.42242432	2.56862736
930.42242432	2.56862736
930.42657471	2.56862736
930.43054199	2.56862736
930.43469238	2.56862736
930.43469238	2.56862736
930.43872070	2.56862736
930.44287109	2.56862736
930.44683838	2.56862736
930.44683838	2.56862736
930.45098877	2.56862736
930.45513916	2.56862736
930.45922852	2.56862736
930.45922852	2.56862736
930.46325684	2.56862736
930.46746826	2.56862736
930.46746826	2.56862736
930.47149658	2.56862736
930.47570801	2.56862736
930.47979736	2.56862736
930.47979736	2.56862736
930.48382568	2.56862736
930.48791504	2.56862736
930.49206543	2.56862736
930.49206543	2.56862736
930.49615479	2.56862736
930.50018311	2.56862736
930.50427246	2.56862736
930.50427246	2.56862736
930.50842285	2.56862736
930.51251221	2.56862736
930.51251221	2.56862736
930.51647949	2.56862736
930.52056885	2.56862736
930.52471924	2.56862736
930.52471924	2.56862736
930.52886963	2.56862736
930.53283691	2.56862736
930.53698730	2.56862736
930.53698730	2.56862736
930.54113770	2.56862736
930.54528809	2.56862736
930.54943848	2.56862736
930.54943848	2.56862736
930.55352783	2.56862736
930.55755615	2.56862736
930.56164551	2.56862736
930.56579590	2.56862736
930.56988525	2.56862736
930.56988525	2.56862736
930.57385254	2.56862736
930.57800293	2.56862736
930.58215332	2.56862736
930.58215332	2.56862736
930.58618164	2.56862736
930.59027100	2.56862736
930.59454346	2.56862736
930.59454346	2.56862736
930.59851074	2.56862736
930.60253906	2.56862736
930.60662842	2.56862736
930.61077881	2.56862736
930.61492920	2.56862736
930.61492920	2.56862736
930.61901855	2.56862736
930.62304688	2.58823538
930.62713623	2.58823538
930.62713623	2.58823538
930.63122559	2.58823538
930.63531494	2.58823538
930.63952637	2.58823538
930.63952637	2.58823538
930.64349365	2.58823538
930.64758301	2.58823538
930.65173340	2.58823538
930.65588379	2.58823538
930.66003418	2.58823538
930.66003418	2.58823538
930.66406250	2.58823538
930.66815186	2.58823538
930.67230225	2.58823538
930.67230225	2.58823538
930.67620850	2.58823538
930.68054199	2.58823538
930.68457031	2.58823538
930.68457031	2.58823538
930.68865967	2.58823538
930.69274902	2.58823538
930.69671631	2.58823538
930.70086670	2.58823538
930.70495605	2.58823538
930.70495605	2.58823538
930.70910645	2.58823538
930.71313477	2.58823538
930.71722412	2.58823538
930.71722412	2.56862736
930.72137451	2.56862736
930.72552490	2.56862736
930.72967529	2.56862736
930.72967529	2.56862736
930.73364258	2.56862736
930.73779297	2.56862736
930.74194336	2.56862736
930.74609375	2.56862736
930.75006104	2.54901958
930.75006104	2.54901958
930.75415039	2.54901958
930.75836182	2.54901958
930.76245117	2.52941179
930.76245117	2.52941179
930.76654053	2.52941179
930.77056885	2.52941179
930.77465820	2.52941179
930.77465820	2.52941179
930.77886963	2.52941179
930.78295898	2.52941179
930.78686523	2.52941179
930.79101563	2.52941179
930.79510498	2.52941179
930.79510498	2.52941179
930.79925537	2.52941179
930.80328369	2.50980401
930.80749512	2.50980401
930.80749512	2.50980401
930.81146240	2.50980401
930.81567383	2.50980401
930.81976318	2.50980401
930.81976318	2.50980401
930.82373047	2.50980401
930.82788086	2.50980401
930.83197021	2.50980401
930.83618164	2.50980401
930.84008789	2.50980401
930.84008789	2.50980401
930.84423828	2.50980401
930.84832764	2.50980401
930.85253906	2.50980401
930.85253906	2.50980401
930.85650635	2.50980401
930.86065674	2.50980401
930.86480713	2.50980401
930.86480713	2.52941179
930.86895752	2.50980401
930.87304688	2.52941179
930.87701416	2.52941179
930.88110352	2.52941179
930.88519287	2.52941179
930.88519287	2.52941179
930.88934326	2.52941179
930.89349365	2.52941179
930.89746094	2.52941179
930.89746094	2.52941179
930.90161133	2.52941179
930.90576172	2.52941179
930.90985107	2.52941179
930.90985107	2.52941179
930.91394043	2.52941179
930.91802979	2.52941179
930.92218018	2.54901958
930.92218018	2.54901958
930.92614746	2.54901958
930.93029785	2.54901958
930.93029785	2.54901958
930.93438721	2.54901958
930.93853760	2.54901958
930.94256592	2.54901958
930.94256592	2.54901958
930.94659424	2.54901958
930.95068359	2.54901958
930.95483398	2.54901958
930.95483398	2.56862736
930.95898438	2.56862736
930.96295166	2.56862736
930.96710205	2.56862736
930.96710205	2.56862736
930.97125244	2.56862736
930.97540283	2.56862736
930.97540283	2.56862736
930.97955322	2.56862736
930.98352051	2.56862736
930.98767090	2.56862736
930.98767090	2.56862736
930.99182129	2.56862736
930.99591064	2.56862736
931.00006104	2.56862736
931.00006104	2.56862736
931.00402832	2.56862736
931.00811768	2.56862736
931.01220703	2.56862736
931.01220703	2.56862736
931.01623535	2.56862736
931.02044678	2.56862736
931.02044678	2.56862736
931.02447510	2.56862736
931.02856445	2.56862736
931.03277588	2.56862736
931.03277588	2.56862736
931.03674316	2.56862736
931.04089355	2.56862736
931.04504395	2.56862736
931.04504395	2.56862736
931.04919434	2.56862736
931.05316162	2.56862736
931.05725098	2.56862736
931.05725098	2.56862736
931.06140137	2.56862736
931.06555176	2.56862736
931.06555176	2.56862736
931.06964111	2.56862736
931.07360840	2.56862736
931.07769775	2.56862736
931.07769775	2.56862736
931.08184814	2.56862736
931.08593750	2.56862736
931.08996582	2.56862736
931.08996582	2.56862736
931.09411621	2.56862736
931.09820557	2.56862736
931.10241699	2.56862736
931.10241699	2.56862736
931.10656738	2.56862736
931.11053467	2.56862736
931.11468506	2.56862736
931.11883545	2.56862736
931.12292480	2.56862736
931.12292480	2.56862736
931.12689209	2.56862736
931.13098145	2.56862736
931.13507080	2.56862736
931.13507080	2.56862736
931.13922119	2.56862736
931.14318848	2.56862736
931.14746094	2.56862736
931.14746094	2.56862736
931.15142822	2.56862736
931.15563965	2.56862736
931.15960693	2.56862736
931.16375732	2.56862736
931.16790771	2.56862736
931.16790771	2.56862736
931.17205811	2.56862736
931.17614746	2.56862736
931.18017578	2.56862736
931.18017578	2.56862736
931.18432617	2.56862736
931.18835449	2.56862736
931.19244385	2.56862736
931.19244385	2.56862736
931.19647217	2.56862736
931.20062256	2.56862736
931.20471191	2.56862736
931.20886230	2.56862736
931.21295166	2.56862736
931.21295166	2.56862736
931.21697998	2.56862736
931.22113037	2.56862736
931.22521973	2.56862736
931.22521973	2.56862736
931.22943115	2.56862736
931.23358154	2.56862736
931.23754883	2.56862736
931.23754883	2.56862736
931.24163818	2.56862736
931.24578857	2.54901958
931.24981689	2.54901958
931.25390625	2.54901958
931.25799561	2.54901958
931.25799561	2.54901958
931.26208496	2.54901958
931.26623535	2.54901958
931.27020264	2.52941179
931.27020264	2.52941179
931.27435303	2.52941179
931.27844238	2.52941179
931.28259277	2.52941179
931.28259277	2.52941179
931.28656006	2.52941179
931.29077148	2.52941179
931.29492188	2.50980401
931.29907227	2.50980401
931.30316162	2.50980401
931.30316162	2.50980401
931.30718994	2.50980401
931.31127930	2.50980401
931.31542969	2.50980401
931.31542969	2.50980401
931.31951904	2.50980401
931.32348633	2.49019599
931.32757568	2.49019599
931.32757568	2.49019599
931.33172607	2.49019599
931.33587646	2.49019599
931.33984375	2.49019599
931.34393311	2.49019599
931.34808350	2.49019599
931.34808350	2.49019599
931.35223389	2.49019599
931.35626221	2.49019599
931.36053467	2.49019599
931.36053467	2.49019599
931.36450195	2.49019599
931.36865234	2.49019599
931.37280273	2.49019599
931.37280273	2.49019599
931.37677002	2.49019599
931.38085938	2.49019599
931.38494873	2.49019599
931.38909912	2.49019599
931.39318848	2.49019599
931.39318848	2.49019599
931.39721680	2.49019599
931.40130615	2.49019599
931.40551758	2.49019599
931.40551758	2.49019599
931.40942383	2.49019599
931.41363525	2.49019599
931.41778564	2.49019599
931.41778564	2.50980401
931.42193604	2.50980401
931.42602539	2.50980401
931.43017578	2.50980401
931.43017578	2.50980401
931.43414307	2.50980401
931.43823242	2.50980401
931.43823242	2.50980401
931.44238281	2.50980401
931.44647217	2.50980401
931.45043945	2.50980401
931.45043945	2.50980401
931.45458984	2.50980401
931.45874023	2.52941179
931.46282959	2.52941179
931.46282959	2.52941179
931.46685791	2.52941179
931.47100830	2.52941179
931.47515869	2.52941179
931.47515869	2.52941179
931.47930908	2.52941179
931.48327637	2.52941179
931.48327637	2.52941179
931.48754883	2.52941179
931.49151611	2.52941179
931.49566650	2.52941179
931.49566650	2.52941179
931.49963379	2.52941179
931.50372314	2.52941179
931.50787354	2.52941179
931.50787354	2.52941179
931.51196289	2.52941179
931.51611328	2.52941179
931.52008057	2.52941179
931.52008057	2.52941179
931.52423096	2.54901958
931.52832031	2.54901958
931.52832031	2.54901958
931.53247070	2.54901958
931.53649902	2.54901958
931.54064941	2.54901958
931.54064941	2.54901958
931.54479980	2.54901958
931.54895020	2.54901958
931.55297852	2.54901958
931.55297852	2.54901958
931.55700684	2.54901958
931.56115723	2.54901958
931.56530762	2.54901958
931.56530762	2.54901958
931.56945801	2.54901958
931.57354736	2.54901958
931.57354736	2.54901958
931.57757568	2.54901958
931.58166504	2.54901958
931.58587646	2.54901958
931.58587646	2.54901958
931.58978271	2.54901958
931.59393311	2.54901958
931.59808350	2.54901958
931.59808350	2.54901958
931.60217285	2.54901958
931.60632324	2.54901958
931.61035156	2.54901958
931.61035156	2.54901958
931.61444092	2.54901958
931.61853027	2.54901958
931.61853027	2.54901958
931.62268066	2.54901958
931.62664795	2.54901958
931.63073730	2.54901958
931.63073730	2.54901958
931.63482666	2.54901958
931.63903809	2.54901958
931.64318848	2.54901958
931.64318848	2.54901958
931.64715576	2.54901958
931.65130615	2.54901958
931.65539551	2.54901958
931.65539551	2.54901958
931.65954590	2.54901958
931.66351318	2.54901958
931.66766357	2.54901958
931.67181396	2.54901958
931.67590332	2.54901958
931.67590332	2.54901958
931.67993164	2.54901958
931.68402100	2.54901958
931.68823242	2.54901958
931.68823242	2.54901958
931.69232178	2.54901958
931.69628906	2.56862736
931.70056152	2.56862736
931.70056152	2.56862736
931.70452881	2.56862736
931.70867920	2.56862736
931.71282959	2.56862736
931.71679688	2.56862736
931.72082520	2.56862736
931.72082520	2.56862736
931.72497559	2.56862736
931.72912598	2.56862736
931.73321533	2.56862736
931.73321533	2.56862736
931.73724365	2.56862736
931.74133301	2.56862736
931.74548340	2.56862736
931.74548340	2.56862736
931.74945068	2.56862736
931.75360107	2.56862736
931.75769043	2.56862736
931.76184082	2.56862736
931.76599121	2.56862736
931.76599121	2.56862736
931.77001953	2.56862736
931.77410889	2.56862736
931.77819824	2.56862736
931.77819824	2.56862736
931.78234863	2.56862736
931.78649902	2.56862736
931.79052734	2.56862736
931.79052734	2.56862736
931.79467773	2.56862736
931.79876709	2.56862736
931.80285645	2.56862736
931.80688477	2.54901958
931.81103516	2.54901958
931.81103516	2.54901958
931.81518555	2.54901958
931.81921387	2.54901958
931.82324219	2.54901958
931.82324219	2.52941179
931.82745361	2.52941179
931.83148193	2.52941179
931.83557129	2.52941179
931.83557129	2.52941179
931.83959961	2.52941179
931.84368896	2.52941179
931.84783936	2.52941179
931.85198975	2.52941179
931.85607910	2.50980401
931.85607910	2.50980401
931.86016846	2.50980401
931.86431885	2.50980401
931.86840820	2.50980401
931.86840820	2.50980401
931.87243652	2.50980401
931.87652588	2.50980401
931.88061523	2.50980401
931.88061523	2.50980401
931.88470459	2.50980401
931.88885498	2.50980401
931.89294434	2.50980401
931.89697266	2.50980401
931.90106201	2.50980401
931.90106201	2.50980401
931.90521240	2.50980401
931.90930176	2.50980401
931.91351318	2.50980401
931.91351318	2.50980401
931.91754150	2.50980401
931.92169189	2.50980401
931.92578125	2.50980401
931.92578125	2.50980401
931.92980957	2.50980401
931.93389893	2.50980401
931.93804932	2.50980401
931.94213867	2.50980401
931.94616699	2.50980401
931.94616699	2.50980401
931.95025635	2.50980401
931.95434570	2.50980401
931.95849609	2.50980401
931.95849609	2.50980401
931.96258545	2.50980401
931.96661377	2.50980401
931.97070313	2.50980401
931.97070313	2.50980401
931.97485352	2.50980401
931.97906494	2.50980401
931.98315430	2.52941179
931.98315430	2.52941179
931.98718262	2.52941179
931.99127197	2.52941179
931.99127197	2.52941179
931.99542236	2.52941179
931.99945068	2.52941179
932.00360107	2.52941179
932.00360107	2.52941179
932.00756836	2.52941179
932.01171875	2.52941179
932.01580811	2.52941179
932.01580811	2.52941179
932.01983643	2.52941179
932.02392578	2.54901958
932.02807617	2.54901958
932.02807617	2.54901958
932.03222656	2.54901958
932.03637695	2.54901958
932.03637695	2.54901958
932.04052734	2.54901958
932.04449463	2.54901958
932.04864502	2.54901958
932.04864502	2.54901958
932.05273438	2.54901958
932.05676270	2.54901958
932.06085205	2.54901958
932.06085205	2.54901958
932.06500244	2.54901958
932.06921387	2.54901958
932.07324219	2.54901958
932.07324219	2.54901958
932.07720947	2.56862736
932.08148193	2.56862736
932.08148193	2.56862736
932.08544922	2.56862736
932.08959961	2.56862736
932.09356689	2.56862736
932.09356689	2.56862736
932.09771729	2.56862736
932.10186768	2.56862736
932.10595703	2.56862736
932.10595703	2.56862736
932.11004639	2.56862736
932.11413574	2.56862736
932.11828613	2.56862736
932.11828613	2.56862736
932.12237549	2.56862736
932.12652588	2.56862736
932.12652588	2.56862736
932.13049316	2.56862736
932.13458252	2.56862736
932.13873291	2.56862736
932.13873291	2.56862736
932.14282227	2.56862736
932.14685059	2.56862736
932.15093994	2.56862736
932.15093994	2.56862736
932.15509033	2.56862736
932.15917969	2.56862736
932.16339111	2.56862736
932.16339111	2.56862736
932.16754150	2.56862736
932.17156982	2.56862736
932.17565918	2.56862736
932.17962646	2.56862736
932.18377686	2.56862736
932.18377686	2.56862736
932.18792725	2.56862736
932.19201660	2.56862736
932.19604492	2.56862736
932.19604492	2.56862736
932.20007324	2.56862736
932.20422363	2.56862736
932.20831299	2.56862736
932.20831299	2.56862736
932.21246338	2.56862736
932.21661377	2.56862736
932.22058105	2.56862736
932.22473145	2.56862736
932.22894287	2.56862736
932.22894287	2.56862736
932.23291016	2.56862736
932.23699951	2.56862736
932.24114990	2.56862736
932.24114990	2.56862736
932.24530029	2.56862736
932.24938965	2.56862736
932.25354004	2.56862736
932.25354004	2.56862736
932.25750732	2.56862736
932.26171875	2.56862736
932.26580811	2.56862736
932.26977539	2.56862736
932.27392578	2.56862736
932.27392578	2.56862736
932.27801514	2.56862736
932.28216553	2.56862736
932.28631592	2.56862736
932.28631592	2.56862736
932.29022217	2.56862736
932.29431152	2.56862736
932.29846191	2.56862736
932.29846191	2.56862736
932.30261230	2.56862736
932.30657959	2.56862736
932.31072998	2.56862736
932.31494141	2.56862736
932.31909180	2.56862736
932.31909180	2.56862736
932.32299805	2.56862736
932.32708740	2.56862736
932.33123779	2.56862736
932.33123779	2.56862736
932.33532715	2.56862736
932.33947754	2.56862736
932.34344482	2.56862736
932.34344482	2.56862736
932.34759521	2.56862736
932.35174561	2.56862736
932.35583496	2.56862736
932.35986328	2.56862736
932.36401367	2.56862736
932.36401367	2.56862736
932.36816406	2.56862736
932.37231445	2.56862736
932.37640381	2.56862736
932.37640381	2.54901958
932.38049316	2.54901958
932.38446045	2.54901958
932.38861084	2.54901958
932.38861084	2.54901958
932.39270020	2.54901958
932.39672852	2.54901958
932.40087891	2.52941179
932.40496826	2.52941179
932.40911865	2.52941179
932.40911865	2.52941179
932.41308594	2.52941179
932.41723633	2.52941179
932.42156982	2.52941179
932.42156982	2.52941179
932.42553711	2.52941179
932.42968750	2.52941179
932.43365479	2.52941179
932.43365479	2.52941179
932.43780518	2.50980401
932.44183350	2.50980401
932.44592285	2.50980401
932.44995117	2.50980401
932.45410156	2.50980401
932.45410156	2.50980401
932.45819092	2.50980401
932.46234131	2.50980401
932.46649170	2.50980401
932.46649170	2.50980401
932.47045898	2.50980401
932.47460938	2.50980401
932.47875977	2.50980401
932.47875977	2.50980401
932.48291016	2.50980401
932.48687744	2.50980401
932.49102783	2.50980401
932.49517822	2.50980401
932.49932861	2.50980401
932.49932861	2.50980401
932.50323486	2.50980401
932.50744629	2.52941179
932.51147461	2.52941179
932.51147461	2.52941179
932.51556396	2.52941179
932.51959229	2.52941179
932.52368164	2.52941179
932.52368164	2.52941179
932.52783203	2.52941179
932.53192139	2.52941179
932.53613281	2.52941179
932.53613281	2.52941179
932.54016113	2.52941179
932.54425049	2.52941179
932.54425049	2.52941179
932.54840088	2.52941179
932.55255127	2.52941179
932.55664063	2.52941179
932.55664063	2.52941179
932.56066895	2.52941179
932.56475830	2.54901958
932.56890869	2.54901958
932.56890869	2.54901958
932.57287598	2.54901958
932.57696533	2.54901958
932.58111572	2.54901958
932.58111572	2.54901958
932.58520508	2.54901958
932.58941650	2.54901958
932.58941650	2.54901958
932.59344482	2.54901958
932.59747314	2.56862736
932.60156250	2.56862736
932.60156250	2.56862736
932.60577393	2.56862736
932.60974121	2.56862736
932.61389160	2.56862736
932.61389160	2.56862736
932.61798096	2.56862736
932.62213135	2.56862736
932.62628174	2.56862736
932.62628174	2.56862736
932.63024902	2.56862736
932.63446045	2.56862736
932.63446045	2.56862736
932.63842773	2.56862736
932.64257813	2.56862736
932.64654541	2.56862736
932.64654541	2.56862736
932.65069580	2.56862736
932.65484619	2.56862736
932.65893555	2.56862736
932.65893555	2.56862736
932.66296387	2.56862736
932.66711426	2.56862736
932.67126465	2.56862736
932.67126465	2.56862736
932.67541504	2.56862736
932.67956543	2.56862736
932.68353271	2.56862736
932.68768311	2.56862736
932.69171143	2.56862736
932.69171143	2.56862736
932.69580078	2.56862736
932.69982910	2.56862736
932.70391846	2.56862736
932.70391846	2.56862736
932.70806885	2.56862736
932.71221924	2.56862736
932.71630859	2.56862736
932.71630859	2.56862736
932.72052002	2.56862736
932.72448730	2.56862736
932.72863770	2.56862736
932.73278809	2.56862736
932.73687744	2.56862736
932.73687744	2.56862736
932.74090576	2.56862736
932.74505615	2.56862736
932.74914551	2.56862736
932.74914551	2.56862736
932.75311279	2.56862736
932.75720215	2.56862736
932.76147461	2.56862736
932.76147461	2.56862736
932.76544189	2.56862736
932.76959229	2.56862736
932.77355957	2.56862736
932.77770996	2.56862736
932.78179932	2.56862736
932.78179932	2.56862736
932.78601074	2.56862736
932.78997803	2.56862736
932.79412842	2.56862736
932.79412842	2.56862736
932.79827881	2.56862736
932.80242920	2.56862736
932.80651855	2.56862736
932.80651855	2.56862736
932.81048584	2.56862736
932.81463623	2.56862736
932.81878662	2.56862736
932.82269287	2.56862736
932.82684326	2.56862736
932.82684326	2.56862736
932.83093262	2.56862736
932.83508301	2.56862736
932.83923340	2.56862736
932.83923340	2.56862736
932.84320068	2.56862736
932.84747314	2.56862736
932.85144043	2.56862736
932.85144043	2.56862736
932.85565186	2.56862736
932.85980225	2.56862736
932.86376953	2.56862736
932.86791992	2.56862736
932.87200928	2.56862736
932.87200928	2.56862736
932.87615967	2.56862736
932.88012695	2.56862736
932.88421631	2.56862736
932.88421631	2.56862736
932.88830566	2.56862736
932.89245605	2.56862736
932.89654541	2.56862736
932.89654541	2.56862736
932.90057373	2.56862736
932.90466309	2.56862736
932.90887451	2.56862736
932.91284180	2.56862736
932.91699219	2.56862736
932.91699219	2.56862736
932.92114258	2.56862736
932.92529297	2.56862736
932.92944336	2.56862736
932.92944336	2.56862736
932.93353271	2.56862736
932.93750000	2.56862736
932.94158936	2.56862736
932.94158936	2.56862736
932.94567871	2.56862736
932.94970703	2.56862736
932.95379639	2.56862736
932.95794678	2.56862736
932.96203613	2.56862736
932.96203613	2.56862736
932.96606445	2.56862736
932.97021484	2.54901958
932.97448730	2.54901958
932.97448730	2.54901958
932.97851563	2.54901958
932.98266602	2.54901958
932.98675537	2.54901958
932.98675537	2.52941179
932.99078369	2.52941179
932.99487305	2.52941179
932.99902344	2.52941179
933.00299072	2.52941179
933.00708008	2.52941179
933.00708008	2.52941179
933.01123047	2.50980401
933.01531982	2.50980401
933.01947021	2.50980401
933.01947021	2.50980401
933.02343750	2.50980401
933.02758789	2.50980401
933.03167725	2.50980401
933.03167725	2.50980401
933.03588867	2.50980401
933.03991699	2.50980401
933.04400635	2.50980401
933.04400635	2.50980401
933.04815674	2.50980401
933.05230713	2.50980401
933.05230713	2.50980401
933.05627441	2.50980401
933.06048584	2.50980401
933.06445313	2.50980401
933.06445313	2.50980401
933.06854248	2.50980401
933.07275391	2.50980401
933.07666016	2.50980401
933.07666016	2.50980401
933.08093262	2.50980401
933.08489990	2.50980401
933.08911133	2.50980401
933.08911133	2.50980401
933.09307861	2.50980401
933.09722900	2.50980401
933.09722900	2.52941179
933.10137939	2.52941179
933.10552979	2.52941179
933.10968018	2.52941179
933.10968018	2.52941179
933.11364746	2.52941179
933.11779785	2.52941179
933.12194824	2.52941179
933.12194824	2.52941179
933.12603760	2.52941179
933.13006592	2.52941179
933.13421631	2.52941179
933.13421631	2.52941179
933.13830566	2.52941179
933.14239502	2.52941179
933.14239502	2.52941179
933.14654541	2.54901958
933.15057373	2.54901958
933.15466309	2.54901958
933.15466309	2.54901958
933.15881348	2.54901958
933.16284180	2.54901958
933.16687012	2.54901958
933.16687012	2.54901958
933.17102051	2.56862736
933.17510986	2.56862736
933.17919922	2.56862736
933.17919922	2.56862736
933.18322754	2.56862736
933.18750000	2.56862736
933.18750000	2.56862736
933.19140625	2.56862736
933.19555664	2.56862736
933.19970703	2.56862736
933.19970703	2.56862736
933.20373535	2.56862736
933.20782471	2.56862736
933.21197510	2.56862736
933.21197510	2.56862736
933.21606445	2.56862736
933.22009277	2.56862736
933.22418213	2.56862736
933.22418213	2.56862736
933.22839355	2.56862736
933.23254395	2.56862736
933.23651123	2.56862736
933.24066162	2.56862736
933.24475098	2.56862736
933.24475098	2.56862736
933.24890137	2.56862736
933.25292969	2.56862736
933.25695801	2.56862736
933.25695801	2.56862736
933.26104736	2.56862736
933.26519775	2.56862736
933.26928711	2.56862736
933.26928711	2.56862736
933.27343750	2.56862736
933.27746582	2.56862736
933.28155518	2.56862736
933.28570557	2.56862736
933.28991699	2.56862736
933.28991699	2.56862736
933.29388428	2.56862736
933.29803467	2.56862736
933.30212402	2.56862736
933.30212402	2.56862736
933.30615234	2.56862736
933.31030273	2.56862736
933.31439209	2.56862736
933.31439209	2.56862736
933.31835938	2.56862736
933.32257080	2.56862736
933.32653809	2.56862736
933.33074951	2.56862736
933.33483887	2.56862736
933.33483887	2.56862736
933.33898926	2.56862736
933.34295654	2.56862736
933.34710693	2.56862736
933.34710693	2.56862736
933.35125732	2.56862736
933.35540771	2.56862736
933.35949707	2.56862736
933.35949707	2.56862736
933.36352539	2.56862736
933.36761475	2.56862736
933.37176514	2.56862736
933.37591553	2.56862736
933.38000488	2.56862736
933.38000488	2.56862736
933.38397217	2.56862736
933.38806152	2.56862736
933.39221191	2.56862736
933.39221191	2.56862736
933.39617920	2.56862736
933.40051270	2.56862736
933.40441895	2.56862736
933.40441895	2.56862736
933.40856934	2.56862736
933.41265869	2.56862736
933.41674805	2.56862736
933.42089844	2.56862736
933.42498779	2.56862736
933.42498779	2.56862736
933.42913818	2.56862736
933.43316650	2.56862736
933.43725586	2.56862736
933.43725586	2.56862736
933.44134521	2.56862736
933.44543457	2.56862736
933.44958496	2.56862736
933.44958496	2.56862736
933.45355225	2.56862736
933.45770264	2.56862736
933.46179199	2.56862736
933.46594238	2.56862736
933.47009277	2.56862736
933.47009277	2.56862736
933.47406006	2.56862736
933.47827148	2.56862736
933.48236084	2.56862736
933.48236084	2.56862736
933.48645020	2.56862736
933.49053955	2.56862736
933.49462891	2.56862736
933.49462891	2.56862736
933.49877930	2.56862736
933.50286865	2.56862736
933.50683594	2.56862736
933.51092529	2.56862736
933.51507568	2.56862736
933.51507568	2.56862736
933.51922607	2.56862736
933.52319336	2.56862736
933.52746582	2.56862736
933.52746582	2.56862736
933.53143311	2.56862736
933.53558350	2.54901958
933.53979492	2.54901958
933.53979492	2.54901958
933.54376221	2.54901958
933.54785156	2.54901958
933.55200195	2.52941179
933.55200195	2.52941179
933.55615234	2.52941179
933.56011963	2.52941179
933.56011963	2.52941179
933.56420898	2.52941179
933.56829834	2.52941179
933.57244873	2.52941179
933.57244873	2.50980401
933.57641602	2.50980401
933.58056641	2.50980401
933.58465576	2.50980401
933.58465576	2.50980401
933.58880615	2.50980401
933.59295654	2.50980401
933.59698486	2.50980401
933.59698486	2.50980401
933.60107422	2.50980401
933.60522461	2.50980401
933.60522461	2.50980401
933.60943604	2.50980401
933.61352539	2.50980401
933.61749268	2.50980401
933.61749268	2.50980401
933.62164307	2.50980401
933.62579346	2.50980401
933.62988281	2.50980401
933.62988281	2.50980401
933.63385010	2.50980401
933.63793945	2.50980401
933.64208984	2.50980401
933.64208984	2.50980401
933.64605713	2.50980401
933.65020752	2.50980401
933.65020752	2.50980401
933.65429688	2.50980401
933.65844727	2.50980401
933.66253662	2.50980401
933.66253662	2.50980401
933.66662598	2.50980401
933.67071533	2.50980401
933.67486572	2.50980401
933.67486572	2.50980401
933.67901611	2.50980401
933.68304443	2.50980401
933.68713379	2.50980401
933.68713379	2.50980401
933.69122314	2.50980401
933.69531250	2.50980401
933.69531250	2.50980401
933.69940186	2.50980401
933.70343018	2.52941179
933.70758057	2.52941179
933.70758057	2.52941179
933.71166992	2.52941179
933.71582031	2.52941179
933.72003174	2.52941179
933.72003174	2.52941179
933.72393799	2.52941179
933.72814941	2.52941179
933.73229980	2.52941179
933.73229980	2.52941179
933.73620605	2.52941179
933.74053955	2.52941179
933.74053955	2.52941179
933.74450684	2.52941179
933.74865723	2.52941179
933.75274658	2.52941179
933.75274658	2.52941179
933.75671387	2.52941179
933.76086426	2.54901958
933.76495361	2.54901958
933.76495361	2.54901958
933.76910400	2.54901958
933.77307129	2.54901958
933.77722168	2.54901958
933.77722168	2.54901958
933.78131104	2.54901958
933.78546143	2.54901958
933.78967285	2.54901958
933.79364014	2.54901958
933.79772949	2.54901958
933.79772949	2.54901958
933.80187988	2.54901958
933.80596924	2.54901958
933.80993652	2.54901958
933.80993652	2.54901958
933.81408691	2.54901958
933.81817627	2.54901958
933.82238770	2.54901958
933.82238770	2.54901958
933.82641602	2.54901958
933.83050537	2.54901958
933.83453369	2.54901958
933.83874512	2.54901958
933.84283447	2.54901958
933.84283447	2.54901958
933.84686279	2.54901958
933.85101318	2.54901958
933.85510254	2.54901958
933.85510254	2.54901958
933.85925293	2.54901958
933.86328125	2.54901958
933.86755371	2.54901958
933.86755371	2.54901958
933.87152100	2.54901958
933.87561035	2.54901958
933.87976074	2.54901958
933.88378906	2.54901958
933.88793945	2.54901958
933.88793945	2.54901958
933.89202881	2.54901958
933.89611816	2.54901958
933.90014648	2.54901958
933.90014648	2.54901958
933.90429688	2.54901958
933.90838623	2.54901958
933.91241455	2.54901958
933.91241455	2.54901958
933.91644287	2.54901958
933.92059326	2.54901958
933.92468262	2.54901958
933.92883301	2.54901958
933.93292236	2.56862736
933.93292236	2.54901958
933.93701172	2.56862736
933.94110107	2.56862736
933.94525146	2.56862736
933.94525146	2.56862736
933.94927979	2.56862736
933.95349121	2.56862736
933.95745850	2.56862736
933.95745850	2.56862736
933.96160889	2.56862736
933.96569824	2.56862736
933.96972656	2.56862736
933.97381592	2.56862736
933.97790527	2.56862736
933.97790527	2.56862736
933.98205566	2.56862736
933.98620605	2.56862736
933.99023438	2.56862736
933.99023438	2.56862736
933.99438477	2.56862736
933.99853516	2.56862736
934.00256348	2.56862736
934.00256348	2.56862736
934.00659180	2.56862736
934.01068115	2.56862736
934.01483154	2.56862736
934.01892090	2.56862736
934.02307129	2.56862736
934.02307129	2.56862736
934.02703857	2.56862736
934.03112793	2.56862736
934.03533936	2.56862736
934.03533936	2.56862736
934.03948975	2.56862736
934.04351807	2.56862736
934.04760742	2.56862736
934.04760742	2.56862736
934.05175781	2.56862736
934.05584717	2.56862736
934.05999756	2.56862736
934.06396484	2.56862736
934.06799316	2.56862736
934.06799316	2.56862736
934.07220459	2.56862736
934.07617188	2.56862736
934.08050537	2.56862736
934.08050537	2.56862736
934.08441162	2.56862736
934.08856201	2.56862736
934.09265137	2.56862736
934.09265137	2.56862736
934.09674072	2.56862736
934.10089111	2.54901958
934.10504150	2.54901958
934.10504150	2.54901958
934.10913086	2.54901958
934.11328125	2.54901958
934.11328125	2.54901958
934.11724854	2.52941179
934.12133789	2.52941179
934.12542725	2.52941179
934.12542725	2.52941179
934.12951660	2.52941179
934.13366699	2.52941179
934.13769531	2.52941179
934.13769531	2.50980401
934.14184570	2.50980401
934.14593506	2.50980401
934.15002441	2.50980401
934.15002441	2.50980401
934.15405273	2.50980401
934.15820313	2.50980401
934.15820313	2.50980401
934.16229248	2.50980401
934.16644287	2.50980401
934.17047119	2.50980401
934.17047119	2.50980401
934.17456055	2.50980401
934.17877197	2.50980401
934.18286133	2.49019599
934.18286133	2.49019599
934.18688965	2.49019599
934.19097900	2.49019599
934.19506836	2.49019599
934.19506836	2.49019599
934.19915771	2.49019599
934.20343018	2.49019599
934.20343018	2.49019599
934.20739746	2.49019599
934.21142578	2.49019599
934.21557617	2.49019599
934.21557617	2.49019599
934.21966553	2.49019599
934.22369385	2.50980401
934.22784424	2.50980401
934.22784424	2.49019599
934.23199463	2.50980401
934.23608398	2.50980401
934.24011230	2.50980401
934.24011230	2.50980401
934.24426270	2.50980401
934.24841309	2.50980401
934.24841309	2.50980401
934.25250244	2.50980401
934.25646973	2.50980401
934.26055908	2.50980401
934.26055908	2.50980401
934.26470947	2.50980401
934.26879883	2.50980401
934.27294922	2.50980401
934.27294922	2.52941179
934.27691650	2.52941179
934.28106689	2.52941179
934.28521729	2.52941179
934.28521729	2.52941179
934.28936768	2.52941179
934.29351807	2.52941179
934.29754639	2.52941179
934.30163574	2.52941179
934.30578613	2.52941179
934.30578613	2.52941179
934.30975342	2.54901958
934.31384277	2.54901958
934.31793213	2.54901958
934.31793213	2.54901958
934.32208252	2.54901958
934.32617188	2.54901958
934.33020020	2.54901958
934.33020020	2.56862736
934.33428955	2.56862736
934.33850098	2.56862736
934.34252930	2.56862736
934.34661865	2.56862736
934.35064697	2.56862736
934.35064697	2.56862736
934.35491943	2.56862736
934.35900879	2.56862736
934.36315918	2.56862736
934.36315918	2.56862736
934.36712646	2.56862736
934.37127686	2.56862736
934.37536621	2.56862736
934.37536621	2.56862736
934.37951660	2.56862736
934.38348389	2.56862736
934.38757324	2.56862736
934.39172363	2.56862736
934.39581299	2.56862736
934.39581299	2.56862736
934.39984131	2.56862736
934.40393066	2.56862736
934.40808105	2.56862736
934.40808105	2.56862736
934.41217041	2.56862736
934.41619873	2.56862736
934.42047119	2.56862736
934.42047119	2.56862736
934.42449951	2.56862736
934.42864990	2.56862736
934.43273926	2.56862736
934.43670654	2.56862736
934.44085693	2.56862736
934.44085693	2.56862736
934.44494629	2.56862736
934.44903564	2.56862736
934.45318604	2.56862736
934.45318604	2.56862736
934.45715332	2.56862736
934.46130371	2.56862736
934.46545410	2.56862736
934.46545410	2.56862736
934.46948242	2.56862736
934.47357178	2.56862736
934.47772217	2.56862736
934.48187256	2.54901958
934.48602295	2.56862736
934.48602295	2.56862736
934.48999023	2.56862736
934.49414063	2.56862736
934.49822998	2.56862736
934.49822998	2.56862736
934.50231934	2.56862736
934.50646973	2.56862736
934.51043701	2.56862736
934.51043701	2.56862736
934.51458740	2.56862736
934.51867676	2.56862736
934.52282715	2.56862736
934.52679443	2.56862736
934.53094482	2.56862736
934.53094482	2.56862736
934.53509521	2.56862736
934.53930664	2.56862736
934.54339600	2.56862736
934.54339600	2.56862736
934.54748535	2.56862736
934.55151367	2.56862736
934.55566406	2.56862736
934.55566406	2.56862736
934.55963135	2.56862736
934.56365967	2.56862736
934.56781006	2.56862736
934.57202148	2.56862736
934.57617188	2.56862736
934.57617188	2.56862736
934.58013916	2.56862736
934.58422852	2.56862736
934.58837891	2.56862736
934.58837891	2.56862736
934.59252930	2.56862736
934.59655762	2.56862736
934.60064697	2.56862736
934.60064697	2.56862736
934.60473633	2.56862736
934.60882568	2.56862736
934.61291504	2.56862736
934.61694336	2.56862736
934.62115479	2.56862736
934.62115479	2.56862736
934.62524414	2.56862736
934.62939453	2.56862736
934.63354492	2.56862736
934.63354492	2.56862736
934.63757324	2.56862736
934.64166260	2.56862736
934.64575195	2.56862736
934.64575195	2.56862736
934.64978027	2.56862736
934.65393066	2.56862736
934.65808105	2.56862736
934.65808105	2.56862736
934.66204834	2.56862736
934.66619873	2.56862736
934.66619873	2.54901958
934.67022705	2.54901958
934.67431641	2.54901958
934.67840576	2.54901958
934.67840576	2.54901958
934.68261719	2.54901958
934.68658447	2.52941179
934.69073486	2.52941179
934.69073486	2.52941179
934.69482422	2.52941179
934.69891357	2.52941179
934.70306396	2.52941179
934.70306396	2.52941179
934.70703125	2.52941179
934.71118164	2.50980401
934.71118164	2.50980401
934.71527100	2.50980401
934.71954346	2.50980401
934.72344971	2.50980401
934.72344971	2.50980401
934.72760010	2.50980401
934.73168945	2.50980401
934.73596191	2.50980401
934.73596191	2.50980401
934.73980713	2.50980401
934.74395752	2.49019599
934.74810791	2.49019599
934.74810791	2.49019599
934.75219727	2.49019599
934.75634766	2.49019599
934.75634766	2.49019599
934.76043701	2.49019599
934.76440430	2.49019599
934.76855469	2.49019599
934.76855469	2.49019599
934.77270508	2.49019599
934.77667236	2.49019599
934.78082275	2.49019599
934.78082275	2.49019599
934.78497314	2.49019599
934.78912354	2.49019599
934.79327393	2.49019599
934.79327393	2.49019599
934.79724121	2.50980401
934.80139160	2.50980401
934.80139160	2.50980401
934.80541992	2.50980401
934.80950928	2.50980401
934.81359863	2.50980401
934.81359863	2.50980401
934.81768799	2.50980401
934.82183838	2.50980401
934.82592773	2.50980401
934.82592773	2.50980401
934.82989502	2.50980401
934.83404541	2.50980401
934.83819580	2.50980401
934.83819580	2.50980401
934.84228516	2.50980401
934.84649658	2.52941179
934.85046387	2.52941179
934.85461426	2.52941179
934.85876465	2.52941179
934.85876465	2.52941179
934.86291504	2.52941179
934.86688232	2.52941179
934.87097168	2.52941179
934.87097168	2.52941179
934.87512207	2.52941179
934.87927246	2.52941179
934.88330078	2.52941179
934.88330078	2.52941179
934.88745117	2.52941179
934.89141846	2.52941179
934.89556885	2.54901958
934.89953613	2.54901958
934.90368652	2.54901958
934.90368652	2.54901958
934.90777588	2.54901958
934.91192627	2.54901958
934.91607666	2.54901958
934.91607666	2.54901958
934.92010498	2.54901958
934.92425537	2.54901958
934.92840576	2.54901958
934.92840576	2.54901958
934.93249512	2.54901958
934.93646240	2.54901958
934.94061279	2.54901958
934.94470215	2.56862736
934.94879150	2.54901958
934.94879150	2.54901958
934.95281982	2.54901958
934.95690918	2.54901958
934.96105957	2.54901958
934.96105957	2.54901958
934.96514893	2.54901958
934.96929932	2.54901958
934.97344971	2.54901958
934.97344971	2.54901958
934.97747803	2.54901958
934.98162842	2.54901958
934.98577881	2.54901958
934.98974609	2.54901958
934.99389648	2.54901958
934.99389648	2.56862736
934.99798584	2.54901958
935.00213623	2.54901958
935.00622559	2.54901958
935.00622559	2.54901958
935.01019287	2.54901958
935.01428223	2.54901958
935.01843262	2.54901958
935.01843262	2.54901958
935.02258301	2.54901958
935.02655029	2.54901958
935.03070068	2.54901958
935.03479004	2.54901958
935.03900146	2.54901958
935.03900146	2.54901958
935.04296875	2.54901958
935.04711914	2.54901958
935.05126953	2.54901958
935.05126953	2.54901958
935.05535889	2.56862736
935.05950928	2.54901958
935.06341553	2.56862736
935.06341553	2.56862736
935.06756592	2.56862736
935.07165527	2.56862736
935.07580566	2.56862736
935.07977295	2.56862736
935.08392334	2.56862736
935.08392334	2.56862736
935.08807373	2.56862736
935.09216309	2.56862736
935.09631348	2.56862736
935.09631348	2.56862736
935.10052490	2.56862736
935.10449219	2.56862736
935.10858154	2.56862736
935.10858154	2.56862736
935.11273193	2.56862736
935.11676025	2.56862736
935.12084961	2.56862736
935.12500000	2.56862736
935.12902832	2.56862736
935.12902832	2.56862736
935.13305664	2.56862736
935.13714600	2.56862736
935.14141846	2.56862736
935.14141846	2.56862736
935.14544678	2.56862736
935.14959717	2.56862736
935.15374756	2.56862736
935.15374756	2.56862736
935.15771484	2.56862736
935.16192627	2.56862736
935.16601563	2.56862736
935.16601563	2.56862736
935.16998291	2.56862736
935.17413330	2.56862736
935.17413330	2.56862736
935.17822266	2.56862736
935.18243408	2.56862736
935.18646240	2.56862736
935.18646240	2.56862736
935.19049072	2.56862736
935.19458008	2.56862736
935.19866943	2.56862736
935.19866943	2.56862736
935.20281982	2.56862736
935.20678711	2.56862736
935.21093750	2.56862736
935.21093750	2.56862736
935.21502686	2.56862736
935.21929932	2.56862736
935.21929932	2.56862736
935.22320557	2.56862736
935.22747803	2.56862736
935.23150635	2.56862736
935.23150635	2.56862736
935.23565674	2.56862736
935.23962402	2.56862736
935.24371338	2.56862736
935.24371338	2.56862736
935.24786377	2.56862736
935.25201416	2.56862736
935.25610352	2.56862736
935.25610352	2.56862736
935.26000977	2.56862736
935.26422119	2.56862736
935.26422119	2.54901958
935.26831055	2.54901958
935.27246094	2.54901958
935.27655029	2.54901958
935.27655029	2.54901958
935.28057861	2.52941179
935.28466797	2.52941179
935.28887939	2.52941179
935.28887939	2.52941179
935.29284668	2.52941179
935.29699707	2.52941179
935.30108643	2.50980401
935.30108643	2.50980401
935.30523682	2.50980401
935.30938721	2.50980401
935.30938721	2.50980401
935.31347656	2.50980401
935.31744385	2.50980401
935.32153320	2.50980401
935.32153320	2.50980401
935.32568359	2.50980401
935.32965088	2.50980401
935.33380127	2.50980401
935.33380127	2.50980401
935.33795166	2.50980401
935.34204102	2.50980401
935.34619141	2.50980401
935.34619141	2.49019599
935.35021973	2.49019599
935.35449219	2.49019599
935.35852051	2.49019599
935.36267090	2.49019599
935.36676025	2.50980401
935.36676025	2.50980401
935.37078857	2.50980401
935.37481689	2.49019599
935.37890625	2.50980401
935.37890625	2.50980401
935.38287354	2.50980401
935.38708496	2.50980401
935.39123535	2.50980401
935.39123535	2.50980401
935.39532471	2.50980401
935.39941406	2.50980401
935.40344238	2.50980401
935.40753174	2.50980401
935.41174316	2.50980401
935.41174316	2.50980401
935.41583252	2.50980401
935.41979980	2.50980401
935.42395020	2.50980401
935.42395020	2.50980401
935.42810059	2.50980401
935.43225098	2.52941179
935.43634033	2.52941179
935.43634033	2.52941179
935.44049072	2.52941179
935.44451904	2.52941179
935.44866943	2.52941179
935.45281982	2.52941179
935.45672607	2.52941179
935.45672607	2.52941179
935.46087646	2.52941179
935.46502686	2.52941179
935.46917725	2.52941179
935.46917725	2.52941179
935.47302246	2.52941179
935.47717285	2.54901958
935.48144531	2.54901958
935.48144531	2.54901958
935.48541260	2.54901958
935.48956299	2.54901958
935.49353027	2.54901958
935.49768066	2.54901958
935.50183105	2.54901958
935.50183105	2.54901958
935.50598145	2.54901958
935.50988770	2.54901958
935.51403809	2.54901958
935.51403809	2.54901958
935.51818848	2.54901958
935.52233887	2.54901958
935.52642822	2.54901958
935.52642822	2.54901958
935.53045654	2.54901958
935.53454590	2.54901958
935.53869629	2.54901958
935.54284668	2.56862736
935.54687500	2.56862736
935.54687500	2.54901958
935.55096436	2.54901958
935.55511475	2.54901958
935.55920410	2.54901958
935.55920410	2.54901958
935.56317139	2.54901958
935.56744385	2.54901958
935.57147217	2.54901958
935.57147217	2.54901958
935.57556152	2.54901958
935.57952881	2.54901958
935.58367920	2.54901958
935.58782959	2.54901958
935.59191895	2.54901958
935.59191895	2.54901958
935.59606934	2.54901958
935.60009766	2.54901958
935.60424805	2.54901958
935.60424805	2.54901958
935.60833740	2.54901958
935.61248779	2.54901958
935.61657715	2.54901958
935.61657715	2.54901958
935.62060547	2.54901958
935.62469482	2.54901958
935.62878418	2.56862736
935.63281250	2.56862736
935.63690186	2.54901958
935.63690186	2.54901958
935.64105225	2.54901958
935.64514160	2.54901958
935.64929199	2.54901958
935.64929199	2.54901958
935.65344238	2.54901958
935.65747070	2.54901958
935.66162109	2.54901958
935.66162109	2.54901958
935.66577148	2.54901958
935.66986084	2.54901958
935.67382813	2.54901958
935.67791748	2.54901958
935.68212891	2.54901958
935.68212891	2.56862736
935.68609619	2.56862736
935.69024658	2.56862736
935.69451904	2.56862736
935.69451904	2.56862736
935.69848633	2.56862736
935.70269775	2.56862736
935.70672607	2.56862736
935.70672607	2.56862736
935.71075439	2.56862736
935.71484375	2.56862736
935.71893311	2.56862736
935.71893311	2.56862736
935.72296143	2.56862736
935.72705078	2.56862736
935.72705078	2.56862736
935.73120117	2.56862736
935.73529053	2.56862736
935.73944092	2.56862736
935.73944092	2.56862736
935.74346924	2.56862736
935.74761963	2.56862736
935.75177002	2.56862736
935.75177002	2.56862736
935.75585938	2.56862736
935.75976563	2.56862736
935.76391602	2.56862736
935.76391602	2.56862736
935.76806641	2.56862736
935.77221680	2.56862736
935.77221680	2.56862736
935.77618408	2.56862736
935.78045654	2.56862736
935.78442383	2.56862736
935.78442383	2.56862736
935.78863525	2.56862736
935.79272461	2.56862736
935.79675293	2.56862736
935.79675293	2.56862736
935.80084229	2.56862736
935.80499268	2.56862736
935.80914307	2.56862736
935.80914307	2.56862736
935.81304932	2.56862736
935.81713867	2.56862736
935.81713867	2.56862736
935.82128906	2.56862736
935.82543945	2.56862736
935.82952881	2.56862736
935.82952881	2.56862736
935.83355713	2.56862736
935.83764648	2.56862736
935.84179688	2.56862736
935.84179688	2.56862736
935.84588623	2.56862736
935.84997559	2.54901958
935.85412598	2.54901958
935.85412598	2.54901958
935.85827637	2.54901958
935.86236572	2.54901958
935.86236572	2.54901958
935.86651611	2.52941179
935.87048340	2.52941179
935.87457275	2.52941179
935.87457275	2.52941179
935.87866211	2.52941179
935.88281250	2.52941179
935.88677979	2.52941179
935.88677979	2.52941179
935.89093018	2.52941179
935.89501953	2.50980401
935.89916992	2.50980401
935.89916992	2.50980401
935.90313721	2.50980401
935.90747070	2.50980401
935.91149902	2.50980401
935.91564941	2.50980401
935.91967773	2.50980401
935.91967773	2.50980401
935.92376709	2.50980401
935.92785645	2.50980401
935.93200684	2.50980401
935.93200684	2.50980401
935.93603516	2.49019599
935.94006348	2.49019599
935.94415283	2.49019599
935.94415283	2.49019599
935.94824219	2.49019599
935.95239258	2.49019599
935.95654297	2.49019599
935.96051025	2.49019599
935.96466064	2.49019599
935.96466064	2.49019599
935.96881104	2.49019599
935.97290039	2.49019599
935.97692871	2.49019599
935.97692871	2.49019599
935.98114014	2.49019599
935.98522949	2.49019599
935.98937988	2.49019599
935.98937988	2.50980401
935.99340820	2.50980401
935.99743652	2.50980401
936.00158691	2.50980401
936.00567627	2.50980401
936.00976563	2.50980401
936.00976563	2.50980401
936.01379395	2.50980401
936.01788330	2.50980401
936.02203369	2.50980401
936.02203369	2.50980401
936.02618408	2.50980401
936.03021240	2.50980401
936.03442383	2.50980401
936.03442383	2.50980401
936.03845215	2.50980401
936.04260254	2.50980401
936.04663086	2.52941179
936.05072021	2.52941179
936.05487061	2.52941179
936.05487061	2.52941179
936.05902100	2.52941179
936.06298828	2.52941179
936.06701660	2.52941179
936.06701660	2.52941179
936.07110596	2.52941179
936.07531738	2.52941179
936.07940674	2.52941179
936.07940674	2.52941179
936.08343506	2.52941179
936.08752441	2.52941179
936.09167480	2.52941179
936.09576416	2.52941179
936.09997559	2.54901958
936.09997559	2.54901958
936.10394287	2.54901958
936.10809326	2.54901958
936.11224365	2.54901958
936.11224365	2.54901958
936.11639404	2.54901958
936.12048340	2.54901958
936.12445068	2.54901958
936.12445068	2.54901958
936.12854004	2.54901958
936.13262939	2.54901958
936.13671875	2.54901958
936.14080811	2.54901958
936.14489746	2.54901958
936.14489746	2.54901958
936.14904785	2.54901958
936.15301514	2.54901958
936.15716553	2.54901958
936.15716553	2.54901958
936.16131592	2.54901958
936.16552734	2.54901958
936.16955566	2.54901958
936.16955566	2.54901958
936.17358398	2.54901958
936.17773438	2.54901958
936.18188477	2.54901958
936.18597412	2.54901958
936.19006348	2.54901958
936.19006348	2.54901958
936.19403076	2.54901958
936.19818115	2.54901958
936.20227051	2.54901958
936.20227051	2.54901958
936.20642090	2.54901958
936.21038818	2.54901958
936.21453857	2.54901958
936.21453857	2.54901958
936.21868896	2.54901958
936.22277832	2.54901958
936.22680664	2.54901958
936.22680664	2.54901958
936.23101807	2.54901958
936.23510742	2.54901958
936.23510742	2.54901958
936.23925781	2.54901958
936.24322510	2.54901958
936.24749756	2.54901958
936.24749756	2.54901958
936.25152588	2.54901958
936.25555420	2.54901958
936.25964355	2.54901958
936.25964355	2.54901958
936.26367188	2.54901958
936.26776123	2.54901958
936.27191162	2.54901958
936.27191162	2.54901958
936.27606201	2.54901958
936.28002930	2.54901958
936.28002930	2.54901958
936.28417969	2.54901958
936.28833008	2.54901958
936.29248047	2.54901958
936.29248047	2.54901958
936.29650879	2.54901958
936.30059814	2.56862736
936.30474854	2.56862736
936.30474854	2.56862736
936.30889893	2.56862736
936.31286621	2.56862736
936.31695557	2.56862736
936.31695557	2.56862736
936.32104492	2.56862736
936.32513428	2.56862736
936.32513428	2.56862736
936.32928467	2.56862736
936.33343506	2.56862736
936.33740234	2.56862736
936.33740234	2.56862736
936.34155273	2.56862736
936.34564209	2.56862736
936.34979248	2.56862736
936.34979248	2.56862736
936.35388184	2.56862736
936.35797119	2.56862736
936.36212158	2.56862736
936.36212158	2.56862736
936.36627197	2.56862736
936.37023926	2.56862736
936.37023926	2.56862736
936.37432861	2.56862736
936.37841797	2.56862736
936.38250732	2.56862736
936.38250732	2.56862736
936.38653564	2.56862736
936.39062500	2.56862736
936.39483643	2.56862736
936.39483643	2.56862736
936.39892578	2.56862736
936.40289307	2.56862736
936.40704346	2.56862736
936.40704346	2.56862736
936.41125488	2.56862736
936.41534424	2.56862736
936.41534424	2.56862736
936.41943359	2.56862736
936.42346191	2.54901958
936.42761230	2.54901958
936.42761230	2.54901958
936.43176270	2.54901958
936.43591309	2.54901958
936.44000244	2.54901958
936.44000244	2.54901958
936.44403076	2.54901958
936.44805908	2.52941179
936.45214844	2.52941179
936.45214844	2.52941179
936.45617676	2.52941179
936.46038818	2.52941179
936.46441650	2.50980401
936.46850586	2.50980401
936.47265625	2.50980401
936.47265625	2.50980401
936.47662354	2.50980401
936.48077393	2.50980401
936.48498535	2.50980401
936.48498535	2.50980401
936.48913574	2.50980401
936.49310303	2.49019599
936.49725342	2.49019599
936.49725342	2.49019599
936.50134277	2.49019599
936.50543213	2.49019599
936.50952148	2.49019599
936.51354980	2.49019599
936.51763916	2.49019599
936.51763916	2.49019599
936.52178955	2.49019599
936.52587891	2.49019599
936.52990723	2.49019599
936.52990723	2.49019599
936.53405762	2.49019599
936.53820801	2.49019599
936.54235840	2.49019599
936.54235840	2.49019599
936.54650879	2.49019599
936.55047607	2.49019599
936.55462646	2.49019599
936.55877686	2.49019599
936.56286621	2.49019599
936.56286621	2.50980401
936.56677246	2.50980401
936.57092285	2.50980401
936.57501221	2.50980401
936.57501221	2.50980401
936.57916260	2.50980401
936.58312988	2.50980401
936.58740234	2.50980401
936.58740234	2.50980401
936.59143066	2.50980401
936.59552002	2.50980401
936.59967041	2.50980401
936.60369873	2.50980401
936.60784912	2.50980401
936.60784912	2.50980401
936.61199951	2.50980401
936.61614990	2.50980401
936.62011719	2.50980401
936.62011719	2.50980401
936.62420654	2.50980401
936.62817383	2.52941179
936.63238525	2.52941179
936.63238525	2.52941179
936.63641357	2.52941179
936.64050293	2.52941179
936.64465332	2.52941179
936.64880371	2.52941179
936.65301514	2.52941179
936.65301514	2.52941179
936.65692139	2.52941179
936.66107178	2.52941179
936.66522217	2.52941179
936.66522217	2.52941179
936.66937256	2.52941179
936.67352295	2.52941179
936.67749023	2.52941179
936.67749023	2.52941179
936.68157959	2.52941179
936.68572998	2.52941179
936.68988037	2.52941179
936.69384766	2.52941179
936.69799805	2.52941179
936.69799805	2.52941179
936.70214844	2.52941179
936.70623779	2.52941179
936.71020508	2.52941179
936.71020508	2.52941179
936.71435547	2.52941179
936.71850586	2.52941179
936.72265625	2.52941179
936.72265625	2.52941179
936.72650146	2.52941179
936.73065186	2.52941179
936.73474121	2.52941179
936.73895264	2.52941179
936.74304199	2.52941179
936.74304199	2.52941179
936.74707031	2.52941179
936.75122070	2.50980401
936.75531006	2.50980401
936.75531006	2.50980401
936.75939941	2.50980401
936.76342773	2.52941179
936.76751709	2.52941179
936.76751709	2.52941179
936.77166748	2.52941179
936.77575684	2.52941179
936.77996826	2.52941179
936.77996826	2.52941179
936.78387451	2.52941179
936.78808594	2.52941179
936.78808594	2.52941179
936.79223633	2.52941179
936.79638672	2.52941179
936.80047607	2.52941179
936.80047607	2.52941179
936.80450439	2.54901958
936.80859375	2.54901958
936.81274414	2.54901958
936.81274414	2.54901958
936.81671143	2.54901958
936.82080078	2.54901958
936.82489014	2.54901958
936.82489014	2.54901958
936.82904053	2.54901958
936.83312988	2.54901958
936.83312988	2.54901958
936.83715820	2.54901958
936.84130859	2.54901958
936.84539795	2.54901958
936.84539795	2.54901958
936.84942627	2.54901958
936.85357666	2.54901958
936.85772705	2.54901958
936.85772705	2.54901958
936.86187744	2.56862736
936.86596680	2.56862736
936.86993408	2.56862736
936.86993408	2.56862736
936.87414551	2.56862736
936.87829590	2.56862736
936.87829590	2.56862736
936.88238525	2.56862736
936.88647461	2.56862736
936.89050293	2.56862736
936.89050293	2.56862736
936.89459229	2.56862736
936.89874268	2.56862736
936.90289307	2.56862736
936.90289307	2.56862736
936.90679932	2.56862736
936.91094971	2.56862736
936.91503906	2.56862736
936.91503906	2.56862736
936.91918945	2.56862736
936.92327881	2.56862736
936.92327881	2.56862736
936.92742920	2.56862736
936.93145752	2.56862736
936.93560791	2.56862736
936.93560791	2.56862736
936.93975830	2.56862736
936.94372559	2.56862736
936.94781494	2.56862736
936.94781494	2.56862736
936.95190430	2.56862736
936.95605469	2.56862736
936.96002197	2.56862736
936.96002197	2.56862736
936.96417236	2.56862736
936.96826172	2.56862736
936.97241211	2.56862736
936.97644043	2.56862736
936.98052979	2.56862736
936.98052979	2.56862736
936.98468018	2.56862736
936.98889160	2.56862736
936.99298096	2.56862736
936.99298096	2.56862736
936.99694824	2.56862736
937.00109863	2.56862736
937.00518799	2.56862736
937.00518799	2.56862736
937.00927734	2.54901958
937.01342773	2.54901958
937.01739502	2.54901958
937.02154541	2.54901958
937.02563477	2.52941179
937.02563477	2.52941179
937.02966309	2.52941179
937.03375244	2.52941179
937.03796387	2.52941179
937.03796387	2.52941179
937.04211426	2.52941179
937.04626465	2.52941179
937.05023193	2.52941179
937.05023193	2.52941179
937.05432129	2.52941179
937.05847168	2.52941179
937.06262207	2.50980401
937.06652832	2.50980401
937.07061768	2.50980401
937.07061768	2.50980401
937.07476807	2.50980401
937.07891846	2.50980401
937.08300781	2.50980401
937.08300781	2.50980401
937.08703613	2.50980401
937.09112549	2.50980401
937.09527588	2.50980401
937.09527588	2.50980401
937.09942627	2.50980401
937.10345459	2.50980401
937.10760498	2.50980401
937.11175537	2.50980401
937.11584473	2.50980401
937.11584473	2.50980401
937.11981201	2.50980401
937.12396240	2.50980401
937.12811279	2.50980401
937.12811279	2.50980401
937.13226318	2.50980401
937.13616943	2.52941179
937.14038086	2.52941179
937.14038086	2.52941179
937.14440918	2.52941179
937.14849854	2.52941179
937.15264893	2.52941179
937.15667725	2.52941179
937.16076660	2.52941179
937.16076660	2.52941179
937.16491699	2.52941179
937.16906738	2.52941179
937.17321777	2.52941179
937.17321777	2.52941179
937.17718506	2.52941179
937.18133545	2.54901958
937.18542480	2.54901958
937.18542480	2.54901958
937.18945313	2.54901958
937.19354248	2.54901958
937.19769287	2.54901958
937.20172119	2.54901958
937.20599365	2.54901958
937.20599365	2.54901958
937.20989990	2.54901958
937.21405029	2.56862736
937.21820068	2.56862736
937.21820068	2.56862736
937.22235107	2.56862736
937.22650146	2.56862736
937.23046875	2.56862736
937.23046875	2.56862736
937.23455811	2.56862736
937.23876953	2.56862736
937.24285889	2.56862736
937.24676514	2.56862736
937.25097656	2.56862736
937.25097656	2.56862736
937.25506592	2.56862736
937.25921631	2.56862736
937.26324463	2.56862736
937.26324463	2.56862736
937.26745605	2.56862736
937.27142334	2.56862736
937.27557373	2.56862736
937.27557373	2.56862736
937.27954102	2.56862736
937.28369141	2.56862736
937.28778076	2.56862736
937.29193115	2.56862736
937.29608154	2.56862736
937.29608154	2.56862736
937.30010986	2.56862736
937.30426025	2.56862736
937.30834961	2.56862736
937.30834961	2.56862736
937.31250000	2.56862736
937.31640625	2.56862736
937.32055664	2.56862736
937.32055664	2.56862736
937.32464600	2.56862736
937.32879639	2.56862736
937.33288574	2.56862736
937.33288574	2.56862736
937.33691406	2.56862736
937.34106445	2.56862736
937.34106445	2.56862736
937.34515381	2.56862736
937.34930420	2.56862736
937.35345459	2.56862736
937.35345459	2.56862736
937.35748291	2.56862736
937.36157227	2.56862736
937.36566162	2.56862736
937.36566162	2.56862736
937.36968994	2.56862736
937.37377930	2.56862736
937.37792969	2.56862736
937.37792969	2.56862736
937.38201904	2.56862736
937.38616943	2.56862736
937.38616943	2.56862736
937.39019775	2.56862736
937.39428711	2.56862736
937.39837646	2.56862736
937.39837646	2.56862736
937.40252686	2.56862736
937.40655518	2.56862736
937.41070557	2.56862736
937.41070557	2.56862736
937.41485596	2.56862736
937.41894531	2.56862736
937.42309570	2.56862736
937.42309570	2.56862736
937.42706299	2.56862736
937.43121338	2.56862736
937.43121338	2.56862736
937.43530273	2.56862736
937.43945313	2.56862736
937.44335938	2.56862736
937.44335938	2.56862736
937.44757080	2.56862736
937.45166016	2.56862736
937.45581055	2.56862736
937.45581055	2.56862736
937.45977783	2.56862736
937.46392822	2.56862736
937.46801758	2.56862736
937.46801758	2.56862736
937.47216797	2.56862736
937.47637939	2.56862736
937.47637939	2.56862736
937.48046875	2.56862736
937.48443604	2.56862736
937.48864746	2.56862736
937.48864746	2.56862736
937.49273682	2.56862736
937.49670410	2.56862736
937.50085449	2.56862736
937.50085449	2.58823538
937.50494385	2.58823538
937.50915527	2.58823538
937.51330566	2.58823538
937.51330566	2.58823538
937.51721191	2.58823538
937.52136230	2.58823538
937.52551270	2.58823538
937.52954102	2.58823538
937.53375244	2.58823538
937.53375244	2.58823538
937.53765869	2.58823538
937.54180908	2.58823538
937.54583740	2.56862736
937.54583740	2.56862736
937.54992676	2.56862736
937.55401611	2.56862736
937.55816650	2.56862736
937.55816650	2.56862736
937.56237793	2.56862736
937.56640625	2.56862736
937.57049561	2.56862736
937.57452393	2.56862736
937.57867432	2.54901958
937.57867432	2.54901958
937.58276367	2.54901958
937.58685303	2.54901958
937.59088135	2.54901958
937.59088135	2.54901958
937.59503174	2.52941179
937.59912109	2.52941179
937.60333252	2.52941179
937.60333252	2.52941179
937.60748291	2.52941179
937.61151123	2.52941179
937.61560059	2.52941179
937.61950684	2.52941179
937.62371826	2.52941179
937.62371826	2.52941179
937.62774658	2.52941179
937.63189697	2.52941179
937.63604736	2.50980401
937.63604736	2.50980401
937.64001465	2.50980401
937.64416504	2.50980401
937.64825439	2.50980401
937.64825439	2.50980401
937.65240479	2.50980401
937.65643311	2.50980401
937.66058350	2.50980401
937.66473389	2.50980401
937.66888428	2.52941179
937.66888428	2.52941179
937.67285156	2.52941179
937.67694092	2.52941179
937.68109131	2.52941179
937.68109131	2.52941179
937.68524170	2.52941179
937.68933105	2.52941179
937.69335938	2.52941179
937.69335938	2.52941179
937.69738770	2.52941179
937.70153809	2.52941179
937.70568848	2.52941179
937.70965576	2.52941179
937.71380615	2.52941179
937.71380615	2.52941179
937.71789551	2.52941179
937.72216797	2.52941179
937.72613525	2.54901958
937.72613525	2.54901958
937.73016357	2.54901958
937.73431396	2.54901958
937.73846436	2.54901958
937.73846436	2.54901958
937.74261475	2.54901958
937.74664307	2.54901958
937.75079346	2.54901958
937.75488281	2.54901958
937.75903320	2.54901958
937.75903320	2.54901958
937.76300049	2.54901958
937.76708984	2.56862736
937.77124023	2.56862736
937.77124023	2.56862736
937.77532959	2.56862736
937.77954102	2.56862736
937.78350830	2.56862736
937.78350830	2.56862736
937.78759766	2.56862736
937.79174805	2.56862736
937.79583740	2.56862736
937.79986572	2.56862736
937.80395508	2.56862736
937.80395508	2.56862736
937.80804443	2.56862736
937.81213379	2.56862736
937.81628418	2.56862736
937.81628418	2.56862736
937.82043457	2.56862736
937.82446289	2.56862736
937.82861328	2.56862736
937.82861328	2.56862736
937.83276367	2.56862736
937.83666992	2.56862736
937.84082031	2.56862736
937.84082031	2.56862736
937.84497070	2.56862736
937.84912109	2.56862736
937.84912109	2.56862736
937.85308838	2.56862736
937.85717773	2.56862736
937.86132813	2.56862736
937.86132813	2.56862736
937.86547852	2.56862736
937.86944580	2.56862736
937.87365723	2.56862736
937.87365723	2.56862736
937.87780762	2.56862736
937.88189697	2.56862736
937.88623047	2.56862736
937.88623047	2.56862736
937.88995361	2.56862736
937.89410400	2.56862736
937.89410400	2.56862736
937.89825439	2.56862736
937.90234375	2.56862736
937.90649414	2.56862736
937.90649414	2.56862736
937.91040039	2.56862736
937.91461182	2.56862736
937.91876221	2.56862736
937.91876221	2.56862736
937.92285156	2.56862736
937.92675781	2.56862736
937.93090820	2.56862736
937.93090820	2.56862736
937.93505859	2.56862736
937.93920898	2.56862736
937.93920898	2.56862736
937.94323730	2.56862736
937.94750977	2.56862736
937.95147705	2.56862736
937.95147705	2.56862736
937.95562744	2.56862736
937.95959473	2.56862736
937.96368408	2.56862736
937.96368408	2.56862736
937.96783447	2.56862736
937.97192383	2.56862736
937.97613525	2.56862736
937.97613525	2.56862736
937.98004150	2.56862736
937.98419189	2.56862736
937.98419189	2.56862736
937.98846436	2.56862736
937.99255371	2.56862736
937.99664307	2.56862736
937.99664307	2.56862736
938.00067139	2.56862736
938.00482178	2.56862736
938.00891113	2.56862736
938.00891113	2.56862736
938.01287842	2.56862736
938.01696777	2.56862736
938.02111816	2.56862736
938.02111816	2.58823538
938.02520752	2.58823538
938.02935791	2.58823538
938.03350830	2.58823538
938.03747559	2.58823538
938.04156494	2.58823538
938.04156494	2.58823538
938.04571533	2.58823538
938.04968262	2.58823538
938.05377197	2.58823538
938.05377197	2.58823538
938.05792236	2.58823538
938.06201172	2.58823538
938.06622314	2.58823538
938.06622314	2.58823538
938.07019043	2.58823538
938.07440186	2.58823538
938.07843018	2.58823538
938.08251953	2.58823538
938.08673096	2.58823538
938.08673096	2.58823538
938.09063721	2.58823538
938.09478760	2.58823538
938.09887695	2.58823538
938.09887695	2.58823538
938.10296631	2.56862736
938.10705566	2.56862736
938.11120605	2.56862736
938.11120605	2.56862736
938.11535645	2.56862736
938.11938477	2.56862736
938.12341309	2.56862736
938.12756348	2.56862736
938.13165283	2.54901958
938.13165283	2.54901958
938.13574219	2.54901958
938.13977051	2.54901958
938.14392090	2.54901958
938.14392090	2.54901958
938.14801025	2.52941179
938.15216064	2.52941179
938.15631104	2.52941179
938.15631104	2.52941179
938.16040039	2.52941179
938.16448975	2.52941179
938.16857910	2.52941179
938.17279053	2.52941179
938.17687988	2.52941179
938.17687988	2.52941179
938.18084717	2.52941179
938.18499756	2.50980401
938.18908691	2.50980401
938.18908691	2.50980401
938.19311523	2.50980401
938.19726563	2.50980401
938.20147705	2.50980401
938.20147705	2.50980401
938.20556641	2.50980401
938.20959473	2.50980401
938.21362305	2.50980401
938.21777344	2.50980401
938.22186279	2.50980401
938.22186279	2.50980401
938.22601318	2.50980401
938.22991943	2.52941179
938.23400879	2.52941179
938.23400879	2.52941179
938.23815918	2.52941179
938.24230957	2.52941179
938.24639893	2.52941179
938.24639893	2.52941179
938.25036621	2.52941179
938.25457764	2.52941179
938.25866699	2.52941179
938.26275635	2.52941179
938.26678467	2.52941179
938.26678467	2.52941179
938.27093506	2.52941179
938.27502441	2.52941179
938.27911377	2.52941179
938.27911377	2.52941179
938.28314209	2.54901958
938.28741455	2.54901958
938.29144287	2.54901958
938.29144287	2.54901958
938.29559326	2.54901958
938.29968262	2.54901958
938.30364990	2.54901958
938.30780029	2.54901958
938.31195068	2.56862736
938.31195068	2.56862736
938.31604004	2.56862736
938.32000732	2.56862736
938.32409668	2.56862736
938.32409668	2.56862736
938.32830811	2.56862736
938.33239746	2.56862736
938.33654785	2.56862736
938.33654785	2.56862736
938.34051514	2.56862736
938.34466553	2.56862736
938.34881592	2.56862736
938.35284424	2.56862736
938.35687256	2.56862736
938.35687256	2.56862736
938.36102295	2.56862736
938.36517334	2.56862736
938.36932373	2.56862736
938.36932373	2.56862736
938.37341309	2.56862736
938.37731934	2.56862736
938.38146973	2.56862736
938.38146973	2.58823538
938.38562012	2.58823538
938.38964844	2.58823538
938.39373779	2.56862736
938.39373779	2.56862736
938.39788818	2.58823538
938.40203857	2.58823538
938.40203857	2.58823538
938.40618896	2.58823538
938.41021729	2.58823538
938.41448975	2.56862736
938.41448975	2.58823538
938.41845703	2.56862736
938.42260742	2.58823538
938.42669678	2.56862736
938.42669678	2.56862736
938.43072510	2.56862736
938.43481445	2.56862736
938.43896484	2.56862736
938.43896484	2.56862736
938.44287109	2.56862736
938.44702148	2.56862736
938.44702148	2.58823538
938.45111084	2.56862736
938.45526123	2.58823538
938.45941162	2.58823538
938.45941162	2.58823538
938.46337891	2.58823538
938.46752930	2.58823538
938.47167969	2.58823538
938.47167969	2.58823538
938.47583008	2.58823538
938.47985840	2.58823538
938.48394775	2.58823538
938.48394775	2.58823538
938.48809814	2.58823538
938.49224854	2.58823538
938.49224854	2.58823538
938.49621582	2.58823538
938.50048828	2.58823538
938.50445557	2.58823538
938.50445557	2.58823538
938.50854492	2.58823538
938.51263428	2.58823538
938.51666260	2.58823538
938.51666260	2.58823538
938.52075195	2.58823538
938.52490234	2.58823538
938.52899170	2.58823538
938.52899170	2.58823538
938.53302002	2.58823538
938.53710938	2.58823538
938.53710938	2.58823538
938.54132080	2.58823538
938.54547119	2.58823538
938.54962158	2.58823538
938.54962158	2.58823538
938.55358887	2.58823538
938.55773926	2.58823538
938.56182861	2.58823538
938.56182861	2.58823538
938.56597900	2.58823538
938.56994629	2.58823538
938.57397461	2.58823538
938.57397461	2.58823538
938.57818604	2.58823538
938.58227539	2.58823538
938.58642578	2.58823538
938.59039307	2.58823538
938.59454346	2.58823538
938.59454346	2.58823538
938.59863281	2.58823538
938.60278320	2.58823538
938.60681152	2.58823538
938.60681152	2.58823538
938.61096191	2.58823538
938.61505127	2.58823538
938.61920166	2.58823538
938.61920166	2.58823538
938.62316895	2.58823538
938.62738037	2.58823538
938.63140869	2.58823538
938.63549805	2.58823538
938.63964844	2.56862736
938.63964844	2.56862736
938.64361572	2.56862736
938.64776611	2.56862736
938.65185547	2.56862736
938.65185547	2.56862736
938.65600586	2.56862736
938.66003418	2.56862736
938.66418457	2.56862736
938.66418457	2.56862736
938.66833496	2.56862736
938.67248535	2.54901958
938.67639160	2.54901958
938.68060303	2.54901958
938.68469238	2.54901958
938.68469238	2.52941179
938.68878174	2.52941179
938.69287109	2.52941179
938.69689941	2.52941179
938.69689941	2.52941179
938.70098877	2.52941179
938.70513916	2.52941179
938.70928955	2.50980401
938.70928955	2.50980401
938.71337891	2.50980401
938.71740723	2.50980401
938.72155762	2.50980401
938.72570801	2.50980401
938.72985840	2.50980401
938.72985840	2.50980401
938.73382568	2.50980401
938.73797607	2.50980401
938.74206543	2.50980401
938.74206543	2.50980401
938.74621582	2.49019599
938.75012207	2.49019599
938.75445557	2.49019599
938.75445557	2.49019599
938.75836182	2.49019599
938.76251221	2.49019599
938.76647949	2.49019599
938.77062988	2.49019599
938.77478027	2.49019599
938.77478027	2.49019599
938.77886963	2.49019599
938.78289795	2.49019599
938.78704834	2.49019599
938.78704834	2.49019599
938.79119873	2.49019599
938.79534912	2.49019599
938.79943848	2.49019599
938.79943848	2.49019599
938.80346680	2.50980401
938.80761719	2.50980401
938.81170654	2.50980401
938.81585693	2.50980401
938.81994629	2.50980401
938.81994629	2.50980401
938.82391357	2.50980401
938.82800293	2.50980401
938.83215332	2.50980401
938.83215332	2.50980401
938.83612061	2.50980401
938.84039307	2.50980401
938.84436035	2.50980401
938.84436035	2.50980401
938.84851074	2.50980401
938.85272217	2.50980401
938.85668945	2.52941179
938.86083984	2.52941179
938.86492920	2.52941179
938.86492920	2.52941179
938.86907959	2.52941179
938.87304688	2.52941179
938.87713623	2.52941179
938.87713623	2.52941179
938.88128662	2.52941179
938.88537598	2.52941179
938.88952637	2.52941179
938.88952637	2.52941179
938.89349365	2.52941179
938.89764404	2.52941179
938.90179443	2.52941179
938.90179443	2.52941179
938.90588379	2.52941179
938.91003418	2.52941179
938.91003418	2.52941179
938.91412354	2.52941179
938.91821289	2.52941179
938.92230225	2.52941179
938.92230225	2.52941179
938.92645264	2.52941179
938.93041992	2.52941179
938.93457031	2.52941179
938.93457031	2.52941179
938.93865967	2.52941179
938.94274902	2.52941179
938.94677734	2.52941179
938.94677734	2.52941179
938.95092773	2.52941179
938.95501709	2.52941179
938.95501709	2.52941179
938.95910645	2.52941179
938.96313477	2.52941179
938.96740723	2.52941179
938.96740723	2.52941179
938.97143555	2.52941179
938.97558594	2.52941179
938.97973633	2.52941179
938.97973633	2.52941179
938.98370361	2.52941179
938.98785400	2.52941179
938.99194336	2.52941179
938.99194336	2.52941179
938.99609375	2.52941179
939.00006104	2.52941179
939.00006104	2.52941179
939.00421143	2.52941179
939.00836182	2.52941179
939.01251221	2.54901958
939.01251221	2.54901958
939.01647949	2.54901958
939.02056885	2.54901958
939.02471924	2.54901958
939.02471924	2.54901958
939.02886963	2.54901958
939.03302002	2.54901958
939.03698730	2.54901958
939.03698730	2.54901958
939.04101563	2.54901958
939.04510498	2.54901958
939.04510498	2.54901958
939.04925537	2.54901958
939.05346680	2.54901958
939.05737305	2.56862736
939.05737305	2.56862736
939.06152344	2.56862736
939.06573486	2.56862736
939.06976318	2.56862736
939.06976318	2.56862736
939.07379150	2.56862736
939.07788086	2.56862736
939.08203125	2.56862736
939.08203125	2.56862736
939.08618164	2.56862736
939.09014893	2.56862736
939.09436035	2.56862736
939.09838867	2.56862736
939.10247803	2.56862736
939.10247803	2.56862736
939.10656738	2.56862736
939.11071777	2.56862736
939.11480713	2.56862736
939.11480713	2.58823538
939.11895752	2.56862736
939.12310791	2.58823538
939.12713623	2.58823538
939.12713623	2.58823538
939.13116455	2.58823538
939.13525391	2.58823538
939.13940430	2.58823538
939.14337158	2.58823538
939.14752197	2.58823538
939.14752197	2.58823538
939.15161133	2.58823538
939.15576172	2.58823538
939.15985107	2.58823538
939.15985107	2.58823538
939.16394043	2.58823538
939.16809082	2.58823538
939.17224121	2.58823538
939.17224121	2.58823538
939.17620850	2.58823538
939.18048096	2.58823538
939.18444824	2.58823538
939.18853760	2.58823538
939.19262695	2.58823538
939.19262695	2.58823538
939.19665527	2.58823538
939.20074463	2.56862736
939.20495605	2.56862736
939.20495605	2.56862736
939.20898438	2.56862736
939.21301270	2.58823538
939.21710205	2.56862736
939.21710205	2.56862736
939.22125244	2.56862736
939.22546387	2.56862736
939.22961426	2.56862736
939.23358154	2.56862736
939.23773193	2.56862736
939.23773193	2.56862736
939.24182129	2.56862736
939.24597168	2.56862736
939.25006104	2.56862736
939.25006104	2.56862736
939.25408936	2.54901958
939.25817871	2.54901958
939.26232910	2.54901958
939.26232910	2.54901958
939.26641846	2.54901958
939.27038574	2.54901958
939.27447510	2.52941179
939.27862549	2.52941179
939.28277588	2.52941179
939.28277588	2.52941179
939.28686523	2.52941179
939.29089355	2.52941179
939.29510498	2.52941179
939.29510498	2.52941179
939.29919434	2.52941179
939.30316162	2.52941179
939.30743408	2.52941179
939.30743408	2.52941179
939.31146240	2.52941179
939.31561279	2.52941179
939.31964111	2.52941179
939.32360840	2.52941179
939.32775879	2.52941179
939.32775879	2.52941179
939.33190918	2.52941179
939.33612061	2.52941179
939.34002686	2.52941179
939.34002686	2.52941179
939.34411621	2.52941179
939.34826660	2.52941179
939.35241699	2.52941179
939.35241699	2.52941179
939.35644531	2.52941179
939.36053467	2.52941179
939.36468506	2.52941179
939.36883545	2.52941179
939.37298584	2.52941179
939.37298584	2.54901958
939.37695313	2.54901958
939.38104248	2.54901958
939.38513184	2.54901958
939.38513184	2.54901958
939.38928223	2.54901958
939.39337158	2.54901958
939.39739990	2.54901958
939.39739990	2.54901958
939.40148926	2.54901958
939.40563965	2.54901958
939.40972900	2.54901958
939.41381836	2.54901958
939.41796875	2.54901958
939.41796875	2.54901958
939.42211914	2.56862736
939.42608643	2.56862736
939.43023682	2.56862736
939.43023682	2.56862736
939.43432617	2.56862736
939.43841553	2.56862736
939.44250488	2.56862736
939.44250488	2.56862736
939.44647217	2.56862736
939.45062256	2.56862736
939.45477295	2.56862736
939.45477295	2.56862736
939.45886230	2.56862736
939.46301270	2.56862736
939.46301270	2.56862736
939.46697998	2.56862736
939.47113037	2.56862736
939.47528076	2.56862736
939.47528076	2.56862736
939.47949219	2.56862736
939.48345947	2.56862736
939.48754883	2.56862736
939.48754883	2.56862736
939.49169922	2.56862736
939.49584961	2.56862736
939.49987793	2.56862736
939.49987793	2.56862736
939.50390625	2.56862736
939.50799561	2.56862736
939.50799561	2.56862736
939.51214600	2.56862736
939.51611328	2.56862736
939.52038574	2.56862736
939.52038574	2.56862736
939.52435303	2.56862736
939.52850342	2.56862736
939.53265381	2.56862736
939.53265381	2.56862736
939.53668213	2.56862736
939.54083252	2.56862736
939.54492188	2.56862736
939.54492188	2.56862736
939.54907227	2.56862736
939.55316162	2.56862736
939.55316162	2.56862736
939.55718994	2.56862736
939.56134033	2.56862736
939.56549072	2.56862736
939.56549072	2.56862736
939.56951904	2.56862736
939.57348633	2.56862736
939.57763672	2.56862736
939.57763672	2.56862736
939.58178711	2.56862736
939.58587646	2.56862736
939.59002686	2.56862736
939.59002686	2.56862736
939.59399414	2.56862736
939.59814453	2.56862736
939.59814453	2.56862736
939.60229492	2.56862736
939.60644531	2.56862736
939.61047363	2.56862736
939.61047363	2.56862736
939.61456299	2.56862736
939.61871338	2.56862736
939.62286377	2.56862736
939.62286377	2.56862736
939.62683105	2.56862736
939.63092041	2.56862736
939.63500977	2.56862736
939.63500977	2.56862736
939.63909912	2.56862736
939.64312744	2.56862736
939.64739990	2.58823538
939.65136719	2.56862736
939.65551758	2.56862736
939.65551758	2.56862736
939.65948486	2.56862736
939.66363525	2.58823538
939.66778564	2.56862736
939.66778564	2.56862736
939.67193604	2.58823538
939.67602539	2.58823538
939.67999268	2.58823538
939.67999268	2.58823538
939.68420410	2.58823538
939.68835449	2.58823538
939.69238281	2.58823538
939.69635010	2.58823538
939.70050049	2.58823538
939.70050049	2.58823538
939.70465088	2.58823538
939.70880127	2.58823538
939.71289063	2.58823538
939.71289063	2.58823538
939.71691895	2.58823538
939.72100830	2.58823538
939.72515869	2.58823538
939.72515869	2.58823538
939.72930908	2.58823538
939.73345947	2.58823538
939.73742676	2.58823538
939.74163818	2.58823538
939.74566650	2.58823538
939.74566650	2.58823538
939.74963379	2.58823538
939.75378418	2.58823538
939.75787354	2.58823538
939.75787354	2.58823538
939.76202393	2.58823538
939.76611328	2.58823538
939.77014160	2.58823538
939.77014160	2.58823538
939.77429199	2.58823538
939.77844238	2.58823538
939.78253174	2.58823538
939.78649902	2.58823538
939.79064941	2.58823538
939.79064941	2.58823538
939.79473877	2.58823538
939.79888916	2.58823538
939.80334473	2.58823538
939.80334473	2.58823538
939.80700684	2.58823538
939.81115723	2.58823538
939.81530762	2.58823538
939.81530762	2.58823538
939.82031250	2.58823538
939.82342529	2.58823538
939.82751465	2.58823538
939.83160400	2.56862736
939.83581543	2.56862736
939.83581543	2.56862736
939.83990479	2.56862736
939.84393311	2.56862736
939.84820557	2.56862736
939.84820557	2.56862736
939.85223389	2.56862736
939.85632324	2.56862736
939.86047363	2.54901958
939.86047363	2.54901958
939.86444092	2.54901958
939.86846924	2.54901958
939.87261963	2.52941179
939.87664795	2.52941179
939.88073730	2.52941179
939.88073730	2.52941179
939.88482666	2.52941179
939.88903809	2.50980401
939.89306641	2.50980401
939.89306641	2.50980401
939.89709473	2.50980401
939.90124512	2.50980401
939.90539551	2.50980401
939.90539551	2.50980401
939.90948486	2.50980401
939.91351318	2.50980401
939.91766357	2.49019599
939.92181396	2.49019599
939.92590332	2.49019599
939.92590332	2.49019599
939.92993164	2.49019599
939.93402100	2.49019599
939.93817139	2.49019599
939.93817139	2.49019599
939.94226074	2.49019599
939.94635010	2.49019599
939.95037842	2.49019599
939.95037842	2.49019599
939.95446777	2.49019599
939.95861816	2.49019599
939.96270752	2.49019599
939.96270752	2.49019599
939.96679688	2.49019599
939.97088623	2.50980401
939.97088623	2.50980401
939.97503662	2.50980401
939.97918701	2.50980401
939.98333740	2.50980401
939.98333740	2.50980401
939.98748779	2.50980401
939.99145508	2.50980401
939.99560547	2.50980401
939.99560547	2.50980401
939.99951172	2.50980401
940.00360107	2.50980401
940.00775146	2.50980401
940.00775146	2.50980401
940.01190186	2.50980401
940.01599121	2.50980401
940.01599121	2.50980401
940.02001953	2.50980401
940.02410889	2.50980401
940.02825928	2.52941179
940.02825928	2.52941179
940.03240967	2.52941179
940.03637695	2.52941179
940.04052734	2.52941179
940.04052734	2.52941179
940.04467773	2.52941179
940.04882813	2.52941179
940.05291748	2.52941179
940.05291748	2.52941179
940.05694580	2.52941179
940.06103516	2.52941179
940.06103516	2.52941179
940.06518555	2.54901958
940.06927490	2.54901958
940.07342529	2.54901958
940.07342529	2.54901958
940.07733154	2.54901958
940.08148193	2.54901958
940.08563232	2.54901958
940.08563232	2.54901958
940.08966064	2.54901958
940.09375000	2.54901958
940.09790039	2.54901958
940.09790039	2.54901958
940.10205078	2.54901958
940.10620117	2.54901958
940.10620117	2.54901958
940.11016846	2.54901958
940.11444092	2.56862736
940.11840820	2.56862736
940.11840820	2.54901958
940.12255859	2.54901958
940.12658691	2.54901958
940.13061523	2.54901958
940.13061523	2.54901958
940.13476563	2.54901958
940.13885498	2.54901958
940.14300537	2.54901958
940.14300537	2.54901958
940.14697266	2.54901958
940.15112305	2.54901958
940.15112305	2.54901958
940.15527344	2.54901958
940.15936279	2.54901958
940.16339111	2.54901958
940.16339111	2.54901958
940.16760254	2.54901958
940.17169189	2.54901958
940.17584229	2.54901958
940.17584229	2.54901958
940.17980957	2.54901958
940.18395996	2.54901958
940.18804932	2.54901958
940.18804932	2.54901958
940.19213867	2.54901958
940.19622803	2.54901958
940.20043945	2.54901958
940.20434570	2.54901958
940.20849609	2.56862736
940.20849609	2.54901958
940.21264648	2.56862736
940.21661377	2.56862736
940.22076416	2.56862736
940.22076416	2.56862736
940.22491455	2.56862736
940.22900391	2.56862736
940.23315430	2.56862736
940.23315430	2.56862736
940.23718262	2.56862736
940.24145508	2.56862736
940.24542236	2.56862736
940.24938965	2.56862736
940.25360107	2.56862736
940.25360107	2.56862736
940.25756836	2.56862736
940.26177979	2.56862736
940.26586914	2.56862736
940.26586914	2.56862736
940.27001953	2.56862736
940.27398682	2.56862736
940.27813721	2.56862736
940.27813721	2.56862736
940.28222656	2.56862736
940.28643799	2.56862736
940.29040527	2.56862736
940.29455566	2.56862736
940.29870605	2.56862736
940.29870605	2.56862736
940.30279541	2.56862736
940.30682373	2.56862736
940.31091309	2.56862736
940.31091309	2.56862736
940.31506348	2.56862736
940.31915283	2.56862736
940.32330322	2.56862736
940.32330322	2.56862736
940.32739258	2.56862736
940.33148193	2.56862736
940.33563232	2.56862736
940.33959961	2.56862736
940.34368896	2.56862736
940.34368896	2.56862736
940.34783936	2.56862736
940.35198975	2.56862736
940.35607910	2.56862736
940.35607910	2.56862736
940.35998535	2.56862736
940.36413574	2.56862736
940.36828613	2.56862736
940.36828613	2.56862736
940.37237549	2.56862736
940.37652588	2.56862736
940.38055420	2.56862736
940.38464355	2.56862736
940.38873291	2.56862736
940.38873291	2.56862736
940.39282227	2.56862736
940.39685059	2.56862736
940.40100098	2.56862736
940.40100098	2.56862736
940.40515137	2.56862736
940.40924072	2.56862736
940.41339111	2.58823538
940.41339111	2.58823538
940.41735840	2.58823538
940.42156982	2.58823538
940.42565918	2.58823538
940.42968750	2.58823538
940.43377686	2.58823538
940.43377686	2.58823538
940.43786621	2.58823538
940.44201660	2.58823538
940.44604492	2.56862736
940.44604492	2.56862736
940.45013428	2.56862736
940.45434570	2.56862736
940.45837402	2.56862736
940.45837402	2.56862736
940.46246338	2.56862736
940.46649170	2.56862736
940.47064209	2.54901958
940.47479248	2.54901958
940.47894287	2.54901958
940.47894287	2.54901958
940.48291016	2.52941179
940.48699951	2.52941179
940.49121094	2.52941179
940.49121094	2.52941179
940.49523926	2.50980401
940.49938965	2.50980401
940.50341797	2.50980401
940.50341797	2.50980401
940.50750732	2.50980401
940.51165771	2.49019599
940.51574707	2.50980401
940.51574707	2.49019599
940.51977539	2.49019599
940.52386475	2.49019599
940.52386475	2.49019599
940.52801514	2.49019599
940.53210449	2.49019599
940.53631592	2.49019599
940.53631592	2.49019599
940.54040527	2.49019599
940.54443359	2.49019599
940.54858398	2.49019599
940.54858398	2.49019599
940.55279541	2.49019599
940.55670166	2.49019599
940.56079102	2.49019599
940.56079102	2.49019599
940.56494141	2.49019599
940.56909180	2.49019599
940.56909180	2.49019599
940.57312012	2.49019599
940.57727051	2.49019599
940.58148193	2.49019599
940.58148193	2.49019599
940.58544922	2.49019599
940.58972168	2.49019599
940.59362793	2.49019599
940.59362793	2.49019599
940.59771729	2.49019599
940.60174561	2.49019599
940.60595703	2.49019599
940.60595703	2.49019599
940.60992432	2.49019599
940.61401367	2.49019599
940.61401367	2.49019599
940.61816406	2.49019599
940.62231445	2.50980401
940.62640381	2.50980401
940.62640381	2.50980401
940.63037109	2.50980401
940.63452148	2.50980401
940.63867188	2.50980401
940.63867188	2.50980401
940.64276123	2.50980401
940.64672852	2.50980401
940.65087891	2.50980401
940.65087891	2.50980401
940.65502930	2.50980401
940.65911865	2.50980401
940.65911865	2.52941179
940.66314697	2.52941179
940.66748047	2.52941179
940.67144775	2.52941179
940.67144775	2.52941179
940.67553711	2.52941179
940.67968750	2.52941179
940.68365479	2.52941179
940.68365479	2.52941179
940.68774414	2.52941179
940.69189453	2.52941179
940.69598389	2.52941179
940.69598389	2.52941179
940.70001221	2.54901958
940.70410156	2.54901958
940.70825195	2.54901958
940.71234131	2.54901958
940.71649170	2.54901958
940.71649170	2.54901958
940.72052002	2.54901958
940.72467041	2.54901958
940.72882080	2.54901958
940.72882080	2.54901958
940.73291016	2.54901958
940.73687744	2.54901958
940.74102783	2.54901958
940.74102783	2.54901958
940.74517822	2.54901958
940.74926758	2.54901958
940.75341797	2.54901958
940.75738525	2.54901958
940.76153564	2.54901958
940.76153564	2.54901958
940.76562500	2.54901958
940.76959229	2.56862736
940.77374268	2.54901958
940.77374268	2.56862736
940.77789307	2.54901958
940.78198242	2.56862736
940.78613281	2.56862736
940.78613281	2.56862736
940.79010010	2.56862736
940.79431152	2.56862736
940.79840088	2.56862736
940.80261230	2.56862736
940.80670166	2.56862736
940.80670166	2.56862736
940.81072998	2.56862736
940.81530762	2.56862736
940.81890869	2.56862736
940.81890869	2.56862736
940.82293701	2.56862736
940.82702637	2.56862736
940.83117676	2.56862736
940.83117676	2.56862736
940.83532715	2.56862736
940.83947754	2.56862736
940.84338379	2.56862736
940.84753418	2.56862736
940.85168457	2.56862736
940.85168457	2.56862736
940.85577393	2.56862736
940.85974121	2.56862736
940.86395264	2.56862736
940.86395264	2.56862736
940.86798096	2.56862736
940.87219238	2.56862736
940.87628174	2.56862736
940.87628174	2.56862736
940.88037109	2.56862736
940.88439941	2.56862736
940.88848877	2.56862736
940.89263916	2.56862736
940.89678955	2.56862736
940.89678955	2.56862736
940.90075684	2.56862736
940.90490723	2.56862736
940.90899658	2.56862736
940.90899658	2.56862736
940.91302490	2.56862736
940.91717529	2.56862736
940.92138672	2.56862736
940.92138672	2.56862736
940.92535400	2.56862736
940.92950439	2.56862736
940.93365479	2.56862736
940.93762207	2.56862736
940.94177246	2.56862736
940.94177246	2.56862736
940.94592285	2.56862736
940.95086670	2.56862736
940.95404053	2.56862736
940.95404053	2.56862736
940.95892334	2.56862736
940.96221924	2.56862736
940.96636963	2.56862736
940.96636963	2.56862736
940.97039795	2.56862736
940.97448730	2.56862736
940.97857666	2.56862736
940.98278809	2.56862736
940.98675537	2.56862736
940.98675537	2.56862736
940.99096680	2.56862736
940.99493408	2.56862736
940.99914551	2.56862736
940.99914551	2.56862736
941.00323486	2.56862736
941.00738525	2.56862736
941.01141357	2.56862736
941.01141357	2.56862736
941.01550293	2.56862736
941.01965332	2.56862736
941.02362061	2.56862736
941.02783203	2.56862736
941.03186035	2.56862736
941.03186035	2.56862736
941.03607178	2.56862736
941.03997803	2.56862736
941.04412842	2.56862736
941.04412842	2.56862736
941.04821777	2.56862736
941.05236816	2.56862736
941.05645752	2.56862736
941.05645752	2.56862736
941.06048584	2.54901958
941.06463623	2.54901958
941.06872559	2.54901958
941.06872559	2.54901958
941.07275391	2.54901958
941.07678223	2.54901958
941.07678223	2.54901958
941.08099365	2.54901958
941.08508301	2.54901958
941.08923340	2.52941179
941.08923340	2.52941179
941.09332275	2.52941179
941.09735107	2.52941179
941.10150146	2.52941179
941.10150146	2.52941179
941.10565186	2.52941179
941.10961914	2.50980401
941.11376953	2.50980401
941.11376953	2.50980401
941.11779785	2.50980401
941.12207031	2.50980401
941.12207031	2.50980401
941.12597656	2.50980401
941.13012695	2.50980401
941.13439941	2.50980401
941.13439941	2.50980401
941.13836670	2.50980401
941.14251709	2.50980401
941.14660645	2.50980401
941.14660645	2.50980401
941.15069580	2.50980401
941.15472412	2.50980401
941.15887451	2.50980401
941.15887451	2.50980401
941.16284180	2.50980401
941.16705322	2.52941179
941.16705322	2.52941179
941.17120361	2.52941179
941.17529297	2.52941179
941.17944336	2.52941179
941.17944336	2.52941179
941.18341064	2.52941179
941.18756104	2.52941179
941.19165039	2.52941179
941.19165039	2.52941179
941.19573975	2.52941179
941.19976807	2.54901958
941.20385742	2.54901958
941.20385742	2.54901958
941.20806885	2.54901958
941.21209717	2.54901958
941.21209717	2.54901958
941.21612549	2.54901958
941.22039795	2.54901958
941.22442627	2.54901958
941.22442627	2.54901958
941.22857666	2.54901958
941.23266602	2.56862736
941.23663330	2.56862736
941.23663330	2.56862736
941.24078369	2.56862736
941.24493408	2.56862736
941.24908447	2.56862736
941.24908447	2.56862736
941.25305176	2.56862736
941.25714111	2.56862736
941.26123047	2.56862736
941.26538086	2.56862736
941.26965332	2.56862736
941.26965332	2.56862736
941.27349854	2.56862736
941.27764893	2.58823538
941.28173828	2.56862736
941.28173828	2.56862736
941.28588867	2.58823538
941.28991699	2.58823538
941.29400635	2.58823538
941.29400635	2.58823538
941.29815674	2.58823538
941.30230713	2.58823538
941.30645752	2.58823538
941.31036377	2.58823538
941.31445313	2.58823538
941.31445313	2.58823538
941.31866455	2.58823538
941.32281494	2.58823538
941.32684326	2.58823538
941.32684326	2.58823538
941.33093262	2.58823538
941.33508301	2.58823538
941.33923340	2.58823538
941.33923340	2.58823538
941.34320068	2.58823538
941.34747314	2.58823538
941.35144043	2.58823538
941.35552979	2.58823538
941.35974121	2.58823538
941.35974121	2.58823538
941.36419678	2.58823538
941.36779785	2.56862736
941.37194824	2.56862736
941.37194824	2.56862736
941.37603760	2.56862736
941.38000488	2.56862736
941.38415527	2.56862736
941.38415527	2.56862736
941.38824463	2.56862736
941.39245605	2.56862736
941.39654541	2.56862736
941.40057373	2.56862736
941.40472412	2.56862736
941.40472412	2.56862736
941.40881348	2.56862736
941.41278076	2.56862736
941.41693115	2.56862736
941.41693115	2.56862736
941.42108154	2.56862736
941.42517090	2.56862736
941.42926025	2.56862736
941.42926025	2.56862736
941.43341064	2.56862736
941.43743896	2.56862736
941.44158936	2.56862736
941.44567871	2.56862736
941.44982910	2.56862736
941.44982910	2.56862736
941.45379639	2.56862736
941.45794678	2.56862736
941.46209717	2.56862736
941.46209717	2.56862736
941.46624756	2.56862736
941.47009277	2.56862736
941.47436523	2.56862736
941.47436523	2.56862736
941.47839355	2.56862736
941.48248291	2.56862736
941.48645020	2.56862736
941.49066162	2.56862736
941.49481201	2.56862736
941.49481201	2.56862736
941.49890137	2.56862736
941.50286865	2.56862736
941.50701904	2.56862736
941.50701904	2.56862736
941.51116943	2.56862736
941.51525879	2.56862736
941.51934814	2.56862736
941.51934814	2.56862736
941.52343750	2.56862736
941.52746582	2.56862736
941.53161621	2.56862736
941.53576660	2.56862736
941.53991699	2.56862736
941.53991699	2.56862736
941.54388428	2.56862736
941.54797363	2.56862736
941.55212402	2.56862736
941.55212402	2.56862736
941.55621338	2.56862736
941.56042480	2.56862736
941.56445313	2.56862736
941.56445313	2.56862736
941.56854248	2.56862736
941.57269287	2.56862736
941.57659912	2.56862736
941.57659912	2.56862736
941.58074951	2.56862736
941.58489990	2.56862736
941.58489990	2.56862736
941.58905029	2.56862736
941.59301758	2.56862736
941.59710693	2.56862736
941.59710693	2.56862736
941.60125732	2.54901958
941.60540771	2.54901958
941.60949707	2.54901958
941.60949707	2.54901958
941.61352539	2.54901958
941.61767578	2.54901958
941.62176514	2.52941179
941.62176514	2.52941179
941.62591553	2.52941179
941.63000488	2.52941179
941.63000488	2.50980401
941.63403320	2.50980401
941.63812256	2.50980401
941.64227295	2.50980401
941.64227295	2.50980401
941.64636230	2.50980401
941.65039063	2.50980401
941.65447998	2.50980401
941.65447998	2.49019599
941.65863037	2.49019599
941.66271973	2.49019599
941.66674805	2.49019599
941.66674805	2.49019599
941.67095947	2.49019599
941.67504883	2.49019599
941.67504883	2.49019599
941.67919922	2.49019599
941.68316650	2.49019599
941.68743896	2.49019599
941.68743896	2.49019599
941.69140625	2.49019599
941.69549561	2.49019599
941.69958496	2.49019599
941.69958496	2.49019599
941.70361328	2.49019599
941.70770264	2.49019599
941.71185303	2.49019599
941.71185303	2.49019599
941.71600342	2.49019599
941.71997070	2.49019599
941.71997070	2.49019599
941.72412109	2.49019599
941.72833252	2.49019599
941.73242188	2.49019599
941.73242188	2.49019599
941.73638916	2.49019599
941.74053955	2.49019599
941.74468994	2.49019599
941.74468994	2.49019599
941.74884033	2.49019599
941.75286865	2.49019599
941.75689697	2.50980401
941.75689697	2.50980401
941.76098633	2.50980401
941.76513672	2.50980401
941.76922607	2.50980401
941.77337646	2.50980401
941.77734375	2.50980401
941.77734375	2.50980401
941.78149414	2.50980401
941.78564453	2.52941179
941.78979492	2.52941179
941.78979492	2.52941179
941.79376221	2.52941179
941.79791260	2.52941179
941.80206299	2.52941179
941.80206299	2.52941179
941.80621338	2.52941179
941.81011963	2.54901958
941.81445313	2.54901958
941.81842041	2.54901958
941.82257080	2.54901958
941.82257080	2.54901958
941.82647705	2.54901958
941.83062744	2.56862736
941.83471680	2.56862736
941.83471680	2.56862736
941.83886719	2.56862736
941.84283447	2.56862736
941.84698486	2.56862736
941.84698486	2.56862736
941.85113525	2.56862736
941.85528564	2.56862736
941.85943604	2.56862736
941.86340332	2.56862736
941.86755371	2.56862736
941.86755371	2.56862736
941.87170410	2.56862736
941.87579346	2.56862736
941.87988281	2.56862736
941.87988281	2.56862736
941.88385010	2.56862736
941.88800049	2.56862736
941.89215088	2.56862736
941.89215088	2.56862736
941.89611816	2.56862736
941.90039063	2.56862736
941.90435791	2.56862736
941.90850830	2.56862736
941.91259766	2.56862736
941.91259766	2.56862736
941.91662598	2.56862736
941.92071533	2.56862736
941.92492676	2.56862736
941.92492676	2.56862736
941.92907715	2.56862736
941.93304443	2.56862736
941.93719482	2.56862736
941.93719482	2.56862736
941.94122314	2.56862736
941.94537354	2.56862736
941.94946289	2.56862736
941.95349121	2.56862736
941.95758057	2.56862736
941.95758057	2.56862736
941.96173096	2.56862736
941.96588135	2.56862736
941.97009277	2.56862736
941.97009277	2.56862736
941.97399902	2.56862736
941.97821045	2.56862736
941.98229980	2.56862736
941.98229980	2.56862736
941.98638916	2.56862736
941.99041748	2.56862736
941.99456787	2.56862736
941.99865723	2.56862736
942.00286865	2.56862736
942.00286865	2.56862736
942.00677490	2.56862736
942.01086426	2.56862736
942.01501465	2.56862736
942.01501465	2.56862736
942.01910400	2.56862736
942.02313232	2.56862736
942.02734375	2.56862736
942.02734375	2.56862736
942.03137207	2.56862736
942.03546143	2.56862736
942.03967285	2.56862736
942.04370117	2.56862736
942.04779053	2.56862736
942.04779053	2.56862736
942.05194092	2.56862736
942.05596924	2.56862736
942.06011963	2.56862736
942.06011963	2.56862736
942.06414795	2.56862736
942.06823730	2.56862736
942.07238770	2.56862736
942.07238770	2.56862736
942.07635498	2.56862736
942.08050537	2.56862736
942.08459473	2.56862736
942.08874512	2.56862736
942.09283447	2.56862736
942.09283447	2.56862736
942.09686279	2.56862736
942.10095215	2.56862736
942.10510254	2.56862736
942.10510254	2.56862736
942.10919189	2.56862736
942.11340332	2.56862736
942.11737061	2.56862736
942.11737061	2.56862736
942.12152100	2.56862736
942.12567139	2.56862736
942.12976074	2.56862736
942.12976074	2.56862736
942.13378906	2.56862736
942.13787842	2.56862736
942.13787842	2.56862736
942.14215088	2.56862736
942.14611816	2.56862736
942.15008545	2.56862736
942.15008545	2.56862736
942.15466309	2.54901958
942.15844727	2.54901958
942.16296387	2.54901958
942.16296387	2.54901958
942.16650391	2.54901958
942.17071533	2.54901958
942.17474365	2.52941179
942.17474365	2.52941179
942.17889404	2.52941179
942.18298340	2.50980401
942.18298340	2.50980401
942.18701172	2.50980401
942.19165039	2.50980401
942.19525146	2.50980401
942.19525146	2.50980401
942.19946289	2.49019599
942.20343018	2.49019599
942.20745850	2.49019599
942.20745850	2.49019599
942.21160889	2.49019599
942.21569824	2.49019599
942.21984863	2.49019599
942.21984863	2.49019599
942.22381592	2.49019599
942.22796631	2.49019599
942.22796631	2.49019599
942.23211670	2.49019599
942.23620605	2.47058821
942.24035645	2.47058821
942.24035645	2.47058821
942.24438477	2.47058821
942.24847412	2.47058821
942.25262451	2.47058821
942.25262451	2.47058821
942.25659180	2.47058821
942.26068115	2.49019599
942.26483154	2.49019599
942.26483154	2.49019599
942.26892090	2.49019599
942.27313232	2.49019599
942.27313232	2.49019599
942.27709961	2.49019599
942.28118896	2.49019599
942.28540039	2.49019599
942.28540039	2.49019599
942.28955078	2.49019599
942.29351807	2.49019599
942.29766846	2.49019599
942.29766846	2.49019599
942.30169678	2.49019599
942.30590820	2.50980401
942.31005859	2.50980401
942.31005859	2.50980401
942.31402588	2.50980401
942.31811523	2.50980401
942.32226563	2.50980401
942.32635498	2.50980401
942.33038330	2.50980401
942.33038330	2.50980401
942.33447266	2.52941179
942.33868408	2.52941179
942.34271240	2.52941179
942.34271240	2.52941179
942.34674072	2.52941179
942.35095215	2.52941179
942.35504150	2.52941179
942.35504150	2.52941179
942.35919189	2.52941179
942.36315918	2.52941179
942.36743164	2.54901958
942.37145996	2.54901958
942.37554932	2.54901958
942.37554932	2.54901958
942.37951660	2.54901958
942.38360596	2.56862736
942.38769531	2.56862736
942.38769531	2.56862736
942.39184570	2.56862736
942.39593506	2.56862736
942.40002441	2.56862736
942.40002441	2.56862736
942.40411377	2.56862736
942.40826416	2.56862736
942.41235352	2.56862736
942.41638184	2.56862736
942.42053223	2.56862736
942.42053223	2.56862736
942.42468262	2.56862736
942.42877197	2.56862736
942.43292236	2.56862736
942.43292236	2.56862736
942.43688965	2.56862736
942.44097900	2.56862736
942.44512939	2.56862736
942.44512939	2.56862736
942.44921875	2.56862736
942.45336914	2.56862736
942.45733643	2.56862736
942.46148682	2.56862736
942.46557617	2.56862736
942.46557617	2.56862736
942.46960449	2.56862736
942.47369385	2.56862736
942.47790527	2.56862736
942.47790527	2.56862736
942.48199463	2.56862736
942.48614502	2.56862736
942.49017334	2.56862736
942.49017334	2.56862736
942.49426270	2.56862736
942.49841309	2.56862736
942.50250244	2.56862736
942.50646973	2.56862736
942.51062012	2.56862736
942.51062012	2.56862736
942.51470947	2.56862736
942.51885986	2.56862736
942.52301025	2.56862736
942.52301025	2.56862736
942.52697754	2.56862736
942.53106689	2.56862736
942.53521729	2.56862736
942.53521729	2.56862736
942.53942871	2.56862736
942.54339600	2.56862736
942.54754639	2.56862736
942.55169678	2.56862736
942.55578613	2.56862736
942.55578613	2.56862736
942.55981445	2.56862736
942.56390381	2.56862736
942.56799316	2.56862736
942.56799316	2.56862736
942.57208252	2.56862736
942.57623291	2.56862736
942.58038330	2.56862736
942.58038330	2.56862736
942.58435059	2.56862736
942.58850098	2.56862736
942.59259033	2.56862736
942.59661865	2.56862736
942.60070801	2.56862736
942.60070801	2.56862736
942.60491943	2.56862736
942.60906982	2.56862736
942.61315918	2.56862736
942.61315918	2.56862736
942.61718750	2.56862736
942.62133789	2.56862736
942.62542725	2.56862736
942.62542725	2.56862736
942.62939453	2.56862736
942.63348389	2.56862736
942.63763428	2.56862736
942.63763428	2.56862736
942.64172363	2.56862736
942.64587402	2.56862736
942.64587402	2.56862736
942.64990234	2.56862736
942.65399170	2.56862736
942.65808105	2.56862736
942.65808105	2.56862736
942.66223145	2.56862736
942.66638184	2.56862736
942.67041016	2.56862736
942.67041016	2.56862736
942.67456055	2.56862736
942.67864990	2.56862736
942.68280029	2.56862736
942.68280029	2.56862736
942.68676758	2.56862736
942.69091797	2.56862736
942.69091797	2.56862736
942.69500732	2.56862736
942.69909668	2.56862736
942.70324707	2.56862736
942.70324707	2.54901958
942.70733643	2.54901958
942.71136475	2.54901958
942.71545410	2.54901958
942.71545410	2.52941179
942.71948242	2.52941179
942.72357178	2.52941179
942.72778320	2.52941179
942.72778320	2.50980401
942.73193359	2.50980401
942.73614502	2.50980401
942.73614502	2.50980401
942.74005127	2.50980401
942.74420166	2.50980401
942.74829102	2.50980401
942.74829102	2.49019599
942.75238037	2.49019599
942.75634766	2.49019599
942.76049805	2.49019599
942.76049805	2.49019599
942.76458740	2.49019599
942.76873779	2.49019599
942.77288818	2.49019599
942.77288818	2.49019599
942.77685547	2.49019599
942.78100586	2.49019599
942.78100586	2.49019599
942.78509521	2.49019599
942.78924561	2.49019599
942.79345703	2.49019599
942.79345703	2.49019599
942.79742432	2.49019599
942.80151367	2.49019599
942.80560303	2.49019599
942.80560303	2.49019599
942.80963135	2.49019599
942.81372070	2.49019599
942.81781006	2.49019599
942.81781006	2.49019599
942.82196045	2.49019599
942.82611084	2.49019599
942.83007813	2.49019599
942.83422852	2.49019599
942.83837891	2.49019599
942.83837891	2.49019599
942.84246826	2.50980401
942.84643555	2.50980401
942.85064697	2.50980401
942.85064697	2.50980401
942.85479736	2.50980401
942.85894775	2.50980401
942.86303711	2.50980401
942.86303711	2.50980401
942.86700439	2.50980401
942.87115479	2.50980401
942.87530518	2.52941179
942.87945557	2.52941179
942.88348389	2.52941179
942.88348389	2.52941179
942.88757324	2.52941179
942.89172363	2.52941179
942.89581299	2.52941179
942.89581299	2.52941179
942.89978027	2.52941179
942.90393066	2.52941179
942.90808105	2.54901958
942.90808105	2.54901958
942.91210938	2.54901958
942.91619873	2.54901958
942.92041016	2.54901958
942.92437744	2.54901958
942.92852783	2.56862736
942.92852783	2.56862736
942.93261719	2.56862736
942.93664551	2.56862736
942.94079590	2.56862736
942.94079590	2.56862736
942.94488525	2.56862736
942.94897461	2.56862736
942.95312500	2.56862736
942.95312500	2.56862736
942.95709229	2.56862736
942.96136475	2.56862736
942.96533203	2.56862736
942.96948242	2.56862736
942.97351074	2.56862736
942.97351074	2.56862736
942.97760010	2.56862736
942.98175049	2.56862736
942.98590088	2.56862736
942.98590088	2.56862736
942.98992920	2.56862736
942.99395752	2.56862736
942.99810791	2.56862736
942.99810791	2.56862736
943.00219727	2.56862736
943.00634766	2.56862736
943.01031494	2.56862736
943.01446533	2.56862736
943.01861572	2.56862736
943.01861572	2.56862736
943.02276611	2.56862736
943.02673340	2.56862736
943.03082275	2.56862736
943.03082275	2.56862736
943.03497314	2.56862736
943.03918457	2.56862736
943.04327393	2.56862736
943.04327393	2.56862736
943.04742432	2.56862736
943.05145264	2.56862736
943.05554199	2.56862736
943.05957031	2.56862736
943.06359863	2.56862736
943.06359863	2.56862736
943.06768799	2.56862736
943.07189941	2.56862736
943.07598877	2.56862736
943.07598877	2.56862736
943.07995605	2.56862736
943.08410645	2.56862736
943.08837891	2.56862736
943.08837891	2.56862736
943.09234619	2.56862736
943.09637451	2.56862736
943.10052490	2.56862736
943.10467529	2.56862736
943.10882568	2.56862736
943.10882568	2.56862736
943.11279297	2.56862736
943.11694336	2.56862736
943.12103271	2.56862736
943.12103271	2.56862736
943.12518311	2.56862736
943.12933350	2.56862736
943.13336182	2.56862736
943.13336182	2.56862736
943.13732910	2.56862736
943.14147949	2.58823538
943.14556885	2.58823538
943.14959717	2.58823538
943.15374756	2.58823538
943.15374756	2.58823538
943.15783691	2.58823538
943.16198730	2.58823538
943.16607666	2.58823538
943.16607666	2.58823538
943.17010498	2.58823538
943.17443848	2.58823538
943.17840576	2.58823538
943.17840576	2.58823538
943.18255615	2.58823538
943.18652344	2.58823538
943.19067383	2.58823538
943.19067383	2.58823538
943.19476318	2.58823538
943.19885254	2.58823538
943.19885254	2.58823538
943.20288086	2.58823538
943.20697021	2.58823538
943.21112061	2.58823538
943.21112061	2.58823538
943.21520996	2.58823538
943.21936035	2.58823538
943.22332764	2.58823538
943.22332764	2.58823538
943.22747803	2.58823538
943.23156738	2.58823538
943.23577881	2.58823538
943.23577881	2.58823538
943.23974609	2.56862736
943.24383545	2.56862736
943.24383545	2.56862736
943.24792480	2.56862736
943.25207520	2.56862736
943.25634766	2.56862736
943.25634766	2.54901958
943.26037598	2.54901958
943.26440430	2.54901958
943.26855469	2.54901958
943.26855469	2.52941179
943.27270508	2.52941179
943.27667236	2.52941179
943.28076172	2.52941179
943.28076172	2.50980401
943.28491211	2.50980401
943.28906250	2.50980401
943.28906250	2.50980401
943.29302979	2.50980401
943.29711914	2.50980401
943.30133057	2.50980401
943.30133057	2.49019599
943.30535889	2.49019599
943.30950928	2.49019599
943.31347656	2.49019599
943.31347656	2.49019599
943.31756592	2.49019599
943.32250977	2.49019599
943.32586670	2.49019599
943.32586670	2.49019599
943.32989502	2.49019599
943.33398438	2.49019599
943.33398438	2.49019599
943.33813477	2.49019599
943.34228516	2.49019599
943.34631348	2.49019599
943.34631348	2.49019599
943.35028076	2.49019599
943.35449219	2.49019599
943.35852051	2.49019599
943.35852051	2.49019599
943.36267090	2.49019599
943.36669922	2.49019599
943.37084961	2.49019599
943.37084961	2.49019599
943.37493896	2.49019599
943.37908936	2.49019599
943.38305664	2.50980401
943.38732910	2.50980401
943.39129639	2.50980401
943.39129639	2.50980401
943.39544678	2.50980401
943.39953613	2.50980401
943.40368652	2.50980401
943.40368652	2.50980401
943.40765381	2.50980401
943.41180420	2.50980401
943.41595459	2.50980401
943.41595459	2.52941179
943.41998291	2.52941179
943.42413330	2.52941179
943.42828369	2.52941179
943.43237305	2.52941179
943.43652344	2.52941179
943.43652344	2.52941179
943.44049072	2.52941179
943.44458008	2.52941179
943.44866943	2.54901958
943.44866943	2.54901958
943.45294189	2.54901958
943.45684814	2.54901958
943.46093750	2.54901958
943.46093750	2.54901958
943.46508789	2.54901958
943.46923828	2.54901958
943.47338867	2.56862736
943.47735596	2.56862736
943.48150635	2.56862736
943.48150635	2.56862736
943.48559570	2.56862736
943.48962402	2.56862736
943.49371338	2.56862736
943.49371338	2.56862736
943.49786377	2.56862736
943.50195313	2.56862736
943.50610352	2.56862736
943.50610352	2.56862736
943.51007080	2.56862736
943.51434326	2.56862736
943.51831055	2.56862736
943.52252197	2.56862736
943.52661133	2.56862736
943.52661133	2.56862736
943.53057861	2.56862736
943.53472900	2.56862736
943.53887939	2.56862736
943.53887939	2.56862736
943.54290771	2.56862736
943.54699707	2.56862736
943.55114746	2.56862736
943.55114746	2.56862736
943.55529785	2.56862736
943.55944824	2.54901958
943.56341553	2.54901958
943.56744385	2.54901958
943.57159424	2.54901958
943.57159424	2.54901958
943.57574463	2.54901958
943.57971191	2.54901958
943.58386230	2.54901958
943.58386230	2.54901958
943.58795166	2.54901958
943.59216309	2.54901958
943.59619141	2.54901958
943.59619141	2.54901958
943.60040283	2.54901958
943.60437012	2.54901958
943.60852051	2.54901958
943.61267090	2.54901958
943.61663818	2.54901958
943.61663818	2.54901958
943.62078857	2.54901958
943.62487793	2.54901958
943.62902832	2.54901958
943.62902832	2.54901958
943.63299561	2.54901958
943.63708496	2.54901958
943.64123535	2.54901958
943.64123535	2.54901958
943.64538574	2.54901958
943.64947510	2.54901958
943.65362549	2.54901958
943.65759277	2.54901958
943.66180420	2.54901958
943.66180420	2.54901958
943.66577148	2.54901958
943.66986084	2.54901958
943.67401123	2.54901958
943.67401123	2.54901958
943.67816162	2.54901958
943.68225098	2.54901958
943.68634033	2.54901958
943.68634033	2.54901958
943.69036865	2.54901958
943.69445801	2.54901958
943.69860840	2.54901958
943.69860840	2.54901958
943.70269775	2.54901958
943.70672607	2.54901958
943.70672607	2.54901958
943.71087646	2.54901958
943.71496582	2.54901958
943.71905518	2.56862736
943.71905518	2.56862736
943.72308350	2.56862736
943.72735596	2.56862736
943.73144531	2.56862736
943.73144531	2.56862736
943.73553467	2.54901958
943.73944092	2.56862736
943.74365234	2.56862736
943.74365234	2.56862736
943.74780273	2.56862736
943.75189209	2.56862736
943.75189209	2.56862736
943.75604248	2.56862736
943.75994873	2.56862736
943.76409912	2.56862736
943.76409912	2.56862736
943.76818848	2.56862736
943.77233887	2.56862736
943.77642822	2.56862736
943.77642822	2.54901958
943.78051758	2.54901958
943.78454590	2.54901958
943.78875732	2.54901958
943.78875732	2.54901958
943.79290771	2.54901958
943.79687500	2.52941179
943.79687500	2.52941179
943.80102539	2.52941179
943.80517578	2.52941179
943.80926514	2.52941179
943.80926514	2.50980401
943.81335449	2.50980401
943.81732178	2.50980401
943.82147217	2.50980401
943.82147217	2.50980401
943.82562256	2.50980401
943.82958984	2.50980401
943.83374023	2.49019599
943.83374023	2.49019599
943.83782959	2.49019599
943.84197998	2.49019599
943.84197998	2.49019599
943.84613037	2.49019599
943.85009766	2.49019599
943.85443115	2.49019599
943.85443115	2.49019599
943.85839844	2.49019599
943.86254883	2.49019599
943.86663818	2.49019599
943.86663818	2.49019599
943.87066650	2.47058821
943.87475586	2.47058821
943.87884521	2.47058821
943.87884521	2.47058821
943.88287354	2.47058821
943.88696289	2.47058821
943.89105225	2.49019599
943.89520264	2.49019599
943.89935303	2.49019599
943.89935303	2.49019599
943.90332031	2.49019599
943.90747070	2.49019599
943.91168213	2.49019599
943.91168213	2.49019599
943.91577148	2.49019599
943.91973877	2.49019599
943.92382813	2.49019599
943.92382813	2.49019599
943.92803955	2.49019599
943.93218994	2.49019599
943.93621826	2.50980401
943.94042969	2.50980401
943.94433594	2.50980401
943.94433594	2.50980401
943.94848633	2.50980401
943.95263672	2.50980401
943.95660400	2.50980401
943.95660400	2.50980401
943.96069336	2.50980401
943.96484375	2.52941179
943.96893311	2.52941179
943.96893311	2.52941179
943.97296143	2.52941179
943.97705078	2.52941179
943.98132324	2.52941179
943.98541260	2.52941179
943.98956299	2.54901958
943.98956299	2.54901958
943.99353027	2.54901958
943.99768066	2.54901958
944.00177002	2.54901958
944.00177002	2.54901958
944.00585938	2.56862736
944.00982666	2.56862736
944.01397705	2.56862736
944.01397705	2.56862736
944.01806641	2.56862736
944.02221680	2.56862736
944.02630615	2.56862736
944.03033447	2.56862736
944.03442383	2.56862736
944.03442383	2.56862736
944.03863525	2.56862736
944.04278564	2.56862736
944.04681396	2.56862736
944.04681396	2.56862736
944.05090332	2.56862736
944.05499268	2.56862736
944.05914307	2.56862736
944.05914307	2.56862736
944.06311035	2.56862736
944.06732178	2.56862736
944.07128906	2.56862736
944.07550049	2.56862736
944.07958984	2.56862736
944.07958984	2.56862736
944.08361816	2.56862736
944.08770752	2.56862736
944.09185791	2.56862736
944.09185791	2.56862736
944.09594727	2.56862736
944.09997559	2.56862736
944.10412598	2.56862736
944.10412598	2.56862736
944.10827637	2.56862736
944.11242676	2.56862736
944.11651611	2.56862736
944.12048340	2.56862736
944.12457275	2.56862736
944.12457275	2.56862736
944.12872314	2.56862736
944.13281250	2.56862736
944.13684082	2.56862736
944.13684082	2.56862736
944.14093018	2.56862736
944.14508057	2.56862736
944.14923096	2.56862736
944.14923096	2.56862736
944.15332031	2.56862736
944.15734863	2.56862736
944.16156006	2.56862736
944.16564941	2.56862736
944.16967773	2.56862736
944.16967773	2.56862736
944.17376709	2.56862736
944.17791748	2.56862736
944.18200684	2.56862736
944.18200684	2.56862736
944.18621826	2.56862736
944.19012451	2.56862736
944.19433594	2.56862736
944.19433594	2.58823538
944.19830322	2.58823538
944.20245361	2.58823538
944.20648193	2.58823538
944.21057129	2.58823538
944.21472168	2.58823538
944.21472168	2.58823538
944.21881104	2.58823538
944.22283936	2.58823538
944.22698975	2.58823538
944.22698975	2.58823538
944.23114014	2.58823538
944.23529053	2.58823538
944.23944092	2.58823538
944.23944092	2.58823538
944.24334717	2.58823538
944.24755859	2.58823538
944.25164795	2.58823538
944.25164795	2.58823538
944.25573730	2.58823538
944.25982666	2.58823538
944.25982666	2.58823538
944.26385498	2.58823538
944.26794434	2.58823538
944.27209473	2.58823538
944.27209473	2.58823538
944.27606201	2.58823538
944.28033447	2.58823538
944.28430176	2.58823538
944.28430176	2.58823538
944.28851318	2.58823538
944.29266357	2.58823538
944.29681396	2.58823538
944.29681396	2.58823538
944.30078125	2.58823538
944.30487061	2.58823538
944.30487061	2.58823538
944.30902100	2.58823538
944.31304932	2.58823538
944.31713867	2.58823538
944.31713867	2.58823538
944.32122803	2.58823538
944.32537842	2.56862736
944.32946777	2.56862736
944.32946777	2.56862736
944.33349609	2.56862736
944.33758545	2.56862736
944.34173584	2.54901958
944.34173584	2.54901958
944.34582520	2.54901958
944.34997559	2.54901958
944.34997559	2.52941179
944.35400391	2.52941179
944.35815430	2.52941179
944.36224365	2.52941179
944.36224365	2.52941179
944.36639404	2.50980401
944.37042236	2.50980401
944.37445068	2.50980401
944.37445068	2.50980401
944.37860107	2.50980401
944.38269043	2.50980401
944.38671875	2.50980401
944.38671875	2.49019599
944.39080811	2.49019599
944.39495850	2.49019599
944.39495850	2.49019599
944.39910889	2.49019599
944.40307617	2.49019599
944.40734863	2.49019599
944.40734863	2.49019599
944.41137695	2.49019599
944.41552734	2.49019599
944.41961670	2.49019599
944.41961670	2.49019599
944.42358398	2.49019599
944.42773438	2.49019599
944.43188477	2.49019599
944.43188477	2.49019599
944.43603516	2.49019599
944.44000244	2.49019599
944.44409180	2.49019599
944.44824219	2.49019599
944.45233154	2.49019599
944.45233154	2.49019599
944.45635986	2.49019599
944.46044922	2.49019599
944.46459961	2.49019599
944.46459961	2.49019599
944.46868896	2.49019599
944.47271729	2.49019599
944.47680664	2.49019599
944.47680664	2.49019599
944.48095703	2.50980401
944.48516846	2.50980401
944.48925781	2.50980401
944.49346924	2.50980401
944.49737549	2.50980401
944.49737549	2.50980401
944.50152588	2.50980401
944.50561523	2.50980401
944.50970459	2.52941179
944.50970459	2.52941179
944.51373291	2.52941179
944.51782227	2.52941179
944.52197266	2.52941179
944.52197266	2.52941179
944.52606201	2.52941179
944.53009033	2.52941179
944.53430176	2.52941179
944.53839111	2.52941179
944.54254150	2.52941179
944.54254150	2.54901958
944.54650879	2.54901958
944.55059814	2.54901958
944.55474854	2.54901958
944.55474854	2.54901958
944.55889893	2.54901958
944.56304932	2.54901958
944.56695557	2.54901958
944.56695557	2.56862736
944.57104492	2.54901958
944.57519531	2.56862736
944.57934570	2.54901958
944.58331299	2.56862736
944.58746338	2.56862736
944.58746338	2.56862736
944.59161377	2.56862736
944.59570313	2.56862736
944.59985352	2.56862736
944.59985352	2.56862736
944.60382080	2.56862736
944.60803223	2.56862736
944.61218262	2.56862736
944.61218262	2.56862736
944.61614990	2.56862736
944.62042236	2.56862736
944.62432861	2.56862736
944.62847900	2.56862736
944.63256836	2.56862736
944.63256836	2.56862736
944.63659668	2.56862736
944.64068604	2.56862736
944.64483643	2.56862736
944.64483643	2.56862736
944.64892578	2.56862736
944.65295410	2.56862736
944.65704346	2.56862736
944.65704346	2.54901958
944.66125488	2.56862736
944.66540527	2.56862736
944.66967773	2.54901958
944.67346191	2.54901958
944.67761230	2.54901958
944.67761230	2.56862736
944.68176270	2.56862736
944.68591309	2.56862736
944.69006348	2.54901958
944.69006348	2.56862736
944.69403076	2.56862736
944.69812012	2.56862736
944.70220947	2.56862736
944.70220947	2.56862736
944.70635986	2.56862736
944.71032715	2.56862736
944.71447754	2.56862736
944.71856689	2.56862736
944.72271729	2.56862736
944.72271729	2.56862736
944.72668457	2.56862736
944.73089600	2.56862736
944.73504639	2.56862736
944.73504639	2.56862736
944.73913574	2.56862736
944.74310303	2.56862736
944.74737549	2.56862736
944.74737549	2.56862736
944.75140381	2.56862736
944.75549316	2.56862736
944.75958252	2.56862736
944.75958252	2.56862736
944.76354980	2.56862736
944.76770020	2.56862736
944.76770020	2.56862736
944.77185059	2.56862736
944.77593994	2.56862736
944.77996826	2.56862736
944.77996826	2.56862736
944.78405762	2.56862736
944.78826904	2.56862736
944.79235840	2.56862736
944.79235840	2.56862736
944.79638672	2.56862736
944.80053711	2.56862736
944.80462646	2.56862736
944.80462646	2.56862736
944.80877686	2.56862736
944.81292725	2.56862736
944.81292725	2.56862736
944.81683350	2.56862736
944.82098389	2.56862736
944.82507324	2.56862736
944.82507324	2.56862736
944.82922363	2.56862736
944.83331299	2.56862736
944.83734131	2.56862736
944.83734131	2.56862736
944.84143066	2.54901958
944.84558105	2.54901958
944.84967041	2.54901958
944.84967041	2.54901958
944.85375977	2.54901958
944.85791016	2.52941179
944.85791016	2.52941179
944.86206055	2.52941179
944.86614990	2.52941179
944.87023926	2.52941179
944.87023926	2.52941179
944.87438965	2.50980401
944.87835693	2.50980401
944.88244629	2.50980401
944.88244629	2.50980401
944.88647461	2.50980401
944.89056396	2.50980401
944.89471436	2.50980401
944.89471436	2.50980401
944.89880371	2.49019599
944.90295410	2.49019599
944.90295410	2.49019599
944.90698242	2.49019599
944.91107178	2.49019599
944.91528320	2.49019599
944.91528320	2.49019599
944.91943359	2.49019599
944.92340088	2.49019599
944.92749023	2.49019599
944.92749023	2.49019599
944.93164063	2.49019599
944.93579102	2.49019599
944.93988037	2.49019599
944.93988037	2.49019599
944.94390869	2.49019599
944.94805908	2.49019599
944.94805908	2.49019599
944.95220947	2.49019599
944.95629883	2.49019599
944.96038818	2.49019599
944.96038818	2.49019599
944.96447754	2.49019599
944.96856689	2.49019599
944.97265625	2.49019599
944.97265625	2.49019599
944.97656250	2.49019599
944.98071289	2.49019599
944.98480225	2.49019599
944.98480225	2.50980401
944.98895264	2.50980401
944.99310303	2.50980401
944.99707031	2.50980401
945.00128174	2.50980401
945.00537109	2.50980401
945.00537109	2.50980401
945.00946045	2.50980401
945.01342773	2.50980401
945.01763916	2.50980401
945.01763916	2.50980401
945.02172852	2.52941179
945.02587891	2.52941179
945.02996826	2.52941179
945.02996826	2.52941179
945.03393555	2.52941179
945.03808594	2.52941179
945.04223633	2.52941179
945.04638672	2.52941179
945.05041504	2.52941179
945.05041504	2.52941179
945.05450439	2.54901958
945.05865479	2.54901958
945.06280518	2.54901958
945.06280518	2.54901958
945.06671143	2.54901958
945.07086182	2.54901958
945.07495117	2.54901958
945.07495117	2.54901958
945.07910156	2.54901958
945.08319092	2.54901958
945.08734131	2.56862736
945.09130859	2.54901958
945.09545898	2.56862736
945.09545898	2.56862736
945.09948730	2.56862736
945.10363770	2.56862736
945.10772705	2.56862736
945.10772705	2.56862736
945.11187744	2.56862736
945.11602783	2.54901958
945.11999512	2.54901958
945.11999512	2.54901958
945.12414551	2.54901958
945.12817383	2.56862736
945.13226318	2.54901958
945.13635254	2.54901958
945.14044189	2.54901958
945.14044189	2.54901958
945.14459229	2.54901958
945.14868164	2.54901958
945.15289307	2.54901958
945.15289307	2.54901958
945.15679932	2.54901958
945.16094971	2.54901958
945.16516113	2.54901958
945.16516113	2.54901958
945.16918945	2.54901958
945.17333984	2.54901958
945.17730713	2.54901958
945.18145752	2.54901958
945.18560791	2.54901958
945.18560791	2.54901958
945.18957520	2.54901958
945.19372559	2.54901958
945.19781494	2.54901958
945.19781494	2.54901958
945.20190430	2.54901958
945.20611572	2.54901958
945.21008301	2.54901958
945.21008301	2.54901958
945.21423340	2.54901958
945.21832275	2.54901958
945.22247314	2.54901958
945.22644043	2.54901958
945.23059082	2.54901958
945.23059082	2.54901958
945.23468018	2.54901958
945.23889160	2.54901958
945.24304199	2.54901958
945.24304199	2.54901958
945.24700928	2.54901958
945.25115967	2.54901958
945.25524902	2.54901958
945.25524902	2.54901958
945.25933838	2.54901958
945.26330566	2.54901958
945.26745605	2.54901958
945.27154541	2.56862736
945.27569580	2.56862736
945.27569580	2.56862736
945.27966309	2.56862736
945.28381348	2.56862736
945.28796387	2.56862736
945.28796387	2.54901958
945.29211426	2.56862736
945.29626465	2.56862736
945.30041504	2.56862736
945.30041504	2.56862736
945.30438232	2.56862736
945.30853271	2.56862736
945.31268311	2.56862736
945.31268311	2.56862736
945.31658936	2.56862736
945.32067871	2.56862736
945.32067871	2.56862736
945.32482910	2.56862736
945.32891846	2.56862736
945.33306885	2.56862736
945.33306885	2.56862736
945.33709717	2.56862736
945.34118652	2.56862736
945.34533691	2.56862736
945.34533691	2.56862736
945.34948730	2.56862736
945.35345459	2.56862736
945.35766602	2.56862736
945.35766602	2.56862736
945.36175537	2.54901958
945.36584473	2.54901958
945.36584473	2.54901958
945.36981201	2.54901958
945.37396240	2.52941179
945.37811279	2.52941179
945.37811279	2.52941179
945.38220215	2.52941179
945.38629150	2.52941179
945.39031982	2.52941179
945.39031982	2.52941179
945.39447021	2.52941179
945.39855957	2.52941179
945.40270996	2.50980401
945.40270996	2.50980401
945.40673828	2.50980401
945.41082764	2.50980401
945.41082764	2.50980401
945.41503906	2.50980401
945.41912842	2.50980401
945.42321777	2.50980401
945.42321777	2.50980401
945.42742920	2.50980401
945.43139648	2.49019599
945.43548584	2.49019599
945.43548584	2.49019599
945.43945313	2.49019599
945.44354248	2.49019599
945.44769287	2.49019599
945.44769287	2.49019599
945.45178223	2.49019599
945.45593262	2.49019599
945.45593262	2.49019599
945.45989990	2.49019599
945.46411133	2.49019599
945.46832275	2.49019599
945.46832275	2.49019599
945.47235107	2.49019599
945.47637939	2.49019599
945.48052979	2.49019599
945.48052979	2.49019599
945.48461914	2.49019599
945.48876953	2.49019599
945.49291992	2.49019599
945.49291992	2.49019599
945.49688721	2.49019599
945.50097656	2.50980401
945.50512695	2.50980401
945.50921631	2.50980401
945.51330566	2.50980401
945.51330566	2.50980401
945.51733398	2.50980401
945.52142334	2.50980401
945.52557373	2.50980401
945.52557373	2.50980401
945.52954102	2.50980401
945.53369141	2.50980401
945.53784180	2.50980401
945.53784180	2.52941179
945.54199219	2.52941179
945.54614258	2.52941179
945.55010986	2.52941179
945.55438232	2.52941179
945.55841064	2.52941179
945.55841064	2.52941179
945.56250000	2.52941179
945.56646729	2.52941179
945.57055664	2.52941179
945.57055664	2.52941179
945.57470703	2.54901958
945.57885742	2.54901958
945.58294678	2.54901958
945.58294678	2.54901958
945.58697510	2.54901958
945.59106445	2.54901958
945.59521484	2.54901958
945.59930420	2.54901958
945.60339355	2.54901958
945.60339355	2.54901958
945.60754395	2.54901958
945.61163330	2.56862736
945.61572266	2.56862736
945.61572266	2.56862736
945.61968994	2.56862736
945.62390137	2.56862736
945.62792969	2.56862736
945.62792969	2.56862736
945.63201904	2.56862736
945.63635254	2.56862736
945.64038086	2.56862736
945.64434814	2.56862736
945.64843750	2.56862736
945.64843750	2.56862736
945.65264893	2.56862736
945.65667725	2.56862736
945.66076660	2.56862736
945.66076660	2.56862736
945.66485596	2.54901958
945.66894531	2.56862736
945.67309570	2.54901958
945.67309570	2.54901958
945.67700195	2.54901958
945.68121338	2.54901958
945.68542480	2.54901958
945.68933105	2.54901958
945.69342041	2.54901958
945.69342041	2.54901958
945.69757080	2.54901958
945.70166016	2.54901958
945.70581055	2.54901958
945.70581055	2.54901958
945.70983887	2.54901958
945.71392822	2.54901958
945.71807861	2.54901958
945.71807861	2.54901958
945.72222900	2.54901958
945.72631836	2.54901958
945.73040771	2.54901958
945.73449707	2.54901958
945.73864746	2.54901958
945.73864746	2.54901958
945.74273682	2.54901958
945.74676514	2.54901958
945.75085449	2.54901958
945.75085449	2.54901958
945.75500488	2.54901958
945.75921631	2.54901958
945.76330566	2.54901958
945.76330566	2.54901958
945.76733398	2.54901958
945.77136230	2.54901958
945.77551270	2.54901958
945.77966309	2.54901958
945.78356934	2.54901958
945.78356934	2.56862736
945.78765869	2.56862736
945.79180908	2.56862736
945.79595947	2.56862736
945.79595947	2.56862736
945.79992676	2.56862736
945.80413818	2.56862736
945.80828857	2.56862736
945.80828857	2.56862736
945.81231689	2.56862736
945.81634521	2.56862736
945.82049561	2.56862736
945.82049561	2.56862736
945.82452393	2.56862736
945.82873535	2.56862736
945.82873535	2.56862736
945.83276367	2.56862736
945.83691406	2.56862736
945.84094238	2.56862736
945.84094238	2.56862736
945.84509277	2.56862736
945.84918213	2.56862736
945.85339355	2.56862736
945.85339355	2.56862736
945.85736084	2.56862736
945.86151123	2.56862736
945.86566162	2.56862736
945.86566162	2.56862736
945.86956787	2.56862736
945.87371826	2.56862736
945.87371826	2.56862736
945.87780762	2.56862736
945.88195801	2.56862736
945.88604736	2.56862736
945.88604736	2.56862736
945.89007568	2.54901958
945.89428711	2.54901958
945.89831543	2.54901958
945.89831543	2.54901958
945.90246582	2.54901958
945.90643311	2.54901958
945.91058350	2.52941179
945.91058350	2.52941179
945.91473389	2.52941179
945.91888428	2.52941179
945.91888428	2.52941179
945.92291260	2.52941179
945.92694092	2.52941179
945.93109131	2.50980401
945.93109131	2.50980401
945.93524170	2.50980401
945.93945313	2.50980401
945.94342041	2.50980401
945.94342041	2.50980401
945.94750977	2.50980401
945.95166016	2.50980401
945.95581055	2.50980401
945.95581055	2.50980401
945.95977783	2.49019599
945.96392822	2.49019599
945.96392822	2.49019599
945.96795654	2.49019599
945.97210693	2.49019599
945.97619629	2.49019599
945.97619629	2.49019599
945.98034668	2.49019599
945.98431396	2.49019599
945.98846436	2.49019599
945.98846436	2.49019599
945.99261475	2.49019599
945.99664307	2.49019599
946.00073242	2.49019599
946.00073242	2.49019599
946.00488281	2.49019599
946.00897217	2.49019599
946.00897217	2.49019599
946.01293945	2.49019599
946.01708984	2.49019599
946.02130127	2.49019599
946.02130127	2.49019599
946.02532959	2.49019599
946.02941895	2.49019599
946.03344727	2.49019599
946.03344727	2.49019599
946.03759766	2.50980401
946.04174805	2.50980401
946.04589844	2.50980401
946.04589844	2.50980401
946.04986572	2.50980401
946.05401611	2.50980401
946.05810547	2.50980401
946.06225586	2.50980401
946.06634521	2.50980401
946.06634521	2.50980401
946.07037354	2.50980401
946.07440186	2.50980401
946.07861328	2.50980401
946.07861328	2.50980401
946.08270264	2.52941179
946.08673096	2.52941179
946.09082031	2.52941179
946.09082031	2.52941179
946.09497070	2.52941179
946.09906006	2.52941179
946.10308838	2.52941179
946.10742188	2.52941179
946.11138916	2.52941179
946.11138916	2.52941179
946.11553955	2.52941179
946.11956787	2.52941179
946.12365723	2.52941179
946.12365723	2.52941179
946.12768555	2.52941179
946.13183594	2.52941179
946.13592529	2.52941179
946.13592529	2.52941179
946.13995361	2.52941179
946.14404297	2.52941179
946.14819336	2.54901958
946.15228271	2.54901958
946.15643311	2.54901958
946.15643311	2.54901958
946.16046143	2.54901958
946.16467285	2.54901958
946.16876221	2.54901958
946.16876221	2.54901958
946.17285156	2.54901958
946.17687988	2.54901958
946.18096924	2.54901958
946.18096924	2.54901958
946.18511963	2.54901958
946.18920898	2.54901958
946.19329834	2.54901958
946.19732666	2.54901958
946.20141602	2.54901958
946.20141602	2.54901958
946.20556641	2.54901958
946.20953369	2.54901958
946.21368408	2.54901958
946.21368408	2.54901958
946.21777344	2.54901958
946.22198486	2.54901958
946.22619629	2.54901958
946.22619629	2.54901958
946.23010254	2.54901958
946.23437500	2.54901958
946.23840332	2.54901958
946.24249268	2.54901958
946.24664307	2.54901958
946.24664307	2.54901958
946.25061035	2.54901958
946.25476074	2.54901958
946.25885010	2.54901958
946.25885010	2.54901958
946.26281738	2.54901958
946.26690674	2.54901958
946.27105713	2.54901958
946.27105713	2.54901958
946.27520752	2.54901958
946.27929688	2.54901958
946.28332520	2.54901958
946.28741455	2.54901958
946.29156494	2.54901958
946.29156494	2.54901958
946.29577637	2.54901958
946.29974365	2.54901958
946.30383301	2.54901958
946.30383301	2.54901958
946.30798340	2.54901958
946.31213379	2.54901958
946.31628418	2.54901958
946.31628418	2.56862736
946.32037354	2.56862736
946.32427979	2.56862736
946.32849121	2.56862736
946.33251953	2.56862736
946.33673096	2.56862736
946.33673096	2.56862736
946.34063721	2.56862736
946.34484863	2.56862736
946.34893799	2.56862736
946.34893799	2.56862736
946.35308838	2.56862736
946.35711670	2.56862736
946.36138916	2.56862736
946.36138916	2.56862736
946.36541748	2.56862736
946.36956787	2.56862736
946.37353516	2.56862736
946.37353516	2.56862736
946.37756348	2.56862736
946.38171387	2.56862736
946.38171387	2.56862736
946.38580322	2.56862736
946.38983154	2.56862736
946.39392090	2.56862736
946.39392090	2.56862736
946.39807129	2.56862736
946.40216064	2.56862736
946.40631104	2.56862736
946.40631104	2.56862736
946.41033936	2.56862736
946.41448975	2.56862736
946.41864014	2.56862736
946.41864014	2.56862736
946.42279053	2.56862736
946.42687988	2.56862736
946.42687988	2.56862736
946.43090820	2.56862736
946.43499756	2.56862736
946.43920898	2.54901958
946.43920898	2.54901958
946.44305420	2.54901958
946.44732666	2.54901958
946.45129395	2.54901958
946.45129395	2.54901958
946.45544434	2.52941179
946.45953369	2.52941179
946.46356201	2.52941179
946.46356201	2.52941179
946.46765137	2.52941179
946.47186279	2.52941179
946.47186279	2.52941179
946.47595215	2.52941179
946.47998047	2.50980401
946.48413086	2.50980401
946.48413086	2.50980401
946.48828125	2.50980401
946.49237061	2.50980401
946.49645996	2.50980401
946.49645996	2.50980401
946.50048828	2.50980401
946.50463867	2.50980401
946.50872803	2.50980401
946.50872803	2.50980401
946.51281738	2.50980401
946.51678467	2.50980401
946.51678467	2.49019599
946.52093506	2.50980401
946.52502441	2.50980401
946.52917480	2.50980401
946.52917480	2.50980401
946.53332520	2.50980401
946.53735352	2.50980401
946.54144287	2.50980401
946.54144287	2.50980401
946.54565430	2.50980401
946.54962158	2.50980401
946.55371094	2.50980401
946.55371094	2.50980401
946.55786133	2.50980401
946.56201172	2.50980401
946.56616211	2.50980401
946.57012939	2.50980401
946.57427979	2.50980401
946.57427979	2.50980401
946.57830811	2.50980401
946.58239746	2.50980401
946.58660889	2.50980401
946.58660889	2.50980401
946.59057617	2.50980401
946.59472656	2.50980401
946.59881592	2.52941179
946.59881592	2.52941179
946.60290527	2.52941179
946.60699463	2.52941179
946.61114502	2.52941179
946.61523438	2.52941179
946.61938477	2.52941179
946.61938477	2.52941179
946.62335205	2.52941179
946.62744141	2.52941179
946.63159180	2.52941179
946.63159180	2.54901958
946.63568115	2.54901958
946.63970947	2.54901958
946.64379883	2.54901958
946.64379883	2.54901958
946.64794922	2.54901958
946.65203857	2.54901958
946.65618896	2.54901958
946.66033936	2.54901958
946.66436768	2.56862736
946.66436768	2.56862736
946.66851807	2.56862736
946.67266846	2.56862736
946.67663574	2.56862736
946.67663574	2.56862736
946.68072510	2.56862736
946.68487549	2.56862736
946.68896484	2.56862736
946.68896484	2.56862736
946.69293213	2.56862736
946.69708252	2.56862736
946.70117188	2.56862736
946.70532227	2.56862736
946.70941162	2.56862736
946.70941162	2.56862736
946.71343994	2.56862736
946.71752930	2.56862736
946.72174072	2.56862736
946.72174072	2.56862736
946.72589111	2.54901958
946.72985840	2.56862736
946.73400879	2.56862736
946.73400879	2.54901958
946.73809814	2.54901958
946.74224854	2.54901958
946.74639893	2.54901958
946.75030518	2.54901958
946.75445557	2.54901958
946.75445557	2.54901958
946.75854492	2.54901958
946.76269531	2.54901958
946.76666260	2.54901958
946.76666260	2.54901958
946.77081299	2.54901958
946.77496338	2.54901958
946.77905273	2.54901958
946.77905273	2.54901958
946.78308105	2.54901958
946.78729248	2.54901958
946.79132080	2.54901958
946.79553223	2.54901958
946.79962158	2.54901958
946.79962158	2.54901958
946.80358887	2.54901958
946.80773926	2.56862736
946.81188965	2.54901958
946.81188965	2.56862736
946.81597900	2.56862736
946.82000732	2.56862736
946.82403564	2.56862736
946.82403564	2.56862736
946.82818604	2.56862736
946.83227539	2.56862736
946.83648682	2.56862736
946.84039307	2.56862736
946.84454346	2.56862736
946.84454346	2.56862736
946.84869385	2.56862736
946.85272217	2.56862736
946.85699463	2.56862736
946.85699463	2.56862736
946.86096191	2.56862736
946.86511230	2.56862736
946.86926270	2.56862736
946.86926270	2.56862736
946.87335205	2.56862736
946.87738037	2.56862736
946.88140869	2.56862736
946.88555908	2.56862736
946.88970947	2.56862736
946.88970947	2.56862736
946.89367676	2.56862736
946.89782715	2.56862736
946.90191650	2.56862736
946.90191650	2.56862736
946.90606689	2.56862736
946.91003418	2.56862736
946.91436768	2.56862736
946.91436768	2.56862736
946.91839600	2.56862736
946.92248535	2.56862736
946.92669678	2.56862736
946.92669678	2.56862736
946.93060303	2.56862736
946.93475342	2.56862736
946.93475342	2.56862736
946.93878174	2.56862736
946.94293213	2.56862736
946.94689941	2.56862736
946.94689941	2.56862736
946.95104980	2.56862736
946.95520020	2.56862736
946.95928955	2.56862736
946.95928955	2.56862736
946.96337891	2.56862736
946.96746826	2.56862736
946.97155762	2.56862736
946.97155762	2.54901958
946.97570801	2.54901958
946.97985840	2.54901958
946.97985840	2.54901958
946.98388672	2.54901958
946.98803711	2.54901958
946.99212646	2.52941179
946.99212646	2.52941179
946.99627686	2.52941179
947.00036621	2.52941179
947.00439453	2.52941179
947.00439453	2.52941179
947.00842285	2.52941179
947.01257324	2.52941179
947.01666260	2.52941179
947.01666260	2.50980401
947.02069092	2.50980401
947.02478027	2.50980401
947.02478027	2.50980401
947.02893066	2.50980401
947.03289795	2.50980401
947.03704834	2.50980401
947.03704834	2.50980401
947.04119873	2.50980401
947.04541016	2.50980401
947.04949951	2.50980401
947.04949951	2.50980401
947.05346680	2.50980401
947.05761719	2.50980401
947.06170654	2.50980401
947.06170654	2.50980401
947.06585693	2.50980401
947.06994629	2.50980401
947.06994629	2.50980401
947.07391357	2.50980401
947.07806396	2.50980401
947.08215332	2.50980401
947.08215332	2.50980401
947.08630371	2.50980401
947.09027100	2.50980401
947.09442139	2.50980401
947.09442139	2.50980401
947.09857178	2.50980401
947.10272217	2.50980401
947.10693359	2.50980401
947.10693359	2.50980401
947.11090088	2.50980401
947.11499023	2.50980401
947.11914063	2.50980401
947.12310791	2.52941179
947.12725830	2.52941179
947.12725830	2.52941179
947.13128662	2.52941179
947.13543701	2.52941179
947.13958740	2.52941179
947.13958740	2.52941179
947.14355469	2.52941179
947.14770508	2.52941179
947.15179443	2.52941179
947.15179443	2.52941179
947.15600586	2.52941179
947.15991211	2.52941179
947.16406250	2.54901958
947.16827393	2.54901958
947.17230225	2.54901958
947.17230225	2.54901958
947.17639160	2.54901958
947.18048096	2.54901958
947.18457031	2.56862736
947.18457031	2.56862736
947.18865967	2.56862736
947.19281006	2.56862736
947.19677734	2.56862736
947.19677734	2.56862736
947.20092773	2.56862736
947.20507813	2.56862736
947.20916748	2.56862736
947.21331787	2.56862736
947.21728516	2.56862736
947.21728516	2.56862736
947.22143555	2.56862736
947.22564697	2.56862736
947.22973633	2.56862736
947.22973633	2.56862736
947.23370361	2.56862736
947.23785400	2.56862736
947.24200439	2.56862736
947.24200439	2.56862736
947.24615479	2.56862736
947.25012207	2.56862736
947.25439453	2.56862736
947.25830078	2.56862736
947.26245117	2.56862736
947.26245117	2.56862736
947.26641846	2.54901958
947.27056885	2.56862736
947.27465820	2.56862736
947.27465820	2.54901958
947.27880859	2.54901958
947.28289795	2.54901958
947.28698730	2.54901958
947.28698730	2.54901958
947.29107666	2.54901958
947.29522705	2.54901958
947.29937744	2.54901958
947.30334473	2.54901958
947.30749512	2.54901958
947.30749512	2.54901958
947.31164551	2.54901958
947.31573486	2.54901958
947.31982422	2.54901958
947.31982422	2.54901958
947.32379150	2.54901958
947.32794189	2.54901958
947.33203125	2.54901958
947.33203125	2.54901958
947.33630371	2.54901958
947.34027100	2.54901958
947.34429932	2.54901958
947.34838867	2.54901958
947.35260010	2.54901958
947.35260010	2.54901958
947.35656738	2.54901958
947.36071777	2.54901958
947.36486816	2.54901958
947.36486816	2.54901958
947.36901855	2.54901958
947.37298584	2.54901958
947.37713623	2.54901958
947.37713623	2.54901958
947.38116455	2.54901958
947.38531494	2.54901958
947.38946533	2.54901958
947.39343262	2.56862736
947.39758301	2.54901958
947.39758301	2.54901958
947.40167236	2.54901958
947.40582275	2.54901958
947.40991211	2.54901958
947.40991211	2.54901958
947.41394043	2.56862736
947.41815186	2.56862736
947.42224121	2.56862736
947.42224121	2.56862736
947.42639160	2.56862736
947.43035889	2.56862736
947.43444824	2.56862736
947.43444824	2.56862736
947.43859863	2.56862736
947.44268799	2.56862736
947.44268799	2.56862736
947.44665527	2.56862736
947.45080566	2.56862736
947.45495605	2.56862736
947.45495605	2.54901958
947.45904541	2.54901958
947.46301270	2.54901958
947.46734619	2.54901958
947.46734619	2.54901958
947.47131348	2.54901958
947.47546387	2.54901958
947.47955322	2.54901958
947.47955322	2.54901958
947.48358154	2.52941179
947.48767090	2.52941179
947.48767090	2.52941179
947.49188232	2.52941179
947.49597168	2.52941179
947.49993896	2.52941179
947.49993896	2.52941179
947.50408936	2.52941179
947.50817871	2.52941179
947.51226807	2.50980401
947.51226807	2.50980401
947.51629639	2.50980401
947.52044678	2.50980401
947.52453613	2.50980401
947.52453613	2.50980401
947.52868652	2.50980401
947.53283691	2.50980401
947.53283691	2.50980401
947.53680420	2.50980401
947.54101563	2.50980401
947.54510498	2.49019599
947.54510498	2.49019599
947.54925537	2.49019599
947.55334473	2.49019599
947.55737305	2.49019599
947.55737305	2.49019599
947.56146240	2.49019599
947.56561279	2.49019599
947.56970215	2.49019599
947.56970215	2.49019599
947.57366943	2.49019599
947.57781982	2.49019599
947.57781982	2.49019599
947.58190918	2.49019599
947.58605957	2.49019599
947.59002686	2.49019599
947.59002686	2.49019599
947.59429932	2.49019599
947.59826660	2.49019599
947.60247803	2.49019599
947.60247803	2.49019599
947.60644531	2.49019599
947.61059570	2.49019599
947.61474609	2.49019599
947.61474609	2.49019599
947.61889648	2.50980401
947.62298584	2.50980401
947.62298584	2.50980401
947.62695313	2.50980401
947.63104248	2.50980401
947.63513184	2.50980401
947.63513184	2.50980401
947.63928223	2.50980401
947.64331055	2.50980401
947.64746094	2.50980401
947.64746094	2.50980401
947.65155029	2.50980401
947.65570068	2.50980401
947.65979004	2.50980401
947.65979004	2.52941179
947.66381836	2.52941179
947.66796875	2.52941179
947.67211914	2.52941179
947.67608643	2.52941179
947.68035889	2.52941179
947.68035889	2.52941179
947.68438721	2.52941179
947.68841553	2.52941179
947.69256592	2.52941179
947.69256592	2.52941179
947.69653320	2.52941179
947.70068359	2.52941179
947.70477295	2.54901958
947.70477295	2.54901958
947.70892334	2.54901958
947.71301270	2.54901958
947.71704102	2.54901958
947.72119141	2.54901958
947.72534180	2.54901958
947.72534180	2.54901958
947.72949219	2.54901958
947.73345947	2.54901958
947.73760986	2.54901958
947.73760986	2.54901958
947.74176025	2.54901958
947.74591064	2.54901958
947.74993896	2.54901958
947.74993896	2.54901958
947.75390625	2.54901958
947.75811768	2.54901958
947.76214600	2.54901958
947.76629639	2.54901958
947.77044678	2.54901958
947.77044678	2.54901958
947.77435303	2.54901958
947.77856445	2.54901958
947.78265381	2.54901958
947.78265381	2.54901958
947.78674316	2.54901958
947.79083252	2.54901958
947.79498291	2.54901958
947.79498291	2.54901958
947.79901123	2.54901958
947.80316162	2.54901958
947.80737305	2.54901958
947.81134033	2.54901958
947.81549072	2.54901958
947.81549072	2.54901958
947.81939697	2.54901958
947.82354736	2.54901958
947.82769775	2.54901958
947.82769775	2.54901958
947.83190918	2.54901958
947.83599854	2.54901958
947.84008789	2.54901958
947.84008789	2.54901958
947.84411621	2.54901958
947.84826660	2.54901958
947.85241699	2.54901958
947.85638428	2.54901958
947.86047363	2.54901958
947.86047363	2.54901958
947.86462402	2.54901958
947.86877441	2.54901958
947.87292480	2.54901958
947.87292480	2.54901958
947.87689209	2.54901958
947.88098145	2.54901958
947.88519287	2.54901958
947.88519287	2.54901958
947.88922119	2.56862736
947.89337158	2.54901958
947.89733887	2.54901958
947.90148926	2.56862736
947.90563965	2.56862736
947.90563965	2.56862736
947.90960693	2.56862736
947.91375732	2.56862736
947.91790771	2.56862736
947.91790771	2.56862736
947.92205811	2.56862736
947.92620850	2.56862736
947.93017578	2.56862736
947.93017578	2.56862736
947.93444824	2.56862736
947.93853760	2.56862736
947.94256592	2.56862736
947.94653320	2.56862736
947.95062256	2.56862736
947.95062256	2.56862736
947.95471191	2.56862736
947.95886230	2.56862736
947.96301270	2.56862736
947.96301270	2.56862736
947.96697998	2.56862736
947.97113037	2.56862736
947.97521973	2.56862736
947.97521973	2.56862736
947.97930908	2.56862736
947.98327637	2.56862736
947.98742676	2.56862736
947.98742676	2.56862736
947.99151611	2.56862736
947.99566650	2.56862736
947.99566650	2.56862736
947.99969482	2.54901958
948.00384521	2.54901958
948.00793457	2.54901958
948.00793457	2.54901958
948.01202393	2.54901958
948.01617432	2.54901958
948.02038574	2.52941179
948.02038574	2.52941179
948.02429199	2.52941179
948.02844238	2.52941179
948.03253174	2.52941179
948.03253174	2.52941179
948.03662109	2.52941179
948.04071045	2.52941179
948.04071045	2.52941179
948.04479980	2.50980401
948.04895020	2.50980401
948.05303955	2.50980401
948.05303955	2.50980401
948.05706787	2.50980401
948.06127930	2.50980401
948.06536865	2.50980401
948.06536865	2.50980401
948.06939697	2.50980401
948.07348633	2.50980401
948.07763672	2.49019599
948.07763672	2.49019599
948.08172607	2.49019599
948.08581543	2.49019599
948.08581543	2.49019599
948.08984375	2.49019599
948.09405518	2.49019599
948.09808350	2.49019599
948.09808350	2.49019599
948.10223389	2.49019599
948.10638428	2.49019599
948.11035156	2.49019599
948.11035156	2.49019599
948.11450195	2.49019599
948.11865234	2.49019599
948.12274170	2.49019599
948.12274170	2.49019599
948.12677002	2.49019599
948.13085938	2.49019599
948.13085938	2.49019599
948.13488770	2.49019599
948.13909912	2.50980401
948.14324951	2.50980401
948.14324951	2.50980401
948.14739990	2.50980401
948.15136719	2.50980401
948.15570068	2.50980401
948.15570068	2.50980401
948.15948486	2.50980401
948.16357422	2.50980401
948.16772461	2.50980401
948.16772461	2.50980401
948.17187500	2.50980401
948.17602539	2.50980401
948.17999268	2.50980401
948.18414307	2.52941179
948.18823242	2.52941179
948.18823242	2.52941179
948.19238281	2.52941179
948.19641113	2.52941179
948.20050049	2.52941179
948.20050049	2.52941179
948.20458984	2.52941179
948.20880127	2.52941179
948.21289063	2.52941179
948.21289063	2.52941179
948.21691895	2.52941179
948.22094727	2.52941179
948.22509766	2.52941179
948.22918701	2.54901958
948.23327637	2.54901958
948.23327637	2.54901958
948.23736572	2.54901958
948.24145508	2.54901958
948.24554443	2.54901958
948.24554443	2.54901958
948.24957275	2.54901958
948.25366211	2.54901958
948.25781250	2.54901958
948.25781250	2.54901958
948.26190186	2.54901958
948.26599121	2.54901958
948.27001953	2.54901958
948.27423096	2.54901958
948.27832031	2.54901958
948.27832031	2.54901958
948.28240967	2.54901958
948.28643799	2.54901958
948.29058838	2.54901958
948.29058838	2.54901958
948.29467773	2.54901958
948.29882813	2.54901958
948.30297852	2.54901958
948.30297852	2.54901958
948.30694580	2.54901958
948.31109619	2.54901958
948.31524658	2.54901958
948.31933594	2.54901958
948.32330322	2.54901958
948.32330322	2.54901958
948.32739258	2.54901958
948.33148193	2.54901958
948.33569336	2.54901958
948.33569336	2.54901958
948.33966064	2.54901958
948.34381104	2.54901958
948.34790039	2.54901958
948.34790039	2.54901958
948.35205078	2.54901958
948.35626221	2.54901958
948.36035156	2.54901958
948.36437988	2.56862736
948.36846924	2.54901958
948.36846924	2.54901958
948.37261963	2.54901958
948.37658691	2.54901958
948.38067627	2.54901958
948.38067627	2.54901958
948.38476563	2.56862736
948.38891602	2.54901958
948.39300537	2.56862736
948.39300537	2.56862736
948.39703369	2.56862736
948.40118408	2.54901958
948.40527344	2.56862736
948.40942383	2.56862736
948.41345215	2.56862736
948.41345215	2.56862736
948.41760254	2.56862736
948.42175293	2.56862736
948.42584229	2.56862736
948.42584229	2.56862736
948.42987061	2.56862736
948.43395996	2.56862736
948.43804932	2.56862736
948.43804932	2.56862736
948.44226074	2.56862736
948.44622803	2.56862736
948.45031738	2.56862736
948.45440674	2.56862736
948.45855713	2.56862736
948.45855713	2.56862736
948.46264648	2.56862736
948.46667480	2.56862736
948.47082520	2.56862736
948.47082520	2.56862736
948.47497559	2.56862736
948.47912598	2.56862736
948.48321533	2.56862736
948.48321533	2.56862736
948.48730469	2.56862736
948.49139404	2.56862736
948.49548340	2.56862736
948.49957275	2.56862736
948.50360107	2.56862736
948.50360107	2.56862736
948.50762939	2.56862736
948.51177979	2.56862736
948.51586914	2.56862736
948.51586914	2.56862736
948.51995850	2.56862736
948.52404785	2.56862736
948.52819824	2.56862736
948.52819824	2.56862736
948.53228760	2.56862736
948.53637695	2.56862736
948.54046631	2.56862736
948.54046631	2.54901958
948.54461670	2.54901958
948.54864502	2.54901958
948.54864502	2.54901958
948.55291748	2.54901958
948.55676270	2.54901958
948.56115723	2.52941179
948.56115723	2.52941179
948.56506348	2.52941179
948.56915283	2.52941179
948.57330322	2.52941179
948.57330322	2.52941179
948.57727051	2.52941179
948.58142090	2.52941179
948.58551025	2.52941179
948.58551025	2.50980401
948.58953857	2.50980401
948.59362793	2.50980401
948.59362793	2.50980401
948.59777832	2.50980401
948.60192871	2.50980401
948.60607910	2.50980401
948.60607910	2.50980401
948.61010742	2.50980401
948.61437988	2.50980401
948.61834717	2.50980401
948.61834717	2.50980401
948.62249756	2.50980401
948.62646484	2.50980401
948.63055420	2.50980401
948.63055420	2.50980401
948.63464355	2.50980401
948.63879395	2.50980401
948.63879395	2.50980401
948.64276123	2.50980401
948.64691162	2.50980401
948.65106201	2.50980401
948.65106201	2.50980401
948.65515137	2.50980401
948.65930176	2.50980401
948.66333008	2.50980401
948.66333008	2.50980401
948.66748047	2.50980401
948.67163086	2.50980401
948.67572021	2.50980401
948.67572021	2.50980401
948.67974854	2.50980401
948.68383789	2.50980401
948.68798828	2.50980401
948.69201660	2.50980401
948.69628906	2.50980401
948.69628906	2.50980401
948.70025635	2.50980401
948.70428467	2.52941179
948.70843506	2.52941179
948.70843506	2.52941179
948.71252441	2.52941179
948.71655273	2.52941179
948.72070313	2.52941179
948.72070313	2.52941179
948.72479248	2.52941179
948.72900391	2.52941179
948.73309326	2.52941179
948.73706055	2.52941179
948.74133301	2.52941179
948.74133301	2.52941179
948.74536133	2.54901958
948.74945068	2.54901958
948.75347900	2.54901958
948.75347900	2.54901958
948.75750732	2.54901958
948.76165771	2.54901958
948.76574707	2.54901958
948.76574707	2.54901958
948.76977539	2.54901958
948.77392578	2.54901958
948.77807617	2.54901958
948.78216553	2.56862736
948.78637695	2.56862736
948.78637695	2.56862736
948.79034424	2.56862736
948.79449463	2.56862736
948.79858398	2.56862736
948.79858398	2.56862736
948.80273438	2.56862736
948.80670166	2.56862736
948.81085205	2.56862736
948.81085205	2.56862736
948.81494141	2.56862736
948.81915283	2.56862736
948.82318115	2.56862736
948.82739258	2.56862736
948.83135986	2.56862736
948.83135986	2.56862736
948.83551025	2.56862736
948.83959961	2.56862736
948.84362793	2.56862736
948.84362793	2.56862736
948.84771729	2.56862736
948.85180664	2.56862736
948.85595703	2.56862736
948.85595703	2.56862736
948.85992432	2.56862736
948.86401367	2.56862736
948.86816406	2.56862736
948.87231445	2.56862736
948.87640381	2.56862736
948.87640381	2.56862736
948.88037109	2.56862736
948.88452148	2.56862736
948.88867188	2.56862736
948.88867188	2.56862736
948.89276123	2.56862736
948.89678955	2.56862736
948.90093994	2.56862736
948.90093994	2.56862736
948.90502930	2.56862736
948.90917969	2.56862736
948.91333008	2.56862736
948.91735840	2.56862736
948.92144775	2.56862736
948.92144775	2.56862736
948.92559814	2.56862736
948.92974854	2.56862736
948.93371582	2.56862736
948.93371582	2.56862736
948.93786621	2.56862736
948.94189453	2.56862736
948.94604492	2.56862736
948.94604492	2.56862736
948.95001221	2.56862736
948.95428467	2.56862736
948.95825195	2.56862736
948.96246338	2.56862736
948.96655273	2.56862736
948.96655273	2.56862736
948.97058105	2.56862736
948.97467041	2.56862736
948.97882080	2.56862736
948.97882080	2.56862736
948.98297119	2.56862736
948.98693848	2.56862736
948.99108887	2.56862736
948.99108887	2.56862736
948.99523926	2.56862736
948.99932861	2.56862736
949.00335693	2.56862736
949.00738525	2.56862736
949.01153564	2.56862736
949.01153564	2.56862736
949.01562500	2.56862736
949.01965332	2.56862736
949.02374268	2.56862736
949.02374268	2.56862736
949.02795410	2.56862736
949.03204346	2.56862736
949.03631592	2.56862736
949.03631592	2.56862736
949.04034424	2.56862736
949.04431152	2.56862736
949.04846191	2.56862736
949.04846191	2.56862736
949.05261230	2.56862736
949.05676270	2.56862736
949.05676270	2.56862736
949.06072998	2.56862736
949.06481934	2.56862736
949.06896973	2.56862736
949.06896973	2.56862736
949.07293701	2.56862736
949.07702637	2.56862736
949.08129883	2.56862736
949.08129883	2.56862736
949.08526611	2.56862736
949.08941650	2.56862736
949.09338379	2.56862736
949.09338379	2.56862736
949.09753418	2.56862736
949.10162354	2.56862736
949.10162354	2.56862736
949.10583496	2.56862736
949.10986328	2.54901958
949.11395264	2.54901958
949.11395264	2.54901958
949.11810303	2.54901958
949.12225342	2.54901958
949.12634277	2.52941179
949.12634277	2.52941179
949.13024902	2.52941179
949.13439941	2.52941179
949.13848877	2.52941179
949.13848877	2.52941179
949.14263916	2.52941179
949.14666748	2.50980401
949.14666748	2.50980401
949.15081787	2.50980401
949.15490723	2.50980401
949.15905762	2.50980401
949.15905762	2.50980401
949.16302490	2.50980401
949.16735840	2.50980401
949.17132568	2.50980401
949.17132568	2.50980401
949.17547607	2.50980401
949.17956543	2.50980401
949.18359375	2.50980401
949.18359375	2.49019599
949.18774414	2.49019599
949.19177246	2.49019599
949.19177246	2.49019599
949.19586182	2.49019599
949.19989014	2.49019599
949.20404053	2.49019599
949.20404053	2.49019599
949.20812988	2.49019599
949.21228027	2.49019599
949.21643066	2.49019599
949.21643066	2.49019599
949.22039795	2.49019599
949.22454834	2.49019599
949.22875977	2.49019599
949.22875977	2.50980401
949.23284912	2.50980401
949.23681641	2.50980401
949.24096680	2.50980401
949.24511719	2.50980401
949.24926758	2.50980401
949.24926758	2.50980401
949.25329590	2.50980401
949.25732422	2.50980401
949.26141357	2.50980401
949.26141357	2.50980401
949.26550293	2.52941179
949.26953125	2.52941179
949.27362061	2.52941179
949.27362061	2.52941179
949.27777100	2.52941179
949.28192139	2.52941179
949.28601074	2.52941179
949.29003906	2.52941179
949.29431152	2.52941179
949.29431152	2.52941179
949.29833984	2.54901958
949.30249023	2.54901958
949.30657959	2.54901958
949.30657959	2.54901958
949.31060791	2.54901958
949.31469727	2.54901958
949.31884766	2.54901958
949.31884766	2.54901958
949.32281494	2.56862736
949.32690430	2.56862736
949.33111572	2.56862736
949.33526611	2.56862736
949.33935547	2.56862736
949.33935547	2.56862736
949.34332275	2.56862736
949.34753418	2.56862736
949.35162354	2.56862736
949.35162354	2.56862736
949.35577393	2.56862736
949.35974121	2.56862736
949.36383057	2.56862736
949.36383057	2.56862736
949.36798096	2.56862736
949.37219238	2.56862736
949.37628174	2.56862736
949.38037109	2.56862736
949.38433838	2.56862736
949.38433838	2.56862736
949.38854980	2.56862736
949.39263916	2.56862736
949.39672852	2.56862736
949.39672852	2.56862736
949.40075684	2.56862736
949.40484619	2.56862736
949.40887451	2.56862736
949.40887451	2.56862736
949.41290283	2.56862736
949.41711426	2.56862736
949.42138672	2.56862736
949.42541504	2.56862736
949.42956543	2.56862736
949.42956543	2.56862736
949.43353271	2.56862736
949.43762207	2.56862736
949.44177246	2.56862736
949.44177246	2.56862736
949.44586182	2.56862736
949.44976807	2.56862736
949.45397949	2.56862736
949.45397949	2.56862736
949.45812988	2.56862736
949.46228027	2.56862736
949.46636963	2.56862736
949.47027588	2.56862736
949.47448730	2.56862736
949.47448730	2.56862736
949.47857666	2.56862736
949.48266602	2.56862736
949.48663330	2.56862736
949.48663330	2.56862736
949.49084473	2.56862736
949.49487305	2.56862736
949.49902344	2.56862736
949.49902344	2.56862736
949.50305176	2.56862736
949.50726318	2.56862736
949.51129150	2.56862736
949.51538086	2.56862736
949.51953125	2.56862736
949.51953125	2.56862736
949.52355957	2.56862736
949.52764893	2.56862736
949.53179932	2.56862736
949.53179932	2.56862736
949.53594971	2.56862736
949.53997803	2.56862736
949.54406738	2.56862736
949.54406738	2.56862736
949.54821777	2.56862736
949.55230713	2.56862736
949.55645752	2.56862736
949.55645752	2.56862736
949.56048584	2.58823538
949.56457520	2.58823538
949.56457520	2.58823538
949.56872559	2.58823538
949.57287598	2.58823538
949.57690430	2.58823538
949.57690430	2.58823538
949.58099365	2.58823538
949.58508301	2.58823538
949.58923340	2.58823538
949.58923340	2.58823538
949.59338379	2.58823538
949.59735107	2.58823538
949.60150146	2.58823538
949.60150146	2.58823538
949.60559082	2.58823538
949.60968018	2.58823538
949.60968018	2.58823538
949.61364746	2.58823538
949.61779785	2.58823538
949.62194824	2.58823538
949.62194824	2.58823538
949.62603760	2.58823538
949.63006592	2.58823538
949.63427734	2.58823538
949.63427734	2.58823538
949.63824463	2.58823538
949.64239502	2.58823538
949.64648438	2.58823538
949.64648438	2.58823538
949.65057373	2.58823538
949.65466309	2.58823538
949.65466309	2.58823538
949.65881348	2.58823538
949.66278076	2.56862736
949.66693115	2.56862736
949.66693115	2.56862736
949.67114258	2.56862736
949.67523193	2.56862736
949.67932129	2.56862736
949.67932129	2.56862736
949.68322754	2.56862736
949.68743896	2.56862736
949.69152832	2.56862736
949.69152832	2.54901958
949.69561768	2.54901958
949.69976807	2.54901958
949.69976807	2.54901958
949.70379639	2.54901958
949.70788574	2.52941179
949.71203613	2.52941179
949.71203613	2.52941179
949.71612549	2.52941179
949.72027588	2.52941179
949.72430420	2.52941179
949.72430420	2.52941179
949.72851563	2.52941179
949.73260498	2.52941179
949.73669434	2.52941179
949.73669434	2.52941179
949.74072266	2.52941179
949.74481201	2.52941179
949.74481201	2.50980401
949.74896240	2.50980401
949.75305176	2.50980401
949.75701904	2.50980401
949.75701904	2.50980401
949.76116943	2.50980401
949.76525879	2.50980401
949.76940918	2.50980401
949.76940918	2.50980401
949.77337646	2.50980401
949.77752686	2.50980401
949.78161621	2.50980401
949.78161621	2.50980401
949.78582764	2.50980401
949.78991699	2.50980401
949.79394531	2.52941179
949.79809570	2.52941179
949.80218506	2.52941179
949.80218506	2.52941179
949.80627441	2.52941179
949.81030273	2.52941179
949.81439209	2.52941179
949.81439209	2.52941179
949.81848145	2.52941179
949.82269287	2.52941179
949.82666016	2.52941179
949.82666016	2.52941179
949.83081055	2.52941179
949.83489990	2.52941179
949.83905029	2.54901958
949.84301758	2.54901958
949.84729004	2.54901958
949.84729004	2.54901958
949.85137939	2.54901958
949.85546875	2.54901958
949.85961914	2.56862736
949.85961914	2.56862736
949.86358643	2.56862736
949.86773682	2.56862736
949.87182617	2.56862736
949.87182617	2.56862736
949.87597656	2.56862736
949.88000488	2.56862736
949.88403320	2.56862736
949.88812256	2.56862736
949.89227295	2.56862736
949.89227295	2.56862736
949.89624023	2.56862736
949.90039063	2.56862736
949.90447998	2.56862736
949.90447998	2.56862736
949.90869141	2.56862736
949.91278076	2.56862736
949.91687012	2.56862736
949.91687012	2.56862736
949.92095947	2.56862736
949.92510986	2.56862736
949.92919922	2.56862736
949.93334961	2.56862736
949.93731689	2.56862736
949.93731689	2.56862736
949.94140625	2.56862736
949.94549561	2.56862736
949.94964600	2.56862736
949.94964600	2.56862736
949.95367432	2.56862736
949.95776367	2.56862736
949.96191406	2.56862736
949.96191406	2.56862736
949.96600342	2.56862736
949.97003174	2.56862736
949.97430420	2.56862736
949.97833252	2.56862736
949.98248291	2.56862736
949.98248291	2.56862736
949.98645020	2.56862736
949.99060059	2.56862736
949.99468994	2.56862736
949.99468994	2.56862736
949.99884033	2.56862736
950.00280762	2.56862736
950.00689697	2.56862736
950.00689697	2.56862736
950.01104736	2.56862736
950.01513672	2.56862736
950.01928711	2.56862736
950.02325439	2.56862736
950.02740479	2.56862736
950.02740479	2.56862736
950.03149414	2.56862736
950.03570557	2.56862736
950.03991699	2.56862736
950.03991699	2.56862736
950.04382324	2.56862736
950.04797363	2.56862736
950.05212402	2.56862736
950.05212402	2.56862736
950.05615234	2.56862736
950.06030273	2.56862736
950.06433105	2.56862736
950.06842041	2.56862736
950.07257080	2.56862736
950.07257080	2.56862736
950.07647705	2.56862736
950.08068848	2.56862736
950.08477783	2.56862736
950.08477783	2.56862736
950.08892822	2.56862736
950.09289551	2.56862736
950.09704590	2.56862736
950.09704590	2.56862736
950.10125732	2.56862736
950.10534668	2.56862736
950.10949707	2.56862736
950.10949707	2.56862736
950.11346436	2.56862736
950.11761475	2.56862736
950.11761475	2.56862736
950.12170410	2.56862736
950.12585449	2.56862736
950.13000488	2.56862736
950.13000488	2.56862736
950.13391113	2.56862736
950.13800049	2.56862736
950.14221191	2.56862736
950.14221191	2.56862736
950.14636230	2.56862736
950.15032959	2.56862736
950.15447998	2.56862736
950.15447998	2.56862736
950.15856934	2.56862736
950.16278076	2.56862736
950.16278076	2.56862736
950.16674805	2.56862736
950.17083740	2.56862736
950.17498779	2.56862736
950.17498779	2.56862736
950.17907715	2.56862736
950.18310547	2.56862736
950.18731689	2.56862736
950.18731689	2.56862736
950.19134521	2.56862736
950.19549561	2.54901958
950.19964600	2.54901958
950.19964600	2.54901958
950.20355225	2.54901958
950.20770264	2.54901958
950.20770264	2.54901958
950.21185303	2.52941179
950.21600342	2.52941179
950.22009277	2.52941179
950.22009277	2.52941179
950.22406006	2.52941179
950.22821045	2.52941179
950.23236084	2.52941179
950.23236084	2.52941179
950.23638916	2.50980401
950.24041748	2.50980401
950.24462891	2.50980401
950.24462891	2.50980401
950.24871826	2.50980401
950.25280762	2.50980401
950.25280762	2.50980401
950.25683594	2.49019599
950.26092529	2.49019599
950.26507568	2.49019599
950.26507568	2.49019599
950.26916504	2.49019599
950.27325439	2.49019599
950.27734375	2.49019599
950.27734375	2.49019599
950.28143311	2.49019599
950.28552246	2.49019599
950.28967285	2.49019599
950.28967285	2.49019599
950.29364014	2.49019599
950.29779053	2.49019599
950.30200195	2.49019599
950.30609131	2.49019599
950.31011963	2.49019599
950.31011963	2.49019599
950.31427002	2.49019599
950.31823730	2.49019599
950.32244873	2.49019599
950.32244873	2.49019599
950.32635498	2.49019599
950.33056641	2.49019599
950.33465576	2.49019599
950.33465576	2.49019599
950.33880615	2.49019599
950.34289551	2.49019599
950.34692383	2.49019599
950.35107422	2.49019599
950.35522461	2.49019599
950.35522461	2.49019599
950.35931396	2.49019599
950.36334229	2.49019599
950.36743164	2.49019599
950.36743164	2.50980401
950.37158203	2.50980401
950.37573242	2.50980401
950.37982178	2.50980401
950.37982178	2.50980401
950.38391113	2.50980401
950.38800049	2.50980401
950.39208984	2.50980401
950.39624023	2.50980401
950.40032959	2.50980401
950.40032959	2.52941179
950.40435791	2.52941179
950.40850830	2.52941179
950.41253662	2.52941179
950.41253662	2.52941179
950.41656494	2.52941179
950.42065430	2.52941179
950.42480469	2.52941179
950.42480469	2.52941179
950.42889404	2.52941179
950.43304443	2.52941179
950.43707275	2.54901958
950.44116211	2.54901958
950.44525146	2.54901958
950.44525146	2.54901958
950.44940186	2.54901958
950.45343018	2.54901958
950.45751953	2.54901958
950.45751953	2.54901958
950.46166992	2.56862736
950.46575928	2.56862736
950.46990967	2.56862736
950.46990967	2.56862736
950.47387695	2.56862736
950.47802734	2.56862736
950.48217773	2.56862736
950.48638916	2.56862736
950.49035645	2.56862736
950.49035645	2.56862736
950.49444580	2.56862736
950.49859619	2.56862736
950.50268555	2.56862736
950.50268555	2.56862736
950.50665283	2.56862736
950.51074219	2.56862736
950.51489258	2.56862736
950.51489258	2.56862736
950.51904297	2.56862736
950.52301025	2.56862736
950.52728271	2.56862736
950.53125000	2.56862736
950.53540039	2.56862736
950.53540039	2.56862736
950.53961182	2.56862736
950.54357910	2.56862736
950.54772949	2.56862736
950.54772949	2.56862736
950.55181885	2.56862736
950.55596924	2.56862736
950.55993652	2.56862736
950.55993652	2.56862736
950.56408691	2.56862736
950.56811523	2.56862736
950.57226563	2.56862736
950.57623291	2.56862736
950.58038330	2.56862736
950.58038330	2.56862736
950.58453369	2.56862736
950.58874512	2.56862736
950.59277344	2.56862736
950.59277344	2.56862736
950.59680176	2.56862736
950.60095215	2.56862736
950.60510254	2.56862736
950.60510254	2.56862736
950.60925293	2.56862736
950.61334229	2.56862736
950.61730957	2.56862736
950.62145996	2.56862736
950.62561035	2.56862736
950.62561035	2.56862736
950.62969971	2.56862736
950.63366699	2.56862736
950.63775635	2.56862736
950.63775635	2.56862736
950.64190674	2.56862736
950.64599609	2.56862736
950.65002441	2.56862736
950.65002441	2.56862736
950.65423584	2.56862736
950.65826416	2.56862736
950.66235352	2.56862736
950.66235352	2.56862736
950.66638184	2.56862736
950.67053223	2.56862736
950.67053223	2.56862736
950.67468262	2.56862736
950.67883301	2.56862736
950.68298340	2.56862736
950.68298340	2.56862736
950.68695068	2.56862736
950.69104004	2.56862736
950.69512939	2.56862736
950.69512939	2.56862736
950.69927979	2.56862736
950.70324707	2.56862736
950.70739746	2.56862736
950.70739746	2.56862736
950.71148682	2.56862736
950.71563721	2.56862736
950.71563721	2.56862736
950.71966553	2.56862736
950.72381592	2.56862736
950.72796631	2.56862736
950.72796631	2.56862736
950.73211670	2.56862736
950.73620605	2.56862736
950.74035645	2.56862736
950.74035645	2.56862736
950.74432373	2.56862736
950.74847412	2.56862736
950.75250244	2.56862736
950.75250244	2.56862736
950.75653076	2.56862736
950.76062012	2.56862736
950.76062012	2.56862736
950.76477051	2.56862736
950.76885986	2.56862736
950.77301025	2.54901958
950.77301025	2.54901958
950.77697754	2.54901958
950.78112793	2.54901958
950.78527832	2.54901958
950.78527832	2.52941179
950.78948975	2.52941179
950.79345703	2.52941179
950.79754639	2.52941179
950.79754639	2.52941179
950.80169678	2.52941179
950.80584717	2.52941179
950.80584717	2.52941179
950.80981445	2.52941179
950.81390381	2.50980401
950.81799316	2.50980401
950.81799316	2.50980401
950.82214355	2.50980401
950.82623291	2.50980401
950.83026123	2.50980401
950.83026123	2.50980401
950.83435059	2.50980401
950.83856201	2.50980401
950.84265137	2.50980401
950.84265137	2.50980401
950.84667969	2.50980401
950.85083008	2.50980401
950.85498047	2.50980401
950.85906982	2.50980401
950.86322021	2.50980401
950.86322021	2.50980401
950.86737061	2.50980401
950.87133789	2.50980401
950.87548828	2.50980401
950.87548828	2.50980401
950.87945557	2.50980401
950.88348389	2.50980401
950.88763428	2.50980401
950.88763428	2.50980401
950.89178467	2.50980401
950.89587402	2.50980401
950.89990234	2.50980401
950.90399170	2.50980401
950.90826416	2.50980401
950.90826416	2.50980401
950.91223145	2.50980401
950.91632080	2.50980401
950.92041016	2.52941179
950.92041016	2.52941179
950.92456055	2.52941179
950.92871094	2.52941179
950.93286133	2.52941179
950.93286133	2.52941179
950.93682861	2.52941179
950.94097900	2.52941179
950.94500732	2.52941179
950.94909668	2.52941179
950.95330811	2.52941179
950.95330811	2.52941179
950.95721436	2.52941179
950.96142578	2.54901958
950.96551514	2.54901958
950.96551514	2.54901958
950.96954346	2.54901958
950.97363281	2.54901958
950.97778320	2.54901958
950.97778320	2.54901958
950.98199463	2.54901958
950.98608398	2.54901958
950.99005127	2.54901958
950.99420166	2.56862736
950.99835205	2.56862736
950.99835205	2.56862736
951.00238037	2.56862736
951.00640869	2.56862736
951.01049805	2.56862736
951.01049805	2.56862736
951.01464844	2.56862736
951.01873779	2.56862736
951.02288818	2.56862736
951.02288818	2.56862736
951.02685547	2.56862736
951.03100586	2.56862736
951.03515625	2.56862736
951.03936768	2.56862736
951.04333496	2.56862736
951.04333496	2.56862736
951.04748535	2.56862736
951.05157471	2.56862736
951.05572510	2.56862736
951.05572510	2.56862736
951.05969238	2.56862736
951.06378174	2.56862736
951.06787109	2.56862736
951.06787109	2.56862736
951.07202148	2.56862736
951.07611084	2.56862736
951.08026123	2.56862736
951.08422852	2.56862736
951.08837891	2.56862736
951.08837891	2.56862736
951.09252930	2.56862736
951.09655762	2.56862736
951.10070801	2.56862736
951.10070801	2.56862736
951.10479736	2.56862736
951.10894775	2.56862736
951.11309814	2.56862736
951.11309814	2.56862736
951.11706543	2.56862736
951.12121582	2.56862736
951.12536621	2.56862736
951.12945557	2.56862736
951.13342285	2.56862736
951.13342285	2.56862736
951.13751221	2.56862736
951.14160156	2.56862736
951.14575195	2.56862736
951.14575195	2.56862736
951.14978027	2.56862736
951.15393066	2.56862736
951.15802002	2.56862736
951.15802002	2.56862736
951.16210938	2.56862736
951.16625977	2.56862736
951.17028809	2.56862736
951.17028809	2.56862736
951.17443848	2.56862736
951.17858887	2.56862736
951.17858887	2.56862736
951.18273926	2.56862736
951.18664551	2.56862736
951.19079590	2.56862736
951.19079590	2.56862736
951.19494629	2.56862736
951.19897461	2.56862736
951.20318604	2.56862736
951.20318604	2.56862736
951.20727539	2.56862736
951.21130371	2.56862736
951.21539307	2.56862736
951.21539307	2.56862736
951.21942139	2.56862736
951.22351074	2.56862736
951.22351074	2.56862736
951.22766113	2.56862736
951.23181152	2.56862736
951.23596191	2.56862736
951.23596191	2.56862736
951.23992920	2.56862736
951.24407959	2.56862736
951.24822998	2.56862736
951.24822998	2.56862736
951.25225830	2.56862736
951.25634766	2.56862736
951.26037598	2.56862736
951.26037598	2.56862736
951.26464844	2.56862736
951.26861572	2.56862736
951.26861572	2.56862736
951.27276611	2.56862736
951.27673340	2.56862736
951.28088379	2.56862736
951.28088379	2.56862736
951.28497314	2.56862736
951.28918457	2.56862736
951.29333496	2.56862736
951.29333496	2.56862736
951.29736328	2.56862736
951.30145264	2.56862736
951.30554199	2.56862736
951.30554199	2.56862736
951.30957031	2.56862736
951.31365967	2.56862736
951.31365967	2.56862736
951.31774902	2.56862736
951.32189941	2.56862736
951.32598877	2.56862736
951.32598877	2.56862736
951.33001709	2.56862736
951.33410645	2.54901958
951.33825684	2.54901958
951.33825684	2.54901958
951.34234619	2.54901958
951.34643555	2.54901958
951.35058594	2.54901958
951.35058594	2.52941179
951.35473633	2.52941179
951.35882568	2.52941179
951.35882568	2.52941179
951.36297607	2.52941179
951.36694336	2.52941179
951.37109375	2.52941179
951.37109375	2.50980401
951.37518311	2.50980401
951.37933350	2.50980401
951.38342285	2.50980401
951.38342285	2.50980401
951.38739014	2.50980401
951.39147949	2.50980401
951.39562988	2.50980401
951.39562988	2.50980401
951.39965820	2.50980401
951.40374756	2.50980401
951.40789795	2.50980401
951.41198730	2.50980401
951.41613770	2.50980401
951.41613770	2.49019599
951.42028809	2.50980401
951.42431641	2.50980401
951.42846680	2.50980401
951.42846680	2.49019599
951.43255615	2.49019599
951.43652344	2.49019599
951.44067383	2.49019599
951.44067383	2.50980401
951.44476318	2.50980401
951.44885254	2.50980401
951.45288086	2.50980401
951.45703125	2.50980401
951.46124268	2.50980401
951.46124268	2.50980401
951.46527100	2.50980401
951.46936035	2.50980401
951.47338867	2.50980401
951.47338867	2.50980401
951.47753906	2.50980401
951.48168945	2.50980401
951.48583984	2.50980401
951.48583984	2.50980401
951.48986816	2.50980401
951.49395752	2.50980401
951.49804688	2.50980401
951.50213623	2.52941179
951.50628662	2.52941179
951.50628662	2.52941179
951.51025391	2.52941179
951.51440430	2.52941179
951.51849365	2.52941179
951.51849365	2.52941179
951.52264404	2.52941179
951.52661133	2.52941179
951.53076172	2.52941179
951.53076172	2.52941179
951.53485107	2.52941179
951.53906250	2.52941179
951.54302979	2.54901958
951.54724121	2.54901958
951.55133057	2.54901958
951.55133057	2.54901958
951.55548096	2.54901958
951.55944824	2.54901958
951.56353760	2.54901958
951.56353760	2.54901958
951.56762695	2.54901958
951.57177734	2.54901958
951.57586670	2.54901958
951.57586670	2.54901958
951.57989502	2.54901958
951.58398438	2.54901958
951.58813477	2.54901958
951.59222412	2.54901958
951.59643555	2.54901958
951.59643555	2.54901958
951.60046387	2.54901958
951.60461426	2.54901958
951.60870361	2.54901958
951.60870361	2.54901958
951.61285400	2.54901958
951.61682129	2.54901958
951.62097168	2.54901958
951.62097168	2.56862736
951.62506104	2.56862736
951.62915039	2.54901958
951.63323975	2.56862736
951.63726807	2.54901958
951.64135742	2.56862736
951.64135742	2.54901958
951.64550781	2.56862736
951.64947510	2.56862736
951.65368652	2.56862736
951.65368652	2.56862736
951.65777588	2.56862736
951.66198730	2.56862736
951.66607666	2.56862736
951.66607666	2.56862736
951.67004395	2.56862736
951.67431641	2.56862736
951.67828369	2.56862736
951.68243408	2.56862736
951.68652344	2.56862736
951.68652344	2.56862736
951.69055176	2.56862736
951.69464111	2.56862736
951.69873047	2.56862736
951.69873047	2.56862736
951.70288086	2.56862736
951.70684814	2.56862736
951.71099854	2.56862736
951.71099854	2.56862736
951.71514893	2.56862736
951.71923828	2.56862736
951.72326660	2.56862736
951.72326660	2.56862736
951.72741699	2.56862736
951.73156738	2.56862736
951.73156738	2.56862736
951.73571777	2.56862736
951.73968506	2.56862736
951.74383545	2.56862736
951.74383545	2.56862736
951.74792480	2.56862736
951.75207520	2.56862736
951.75616455	2.56862736
951.75616455	2.56862736
951.76025391	2.56862736
951.76428223	2.56862736
951.76837158	2.56862736
951.76837158	2.56862736
951.77252197	2.56862736
951.77661133	2.56862736
951.77661133	2.56862736
951.78063965	2.56862736
951.78479004	2.56862736
951.78894043	2.56862736
951.78894043	2.56862736
951.79296875	2.56862736
951.79705811	2.56862736
951.80133057	2.56862736
951.80133057	2.56862736
951.80535889	2.56862736
951.80944824	2.56862736
951.81341553	2.56862736
951.81341553	2.56862736
951.81750488	2.56862736
951.82165527	2.56862736
951.82165527	2.56862736
951.82574463	2.56862736
951.82977295	2.56862736
951.83386230	2.56862736
951.83386230	2.56862736
951.83801270	2.56862736
951.84210205	2.56862736
951.84631348	2.56862736
951.84631348	2.56862736
951.85028076	2.56862736
951.85443115	2.56862736
951.85858154	2.56862736
951.85858154	2.56862736
951.86273193	2.56862736
951.86669922	2.56862736
951.86669922	2.56862736
951.87078857	2.56862736
951.87487793	2.56862736
951.87902832	2.56862736
951.87902832	2.56862736
951.88299561	2.54901958
951.88726807	2.54901958
951.89123535	2.54901958
951.89123535	2.54901958
951.89538574	2.54901958
951.89953613	2.52941179
951.90368652	2.52941179
951.90368652	2.52941179
951.90765381	2.52941179
951.91180420	2.52941179
951.91595459	2.52941179
951.91992188	2.50980401
951.92407227	2.50980401
951.92407227	2.50980401
951.92822266	2.50980401
951.93231201	2.50980401
951.93640137	2.50980401
951.93640137	2.50980401
951.94042969	2.50980401
951.94464111	2.50980401
951.94873047	2.50980401
951.94873047	2.50980401
951.95288086	2.50980401
951.95684814	2.50980401
951.96093750	2.50980401
951.96508789	2.50980401
951.96923828	2.50980401
951.96923828	2.49019599
951.97320557	2.49019599
951.97729492	2.49019599
951.98138428	2.49019599
951.98138428	2.50980401
951.98553467	2.50980401
951.98968506	2.50980401
951.99359131	2.50980401
951.99359131	2.49019599
951.99780273	2.50980401
952.00195313	2.50980401
952.00610352	2.50980401
952.01000977	2.50980401
952.01428223	2.50980401
952.01428223	2.50980401
952.01824951	2.50980401
952.02239990	2.50980401
952.02648926	2.50980401
952.02648926	2.50980401
952.03051758	2.50980401
952.03466797	2.50980401
952.03875732	2.50980401
952.03875732	2.50980401
952.04278564	2.52941179
952.04693604	2.52941179
952.05108643	2.52941179
952.05517578	2.52941179
952.05932617	2.52941179
952.05932617	2.52941179
952.06323242	2.52941179
952.06738281	2.52941179
952.07147217	2.52941179
952.07147217	2.52941179
952.07562256	2.52941179
952.07958984	2.54901958
952.08374023	2.54901958
952.08374023	2.54901958
952.08789063	2.54901958
952.09197998	2.54901958
952.09613037	2.54901958
952.10034180	2.54901958
952.10437012	2.54901958
952.10437012	2.54901958
952.10845947	2.54901958
952.11260986	2.56862736
952.11669922	2.56862736
952.11669922	2.56862736
952.12066650	2.56862736
952.12475586	2.56862736
952.12884521	2.56862736
952.12884521	2.56862736
952.13287354	2.56862736
952.13702393	2.56862736
952.14129639	2.56862736
952.14526367	2.56862736
952.14935303	2.56862736
952.14935303	2.56862736
952.15338135	2.56862736
952.15753174	2.56862736
952.16168213	2.56862736
952.16168213	2.56862736
952.16583252	2.56862736
952.16986084	2.56862736
952.17395020	2.56862736
952.17395020	2.56862736
952.17803955	2.56862736
952.18218994	2.56862736
952.18640137	2.56862736
952.19030762	2.56862736
952.19439697	2.56862736
952.19439697	2.56862736
952.19848633	2.56862736
952.20263672	2.56862736
952.20660400	2.56862736
952.20660400	2.56862736
952.21075439	2.56862736
952.21484375	2.56862736
952.21899414	2.56862736
952.21899414	2.56862736
952.22302246	2.56862736
952.22729492	2.56862736
952.23132324	2.56862736
952.23132324	2.56862736
952.23547363	2.56862736
952.23956299	2.56862736
952.23956299	2.56862736
952.24353027	2.56862736
952.24768066	2.56862736
952.25183105	2.56862736
952.25183105	2.56862736
952.25585938	2.56862736
952.25988770	2.56862736
952.26397705	2.56862736
952.26397705	2.56862736
952.26812744	2.56862736
952.27227783	2.56862736
952.27636719	2.56862736
952.27636719	2.56862736
952.28039551	2.56862736
952.28448486	2.56862736
952.28448486	2.56862736
952.28863525	2.56862736
952.29278564	2.56862736
952.29681396	2.56862736
952.29681396	2.56862736
952.30096436	2.56862736
952.30517578	2.56862736
952.30914307	2.56862736
952.30914307	2.56862736
952.31329346	2.56862736
952.31726074	2.56862736
952.32135010	2.56862736
952.32135010	2.56862736
952.32550049	2.56862736
952.32958984	2.56862736
952.32958984	2.56862736
952.33367920	2.56862736
952.33770752	2.56862736
952.34185791	2.56862736
952.34185791	2.56862736
952.34600830	2.56862736
952.35003662	2.56862736
952.35430908	2.56862736
952.35430908	2.56862736
952.35827637	2.58823538
952.36248779	2.58823538
952.36657715	2.58823538
952.36657715	2.58823538
952.37054443	2.58823538
952.37463379	2.58823538
952.37463379	2.58823538
952.37872314	2.58823538
952.38287354	2.58823538
952.38684082	2.58823538
952.38684082	2.58823538
952.39099121	2.58823538
952.39514160	2.58823538
952.39923096	2.58823538
952.39923096	2.58823538
952.40325928	2.58823538
952.40740967	2.58823538
952.41156006	2.58823538
952.41156006	2.58823538
952.41571045	2.58823538
952.41986084	2.58823538
952.42376709	2.56862736
952.42791748	2.56862736
952.43206787	2.56862736
952.43206787	2.56862736
952.43621826	2.56862736
952.44030762	2.56862736
952.44433594	2.56862736
952.44433594	2.56862736
952.44842529	2.54901958
952.45257568	2.54901958
952.45666504	2.54901958
952.45666504	2.54901958
952.46069336	2.54901958
952.46484375	2.54901958
952.46899414	2.52941179
952.47296143	2.52941179
952.47698975	2.52941179
952.47698975	2.52941179
952.48114014	2.52941179
952.48522949	2.52941179
952.48944092	2.52941179
952.48944092	2.52941179
952.49334717	2.52941179
952.49749756	2.50980401
952.50170898	2.50980401
952.50170898	2.50980401
952.50579834	2.50980401
952.50988770	2.50980401
952.51385498	2.50980401
952.51800537	2.50980401
952.52215576	2.50980401
952.52215576	2.50980401
952.52624512	2.50980401
952.53021240	2.50980401
952.53436279	2.50980401
952.53436279	2.50980401
952.53851318	2.50980401
952.54266357	2.50980401
952.54681396	2.50980401
952.54681396	2.50980401
952.55078125	2.50980401
952.55487061	2.50980401
952.55902100	2.52941179
952.56304932	2.52941179
952.56719971	2.52941179
952.56719971	2.52941179
952.57122803	2.52941179
952.57537842	2.52941179
952.57946777	2.52941179
952.57946777	2.52941179
952.58349609	2.52941179
952.58764648	2.52941179
952.59173584	2.52941179
952.59173584	2.52941179
952.59588623	2.52941179
952.59991455	2.52941179
952.60400391	2.54901958
952.60815430	2.54901958
952.61230469	2.54901958
952.61230469	2.54901958
952.61627197	2.54901958
952.62042236	2.54901958
952.62451172	2.54901958
952.62451172	2.56862736
952.62860107	2.56862736
952.63262939	2.56862736
952.63671875	2.56862736
952.63671875	2.56862736
952.64086914	2.56862736
952.64495850	2.56862736
952.64916992	2.56862736
952.65325928	2.56862736
952.65728760	2.56862736
952.65728760	2.56862736
952.66143799	2.56862736
952.66558838	2.56862736
952.66973877	2.56862736
952.66973877	2.56862736
952.67364502	2.56862736
952.67779541	2.56862736
952.68194580	2.56862736
952.68194580	2.56862736
952.68609619	2.56862736
952.69006348	2.56862736
952.69421387	2.56862736
952.69824219	2.56862736
952.70233154	2.56862736
952.70233154	2.56862736
952.70642090	2.56862736
952.71051025	2.56862736
952.71466064	2.56862736
952.71466064	2.56862736
952.71875000	2.56862736
952.72290039	2.56862736
952.72686768	2.56862736
952.72686768	2.56862736
952.73107910	2.56862736
952.73522949	2.56862736
952.73931885	2.56862736
952.74328613	2.56862736
952.74743652	2.56862736
952.74743652	2.56862736
952.75158691	2.56862736
952.75561523	2.56862736
952.75976563	2.56862736
952.75976563	2.56862736
952.76373291	2.56862736
952.76788330	2.56862736
952.77197266	2.56862736
952.77197266	2.56862736
952.77612305	2.56862736
952.78021240	2.56862736
952.78424072	2.56862736
952.78424072	2.56862736
952.78839111	2.56862736
952.79284668	2.56862736
952.79284668	2.56862736
952.79644775	2.56862736
952.80065918	2.56862736
952.80480957	2.56862736
952.80480957	2.56862736
952.80895996	2.56862736
952.81292725	2.56862736
952.81701660	2.56862736
952.81701660	2.56862736
952.82110596	2.56862736
952.82525635	2.56862736
952.82934570	2.56862736
952.82934570	2.56862736
952.83337402	2.56862736
952.83752441	2.56862736
952.83752441	2.56862736
952.84161377	2.56862736
952.84576416	2.56862736
952.84991455	2.56862736
952.84991455	2.56862736
952.85388184	2.56862736
952.85803223	2.56862736
952.86218262	2.56862736
952.86218262	2.56862736
952.86633301	2.56862736
952.87030029	2.56862736
952.87438965	2.56862736
952.87438965	2.56862736
952.87847900	2.56862736
952.88262939	2.56862736
952.88262939	2.56862736
952.88659668	2.56862736
952.89074707	2.58823538
952.89483643	2.56862736
952.89483643	2.58823538
952.89898682	2.58823538
952.90307617	2.58823538
952.90728760	2.58823538
952.90728760	2.56862736
952.91131592	2.58823538
952.91546631	2.58823538
952.91955566	2.58823538
952.91955566	2.58823538
952.92352295	2.58823538
952.92767334	2.58823538
952.92767334	2.58823538
952.93182373	2.58823538
952.93591309	2.58823538
952.94006348	2.58823538
952.94006348	2.58823538
952.94403076	2.58823538
952.94812012	2.58823538
952.95220947	2.56862736
952.95220947	2.56862736
952.95623779	2.56862736
952.96032715	2.56862736
952.96447754	2.56862736
952.96447754	2.56862736
952.96862793	2.56862736
952.97290039	2.56862736
952.97680664	2.54901958
952.98083496	2.54901958
952.98504639	2.54901958
952.98504639	2.54901958
952.98919678	2.54901958
952.99328613	2.52941179
952.99731445	2.52941179
952.99731445	2.52941179
953.00140381	2.52941179
953.00549316	2.52941179
953.00958252	2.52941179
953.00958252	2.52941179
953.01361084	2.52941179
953.01770020	2.50980401
953.02185059	2.50980401
953.02600098	2.50980401
953.02996826	2.50980401
953.02996826	2.50980401
953.03424072	2.50980401
953.03826904	2.50980401
953.04241943	2.50980401
953.04241943	2.50980401
953.04644775	2.50980401
953.05053711	2.50980401
953.05468750	2.50980401
953.05468750	2.50980401
953.05883789	2.50980401
953.06292725	2.50980401
953.06689453	2.50980401
953.07098389	2.50980401
953.07513428	2.50980401
953.07513428	2.50980401
953.07922363	2.50980401
953.08325195	2.50980401
953.08740234	2.50980401
953.08740234	2.50980401
953.09149170	2.50980401
953.09558105	2.50980401
953.09979248	2.50980401
953.09979248	2.50980401
953.10375977	2.50980401
953.10791016	2.50980401
953.11206055	2.52941179
953.11621094	2.52941179
953.12023926	2.52941179
953.12023926	2.52941179
953.12426758	2.52941179
953.12835693	2.52941179
953.13244629	2.52941179
953.13244629	2.52941179
953.13659668	2.52941179
953.14062500	2.52941179
953.14477539	2.52941179
953.14477539	2.54901958
953.14886475	2.54901958
953.15301514	2.54901958
953.15698242	2.54901958
953.16119385	2.54901958
953.16528320	2.54901958
953.16528320	2.56862736
953.16937256	2.56862736
953.17333984	2.56862736
953.17755127	2.56862736
953.17755127	2.56862736
953.18170166	2.56862736
953.18579102	2.56862736
953.18994141	2.56862736
953.18994141	2.56862736
953.19396973	2.56862736
953.19805908	2.56862736
953.20220947	2.56862736
953.20629883	2.56862736
953.21032715	2.56862736
953.21032715	2.56862736
953.21441650	2.56862736
953.21856689	2.56862736
953.22271729	2.56862736
953.22271729	2.56862736
953.22662354	2.56862736
953.23077393	2.56862736
953.23486328	2.56862736
953.23486328	2.56862736
953.23901367	2.56862736
953.24316406	2.56862736
953.24725342	2.56862736
953.25128174	2.56862736
953.25537109	2.56862736
953.25537109	2.56862736
953.25946045	2.56862736
953.26348877	2.56862736
953.26763916	2.56862736
953.26763916	2.56862736
953.27172852	2.56862736
953.27587891	2.56862736
953.27996826	2.56862736
953.27996826	2.56862736
953.28399658	2.56862736
953.28814697	2.56862736
953.29223633	2.56862736
953.29632568	2.56862736
953.30041504	2.56862736
953.30041504	2.56862736
953.30456543	2.56862736
953.30871582	2.56862736
953.31280518	2.56862736
953.31280518	2.56862736
953.31677246	2.54901958
953.32086182	2.54901958
953.32501221	2.56862736
953.32501221	2.54901958
953.32910156	2.56862736
953.33325195	2.56862736
953.33721924	2.54901958
953.33721924	2.54901958
953.34136963	2.56862736
953.34545898	2.54901958
953.34545898	2.54901958
953.34954834	2.56862736
953.35363770	2.54901958
953.35778809	2.56862736
953.35778809	2.56862736
953.36193848	2.56862736
953.36608887	2.56862736
953.36999512	2.56862736
953.36999512	2.56862736
953.37432861	2.56862736
953.37823486	2.56862736
953.38232422	2.56862736
953.38232422	2.56862736
953.38641357	2.56862736
953.39050293	2.56862736
953.39050293	2.56862736
953.39465332	2.56862736
953.39874268	2.56862736
953.40283203	2.56862736
953.40283203	2.56862736
953.40686035	2.56862736
953.41107178	2.56862736
953.41522217	2.56862736
953.41522217	2.56862736
953.41931152	2.56862736
953.42327881	2.56862736
953.42742920	2.56862736
953.42742920	2.56862736
953.43157959	2.56862736
953.43566895	2.56862736
953.43566895	2.56862736
953.43969727	2.56862736
953.44378662	2.56862736
953.44787598	2.56862736
953.44787598	2.56862736
953.45196533	2.56862736
953.45611572	2.56862736
953.46020508	2.56862736
953.46020508	2.56862736
953.46423340	2.56862736
953.46838379	2.56862736
953.47253418	2.56862736
953.47253418	2.56862736
953.47650146	2.54901958
953.48065186	2.54901958
953.48065186	2.54901958
953.48480225	2.54901958
953.48895264	2.54901958
953.49304199	2.54901958
953.49304199	2.54901958
953.49700928	2.52941179
953.50115967	2.52941179
953.50524902	2.52941179
953.50524902	2.52941179
953.50939941	2.52941179
953.51336670	2.52941179
953.51745605	2.52941179
953.51745605	2.52941179
953.52160645	2.50980401
953.52575684	2.50980401
953.52972412	2.50980401
953.53387451	2.50980401
953.53802490	2.50980401
953.53802490	2.50980401
953.54217529	2.50980401
953.54632568	2.50980401
953.55029297	2.50980401
953.55029297	2.50980401
953.55444336	2.50980401
953.55859375	2.50980401
953.56268311	2.50980401
953.56268311	2.50980401
953.56658936	2.50980401
953.57073975	2.50980401
953.57482910	2.50980401
953.57897949	2.50980401
953.58312988	2.50980401
953.58312988	2.50980401
953.58721924	2.50980401
953.59124756	2.49019599
953.59533691	2.50980401
953.59533691	2.50980401
953.59954834	2.50980401
953.60351563	2.50980401
953.60766602	2.50980401
953.60766602	2.50980401
953.61181641	2.50980401
953.61596680	2.50980401
953.61987305	2.50980401
953.62402344	2.50980401
953.62829590	2.50980401
953.62829590	2.50980401
953.63220215	2.50980401
953.63623047	2.50980401
953.64031982	2.50980401
953.64031982	2.52941179
953.64453125	2.52941179
953.64862061	2.52941179
953.65277100	2.52941179
953.65277100	2.52941179
953.65673828	2.52941179
953.66088867	2.52941179
953.66503906	2.52941179
953.66918945	2.52941179
953.67333984	2.52941179
953.67333984	2.52941179
953.67730713	2.54901958
953.68139648	2.54901958
953.68548584	2.54901958
953.68548584	2.54901958
953.68951416	2.54901958
953.69366455	2.54901958
953.69775391	2.54901958
953.69775391	2.54901958
953.70184326	2.54901958
953.70599365	2.54901958
953.70996094	2.54901958
953.71423340	2.54901958
953.71820068	2.54901958
953.71820068	2.56862736
953.72235107	2.56862736
953.72631836	2.54901958
953.73052979	2.56862736
953.73052979	2.56862736
953.73461914	2.56862736
953.73883057	2.56862736
953.74291992	2.56862736
953.74291992	2.56862736
953.74688721	2.56862736
953.75103760	2.56862736
953.75512695	2.56862736
953.75921631	2.56862736
953.76324463	2.56862736
953.76324463	2.56862736
953.76733398	2.56862736
953.77148438	2.56862736
953.77557373	2.56862736
953.77557373	2.56862736
953.77960205	2.56862736
953.78375244	2.56862736
953.78790283	2.56862736
953.78790283	2.56862736
953.79199219	2.56862736
953.79614258	2.56862736
953.80023193	2.56862736
953.80432129	2.56862736
953.80841064	2.56862736
953.80841064	2.56862736
953.81250000	2.56862736
953.81646729	2.56862736
953.82061768	2.56862736
953.82061768	2.54901958
953.82470703	2.56862736
953.82885742	2.56862736
953.83300781	2.56862736
953.83300781	2.56862736
953.83697510	2.56862736
953.84112549	2.56862736
953.84521484	2.56862736
953.84521484	2.56862736
953.84936523	2.56862736
953.85345459	2.56862736
953.85345459	2.56862736
953.85748291	2.56862736
953.86157227	2.56862736
953.86572266	2.56862736
953.86572266	2.56862736
953.86975098	2.56862736
953.87396240	2.56862736
953.87829590	2.56862736
953.87829590	2.56862736
953.88220215	2.56862736
953.88623047	2.56862736
953.89025879	2.56862736
953.89025879	2.56862736
953.89697266	2.56862736
953.89849854	2.56862736
953.89849854	2.56862736
953.90277100	2.56862736
953.90692139	2.56862736
953.91082764	2.56862736
953.91082764	2.56862736
953.91485596	2.56862736
953.91900635	2.56862736
953.92346191	2.56862736
953.92346191	2.56862736
953.92724609	2.56862736
953.93121338	2.56862736
953.93536377	2.56862736
953.93536377	2.56862736
953.93951416	2.56862736
953.94348145	2.56862736
953.94348145	2.56862736
953.94763184	2.56862736
953.95172119	2.56862736
953.95587158	2.56862736
953.95587158	2.56862736
953.95983887	2.56862736
953.96398926	2.56862736
953.96826172	2.56862736
953.96826172	2.56862736
953.97222900	2.56862736
953.97619629	2.56862736
953.98034668	2.56862736
953.98034668	2.56862736
953.98449707	2.56862736
953.98858643	2.56862736
953.98858643	2.56862736
953.99273682	2.56862736
953.99676514	2.54901958
954.00085449	2.54901958
954.00085449	2.54901958
954.00494385	2.54901958
954.00909424	2.54901958
954.01324463	2.54901958
954.01324463	2.52941179
954.01721191	2.52941179
954.02136230	2.52941179
954.02545166	2.52941179
954.02545166	2.52941179
954.02947998	2.52941179
954.03356934	2.52941179
954.03778076	2.52941179
954.04193115	2.52941179
954.04602051	2.50980401
954.04602051	2.50980401
954.05004883	2.50980401
954.05419922	2.50980401
954.05828857	2.50980401
954.05828857	2.50980401
954.06243896	2.50980401
954.06640625	2.50980401
954.07061768	2.50980401
954.07061768	2.50980401
954.07470703	2.50980401
954.07879639	2.50980401
954.08294678	2.50980401
954.08697510	2.50980401
954.09106445	2.50980401
954.09106445	2.50980401
954.09509277	2.50980401
954.09924316	2.50980401
954.10339355	2.50980401
954.10339355	2.50980401
954.10736084	2.50980401
954.11151123	2.50980401
954.11566162	2.50980401
954.11566162	2.50980401
954.11962891	2.50980401
954.12377930	2.50980401
954.12786865	2.50980401
954.13195801	2.50980401
954.13610840	2.50980401
954.13610840	2.50980401
954.14019775	2.52941179
954.14422607	2.52941179
954.14831543	2.52941179
954.14831543	2.52941179
954.15252686	2.52941179
954.15649414	2.52941179
954.16064453	2.52941179
954.16064453	2.52941179
954.16479492	2.52941179
954.16894531	2.52941179
954.17303467	2.52941179
954.17700195	2.52941179
954.18133545	2.52941179
954.18133545	2.54901958
954.18530273	2.54901958
954.18945313	2.54901958
954.19342041	2.54901958
954.19342041	2.54901958
954.19750977	2.54901958
954.20159912	2.54901958
954.20574951	2.54901958
954.20574951	2.54901958
954.20971680	2.56862736
954.21386719	2.56862736
954.21795654	2.56862736
954.22210693	2.56862736
954.22619629	2.56862736
954.22619629	2.56862736
954.23028564	2.56862736
954.23443604	2.56862736
954.23858643	2.56862736
954.23858643	2.56862736
954.24267578	2.56862736
954.24664307	2.56862736
954.25079346	2.56862736
954.25079346	2.56862736
954.25488281	2.56862736
954.25897217	2.56862736
954.26312256	2.56862736
954.26721191	2.56862736
954.27124023	2.56862736
954.27124023	2.56862736
954.27532959	2.56862736
954.27947998	2.56862736
954.28344727	2.56862736
954.28344727	2.56862736
954.28765869	2.56862736
954.29174805	2.56862736
954.29595947	2.56862736
954.29595947	2.56862736
954.29992676	2.56862736
954.30401611	2.56862736
954.30816650	2.56862736
954.31231689	2.56862736
954.31634521	2.56862736
954.31634521	2.56862736
954.32037354	2.56862736
954.32446289	2.56862736
954.32861328	2.56862736
954.32861328	2.56862736
954.33270264	2.56862736
954.33673096	2.56862736
954.34082031	2.56862736
954.34082031	2.56862736
954.34497070	2.56862736
954.34912109	2.56862736
954.35327148	2.56862736
954.35729980	2.56862736
954.36138916	2.56862736
954.36138916	2.56862736
954.36553955	2.56862736
954.36956787	2.56862736
954.37365723	2.56862736
954.37365723	2.56862736
954.37768555	2.56862736
954.38183594	2.56862736
954.38598633	2.56862736
954.38598633	2.56862736
954.38995361	2.56862736
954.39422607	2.56862736
954.39819336	2.56862736
954.39819336	2.56862736
954.40234375	2.56862736
954.40649414	2.56862736
954.40649414	2.56862736
954.41052246	2.56862736
954.41467285	2.56862736
954.41876221	2.56862736
954.41876221	2.56862736
954.42279053	2.56862736
954.42694092	2.56862736
954.43103027	2.56862736
954.43103027	2.56862736
954.43511963	2.56862736
954.43927002	2.56862736
954.44335938	2.56862736
954.44335938	2.56862736
954.44732666	2.56862736
954.45147705	2.56862736
954.45147705	2.56862736
954.45568848	2.56862736
954.45959473	2.56862736
954.46374512	2.58823538
954.46374512	2.58823538
954.46783447	2.56862736
954.47204590	2.56862736
954.47619629	2.58823538
954.47619629	2.56862736
954.48028564	2.58823538
954.48431396	2.58823538
954.48840332	2.56862736
954.48840332	2.56862736
954.49255371	2.56862736
954.49670410	2.56862736
954.49670410	2.56862736
954.50067139	2.56862736
954.50476074	2.56862736
954.50891113	2.56862736
954.50891113	2.56862736
954.51281738	2.56862736
954.51696777	2.54901958
954.52124023	2.54901958
954.52124023	2.54901958
954.52526855	2.54901958
954.52935791	2.54901958
954.53338623	2.52941179
954.53338623	2.52941179
954.53747559	2.52941179
954.54162598	2.52941179
954.54162598	2.52941179
954.54583740	2.52941179
954.54974365	2.52941179
954.55389404	2.52941179
954.55389404	2.52941179
954.55798340	2.50980401
954.56219482	2.50980401
954.56622314	2.50980401
954.56622314	2.50980401
954.57025146	2.50980401
954.57434082	2.50980401
954.57849121	2.50980401
954.57849121	2.50980401
954.58258057	2.50980401
954.58673096	2.50980401
954.59069824	2.50980401
954.59484863	2.50980401
954.59893799	2.50980401
954.59893799	2.50980401
954.60302734	2.50980401
954.60729980	2.50980401
954.61132813	2.50980401
954.61132813	2.50980401
954.61541748	2.50980401
954.61956787	2.50980401
954.62353516	2.50980401
954.62353516	2.50980401
954.62762451	2.50980401
954.63171387	2.50980401
954.63586426	2.50980401
954.63983154	2.50980401
954.64398193	2.50980401
954.64398193	2.50980401
954.64807129	2.50980401
954.65222168	2.50980401
954.65637207	2.52941179
954.65637207	2.50980401
954.66040039	2.52941179
954.66455078	2.52941179
954.66864014	2.52941179
954.66864014	2.52941179
954.67279053	2.52941179
954.67681885	2.52941179
954.68090820	2.52941179
954.68505859	2.52941179
954.68914795	2.52941179
954.68914795	2.52941179
954.69317627	2.52941179
954.69726563	2.52941179
954.70135498	2.52941179
954.70135498	2.54901958
954.70556641	2.54901958
954.70959473	2.54901958
954.71386719	2.54901958
954.71386719	2.54901958
954.71771240	2.54901958
954.72186279	2.54901958
954.72601318	2.56862736
954.73004150	2.56862736
954.73431396	2.56862736
954.73431396	2.56862736
954.73834229	2.56862736
954.74243164	2.56862736
954.74658203	2.56862736
954.74658203	2.56862736
954.75054932	2.56862736
954.75469971	2.56862736
954.75872803	2.56862736
954.75872803	2.56862736
954.76281738	2.56862736
954.76684570	2.56862736
954.77099609	2.56862736
954.77508545	2.56862736
954.77923584	2.56862736
954.77923584	2.56862736
954.78326416	2.56862736
954.78735352	2.56862736
954.79150391	2.56862736
954.79150391	2.56862736
954.79559326	2.56862736
954.79968262	2.56862736
954.80377197	2.56862736
954.80377197	2.56862736
954.80786133	2.56862736
954.81207275	2.56862736
954.81610107	2.56862736
954.82025146	2.56862736
954.82421875	2.56862736
954.82421875	2.56862736
954.82836914	2.56862736
954.83245850	2.56862736
954.83660889	2.56862736
954.83660889	2.56862736
954.84057617	2.56862736
954.84472656	2.56862736
954.84881592	2.56862736
954.84881592	2.56862736
954.85290527	2.56862736
954.85705566	2.56862736
954.86114502	2.56862736
954.86529541	2.56862736
954.86950684	2.56862736
954.86950684	2.56862736
954.87341309	2.56862736
954.87750244	2.56862736
954.88159180	2.56862736
954.88159180	2.56862736
954.88574219	2.56862736
954.88970947	2.56862736
954.89385986	2.56862736
954.89385986	2.56862736
954.89794922	2.56862736
954.90209961	2.56862736
954.90625000	2.56862736
954.90625000	2.56862736
954.91027832	2.56862736
954.91436768	2.56862736
954.91436768	2.56862736
954.91857910	2.56862736
954.92266846	2.58823538
954.92669678	2.56862736
954.92669678	2.56862736
954.93078613	2.58823538
954.93493652	2.56862736
954.93896484	2.56862736
954.93896484	2.58823538
954.94293213	2.56862736
954.94726563	2.58823538
954.95123291	2.58823538
954.95123291	2.58823538
954.95538330	2.58823538
954.95947266	2.58823538
954.95947266	2.58823538
954.96343994	2.58823538
954.96759033	2.58823538
954.97174072	2.58823538
954.97174072	2.58823538
954.97589111	2.58823538
954.97991943	2.58823538
954.98400879	2.58823538
954.98400879	2.58823538
954.98815918	2.58823538
954.99230957	2.56862736
954.99639893	2.56862736
954.99639893	2.56862736
955.00036621	2.56862736
955.00451660	2.56862736
955.00451660	2.56862736
955.00860596	2.56862736
955.01269531	2.56862736
955.01672363	2.56862736
955.01672363	2.56862736
955.02087402	2.56862736
955.02496338	2.56862736
955.02911377	2.56862736
955.02911377	2.56862736
955.03320313	2.56862736
955.03723145	2.54901958
955.04138184	2.54901958
955.04138184	2.54901958
955.04547119	2.54901958
955.04968262	2.54901958
955.04968262	2.52941179
955.05364990	2.52941179
955.05780029	2.52941179
955.06188965	2.52941179
955.06188965	2.52941179
955.06597900	2.52941179
955.07000732	2.52941179
955.07421875	2.52941179
955.07421875	2.50980401
955.07824707	2.50980401
955.08233643	2.50980401
955.08654785	2.50980401
955.08654785	2.50980401
955.09045410	2.50980401
955.09460449	2.50980401
955.09869385	2.50980401
955.10290527	2.50980401
955.10693359	2.50980401
955.10693359	2.50980401
955.11102295	2.50980401
955.11517334	2.50980401
955.11932373	2.49019599
955.11932373	2.49019599
955.12329102	2.49019599
955.12738037	2.49019599
955.13146973	2.49019599
955.13146973	2.49019599
955.13555908	2.49019599
955.13970947	2.49019599
955.14373779	2.50980401
955.14782715	2.50980401
955.15197754	2.50980401
955.15197754	2.50980401
955.15612793	2.50980401
955.16027832	2.50980401
955.16424561	2.50980401
955.16424561	2.50980401
955.16845703	2.50980401
955.17254639	2.50980401
955.17669678	2.50980401
955.17669678	2.50980401
955.18066406	2.50980401
955.18475342	2.50980401
955.18884277	2.50980401
955.19293213	2.50980401
955.19696045	2.50980401
955.19696045	2.50980401
955.20111084	2.52941179
955.20520020	2.52941179
955.20935059	2.52941179
955.20935059	2.52941179
955.21331787	2.52941179
955.21746826	2.52941179
955.22161865	2.52941179
955.22161865	2.52941179
955.22576904	2.52941179
955.22985840	2.52941179
955.23388672	2.52941179
955.23803711	2.52941179
955.24212646	2.54901958
955.24212646	2.54901958
955.24627686	2.54901958
955.25024414	2.54901958
955.25439453	2.54901958
955.25439453	2.54901958
955.25848389	2.54901958
955.26257324	2.54901958
955.26672363	2.54901958
955.26672363	2.54901958
955.27069092	2.54901958
955.27484131	2.54901958
955.27893066	2.54901958
955.28308105	2.54901958
955.28723145	2.54901958
955.28723145	2.54901958
955.29125977	2.54901958
955.29541016	2.54901958
955.29956055	2.54901958
955.29956055	2.54901958
955.30346680	2.54901958
955.30767822	2.54901958
955.31170654	2.54901958
955.31170654	2.54901958
955.31591797	2.54901958
955.31988525	2.54901958
955.32397461	2.54901958
955.32812500	2.54901958
955.33221436	2.54901958
955.33221436	2.54901958
955.33624268	2.54901958
955.34033203	2.54901958
955.34448242	2.54901958
955.34448242	2.54901958
955.34857178	2.54901958
955.35278320	2.54901958
955.35681152	2.54901958
955.35681152	2.54901958
955.36090088	2.54901958
955.36505127	2.54901958
955.36914063	2.54901958
955.37335205	2.54901958
955.37725830	2.54901958
955.37725830	2.54901958
955.38140869	2.54901958
955.38543701	2.54901958
955.38964844	2.54901958
955.38964844	2.54901958
955.39355469	2.54901958
955.39776611	2.56862736
955.40185547	2.56862736
955.40185547	2.56862736
955.40600586	2.56862736
955.40997314	2.56862736
955.41430664	2.56862736
955.41827393	2.56862736
955.42242432	2.56862736
955.42242432	2.56862736
955.42639160	2.56862736
955.43048096	2.56862736
955.43469238	2.56862736
955.43469238	2.56862736
955.43872070	2.56862736
955.44281006	2.56862736
955.44683838	2.56862736
955.44683838	2.56862736
955.45092773	2.56862736
955.45507813	2.56862736
955.45922852	2.56862736
955.45922852	2.56862736
955.46325684	2.56862736
955.46734619	2.56862736
955.46734619	2.56862736
955.47149658	2.56862736
955.47564697	2.56862736
955.47979736	2.56862736
955.47979736	2.56862736
955.48376465	2.56862736
955.48791504	2.56862736
955.49206543	2.56862736
955.49206543	2.56862736
955.49615479	2.56862736
955.50030518	2.56862736
955.50427246	2.58823538
955.50427246	2.58823538
955.50842285	2.58823538
955.51257324	2.58823538
955.51257324	2.58823538
955.51654053	2.58823538
955.52069092	2.58823538
955.52478027	2.58823538
955.52478027	2.58823538
955.52893066	2.58823538
955.53308105	2.58823538
955.53698730	2.58823538
955.53698730	2.58823538
955.54107666	2.58823538
955.54522705	2.58823538
955.54937744	2.58823538
955.54937744	2.58823538
955.55340576	2.58823538
955.55749512	2.56862736
955.55749512	2.56862736
955.56158447	2.56862736
955.56579590	2.56862736
955.56982422	2.56862736
955.56982422	2.56862736
955.57385254	2.56862736
955.57800293	2.56862736
955.58209229	2.56862736
955.58209229	2.54901958
955.58624268	2.54901958
955.59020996	2.54901958
955.59436035	2.54901958
955.59436035	2.54901958
955.59844971	2.54901958
955.60266113	2.54901958
955.60266113	2.52941179
955.60662842	2.50980401
955.61077881	2.50980401
955.61492920	2.50980401
955.61492920	2.50980401
955.61901855	2.50980401
955.62298584	2.50980401
955.62725830	2.50980401
955.62725830	2.50980401
955.63122559	2.50980401
955.63531494	2.50980401
955.63946533	2.50980401
955.63946533	2.50980401
955.64343262	2.49019599
955.64758301	2.49019599
955.65173340	2.49019599
955.65588379	2.49019599
955.65997314	2.49019599
955.65997314	2.49019599
955.66406250	2.49019599
955.66815186	2.49019599
955.67230225	2.49019599
955.67230225	2.49019599
955.67626953	2.49019599
955.68041992	2.49019599
955.68450928	2.49019599
955.68450928	2.49019599
955.68859863	2.49019599
955.69268799	2.49019599
955.69671631	2.49019599
955.70080566	2.49019599
955.70495605	2.49019599
955.70495605	2.50980401
955.70910645	2.50980401
955.71319580	2.50980401
955.71722412	2.50980401
955.71722412	2.50980401
955.72137451	2.50980401
955.72552490	2.52941179
955.72967529	2.52941179
955.72967529	2.52941179
955.73376465	2.52941179
955.73779297	2.52941179
955.74188232	2.52941179
955.74609375	2.52941179
955.75000000	2.52941179
955.75000000	2.52941179
955.75427246	2.52941179
955.75823975	2.52941179
955.76232910	2.54901958
955.76232910	2.54901958
955.76635742	2.54901958
955.77062988	2.54901958
955.77459717	2.54901958
955.77459717	2.54901958
955.77868652	2.54901958
955.78283691	2.54901958
955.78680420	2.54901958
955.79101563	2.54901958
955.79516602	2.54901958
955.79516602	2.54901958
955.79931641	2.54901958
955.80322266	2.54901958
955.80737305	2.54901958
955.80737305	2.54901958
955.81152344	2.54901958
955.81567383	2.54901958
955.81970215	2.54901958
955.81970215	2.56862736
955.82379150	2.56862736
955.82788086	2.56862736
955.83197021	2.54901958
955.83612061	2.54901958
955.84020996	2.54901958
955.84020996	2.56862736
955.84423828	2.54901958
955.84838867	2.56862736
955.85247803	2.54901958
955.85247803	2.54901958
955.85644531	2.54901958
955.86065674	2.54901958
955.86474609	2.54901958
955.86474609	2.54901958
955.86889648	2.54901958
955.87304688	2.54901958
955.87701416	2.54901958
955.88110352	2.54901958
955.88519287	2.54901958
955.88519287	2.54901958
955.88934326	2.54901958
955.89337158	2.54901958
955.89746094	2.54901958
955.89746094	2.54901958
955.90155029	2.54901958
955.90576172	2.54901958
955.90985107	2.54901958
955.90985107	2.54901958
955.91387939	2.54901958
955.91796875	2.54901958
955.92218018	2.54901958
955.92626953	2.54901958
955.93023682	2.56862736
955.93023682	2.56862736
955.93438721	2.56862736
955.93847656	2.56862736
955.94256592	2.56862736
955.94256592	2.56862736
955.94659424	2.56862736
955.95068359	2.56862736
955.95489502	2.56862736
955.95489502	2.56862736
955.95898438	2.56862736
955.96295166	2.56862736
955.96722412	2.56862736
955.96722412	2.56862736
955.97125244	2.56862736
955.97534180	2.56862736
955.97534180	2.56862736
955.97955322	2.56862736
955.98352051	2.56862736
955.98760986	2.56862736
955.98760986	2.56862736
955.99182129	2.56862736
955.99591064	2.56862736
956.00006104	2.56862736
956.00006104	2.56862736
956.00402832	2.56862736
956.00811768	2.56862736
956.01220703	2.56862736
956.01220703	2.56862736
956.01623535	2.56862736
956.02032471	2.56862736
956.02032471	2.56862736
956.02447510	2.56862736
956.02862549	2.56862736
956.03271484	2.56862736
956.03271484	2.56862736
956.03680420	2.56862736
956.04089355	2.56862736
956.04498291	2.56862736
956.04498291	2.56862736
956.04913330	2.56862736
956.05328369	2.56862736
956.05731201	2.56862736
956.05731201	2.56862736
956.06140137	2.56862736
956.06555176	2.56862736
956.06555176	2.56862736
956.06945801	2.56862736
956.07360840	2.56862736
956.07775879	2.56862736
956.07775879	2.56862736
956.08184814	2.56862736
956.08599854	2.56862736
956.09002686	2.56862736
956.09002686	2.56862736
956.09417725	2.56862736
956.09826660	2.56862736
956.10235596	2.56862736
956.10235596	2.56862736
956.10638428	2.56862736
956.11047363	2.54901958
956.11047363	2.54901958
956.11462402	2.54901958
956.11877441	2.54901958
956.12292480	2.54901958
956.12292480	2.54901958
956.12689209	2.54901958
956.13092041	2.52941179
956.13507080	2.52941179
956.13507080	2.52941179
956.13922119	2.52941179
956.14312744	2.52941179
956.14733887	2.52941179
956.14733887	2.52941179
956.15142822	2.52941179
956.15557861	2.52941179
956.15954590	2.52941179
956.16369629	2.50980401
956.16790771	2.50980401
956.16790771	2.50980401
956.17205811	2.50980401
956.17614746	2.50980401
956.18023682	2.50980401
956.18023682	2.50980401
956.18426514	2.50980401
956.18841553	2.50980401
956.19244385	2.50980401
956.19244385	2.50980401
956.19641113	2.50980401
956.20056152	2.50980401
956.20477295	2.50980401
956.20886230	2.50980401
956.21295166	2.50980401
956.21295166	2.50980401
956.21697998	2.50980401
956.22113037	2.50980401
956.22521973	2.50980401
956.22521973	2.50980401
956.22943115	2.50980401
956.23339844	2.50980401
956.23748779	2.50980401
956.23748779	2.50980401
956.24163818	2.50980401
956.24572754	2.52941179
956.24975586	2.52941179
956.25384521	2.52941179
956.25805664	2.52941179
956.25805664	2.52941179
956.26220703	2.52941179
956.26635742	2.52941179
956.27032471	2.52941179
956.27032471	2.52941179
956.27441406	2.52941179
956.27856445	2.52941179
956.28265381	2.52941179
956.28265381	2.52941179
956.28662109	2.52941179
956.29071045	2.52941179
956.29492188	2.54901958
956.29895020	2.54901958
956.30316162	2.54901958
956.30316162	2.54901958
956.30725098	2.54901958
956.31121826	2.54901958
956.31536865	2.54901958
956.31536865	2.54901958
956.31939697	2.54901958
956.32348633	2.54901958
956.32763672	2.54901958
956.32763672	2.54901958
956.33172607	2.54901958
956.33587646	2.54901958
956.33990479	2.54901958
956.34393311	2.56862736
956.34820557	2.56862736
956.34820557	2.56862736
956.35217285	2.56862736
956.35626221	2.56862736
956.36041260	2.56862736
956.36041260	2.56862736
956.36450195	2.56862736
956.36865234	2.56862736
956.37280273	2.56862736
956.37280273	2.56862736
956.37677002	2.56862736
956.38085938	2.56862736
956.38494873	2.56862736
956.38909912	2.56862736
956.39318848	2.56862736
956.39318848	2.56862736
956.39727783	2.56862736
956.40130615	2.56862736
956.40551758	2.56862736
956.40551758	2.56862736
956.40942383	2.56862736
956.41363525	2.56862736
956.41778564	2.54901958
956.41778564	2.56862736
956.42193604	2.56862736
956.42602539	2.56862736
956.42999268	2.56862736
956.43426514	2.56862736
956.43823242	2.56862736
956.43823242	2.56862736
956.44238281	2.56862736
956.44635010	2.56862736
956.45043945	2.56862736
956.45043945	2.56862736
956.45458984	2.56862736
956.45874023	2.56862736
956.46282959	2.56862736
956.46282959	2.56862736
956.46685791	2.56862736
956.47100830	2.56862736
956.47515869	2.56862736
956.47930908	2.56862736
956.48339844	2.56862736
956.48339844	2.56862736
956.48742676	2.56862736
956.49151611	2.56862736
956.49560547	2.56862736
956.49560547	2.56862736
956.49957275	2.56862736
956.50372314	2.56862736
956.50781250	2.56862736
956.50781250	2.56862736
956.51196289	2.56862736
956.51605225	2.56862736
956.52020264	2.56862736
956.52020264	2.56862736
956.52423096	2.56862736
956.52832031	2.56862736
956.52832031	2.56862736
956.53247070	2.56862736
956.53662109	2.56862736
956.54064941	2.56862736
956.54064941	2.56862736
956.54473877	2.56862736
956.54888916	2.56862736
956.55303955	2.56862736
956.55303955	2.56862736
956.55700684	2.56862736
956.56115723	2.56862736
956.56530762	2.56862736
956.56530762	2.56862736
956.56933594	2.56862736
956.57336426	2.56862736
956.57336426	2.56862736
956.57745361	2.56862736
956.58154297	2.56862736
956.58569336	2.56862736
956.58569336	2.56862736
956.58972168	2.56862736
956.59381104	2.56862736
956.59796143	2.56862736
956.59796143	2.56862736
956.60211182	2.56862736
956.60626221	2.56862736
956.61029053	2.56862736
956.61029053	2.56862736
956.61437988	2.56862736
956.61853027	2.56862736
956.61853027	2.56862736
956.62268066	2.56862736
956.62664795	2.56862736
956.63067627	2.56862736
956.63067627	2.56862736
956.63482666	2.56862736
956.63897705	2.56862736
956.64306641	2.56862736
956.64306641	2.54901958
956.64721680	2.54901958
956.65118408	2.54901958
956.65533447	2.54901958
956.65533447	2.54901958
956.65942383	2.54901958
956.66351318	2.52941179
956.66351318	2.52941179
956.66760254	2.52941179
956.67181396	2.52941179
956.67590332	2.52941179
956.67590332	2.52941179
956.67987061	2.52941179
956.68402100	2.52941179
956.68823242	2.52941179
956.68823242	2.50980401
956.69219971	2.50980401
956.69616699	2.50980401
956.70031738	2.50980401
956.70031738	2.50980401
956.70446777	2.50980401
956.70861816	2.50980401
956.71270752	2.50980401
956.71667480	2.50980401
956.72082520	2.50980401
956.72082520	2.50980401
956.72497559	2.50980401
956.72918701	2.50980401
956.73327637	2.50980401
956.73327637	2.50980401
956.73724365	2.50980401
956.74139404	2.50980401
956.74554443	2.50980401
956.74554443	2.50980401
956.74945068	2.50980401
956.75354004	2.50980401
956.75769043	2.50980401
956.76184082	2.50980401
956.76593018	2.50980401
956.76593018	2.50980401
956.77001953	2.50980401
956.77423096	2.50980401
956.77819824	2.50980401
956.77819824	2.50980401
956.78234863	2.50980401
956.78637695	2.50980401
956.79052734	2.50980401
956.79052734	2.50980401
956.79461670	2.50980401
956.79876709	2.50980401
956.80291748	2.52941179
956.80688477	2.52941179
956.81097412	2.52941179
956.81097412	2.52941179
956.81518555	2.52941179
956.81921387	2.52941179
956.82330322	2.52941179
956.82330322	2.52941179
956.82733154	2.52941179
956.83142090	2.52941179
956.83557129	2.52941179
956.83557129	2.54901958
956.83959961	2.54901958
956.84368896	2.54901958
956.84783936	2.54901958
956.85198975	2.54901958
956.85614014	2.54901958
956.85614014	2.54901958
956.86029053	2.54901958
956.86425781	2.54901958
956.86840820	2.54901958
956.86840820	2.54901958
956.87255859	2.54901958
956.87652588	2.54901958
956.88061523	2.54901958
956.88061523	2.54901958
956.88470459	2.54901958
956.88885498	2.54901958
956.89294434	2.54901958
956.89697266	2.56862736
956.90118408	2.54901958
956.90118408	2.56862736
956.90521240	2.56862736
956.90936279	2.56862736
956.91333008	2.56862736
956.91333008	2.56862736
956.91754150	2.54901958
956.92163086	2.56862736
956.92578125	2.56862736
956.92578125	2.56862736
956.92974854	2.56862736
956.93389893	2.56862736
956.93804932	2.54901958
956.94207764	2.56862736
956.94616699	2.56862736
956.94616699	2.56862736
956.95019531	2.56862736
956.95428467	2.56862736
956.95849609	2.56862736
956.95849609	2.54901958
956.96258545	2.56862736
956.96661377	2.56862736
956.97070313	2.56862736
956.97070313	2.56862736
956.97491455	2.56862736
956.97894287	2.56862736
956.98315430	2.56862736
956.98724365	2.56862736
956.99127197	2.56862736
956.99127197	2.56862736
956.99542236	2.56862736
956.99938965	2.56862736
957.00354004	2.56862736
957.00354004	2.56862736
957.00756836	2.56862736
957.01171875	2.56862736
957.01580811	2.56862736
957.01580811	2.56862736
957.01995850	2.56862736
957.02398682	2.56862736
957.02807617	2.56862736
957.03222656	2.56862736
957.03637695	2.56862736
957.03637695	2.56862736
957.04040527	2.56862736
957.04455566	2.56862736
957.04864502	2.56862736
957.04864502	2.56862736
957.05279541	2.56862736
957.05676270	2.56862736
957.06085205	2.56862736
957.06085205	2.56862736
957.06500244	2.56862736
957.06909180	2.56862736
957.07324219	2.56862736
957.07324219	2.56862736
957.07720947	2.56862736
957.08135986	2.58823538
957.08135986	2.58823538
957.08544922	2.58823538
957.08947754	2.58823538
957.09356689	2.58823538
957.09356689	2.58823538
957.09771729	2.58823538
957.10180664	2.58823538
957.10601807	2.58823538
957.10601807	2.58823538
957.10992432	2.58823538
957.11425781	2.58823538
957.11816406	2.58823538
957.11816406	2.58823538
957.12237549	2.58823538
957.12646484	2.58823538
957.12646484	2.58823538
957.13049316	2.58823538
957.13452148	2.58823538
957.13873291	2.58823538
957.13873291	2.58823538
957.14282227	2.58823538
957.14685059	2.58823538
957.15093994	2.58823538
957.15093994	2.58823538
957.15509033	2.58823538
957.15917969	2.58823538
957.16339111	2.58823538
957.16339111	2.58823538
957.16735840	2.58823538
957.17150879	2.58823538
957.17150879	2.58823538
957.17565918	2.58823538
957.17980957	2.58823538
957.18377686	2.58823538
957.18377686	2.58823538
957.18792725	2.58823538
957.19201660	2.56862736
957.19604492	2.56862736
957.19604492	2.56862736
957.20019531	2.56862736
957.20422363	2.56862736
957.20837402	2.56862736
957.20837402	2.56862736
957.21246338	2.56862736
957.21661377	2.56862736
957.21661377	2.56862736
957.22058105	2.54901958
957.22473145	2.54901958
957.22888184	2.54901958
957.22888184	2.54901958
957.23303223	2.52941179
957.23693848	2.52941179
957.24127197	2.52941179
957.24127197	2.52941179
957.24530029	2.52941179
957.24932861	2.52941179
957.25347900	2.52941179
957.25347900	2.52941179
957.25744629	2.50980401
957.26165771	2.50980401
957.26562500	2.50980401
957.26971436	2.50980401
957.27380371	2.50980401
957.27380371	2.50980401
957.27795410	2.50980401
957.28204346	2.50980401
957.28625488	2.50980401
957.28625488	2.50980401
957.29028320	2.50980401
957.29431152	2.50980401
957.29846191	2.50980401
957.29846191	2.50980401
957.30267334	2.49019599
957.30676270	2.50980401
957.31072998	2.50980401
957.31488037	2.50980401
957.31890869	2.49019599
957.31890869	2.50980401
957.32299805	2.49019599
957.32720947	2.49019599
957.33123779	2.50980401
957.33123779	2.50980401
957.33532715	2.50980401
957.33947754	2.50980401
957.34344482	2.50980401
957.34344482	2.50980401
957.34759521	2.50980401
957.35168457	2.50980401
957.35583496	2.50980401
957.35986328	2.50980401
957.36401367	2.50980401
957.36401367	2.50980401
957.36816406	2.50980401
957.37225342	2.50980401
957.37640381	2.50980401
957.37640381	2.50980401
957.38031006	2.52941179
957.38446045	2.52941179
957.38861084	2.52941179
957.38861084	2.52941179
957.39270020	2.52941179
957.39666748	2.52941179
957.40081787	2.52941179
957.40496826	2.52941179
957.40911865	2.52941179
957.40911865	2.52941179
957.41320801	2.52941179
957.41723633	2.52941179
957.42132568	2.52941179
957.42132568	2.52941179
957.42553711	2.54901958
957.42950439	2.54901958
957.43365479	2.54901958
957.43365479	2.54901958
957.43780518	2.54901958
957.44183350	2.54901958
957.44592285	2.54901958
957.44995117	2.54901958
957.45422363	2.54901958
957.45422363	2.54901958
957.45819092	2.54901958
957.46234131	2.54901958
957.46643066	2.54901958
957.46643066	2.54901958
957.47052002	2.54901958
957.47460938	2.54901958
957.47875977	2.54901958
957.47875977	2.54901958
957.48291016	2.54901958
957.48681641	2.54901958
957.49102783	2.54901958
957.49505615	2.54901958
957.49914551	2.54901958
957.49914551	2.54901958
957.50329590	2.54901958
957.50732422	2.54901958
957.51147461	2.54901958
957.51147461	2.54901958
957.51556396	2.54901958
957.51965332	2.54901958
957.52368164	2.54901958
957.52368164	2.54901958
957.52783203	2.54901958
957.53192139	2.54901958
957.53607178	2.54901958
957.54022217	2.54901958
957.54425049	2.54901958
957.54425049	2.54901958
957.54840088	2.54901958
957.55249023	2.54901958
957.55664063	2.54901958
957.55664063	2.54901958
957.56060791	2.54901958
957.56475830	2.54901958
957.56890869	2.54901958
957.56890869	2.54901958
957.57287598	2.54901958
957.57690430	2.54901958
957.58123779	2.54901958
957.58123779	2.54901958
957.58520508	2.54901958
957.58935547	2.54901958
957.58935547	2.54901958
957.59332275	2.56862736
957.59747314	2.56862736
957.60156250	2.56862736
957.60156250	2.56862736
957.60577393	2.56862736
957.60974121	2.56862736
957.61389160	2.56862736
957.61389160	2.56862736
957.61798096	2.56862736
957.62213135	2.56862736
957.62628174	2.56862736
957.62628174	2.56862736
957.63018799	2.56862736
957.63433838	2.56862736
957.63433838	2.56862736
957.63842773	2.56862736
957.64257813	2.56862736
957.64666748	2.56862736
957.64666748	2.56862736
957.65069580	2.56862736
957.65478516	2.56862736
957.65893555	2.56862736
957.65893555	2.56862736
957.66296387	2.56862736
957.66729736	2.56862736
957.67120361	2.56862736
957.67120361	2.56862736
957.67535400	2.56862736
957.67944336	2.56862736
957.67944336	2.56862736
957.68347168	2.56862736
957.68762207	2.56862736
957.69171143	2.56862736
957.69171143	2.56862736
957.69580078	2.56862736
957.69982910	2.56862736
957.70397949	2.56862736
957.70397949	2.56862736
957.70806885	2.56862736
957.71215820	2.56862736
957.71630859	2.56862736
957.71630859	2.56862736
957.72027588	2.56862736
957.72448730	2.56862736
957.72448730	2.56862736
957.72863770	2.56862736
957.73278809	2.56862736
957.73681641	2.56862736
957.73681641	2.56862736
957.74090576	2.56862736
957.74499512	2.56862736
957.74908447	2.56862736
957.74908447	2.56862736
957.75329590	2.56862736
957.75720215	2.56862736
957.76135254	2.56862736
957.76135254	2.56862736
957.76544189	2.56862736
957.76959229	2.56862736
957.77355957	2.56862736
957.77770996	2.56862736
957.78179932	2.56862736
957.78179932	2.56862736
957.78594971	2.56862736
957.78997803	2.56862736
957.79425049	2.56862736
957.79425049	2.56862736
957.79827881	2.56862736
957.80236816	2.56862736
957.80645752	2.56862736
957.80645752	2.56862736
957.81042480	2.54901958
957.81457520	2.56862736
957.81872559	2.54901958
957.82293701	2.54901958
957.82690430	2.54901958
957.82690430	2.54901958
957.83099365	2.52941179
957.83514404	2.52941179
957.83929443	2.52941179
957.83929443	2.52941179
957.84332275	2.52941179
957.84741211	2.52941179
957.85144043	2.50980401
957.85144043	2.50980401
957.85559082	2.50980401
957.85968018	2.50980401
957.86370850	2.50980401
957.86779785	2.50980401
957.87200928	2.50980401
957.87200928	2.50980401
957.87615967	2.50980401
957.88018799	2.50980401
957.88421631	2.50980401
957.88421631	2.50980401
957.88830566	2.50980401
957.89245605	2.49019599
957.89654541	2.49019599
957.89654541	2.49019599
957.90057373	2.49019599
957.90472412	2.49019599
957.90881348	2.49019599
957.91290283	2.49019599
957.91699219	2.49019599
957.91699219	2.49019599
957.92120361	2.49019599
957.92523193	2.49019599
957.92932129	2.50980401
957.92932129	2.50980401
957.93334961	2.50980401
957.93743896	2.50980401
957.94158936	2.50980401
957.94158936	2.50980401
957.94561768	2.50980401
957.94970703	2.50980401
957.95385742	2.50980401
957.95794678	2.50980401
957.96209717	2.50980401
957.96209717	2.50980401
957.96618652	2.50980401
957.97015381	2.50980401
957.97436523	2.50980401
957.97436523	2.50980401
957.97851563	2.50980401
957.98266602	2.52941179
957.98675537	2.52941179
957.98675537	2.52941179
957.99072266	2.52941179
957.99487305	2.52941179
957.99896240	2.52941179
958.00299072	2.52941179
958.00720215	2.52941179
958.00720215	2.52941179
958.01123047	2.52941179
958.01531982	2.52941179
958.01947021	2.52941179
958.01947021	2.52941179
958.02343750	2.52941179
958.02758789	2.52941179
958.03167725	2.54901958
958.03167725	2.54901958
958.03582764	2.54901958
958.03985596	2.54901958
958.04400635	2.54901958
958.04815674	2.54901958
958.05224609	2.54901958
958.05224609	2.54901958
958.05627441	2.54901958
958.06036377	2.54901958
958.06451416	2.54901958
958.06451416	2.54901958
958.06866455	2.54901958
958.07269287	2.54901958
958.07666016	2.54901958
958.07666016	2.54901958
958.08087158	2.54901958
958.08489990	2.54901958
958.08911133	2.54901958
958.08911133	2.54901958
958.09320068	2.54901958
958.09722900	2.54901958
958.09722900	2.54901958
958.10131836	2.54901958
958.10546875	2.54901958
958.10961914	2.54901958
958.10961914	2.54901958
958.11358643	2.54901958
958.11767578	2.54901958
958.12182617	2.54901958
958.12182617	2.54901958
958.12597656	2.54901958
958.12994385	2.54901958
958.13421631	2.54901958
958.13421631	2.54901958
958.13818359	2.54901958
958.14233398	2.54901958
958.14233398	2.54901958
958.14630127	2.54901958
958.15045166	2.54901958
958.15454102	2.54901958
958.15454102	2.54901958
958.15869141	2.54901958
958.16278076	2.54901958
958.16687012	2.54901958
958.16687012	2.54901958
958.17102051	2.54901958
958.17517090	2.54901958
958.17926025	2.54901958
958.17926025	2.54901958
958.18322754	2.54901958
958.18731689	2.54901958
958.18731689	2.54901958
958.19140625	2.54901958
958.19555664	2.54901958
958.19970703	2.54901958
958.19970703	2.54901958
958.20367432	2.56862736
958.20782471	2.56862736
958.21191406	2.56862736
958.21191406	2.56862736
958.21606445	2.56862736
958.22015381	2.56862736
958.22424316	2.56862736
958.22424316	2.56862736
958.22839355	2.56862736
958.23254395	2.56862736
958.23254395	2.56862736
958.23657227	2.56862736
958.24060059	2.56862736
958.24475098	2.56862736
958.24475098	2.56862736
958.24890137	2.56862736
958.25286865	2.56862736
958.25695801	2.56862736
958.25695801	2.56862736
958.26110840	2.56862736
958.26519775	2.56862736
958.26934814	2.56862736
958.26934814	2.56862736
958.27331543	2.56862736
958.27746582	2.56862736
958.27746582	2.56862736
958.28155518	2.56862736
958.28570557	2.56862736
958.28991699	2.56862736
958.28991699	2.56862736
958.29388428	2.56862736
958.29797363	2.56862736
958.30212402	2.56862736
958.30212402	2.56862736
958.30627441	2.56862736
958.31024170	2.56862736
958.31439209	2.56862736
958.31439209	2.56862736
958.31854248	2.56862736
958.32257080	2.56862736
958.32659912	2.56862736
958.33081055	2.56862736
958.33489990	2.56862736
958.33489990	2.56862736
958.33905029	2.56862736
958.34301758	2.56862736
958.34722900	2.56862736
958.34722900	2.56862736
958.35131836	2.56862736
958.35546875	2.56862736
958.35949707	2.56862736
958.35949707	2.56862736
958.36346436	2.56862736
958.36755371	2.56862736
958.37170410	2.56862736
958.37579346	2.58823538
958.38000488	2.58823538
958.38000488	2.58823538
958.38397217	2.58823538
958.38806152	2.58823538
958.39221191	2.58823538
958.39221191	2.58823538
958.39617920	2.58823538
958.40032959	2.58823538
958.40447998	2.58823538
958.40447998	2.58823538
958.40856934	2.58823538
958.41271973	2.58823538
958.41668701	2.58823538
958.42083740	2.56862736
958.42498779	2.56862736
958.42498779	2.56862736
958.42913818	2.56862736
958.43328857	2.56862736
958.43719482	2.56862736
958.43719482	2.56862736
958.44134521	2.56862736
958.44543457	2.56862736
958.44952393	2.56862736
958.44952393	2.54901958
958.45355225	2.54901958
958.45770264	2.54901958
958.46179199	2.54901958
958.46594238	2.54901958
958.46990967	2.52941179
958.46990967	2.52941179
958.47424316	2.52941179
958.47827148	2.52941179
958.48236084	2.52941179
958.48236084	2.52941179
958.48638916	2.50980401
958.49047852	2.50980401
958.49456787	2.50980401
958.49456787	2.50980401
958.49877930	2.50980401
958.50286865	2.50980401
958.50683594	2.50980401
958.51092529	2.50980401
958.51501465	2.50980401
958.51501465	2.50980401
958.51916504	2.49019599
958.52319336	2.49019599
958.52728271	2.49019599
958.52728271	2.49019599
958.53143311	2.49019599
958.53558350	2.49019599
958.53973389	2.49019599
958.53973389	2.49019599
958.54376221	2.49019599
958.54785156	2.49019599
958.55200195	2.49019599
958.55615234	2.49019599
958.56018066	2.49019599
958.56018066	2.49019599
958.56420898	2.49019599
958.56829834	2.49019599
958.57244873	2.49019599
958.57244873	2.50980401
958.57641602	2.50980401
958.58056641	2.50980401
958.58465576	2.50980401
958.58465576	2.50980401
958.58880615	2.50980401
958.59289551	2.50980401
958.59698486	2.50980401
958.60113525	2.50980401
958.60528564	2.50980401
958.60528564	2.50980401
958.60937500	2.50980401
958.61334229	2.50980401
958.61749268	2.50980401
958.61749268	2.52941179
958.62164307	2.52941179
958.62573242	2.52941179
958.62988281	2.52941179
958.62988281	2.52941179
958.63391113	2.52941179
958.63806152	2.52941179
958.64215088	2.52941179
958.64215088	2.52941179
958.64624023	2.52941179
958.65032959	2.52941179
958.65032959	2.52941179
958.65441895	2.52941179
958.65850830	2.54901958
958.66253662	2.54901958
958.66253662	2.54901958
958.66656494	2.54901958
958.67065430	2.54901958
958.67480469	2.54901958
958.67480469	2.54901958
958.67895508	2.54901958
958.68292236	2.54901958
958.68719482	2.54901958
958.68719482	2.54901958
958.69116211	2.54901958
958.69531250	2.54901958
958.69531250	2.54901958
958.69940186	2.54901958
958.70343018	2.54901958
958.70758057	2.56862736
958.70758057	2.54901958
958.71166992	2.56862736
958.71582031	2.54901958
958.71990967	2.56862736
958.71990967	2.56862736
958.72393799	2.56862736
958.72808838	2.56862736
958.73223877	2.54901958
958.73223877	2.56862736
958.73638916	2.54901958
958.74035645	2.56862736
958.74035645	2.56862736
958.74450684	2.56862736
958.74865723	2.54901958
958.75268555	2.56862736
958.75268555	2.56862736
958.75671387	2.56862736
958.76080322	2.54901958
958.76495361	2.56862736
958.76495361	2.56862736
958.76904297	2.56862736
958.77319336	2.56862736
958.77716064	2.56862736
958.77716064	2.56862736
958.78131104	2.56862736
958.78546143	2.56862736
958.78546143	2.56862736
958.78948975	2.56862736
958.79357910	2.56862736
958.79772949	2.56862736
958.79772949	2.56862736
958.80187988	2.56862736
958.80603027	2.56862736
958.81011963	2.56862736
958.81011963	2.56862736
958.81420898	2.56862736
958.81817627	2.56862736
958.82232666	2.56862736
958.82232666	2.56862736
958.82629395	2.56862736
958.83044434	2.56862736
958.83453369	2.56862736
958.83874512	2.56862736
958.84283447	2.56862736
958.84283447	2.56862736
958.84680176	2.56862736
958.85101318	2.56862736
958.85516357	2.56862736
958.85516357	2.56862736
958.85925293	2.56862736
958.86322021	2.56862736
958.86737061	2.56862736
958.86737061	2.56862736
958.87152100	2.56862736
958.87561035	2.56862736
958.87976074	2.56862736
958.88372803	2.56862736
958.88781738	2.56862736
958.88781738	2.56862736
958.89196777	2.56862736
958.89605713	2.56862736
958.90020752	2.56862736
958.90020752	2.56862736
958.90417480	2.56862736
958.90832520	2.56862736
958.91241455	2.56862736
958.91241455	2.56862736
958.91650391	2.56862736
958.92059326	2.56862736
958.92474365	2.56862736
958.92889404	2.56862736
958.93298340	2.56862736
958.93298340	2.56862736
958.93695068	2.56862736
958.94104004	2.56862736
958.94519043	2.56862736
958.94519043	2.56862736
958.94927979	2.56862736
958.95336914	2.56862736
958.95745850	2.56862736
958.95745850	2.58823538
958.96154785	2.58823538
958.96569824	2.56862736
958.96978760	2.58823538
958.97387695	2.58823538
958.97802734	2.58823538
958.97802734	2.58823538
958.98211670	2.58823538
958.98626709	2.58823538
958.99017334	2.58823538
958.99017334	2.58823538
958.99438477	2.58823538
958.99841309	2.58823538
959.00262451	2.58823538
959.00262451	2.58823538
959.00659180	2.58823538
959.01068115	2.58823538
959.01483154	2.58823538
959.01892090	2.58823538
959.02307129	2.58823538
959.02307129	2.58823538
959.02716064	2.58823538
959.03118896	2.58823538
959.03527832	2.58823538
959.03527832	2.58823538
959.03948975	2.58823538
959.04345703	2.58823538
959.04760742	2.58823538
959.04760742	2.58823538
959.05175781	2.58823538
959.05590820	2.58823538
959.05987549	2.56862736
959.06396484	2.56862736
959.06817627	2.56862736
959.06817627	2.56862736
959.07226563	2.56862736
959.07629395	2.56862736
959.08032227	2.56862736
959.08032227	2.54901958
959.08441162	2.54901958
959.08856201	2.54901958
959.09265137	2.54901958
959.09265137	2.54901958
959.09674072	2.52941179
959.10089111	2.52941179
959.10498047	2.52941179
959.10913086	2.52941179
959.11328125	2.52941179
959.11328125	2.50980401
959.11724854	2.50980401
959.12133789	2.50980401
959.12548828	2.50980401
959.12548828	2.50980401
959.12963867	2.50980401
959.13360596	2.50980401
959.13763428	2.50980401
959.13763428	2.50980401
959.14184570	2.50980401
959.14593506	2.50980401
959.14990234	2.49019599
959.15417480	2.49019599
959.15820313	2.49019599
959.15820313	2.49019599
959.16229248	2.49019599
959.16625977	2.49019599
959.17047119	2.49019599
959.17047119	2.49019599
959.17456055	2.49019599
959.17871094	2.49019599
959.18280029	2.49019599
959.18280029	2.49019599
959.18682861	2.50980401
959.19091797	2.50980401
959.19506836	2.50980401
959.19506836	2.50980401
959.19915771	2.50980401
959.20330811	2.50980401
959.20330811	2.50980401
959.20733643	2.50980401
959.21142578	2.50980401
959.21551514	2.50980401
959.21551514	2.50980401
959.21954346	2.50980401
959.22369385	2.50980401
959.22784424	2.50980401
959.22784424	2.52941179
959.23199463	2.52941179
959.23614502	2.52941179
959.24029541	2.52941179
959.24029541	2.52941179
959.24420166	2.52941179
959.24835205	2.52941179
959.24835205	2.52941179
959.25244141	2.52941179
959.25646973	2.54901958
959.26055908	2.54901958
959.26055908	2.54901958
959.26470947	2.54901958
959.26879883	2.54901958
959.27301025	2.54901958
959.27301025	2.54901958
959.27691650	2.54901958
959.28106689	2.56862736
959.28515625	2.56862736
959.28515625	2.56862736
959.28936768	2.56862736
959.29345703	2.56862736
959.29345703	2.56862736
959.29748535	2.56862736
959.30157471	2.56862736
959.30578613	2.56862736
959.30578613	2.56862736
959.30975342	2.56862736
959.31384277	2.56862736
959.31787109	2.56862736
959.31787109	2.56862736
959.32208252	2.56862736
959.32617188	2.56862736
959.33020020	2.56862736
959.33020020	2.56862736
959.33435059	2.56862736
959.33843994	2.56862736
959.33843994	2.56862736
959.34252930	2.56862736
959.34655762	2.56862736
959.35076904	2.56862736
959.35076904	2.56862736
959.35485840	2.56862736
959.35894775	2.56862736
959.36315918	2.56862736
959.36315918	2.56862736
959.36724854	2.56862736
959.37127686	2.56862736
959.37536621	2.56862736
959.37536621	2.56862736
959.37951660	2.56862736
959.38342285	2.56862736
959.38757324	2.56862736
959.39166260	2.56862736
959.39581299	2.56862736
959.39581299	2.56862736
959.39978027	2.56862736
959.40393066	2.56862736
959.40820313	2.56862736
959.40820313	2.56862736
959.41217041	2.56862736
959.41619873	2.56862736
959.42028809	2.56862736
959.42028809	2.56862736
959.42449951	2.56862736
959.42858887	2.56862736
959.43273926	2.56862736
959.43664551	2.56862736
959.44079590	2.56862736
959.44079590	2.56862736
959.44494629	2.56862736
959.44903564	2.56862736
959.45324707	2.56862736
959.45324707	2.56862736
959.45715332	2.56862736
959.46136475	2.56862736
959.46539307	2.56862736
959.46539307	2.56862736
959.46954346	2.56862736
959.47357178	2.56862736
959.47766113	2.56862736
959.48187256	2.56862736
959.48596191	2.56862736
959.48596191	2.56862736
959.48992920	2.56862736
959.49420166	2.56862736
959.49822998	2.56862736
959.49822998	2.58823538
959.50231934	2.58823538
959.50634766	2.58823538
959.51037598	2.58823538
959.51037598	2.58823538
959.51458740	2.58823538
959.51867676	2.58823538
959.52282715	2.58823538
959.52679443	2.58823538
959.53094482	2.58823538
959.53094482	2.58823538
959.53503418	2.58823538
959.53924561	2.58823538
959.54339600	2.58823538
959.54339600	2.58823538
959.54736328	2.58823538
959.55151367	2.58823538
959.55560303	2.58823538
959.55560303	2.58823538
959.55963135	2.58823538
959.56365967	2.58823538
959.56787109	2.58823538
959.57189941	2.58823538
959.57604980	2.58823538
959.57604980	2.58823538
959.58013916	2.58823538
959.58422852	2.58823538
959.58831787	2.58823538
959.58831787	2.58823538
959.59246826	2.58823538
959.59637451	2.58823538
959.60058594	2.58823538
959.60058594	2.58823538
959.60467529	2.58823538
959.60888672	2.58823538
959.61297607	2.58823538
959.61694336	2.58823538
959.62121582	2.58823538
959.62121582	2.58823538
959.62524414	2.58823538
959.62939453	2.58823538
959.63330078	2.58823538
959.63330078	2.58823538
959.63745117	2.58823538
959.64154053	2.58823538
959.64569092	2.58823538
959.64569092	2.58823538
959.64965820	2.58823538
959.65380859	2.58823538
959.65789795	2.58823538
959.66204834	2.58823538
959.66619873	2.56862736
959.66619873	2.56862736
959.67016602	2.56862736
959.67437744	2.56862736
959.67846680	2.56862736
959.67846680	2.56862736
959.68261719	2.54901958
959.68670654	2.54901958
959.69073486	2.54901958
959.69073486	2.54901958
959.69482422	2.52941179
959.69891357	2.52941179
959.70306396	2.52941179
959.70306396	2.52941179
959.70715332	2.52941179
959.71118164	2.50980401
959.71118164	2.50980401
959.71527100	2.50980401
959.71942139	2.50980401
959.72338867	2.50980401
959.72338867	2.50980401
959.72760010	2.50980401
959.73175049	2.50980401
959.73590088	2.50980401
959.73590088	2.50980401
959.73986816	2.50980401
959.74395752	2.50980401
959.74810791	2.49019599
959.74810791	2.49019599
959.75225830	2.49019599
959.75628662	2.49019599
959.75628662	2.49019599
959.76031494	2.49019599
959.76440430	2.49019599
959.76855469	2.49019599
959.76855469	2.49019599
959.77270508	2.49019599
959.77667236	2.49019599
959.78076172	2.49019599
959.78076172	2.49019599
959.78491211	2.49019599
959.78912354	2.50980401
959.79327393	2.50980401
959.79327393	2.50980401
959.79718018	2.50980401
959.80133057	2.50980401
959.80133057	2.50980401
959.80541992	2.50980401
959.80963135	2.50980401
959.81353760	2.50980401
959.81353760	2.50980401
959.81762695	2.50980401
959.82183838	2.50980401
959.82592773	2.50980401
959.82592773	2.52941179
959.82989502	2.52941179
959.83416748	2.52941179
959.83819580	2.52941179
959.83819580	2.52941179
959.84228516	2.52941179
959.84643555	2.52941179
959.84643555	2.52941179
959.85046387	2.52941179
959.85461426	2.52941179
959.85864258	2.54901958
959.85864258	2.54901958
959.86279297	2.54901958
959.86688232	2.54901958
959.87097168	2.54901958
959.87097168	2.54901958
959.87512207	2.56862736
959.87921143	2.56862736
959.88330078	2.56862736
959.88330078	2.56862736
959.88726807	2.56862736
959.89141846	2.56862736
959.89550781	2.56862736
959.89953613	2.56862736
959.90362549	2.56862736
959.90362549	2.56862736
959.90783691	2.56862736
959.91192627	2.56862736
959.91607666	2.56862736
959.91607666	2.56862736
959.92016602	2.56862736
959.92425537	2.56862736
959.92834473	2.56862736
959.92834473	2.56862736
959.93249512	2.56862736
959.93664551	2.56862736
959.94061279	2.56862736
959.94464111	2.56862736
959.94873047	2.56862736
959.94873047	2.56862736
959.95281982	2.56862736
959.95690918	2.56862736
959.96124268	2.56862736
959.96124268	2.56862736
959.96514893	2.56862736
959.96929932	2.56862736
959.97338867	2.56862736
959.97338867	2.56862736
959.97747803	2.56862736
959.98150635	2.56862736
959.98571777	2.56862736
959.98968506	2.56862736
959.99383545	2.56862736
959.99383545	2.56862736
959.99798584	2.56862736
960.00201416	2.56862736
960.00616455	2.56862736
960.00616455	2.56862736
960.01013184	2.56862736
960.01428223	2.56862736
960.01837158	2.56862736
960.01837158	2.56862736
960.02258301	2.56862736
960.02655029	2.56862736
960.03070068	2.56862736
960.03479004	2.56862736
960.03894043	2.56862736
960.03894043	2.56862736
960.04296875	2.56862736
960.04724121	2.56862736
960.05126953	2.56862736
960.05126953	2.56862736
960.05535889	2.56862736
960.05950928	2.58823538
960.06347656	2.58823538
960.06347656	2.56862736
960.06750488	2.58823538
960.07165527	2.58823538
960.07580566	2.58823538
960.07983398	2.58823538
960.08392334	2.58823538
960.08392334	2.58823538
960.08807373	2.58823538
960.09216309	2.58823538
960.09631348	2.58823538
960.09631348	2.58823538
960.10034180	2.58823538
960.10449219	2.58823538
960.10858154	2.58823538
960.10858154	2.58823538
960.11273193	2.58823538
960.11676025	2.58823538
960.12084961	2.58823538
960.12500000	2.58823538
960.12908936	2.58823538
960.12908936	2.58823538
960.13323975	2.58823538
960.13726807	2.58823538
960.14141846	2.58823538
960.14141846	2.58823538
960.14550781	2.58823538
960.14947510	2.58823538
960.15374756	2.58823538
960.15374756	2.58823538
960.15777588	2.58823538
960.16186523	2.58823538
960.16595459	2.58823538
960.17010498	2.58823538
960.17431641	2.58823538
960.17431641	2.58823538
960.17828369	2.58823538
960.18237305	2.58823538
960.18646240	2.58823538
960.18646240	2.58823538
960.19055176	2.58823538
960.19458008	2.58823538
960.19866943	2.58823538
960.19866943	2.58823538
960.20281982	2.58823538
960.20684814	2.58823538
960.21099854	2.58823538
960.21514893	2.58823538
960.21923828	2.58823538
960.21923828	2.58823538
960.22326660	2.58823538
960.22735596	2.58823538
960.23150635	2.58823538
960.23150635	2.58823538
960.23565674	2.58823538
960.23962402	2.58823538
960.24371338	2.58823538
960.24371338	2.58823538
960.24786377	2.56862736
960.25195313	2.56862736
960.25604248	2.56862736
960.25604248	2.56862736
960.26019287	2.56862736
960.26416016	2.56862736
960.26416016	2.54901958
960.26831055	2.54901958
960.27239990	2.54901958
960.27661133	2.54901958
960.27661133	2.52941179
960.28057861	2.52941179
960.28466797	2.52941179
960.28881836	2.52941179
960.28881836	2.52941179
960.29284668	2.52941179
960.29699707	2.50980401
960.30126953	2.50980401
960.30126953	2.50980401
960.30523682	2.50980401
960.30938721	2.50980401
960.30938721	2.50980401
960.31329346	2.50980401
960.31738281	2.50980401
960.32159424	2.49019599
960.32159424	2.49019599
960.32568359	2.49019599
960.32965088	2.49019599
960.33380127	2.49019599
960.33380127	2.49019599
960.33789063	2.49019599
960.34204102	2.49019599
960.34619141	2.49019599
960.34619141	2.49019599
960.35021973	2.49019599
960.35430908	2.49019599
960.35430908	2.49019599
960.35852051	2.49019599
960.36260986	2.49019599
960.36676025	2.49019599
960.36676025	2.49019599
960.37066650	2.49019599
960.37487793	2.49019599
960.37896729	2.49019599
960.37896729	2.50980401
960.38293457	2.50980401
960.38726807	2.50980401
960.39117432	2.50980401
960.39117432	2.50980401
960.39532471	2.50980401
960.39941406	2.50980401
960.39941406	2.50980401
960.40344238	2.50980401
960.40753174	2.50980401
960.41168213	2.52941179
960.41168213	2.52941179
960.41577148	2.52941179
960.41979980	2.52941179
960.42395020	2.52941179
960.42395020	2.52941179
960.42810059	2.52941179
960.43225098	2.52941179
960.43634033	2.52941179
960.43634033	2.52941179
960.44030762	2.54901958
960.44439697	2.54901958
960.44854736	2.54901958
960.45263672	2.54901958
960.45666504	2.54901958
960.45666504	2.54901958
960.46075439	2.56862736
960.46490479	2.56862736
960.46905518	2.56862736
960.46905518	2.56862736
960.47314453	2.56862736
960.47717285	2.56862736
960.48138428	2.56862736
960.48138428	2.56862736
960.48547363	2.56862736
960.48962402	2.56862736
960.49359131	2.56862736
960.49774170	2.56862736
960.50183105	2.56862736
960.50183105	2.56862736
960.50598145	2.56862736
960.50988770	2.56862736
960.51416016	2.56862736
960.51416016	2.56862736
960.51812744	2.56862736
960.52233887	2.56862736
960.52636719	2.56862736
960.52636719	2.56862736
960.53045654	2.56862736
960.53454590	2.56862736
960.53869629	2.56862736
960.54284668	2.56862736
960.54687500	2.56862736
960.54687500	2.56862736
960.55102539	2.56862736
960.55511475	2.56862736
960.55926514	2.56862736
960.55926514	2.56862736
960.56317139	2.56862736
960.56732178	2.56862736
960.57141113	2.56862736
960.57141113	2.56862736
960.57550049	2.56862736
960.57965088	2.56862736
960.58367920	2.56862736
960.58782959	2.56862736
960.59191895	2.56862736
960.59191895	2.56862736
960.59606934	2.56862736
960.60009766	2.56862736
960.60418701	2.56862736
960.60418701	2.56862736
960.60833740	2.56862736
960.61248779	2.56862736
960.61663818	2.56862736
960.61663818	2.56862736
960.62054443	2.56862736
960.62469482	2.56862736
960.62884521	2.56862736
960.63281250	2.56862736
960.63690186	2.56862736
960.63690186	2.56862736
960.64105225	2.56862736
960.64514160	2.56862736
960.64929199	2.56862736
960.64929199	2.56862736
960.65332031	2.56862736
960.65740967	2.56862736
960.66149902	2.56862736
960.66149902	2.56862736
960.66571045	2.56862736
960.66986084	2.56862736
960.67382813	2.56862736
960.67797852	2.56862736
960.68206787	2.56862736
960.68206787	2.56862736
960.68621826	2.56862736
960.69024658	2.56862736
960.69439697	2.56862736
960.69439697	2.56862736
960.69842529	2.56862736
960.70257568	2.56862736
960.70666504	2.58823538
960.70666504	2.58823538
960.71081543	2.56862736
960.71478271	2.58823538
960.71893311	2.58823538
960.72296143	2.58823538
960.72717285	2.58823538
960.72717285	2.58823538
960.73120117	2.58823538
960.73547363	2.58823538
960.73944092	2.58823538
960.73944092	2.58823538
960.74340820	2.58823538
960.74755859	2.58823538
960.75170898	2.58823538
960.75170898	2.58823538
960.75585938	2.58823538
960.75988770	2.58823538
960.76391602	2.58823538
960.76806641	2.58823538
960.77221680	2.58823538
960.77221680	2.58823538
960.77618408	2.58823538
960.78027344	2.58823538
960.78442383	2.58823538
960.78442383	2.58823538
960.78857422	2.58823538
960.79272461	2.58823538
960.79675293	2.58823538
960.79675293	2.58823538
960.80078125	2.58823538
960.80493164	2.58823538
960.80914307	2.58823538
960.80914307	2.58823538
960.81317139	2.58823538
960.81719971	2.58823538
960.81719971	2.58823538
960.82135010	2.56862736
960.82543945	2.56862736
960.82952881	2.56862736
960.82952881	2.56862736
960.83355713	2.56862736
960.83764648	2.56862736
960.84179688	2.54901958
960.84179688	2.54901958
960.84588623	2.54901958
960.84991455	2.54901958
960.85418701	2.52941179
960.85418701	2.52941179
960.85821533	2.52941179
960.86230469	2.52941179
960.86230469	2.52941179
960.86633301	2.52941179
960.87042236	2.50980401
960.87463379	2.50980401
960.87463379	2.50980401
960.87866211	2.50980401
960.88281250	2.50980401
960.88677979	2.50980401
960.88677979	2.50980401
960.89093018	2.50980401
960.89508057	2.50980401
960.89916992	2.50980401
960.89916992	2.49019599
960.90319824	2.49019599
960.90728760	2.49019599
960.90728760	2.49019599
960.91143799	2.49019599
960.91552734	2.49019599
960.91967773	2.49019599
960.91967773	2.49019599
960.92370605	2.49019599
960.92785645	2.49019599
960.93206787	2.49019599
960.93206787	2.49019599
960.93609619	2.49019599
960.94018555	2.49019599
960.94421387	2.50980401
960.94421387	2.50980401
960.94830322	2.50980401
960.95245361	2.50980401
960.95245361	2.50980401
960.95642090	2.50980401
960.96051025	2.50980401
960.96466064	2.50980401
960.96466064	2.50980401
960.96881104	2.50980401
960.97296143	2.50980401
960.97692871	2.50980401
960.97692871	2.52941179
960.98101807	2.52941179
960.98522949	2.52941179
960.98937988	2.52941179
960.98937988	2.52941179
960.99334717	2.52941179
960.99737549	2.52941179
961.00158691	2.52941179
961.00573730	2.52941179
961.00976563	2.54901958
961.00976563	2.54901958
961.01379395	2.54901958
961.01794434	2.54901958
961.02209473	2.54901958
961.02209473	2.54901958
961.02618408	2.54901958
961.03015137	2.56862736
961.03430176	2.56862736
961.03430176	2.56862736
961.03845215	2.56862736
961.04260254	2.56862736
961.04656982	2.56862736
961.05072021	2.56862736
961.05505371	2.56862736
961.05505371	2.56862736
961.05902100	2.56862736
961.06292725	2.56862736
961.06719971	2.56862736
961.06719971	2.56862736
961.07116699	2.56862736
961.07531738	2.56862736
961.07940674	2.56862736
961.07940674	2.56862736
961.08343506	2.56862736
961.08752441	2.56862736
961.09167480	2.56862736
961.09576416	2.56862736
961.09997559	2.56862736
961.09997559	2.58823538
961.10394287	2.56862736
961.10809326	2.56862736
961.11224365	2.56862736
961.11224365	2.56862736
961.11633301	2.56862736
961.12030029	2.56862736
961.12445068	2.56862736
961.12445068	2.56862736
961.12854004	2.56862736
961.13262939	2.56862736
961.13665771	2.56862736
961.14080811	2.56862736
961.14489746	2.56862736
961.14489746	2.56862736
961.14904785	2.56862736
961.15313721	2.56862736
961.15716553	2.56862736
961.15716553	2.56862736
961.16131592	2.56862736
961.16546631	2.56862736
961.16961670	2.56862736
961.16961670	2.56862736
961.17358398	2.56862736
961.17773438	2.56862736
961.18182373	2.56862736
961.18597412	2.56862736
961.19012451	2.56862736
961.19012451	2.56862736
961.19421387	2.56862736
961.19818115	2.56862736
961.20233154	2.56862736
961.20233154	2.56862736
961.20629883	2.56862736
961.21038818	2.56862736
961.21453857	2.56862736
961.21453857	2.56862736
961.21862793	2.56862736
961.22277832	2.56862736
961.22680664	2.56862736
961.23095703	2.56862736
961.23510742	2.56862736
961.23510742	2.56862736
961.23925781	2.56862736
961.24322510	2.56862736
961.24731445	2.58823538
961.24731445	2.56862736
961.25146484	2.58823538
961.25555420	2.58823538
961.25964355	2.58823538
961.25964355	2.58823538
961.26367188	2.58823538
961.26776123	2.58823538
961.27191162	2.58823538
961.27600098	2.58823538
961.28015137	2.58823538
961.28015137	2.58823538
961.28411865	2.58823538
961.28833008	2.58823538
961.29248047	2.58823538
961.29248047	2.58823538
961.29644775	2.58823538
961.30059814	2.58823538
961.30474854	2.58823538
961.30474854	2.58823538
961.30883789	2.58823538
961.31304932	2.58823538
961.31689453	2.58823538
961.31689453	2.58823538
961.32116699	2.58823538
961.32519531	2.58823538
961.32519531	2.58823538
961.32928467	2.58823538
961.33331299	2.58823538
961.33740234	2.58823538
961.33740234	2.58823538
961.34155273	2.58823538
961.34564209	2.58823538
961.34979248	2.58823538
961.34979248	2.58823538
961.35382080	2.58823538
961.35797119	2.58823538
961.36206055	2.58823538
961.36206055	2.58823538
961.36621094	2.58823538
961.37030029	2.58823538
961.37030029	2.58823538
961.37432861	2.58823538
961.37841797	2.58823538
961.38250732	2.58823538
961.38250732	2.58823538
961.38653564	2.56862736
961.39068604	2.56862736
961.39477539	2.56862736
961.39477539	2.56862736
961.39886475	2.56862736
961.40289307	2.56862736
961.40716553	2.54901958
961.40716553	2.54901958
961.41119385	2.54901958
961.41528320	2.54901958
961.41528320	2.54901958
961.41943359	2.52941179
961.42346191	2.52941179
961.42761230	2.52941179
961.42761230	2.52941179
961.43170166	2.52941179
961.43579102	2.50980401
961.43994141	2.50980401
961.43994141	2.50980401
961.44390869	2.50980401
961.44805908	2.50980401
961.45214844	2.50980401
961.45214844	2.50980401
961.45623779	2.50980401
961.46032715	2.50980401
961.46032715	2.50980401
961.46447754	2.50980401
961.46850586	2.50980401
961.47265625	2.50980401
961.47265625	2.50980401
961.47668457	2.50980401
961.48077393	2.50980401
961.48492432	2.50980401
961.48492432	2.50980401
961.48907471	2.50980401
961.49322510	2.50980401
961.49719238	2.50980401
961.49719238	2.50980401
961.50158691	2.50980401
961.50543213	2.50980401
961.50958252	2.50980401
961.51367188	2.50980401
961.51770020	2.50980401
961.51770020	2.50980401
961.52197266	2.50980401
961.52722168	2.50980401
961.53015137	2.50980401
961.53015137	2.52941179
961.53503418	2.52941179
961.53814697	2.52941179
961.54266357	2.52941179
961.54266357	2.52941179
961.54632568	2.52941179
961.55090332	2.52941179
961.55468750	2.52941179
961.55865479	2.52941179
961.56280518	2.54901958
961.56280518	2.54901958
961.56677246	2.54901958
961.57092285	2.54901958
961.57501221	2.54901958
961.57501221	2.54901958
961.57910156	2.56862736
961.58312988	2.56862736
961.58728027	2.56862736
961.58728027	2.56862736
961.59136963	2.56862736
961.59552002	2.56862736
961.59960938	2.56862736
961.60369873	2.56862736
961.60784912	2.56862736
961.60784912	2.56862736
961.61187744	2.56862736
961.61596680	2.58823538
961.62030029	2.58823538
961.62030029	2.58823538
961.62414551	2.58823538
961.62829590	2.58823538
961.63238525	2.58823538
961.63238525	2.58823538
961.63641357	2.58823538
961.64050293	2.58823538
961.64471436	2.58823538
961.64874268	2.58823538
961.65289307	2.58823538
961.65289307	2.58823538
961.65686035	2.58823538
961.66101074	2.58823538
961.66516113	2.58823538
961.66516113	2.58823538
961.66925049	2.58823538
961.67327881	2.58823538
961.67742920	2.58823538
961.67742920	2.58823538
961.68151855	2.58823538
961.68560791	2.58823538
961.68975830	2.58823538
961.69372559	2.58823538
961.69787598	2.58823538
961.69787598	2.58823538
961.70196533	2.58823538
961.70611572	2.58823538
961.71008301	2.56862736
961.71008301	2.56862736
961.71429443	2.56862736
961.71838379	2.56862736
961.72253418	2.56862736
961.72253418	2.56862736
961.72650146	2.56862736
961.73065186	2.56862736
961.73480225	2.56862736
961.73895264	2.56862736
961.74310303	2.56862736
961.74310303	2.56862736
961.74719238	2.56862736
961.75122070	2.56862736
961.75524902	2.56862736
961.75524902	2.56862736
961.75939941	2.56862736
961.76336670	2.56862736
961.76751709	2.56862736
961.76751709	2.56862736
961.77166748	2.56862736
961.77575684	2.56862736
961.77978516	2.56862736
961.78387451	2.56862736
961.78820801	2.56862736
961.78820801	2.56862736
961.79223633	2.56862736
961.79638672	2.56862736
961.80035400	2.56862736
961.80035400	2.56862736
961.80438232	2.56862736
961.80859375	2.56862736
961.81274414	2.56862736
961.81274414	2.56862736
961.81665039	2.56862736
961.82073975	2.56862736
961.82489014	2.56862736
961.82489014	2.56862736
961.82904053	2.56862736
961.83319092	2.56862736
961.83319092	2.56862736
961.83715820	2.56862736
961.84130859	2.58823538
961.84539795	2.58823538
961.84539795	2.58823538
961.84954834	2.58823538
961.85351563	2.58823538
961.85772705	2.58823538
961.85772705	2.58823538
961.86187744	2.58823538
961.86596680	2.58823538
961.87005615	2.58823538
961.87005615	2.58823538
961.87414551	2.58823538
961.87817383	2.58823538
961.87817383	2.58823538
961.88226318	2.58823538
961.88629150	2.58823538
961.89038086	2.58823538
961.89038086	2.58823538
961.89453125	2.58823538
961.89862061	2.58823538
961.90277100	2.58823538
961.90277100	2.58823538
961.90679932	2.58823538
961.91094971	2.58823538
961.91510010	2.58823538
961.91510010	2.58823538
961.91925049	2.58823538
961.92340088	2.58823538
961.92340088	2.58823538
961.92730713	2.58823538
961.93145752	2.58823538
961.93554688	2.56862736
961.93554688	2.56862736
961.93957520	2.56862736
961.94378662	2.56862736
961.94781494	2.56862736
961.94781494	2.56862736
961.95190430	2.56862736
961.95605469	2.54901958
961.96014404	2.54901958
961.96014404	2.54901958
961.96417236	2.54901958
961.96826172	2.52941179
961.96826172	2.52941179
961.97241211	2.52941179
961.97637939	2.52941179
961.98052979	2.52941179
961.98052979	2.52941179
961.98468018	2.52941179
961.98889160	2.50980401
961.99298096	2.50980401
961.99298096	2.50980401
961.99694824	2.50980401
962.00109863	2.50980401
962.00518799	2.50980401
962.00518799	2.50980401
962.00927734	2.50980401
962.01348877	2.50980401
962.01348877	2.50980401
962.01739502	2.50980401
962.02154541	2.50980401
962.02563477	2.49019599
962.02563477	2.49019599
962.02966309	2.49019599
962.03381348	2.49019599
962.03802490	2.49019599
962.03802490	2.49019599
962.04205322	2.49019599
962.04620361	2.49019599
962.05023193	2.49019599
962.05023193	2.49019599
962.05426025	2.49019599
962.05847168	2.50980401
962.06262207	2.50980401
962.06652832	2.50980401
962.07061768	2.50980401
962.07061768	2.50980401
962.07476807	2.50980401
962.07891846	2.50980401
962.08300781	2.50980401
962.08300781	2.50980401
962.08715820	2.50980401
962.09112549	2.50980401
962.09527588	2.50980401
962.09527588	2.50980401
962.09942627	2.50980401
962.10345459	2.52941179
962.10760498	2.52941179
962.11163330	2.52941179
962.11584473	2.52941179
962.11584473	2.52941179
962.11987305	2.52941179
962.12390137	2.52941179
962.12817383	2.52941179
962.12817383	2.54901958
962.13214111	2.54901958
962.13616943	2.54901958
962.14025879	2.54901958
962.14025879	2.54901958
962.14440918	2.54901958
962.14849854	2.54901958
962.15264893	2.54901958
962.15661621	2.56862736
962.16082764	2.56862736
962.16082764	2.56862736
962.16497803	2.56862736
962.16912842	2.56862736
962.17321777	2.56862736
962.17321777	2.56862736
962.17718506	2.56862736
962.18139648	2.56862736
962.18542480	2.56862736
962.18542480	2.56862736
962.18957520	2.56862736
962.19354248	2.56862736
962.19775391	2.56862736
962.20184326	2.56862736
962.20593262	2.56862736
962.20593262	2.56862736
962.20989990	2.56862736
962.21423340	2.56862736
962.21826172	2.56862736
962.21826172	2.56862736
962.22241211	2.56862736
962.22625732	2.56862736
962.23040771	2.56862736
962.23040771	2.56862736
962.23449707	2.56862736
962.23864746	2.56862736
962.24279785	2.56862736
962.24676514	2.56862736
962.25091553	2.56862736
962.25091553	2.56862736
962.25506592	2.56862736
962.25915527	2.56862736
962.26324463	2.56862736
962.26324463	2.56862736
962.26733398	2.56862736
962.27142334	2.56862736
962.27551270	2.56862736
962.27551270	2.56862736
962.27954102	2.56862736
962.28363037	2.56862736
962.28778076	2.56862736
962.29187012	2.56862736
962.29608154	2.56862736
962.29608154	2.56862736
962.30023193	2.56862736
962.30419922	2.56862736
962.30834961	2.56862736
962.30834961	2.56862736
962.31250000	2.56862736
962.31640625	2.56862736
962.32049561	2.56862736
962.32049561	2.56862736
962.32464600	2.56862736
962.32879639	2.56862736
962.33288574	2.56862736
962.33691406	2.56862736
962.34112549	2.56862736
962.34112549	2.56862736
962.34515381	2.56862736
962.34930420	2.56862736
962.35345459	2.56862736
962.35345459	2.56862736
962.35748291	2.56862736
962.36157227	2.56862736
962.36572266	2.56862736
962.36572266	2.56862736
962.36968994	2.56862736
962.37384033	2.56862736
962.37792969	2.56862736
962.37792969	2.56862736
962.38201904	2.56862736
962.38616943	2.56862736
962.38616943	2.56862736
962.39013672	2.56862736
962.39428711	2.56862736
962.39837646	2.56862736
962.39837646	2.58823538
962.40252686	2.58823538
962.40655518	2.58823538
962.41070557	2.58823538
962.41070557	2.58823538
962.41485596	2.58823538
962.41894531	2.58823538
962.42309570	2.58823538
962.42309570	2.58823538
962.42724609	2.58823538
962.43121338	2.58823538
962.43121338	2.58823538
962.43536377	2.58823538
962.43951416	2.58823538
962.44348145	2.58823538
962.44348145	2.58823538
962.44757080	2.58823538
962.45159912	2.58823538
962.45574951	2.58823538
962.45574951	2.58823538
962.45971680	2.58823538
962.46392822	2.58823538
962.46813965	2.56862736
962.46813965	2.56862736
962.47216797	2.56862736
962.47625732	2.56862736
962.47625732	2.56862736
962.48028564	2.56862736
962.48443604	2.56862736
962.48858643	2.56862736
962.48858643	2.56862736
962.49267578	2.54901958
962.49670410	2.54901958
962.50079346	2.54901958
962.50079346	2.54901958
962.50494385	2.52941179
962.50903320	2.52941179
962.51312256	2.52941179
962.51312256	2.52941179
962.51715088	2.52941179
962.52124023	2.52941179
962.52124023	2.50980401
962.52545166	2.50980401
962.52935791	2.50980401
962.53356934	2.50980401
962.53356934	2.50980401
962.53765869	2.50980401
962.54180908	2.50980401
962.54595947	2.50980401
962.54595947	2.50980401
962.54992676	2.49019599
962.55419922	2.49019599
962.55822754	2.49019599
962.55822754	2.49019599
962.56237793	2.49019599
962.56640625	2.49019599
962.57037354	2.49019599
962.57452393	2.49019599
962.57861328	2.49019599
962.57861328	2.49019599
962.58276367	2.49019599
962.58673096	2.49019599
962.59088135	2.49019599
962.59088135	2.49019599
962.59503174	2.49019599
962.59918213	2.49019599
962.60339355	2.49019599
962.60339355	2.49019599
962.60736084	2.49019599
962.61145020	2.49019599
962.61560059	2.49019599
962.61956787	2.50980401
962.62371826	2.50980401
962.62371826	2.50980401
962.62774658	2.50980401
962.63189697	2.50980401
962.63604736	2.50980401
962.63604736	2.50980401
962.64013672	2.50980401
962.64416504	2.50980401
962.64825439	2.50980401
962.64825439	2.50980401
962.65240479	2.50980401
962.65649414	2.50980401
962.66052246	2.52941179
962.66473389	2.52941179
962.66882324	2.52941179
962.66882324	2.52941179
962.67285156	2.52941179
962.67694092	2.52941179
962.68121338	2.52941179
962.68121338	2.52941179
962.68524170	2.52941179
962.68933105	2.52941179
962.69348145	2.52941179
962.69348145	2.52941179
962.69738770	2.54901958
962.70147705	2.54901958
962.70562744	2.54901958
962.70959473	2.54901958
962.71380615	2.54901958
962.71380615	2.54901958
962.71789551	2.54901958
962.72204590	2.54901958
962.72613525	2.54901958
962.72613525	2.54901958
962.73016357	2.54901958
962.73431396	2.54901958
962.73846436	2.54901958
962.73846436	2.56862736
962.74261475	2.56862736
962.74658203	2.56862736
962.75067139	2.56862736
962.75476074	2.56862736
962.75891113	2.56862736
962.75891113	2.56862736
962.76287842	2.56862736
962.76715088	2.56862736
962.77111816	2.56862736
962.77111816	2.56862736
962.77526855	2.56862736
962.77935791	2.56862736
962.78338623	2.56862736
962.78338623	2.56862736
962.78753662	2.56862736
962.79168701	2.56862736
962.79583740	2.56862736
962.79986572	2.56862736
962.80395508	2.56862736
962.80395508	2.56862736
962.80810547	2.56862736
962.81219482	2.56862736
962.81628418	2.54901958
962.81628418	2.56862736
962.82025146	2.56862736
962.82440186	2.56862736
962.82849121	2.56862736
962.82849121	2.56862736
962.83264160	2.56862736
962.83666992	2.56862736
962.84075928	2.56862736
962.84484863	2.56862736
962.84906006	2.56862736
962.84906006	2.56862736
962.85321045	2.56862736
962.85717773	2.56862736
962.86132813	2.56862736
962.86132813	2.56862736
962.86547852	2.56862736
962.86944580	2.56862736
962.87353516	2.56862736
962.87353516	2.56862736
962.87762451	2.56862736
962.88177490	2.56862736
962.88586426	2.56862736
962.88989258	2.56862736
962.89416504	2.56862736
962.89416504	2.56862736
962.89813232	2.56862736
962.90228271	2.56862736
962.90643311	2.56862736
962.90643311	2.56862736
962.91040039	2.56862736
962.91455078	2.56862736
962.91870117	2.56862736
962.91870117	2.56862736
962.92285156	2.56862736
962.92681885	2.56862736
962.93096924	2.56862736
962.93096924	2.56862736
962.93511963	2.56862736
962.93920898	2.56862736
962.93920898	2.56862736
962.94317627	2.56862736
962.94738770	2.56862736
962.95147705	2.56862736
962.95147705	2.56862736
962.95556641	2.56862736
962.95959473	2.56862736
962.96374512	2.56862736
962.96374512	2.56862736
962.96783447	2.56862736
962.97198486	2.56862736
962.97601318	2.56862736
962.97601318	2.56862736
962.98016357	2.56862736
962.98413086	2.56862736
962.98413086	2.56862736
962.98828125	2.56862736
962.99237061	2.56862736
962.99652100	2.56862736
962.99652100	2.56862736
963.00061035	2.56862736
963.00469971	2.56862736
963.00878906	2.56862736
963.00878906	2.56862736
963.01275635	2.56862736
963.01690674	2.56862736
963.02111816	2.56862736
963.02111816	2.56862736
963.02514648	2.56862736
963.02923584	2.56862736
963.02923584	2.56862736
963.03326416	2.54901958
963.03741455	2.54901958
963.04156494	2.54901958
963.04156494	2.54901958
963.04571533	2.54901958
963.04968262	2.52941179
963.05383301	2.52941179
963.05383301	2.52941179
963.05792236	2.52941179
963.06207275	2.52941179
963.06616211	2.52941179
963.06616211	2.50980401
963.07012939	2.50980401
963.07427979	2.50980401
963.07427979	2.50980401
963.07836914	2.50980401
963.08251953	2.50980401
963.08673096	2.50980401
963.08673096	2.50980401
963.09063721	2.49019599
963.09478760	2.49019599
963.09893799	2.49019599
963.09893799	2.49019599
963.10296631	2.49019599
963.10711670	2.49019599
963.11120605	2.49019599
963.11120605	2.49019599
963.11535645	2.49019599
963.11944580	2.49019599
963.12341309	2.49019599
963.12750244	2.49019599
963.13159180	2.49019599
963.13159180	2.49019599
963.13574219	2.47058821
963.13977051	2.49019599
963.14392090	2.49019599
963.14392090	2.49019599
963.14801025	2.49019599
963.15216064	2.49019599
963.15625000	2.49019599
963.15625000	2.49019599
963.16027832	2.49019599
963.16442871	2.49019599
963.16851807	2.49019599
963.17266846	2.49019599
963.17663574	2.49019599
963.17663574	2.49019599
963.18078613	2.49019599
963.18487549	2.49019599
963.18902588	2.50980401
963.18902588	2.50980401
963.19311523	2.50980401
963.19714355	2.50980401
963.20123291	2.50980401
963.20123291	2.50980401
963.20544434	2.50980401
963.20953369	2.50980401
963.21356201	2.50980401
963.21765137	2.50980401
963.22180176	2.50980401
963.22180176	2.52941179
963.22589111	2.52941179
963.22985840	2.52941179
963.23406982	2.52941179
963.23406982	2.52941179
963.23809814	2.52941179
963.24218750	2.52941179
963.24633789	2.52941179
963.24633789	2.52941179
963.25067139	2.52941179
963.25451660	2.52941179
963.25860596	2.54901958
963.26269531	2.54901958
963.26672363	2.54901958
963.26672363	2.54901958
963.27087402	2.54901958
963.27502441	2.54901958
963.27911377	2.54901958
963.27911377	2.54901958
963.28308105	2.54901958
963.28729248	2.54901958
963.29138184	2.54901958
963.29138184	2.54901958
963.29547119	2.54901958
963.29962158	2.54901958
963.30358887	2.54901958
963.30773926	2.54901958
963.31188965	2.54901958
963.31188965	2.54901958
963.31597900	2.54901958
963.32012939	2.54901958
963.32409668	2.54901958
963.32409668	2.54901958
963.32824707	2.54901958
963.33233643	2.54901958
963.33648682	2.54901958
963.33648682	2.54901958
963.34051514	2.54901958
963.34460449	2.54901958
963.34875488	2.54901958
963.35290527	2.54901958
963.35693359	2.54901958
963.35693359	2.54901958
963.36102295	2.54901958
963.36517334	2.54901958
963.36926270	2.54901958
963.36926270	2.54901958
963.37329102	2.54901958
963.37744141	2.54901958
963.38146973	2.54901958
963.38146973	2.54901958
963.38562012	2.54901958
963.38977051	2.54901958
963.39379883	2.54901958
963.39788818	2.54901958
963.40203857	2.54901958
963.40203857	2.54901958
963.40612793	2.54901958
963.41015625	2.54901958
963.41430664	2.54901958
963.41430664	2.54901958
963.41845703	2.54901958
963.42260742	2.54901958
963.42669678	2.54901958
963.42669678	2.54901958
963.43072510	2.54901958
963.43481445	2.54901958
963.43890381	2.54901958
963.43890381	2.54901958
963.44287109	2.54901958
963.44714355	2.54901958
963.44714355	2.54901958
963.45111084	2.54901958
963.45526123	2.56862736
963.45935059	2.56862736
963.45935059	2.56862736
963.46337891	2.56862736
963.46752930	2.56862736
963.47174072	2.56862736
963.47174072	2.56862736
963.47583008	2.56862736
963.47985840	2.56862736
963.48394775	2.56862736
963.48394775	2.56862736
963.48803711	2.56862736
963.49218750	2.56862736
963.49218750	2.56862736
963.49633789	2.56862736
963.50030518	2.56862736
963.50445557	2.56862736
963.50445557	2.56862736
963.50854492	2.56862736
963.51263428	2.56862736
963.51678467	2.56862736
963.51678467	2.56862736
963.52075195	2.56862736
963.52490234	2.56862736
963.52899170	2.56862736
963.52899170	2.56862736
963.53314209	2.56862736
963.53710938	2.56862736
963.53710938	2.56862736
963.54132080	2.56862736
963.54541016	2.56862736
963.54949951	2.56862736
963.54949951	2.56862736
963.55358887	2.56862736
963.55767822	2.56862736
963.56182861	2.56862736
963.56182861	2.56862736
963.56585693	2.56862736
963.56988525	2.56862736
963.57415771	2.56862736
963.57415771	2.56862736
963.57812500	2.56862736
963.58221436	2.56862736
963.58221436	2.56862736
963.58630371	2.56862736
963.59039307	2.54901958
963.59454346	2.54901958
963.59454346	2.54901958
963.59863281	2.54901958
963.60278320	2.54901958
963.60687256	2.54901958
963.60687256	2.52941179
963.61096191	2.52941179
963.61511230	2.52941179
963.61920166	2.52941179
963.61920166	2.52941179
963.62316895	2.52941179
963.62725830	2.52941179
963.62725830	2.50980401
963.63134766	2.50980401
963.63549805	2.50980401
963.63964844	2.50980401
963.63964844	2.50980401
963.64361572	2.50980401
963.64776611	2.50980401
963.65185547	2.50980401
963.65185547	2.50980401
963.65600586	2.49019599
963.66015625	2.49019599
963.66418457	2.49019599
963.66418457	2.49019599
963.66833496	2.49019599
963.67248535	2.49019599
963.67645264	2.49019599
963.68054199	2.49019599
963.68469238	2.49019599
963.68469238	2.49019599
963.68878174	2.49019599
963.69274902	2.49019599
963.69689941	2.49019599
963.69689941	2.49019599
963.70098877	2.49019599
963.70513916	2.49019599
963.70928955	2.49019599
963.70928955	2.49019599
963.71325684	2.49019599
963.71734619	2.49019599
963.72155762	2.49019599
963.72570801	2.49019599
963.72985840	2.49019599
963.72985840	2.49019599
963.73382568	2.49019599
963.73791504	2.49019599
963.74206543	2.49019599
963.74206543	2.50980401
963.74621582	2.50980401
963.75018311	2.50980401
963.75433350	2.50980401
963.75433350	2.50980401
963.75848389	2.50980401
963.76263428	2.50980401
963.76660156	2.50980401
963.77069092	2.50980401
963.77484131	2.50980401
963.77484131	2.50980401
963.77899170	2.52941179
963.78295898	2.52941179
963.78710938	2.52941179
963.78710938	2.52941179
963.79113770	2.52941179
963.79522705	2.52941179
963.79937744	2.52941179
963.79937744	2.52941179
963.80340576	2.52941179
963.80749512	2.52941179
963.81170654	2.52941179
963.81579590	2.54901958
963.81988525	2.54901958
963.81988525	2.54901958
963.82391357	2.54901958
963.82800293	2.54901958
963.83215332	2.54901958
963.83215332	2.54901958
963.83612061	2.54901958
963.84027100	2.54901958
963.84436035	2.54901958
963.84436035	2.54901958
963.84851074	2.54901958
963.85266113	2.54901958
963.85668945	2.54901958
963.86077881	2.54901958
963.86492920	2.54901958
963.86492920	2.54901958
963.86901855	2.54901958
963.87316895	2.56862736
963.87713623	2.56862736
963.87713623	2.56862736
963.88122559	2.56862736
963.88537598	2.54901958
963.88952637	2.56862736
963.88952637	2.56862736
963.89349365	2.56862736
963.89758301	2.54901958
963.90173340	2.56862736
963.90588379	2.54901958
963.91003418	2.56862736
963.91003418	2.56862736
963.91418457	2.54901958
963.91821289	2.54901958
963.92236328	2.56862736
963.92236328	2.56862736
963.92633057	2.56862736
963.93041992	2.56862736
963.93457031	2.56862736
963.93457031	2.56862736
963.93865967	2.56862736
963.94274902	2.56862736
963.94677734	2.56862736
963.95086670	2.56862736
963.95501709	2.56862736
963.95501709	2.56862736
963.95910645	2.56862736
963.96313477	2.56862736
963.96722412	2.56862736
963.96722412	2.56862736
963.97143555	2.56862736
963.97558594	2.56862736
963.97973633	2.56862736
963.97973633	2.56862736
963.98364258	2.56862736
963.98779297	2.56862736
963.99194336	2.56862736
963.99194336	2.56862736
963.99603271	2.56862736
964.00018311	2.56862736
964.00018311	2.56862736
964.00421143	2.56862736
964.00823975	2.56862736
964.01239014	2.56862736
964.01239014	2.56862736
964.01635742	2.56862736
964.02050781	2.56862736
964.02459717	2.56862736
964.02459717	2.56862736
964.02874756	2.56862736
964.03283691	2.56862736
964.03686523	2.56862736
964.03686523	2.56862736
964.04101563	2.56862736
964.04522705	2.56862736
964.04522705	2.56862736
964.04931641	2.58823538
964.05334473	2.58823538
964.05743408	2.58823538
964.05743408	2.58823538
964.06158447	2.58823538
964.06573486	2.58823538
964.06976318	2.58823538
964.06976318	2.58823538
964.07373047	2.58823538
964.07788086	2.58823538
964.08197021	2.58823538
964.08197021	2.58823538
964.08612061	2.58823538
964.09008789	2.58823538
964.09008789	2.58823538
964.09423828	2.58823538
964.09838867	2.58823538
964.10253906	2.58823538
964.10253906	2.58823538
964.10656738	2.58823538
964.11065674	2.58823538
964.11480713	2.58823538
964.11480713	2.58823538
964.11895752	2.58823538
964.12304688	2.58823538
964.12713623	2.58823538
964.12713623	2.58823538
964.13116455	2.58823538
964.13525391	2.58823538
964.13525391	2.58823538
964.13940430	2.58823538
964.14337158	2.56862736
964.14752197	2.56862736
964.14752197	2.56862736
964.15161133	2.56862736
964.15576172	2.56862736
964.15991211	2.56862736
964.15991211	2.56862736
964.16394043	2.56862736
964.16809082	2.56862736
964.17224121	2.54901958
964.17224121	2.54901958
964.17620850	2.54901958
964.18029785	2.54901958
964.18444824	2.52941179
964.18853760	2.52941179
964.19262695	2.52941179
964.19262695	2.52941179
964.19659424	2.52941179
964.20074463	2.52941179
964.20489502	2.52941179
964.20489502	2.52941179
964.20898438	2.50980401
964.21313477	2.50980401
964.21710205	2.50980401
964.21710205	2.50980401
964.22125244	2.50980401
964.22540283	2.50980401
964.22955322	2.50980401
964.23352051	2.50980401
964.23760986	2.50980401
964.23760986	2.50980401
964.24182129	2.50980401
964.24597168	2.50980401
964.25006104	2.50980401
964.25006104	2.50980401
964.25415039	2.50980401
964.25811768	2.50980401
964.26226807	2.50980401
964.26226807	2.50980401
964.26623535	2.50980401
964.27038574	2.50980401
964.27447510	2.50980401
964.27862549	2.50980401
964.28271484	2.50980401
964.28271484	2.50980401
964.28674316	2.50980401
964.29089355	2.50980401
964.29510498	2.50980401
964.29510498	2.50980401
964.29913330	2.50980401
964.30316162	2.50980401
964.30731201	2.50980401
964.30731201	2.52941179
964.31134033	2.52941179
964.31567383	2.52941179
964.31964111	2.52941179
964.32360840	2.52941179
964.32775879	2.52941179
964.32775879	2.52941179
964.33184814	2.52941179
964.33599854	2.52941179
964.34014893	2.52941179
964.34014893	2.52941179
964.34411621	2.52941179
964.34826660	2.54901958
964.35235596	2.54901958
964.35235596	2.54901958
964.35638428	2.54901958
964.36047363	2.54901958
964.36456299	2.54901958
964.36871338	2.54901958
964.37286377	2.54901958
964.37286377	2.56862736
964.37689209	2.56862736
964.38098145	2.56862736
964.38513184	2.56862736
964.38513184	2.56862736
964.38928223	2.56862736
964.39318848	2.56862736
964.39739990	2.56862736
964.39739990	2.56862736
964.40142822	2.56862736
964.40563965	2.56862736
964.40972900	2.56862736
964.41375732	2.56862736
964.41790771	2.56862736
964.41790771	2.56862736
964.42205811	2.56862736
964.42614746	2.56862736
964.43011475	2.56862736
964.43011475	2.56862736
964.43426514	2.56862736
964.43835449	2.56862736
964.44250488	2.56862736
964.44250488	2.56862736
964.44653320	2.56862736
964.45062256	2.56862736
964.45477295	2.56862736
964.45886230	2.56862736
964.46301270	2.56862736
964.46301270	2.56862736
964.46710205	2.56862736
964.47113037	2.56862736
964.47534180	2.56862736
964.47534180	2.56862736
964.47943115	2.56862736
964.48339844	2.56862736
964.48754883	2.56862736
964.48754883	2.56862736
964.49169922	2.56862736
964.49584961	2.56862736
964.49993896	2.56862736
964.49993896	2.56862736
964.50390625	2.56862736
964.50811768	2.56862736
964.50811768	2.56862736
964.51220703	2.56862736
964.51623535	2.56862736
964.52026367	2.56862736
964.52026367	2.56862736
964.52435303	2.56862736
964.52850342	2.56862736
964.53259277	2.56862736
964.53259277	2.56862736
964.53662109	2.56862736
964.54071045	2.56862736
964.54492188	2.56862736
964.54492188	2.56862736
964.54907227	2.56862736
964.55322266	2.56862736
964.55322266	2.56862736
964.55718994	2.56862736
964.56127930	2.56862736
964.56536865	2.56862736
964.56536865	2.56862736
964.56945801	2.56862736
964.57348633	2.56862736
964.57763672	2.58823538
964.57763672	2.58823538
964.58172607	2.58823538
964.58587646	2.58823538
964.58996582	2.58823538
964.58996582	2.58823538
964.59411621	2.58823538
964.59808350	2.58823538
964.59808350	2.58823538
964.60229492	2.58823538
964.60632324	2.58823538
964.61041260	2.58823538
964.61041260	2.58823538
964.61456299	2.58823538
964.61865234	2.58823538
964.62280273	2.58823538
964.62280273	2.58823538
964.62677002	2.58823538
964.63092041	2.58823538
964.63494873	2.58823538
964.63494873	2.58823538
964.63916016	2.58823538
964.64324951	2.58823538
964.64324951	2.58823538
964.64727783	2.58823538
964.65136719	2.58823538
964.65551758	2.58823538
964.65551758	2.58823538
964.65948486	2.58823538
964.66363525	2.58823538
964.66778564	2.58823538
964.66778564	2.58823538
964.67199707	2.58823538
964.67608643	2.58823538
964.68017578	2.58823538
964.68017578	2.58823538
964.68420410	2.58823538
964.68829346	2.58823538
964.69238281	2.58823538
964.69641113	2.58823538
964.70050049	2.56862736
964.70050049	2.56862736
964.70465088	2.56862736
964.70874023	2.56862736
964.71289063	2.56862736
964.71289063	2.56862736
964.71685791	2.54901958
964.72106934	2.54901958
964.72515869	2.54901958
964.72515869	2.54901958
964.72930908	2.54901958
964.73333740	2.52941179
964.73742676	2.52941179
964.74151611	2.52941179
964.74572754	2.52941179
964.74572754	2.52941179
964.74963379	2.52941179
964.75378418	2.50980401
964.75787354	2.50980401
964.75787354	2.50980401
964.76196289	2.50980401
964.76611328	2.50980401
964.77014160	2.50980401
964.77014160	2.50980401
964.77423096	2.50980401
964.77838135	2.50980401
964.78247070	2.50980401
964.78649902	2.50980401
964.79064941	2.50980401
964.79064941	2.50980401
964.79479980	2.50980401
964.79895020	2.50980401
964.80310059	2.50980401
964.80310059	2.50980401
964.80718994	2.50980401
964.81121826	2.50980401
964.81530762	2.50980401
964.81530762	2.50980401
964.81933594	2.50980401
964.82336426	2.50980401
964.82751465	2.50980401
964.83160400	2.50980401
964.83575439	2.50980401
964.83575439	2.50980401
964.83972168	2.50980401
964.84387207	2.50980401
964.84814453	2.52941179
964.84814453	2.52941179
964.85217285	2.52941179
964.85620117	2.52941179
964.86029053	2.52941179
964.86029053	2.52941179
964.86444092	2.52941179
964.86853027	2.52941179
964.87268066	2.52941179
964.87670898	2.52941179
964.88079834	2.52941179
964.88079834	2.54901958
964.88482666	2.54901958
964.88903809	2.54901958
964.89312744	2.54901958
964.89312744	2.54901958
964.89715576	2.54901958
964.90124512	2.54901958
964.90539551	2.54901958
964.90539551	2.56862736
964.90942383	2.56862736
964.91351318	2.56862736
964.91766357	2.56862736
964.92181396	2.56862736
964.92596436	2.56862736
964.92596436	2.56862736
964.92993164	2.56862736
964.93420410	2.56862736
964.93811035	2.56862736
964.93811035	2.56862736
964.94226074	2.56862736
964.94622803	2.56862736
964.95037842	2.56862736
964.95037842	2.56862736
964.95446777	2.56862736
964.95861816	2.56862736
964.96270752	2.56862736
964.96673584	2.56862736
964.97088623	2.56862736
964.97088623	2.56862736
964.97509766	2.56862736
964.97918701	2.56862736
964.98333740	2.56862736
964.98333740	2.56862736
964.98724365	2.56862736
964.99145508	2.56862736
964.99554443	2.56862736
964.99554443	2.56862736
964.99957275	2.56862736
965.00360107	2.56862736
965.00775146	2.56862736
965.01190186	2.56862736
965.01599121	2.56862736
965.01599121	2.56862736
965.02014160	2.56862736
965.02410889	2.56862736
965.02825928	2.56862736
965.02825928	2.56862736
965.03234863	2.56862736
965.03643799	2.56862736
965.04046631	2.56862736
965.04046631	2.56862736
965.04467773	2.56862736
965.04882813	2.56862736
965.05291748	2.56862736
965.05291748	2.56862736
965.05688477	2.56862736
965.06121826	2.56862736
965.06121826	2.56862736
965.06518555	2.56862736
965.06927490	2.56862736
965.07336426	2.56862736
965.07336426	2.56862736
965.07739258	2.56862736
965.08148193	2.56862736
965.08569336	2.56862736
965.08569336	2.56862736
965.08966064	2.56862736
965.09375000	2.56862736
965.09783936	2.56862736
965.09783936	2.56862736
965.10198975	2.56862736
965.10620117	2.56862736
965.10620117	2.56862736
965.11016846	2.56862736
965.11431885	2.56862736
965.11840820	2.56862736
965.11840820	2.56862736
965.12255859	2.56862736
965.12658691	2.56862736
965.13061523	2.56862736
965.13061523	2.56862736
965.13470459	2.56862736
965.13885498	2.56862736
965.14300537	2.56862736
965.14300537	2.56862736
965.14715576	2.56862736
965.15112305	2.56862736
965.15112305	2.56862736
965.15527344	2.56862736
965.15936279	2.56862736
965.16339111	2.56862736
965.16339111	2.58823538
965.16754150	2.58823538
965.17169189	2.58823538
965.17584229	2.58823538
965.17584229	2.58823538
965.17980957	2.58823538
965.18389893	2.58823538
965.18811035	2.58823538
965.18811035	2.58823538
965.19213867	2.58823538
965.19622803	2.58823538
965.19622803	2.58823538
965.20025635	2.58823538
965.20434570	2.58823538
965.20849609	2.58823538
965.20849609	2.58823538
965.21258545	2.58823538
965.21661377	2.58823538
965.22076416	2.58823538
965.22076416	2.58823538
965.22485352	2.58823538
965.22906494	2.58823538
965.23321533	2.58823538
965.23321533	2.58823538
965.23712158	2.58823538
965.24127197	2.58823538
965.24542236	2.56862736
965.24951172	2.56862736
965.25347900	2.56862736
965.25347900	2.56862736
965.25762939	2.56862736
965.26171875	2.56862736
965.26586914	2.56862736
965.26586914	2.54901958
965.27001953	2.54901958
965.27410889	2.54901958
965.27807617	2.54901958
965.27807617	2.54901958
965.28228760	2.52941179
965.28643799	2.52941179
965.29034424	2.52941179
965.29455566	2.52941179
965.29870605	2.52941179
965.29870605	2.50980401
965.30279541	2.50980401
965.30682373	2.50980401
965.31091309	2.50980401
965.31091309	2.50980401
965.31506348	2.50980401
965.31915283	2.50980401
965.32330322	2.50980401
965.32330322	2.50980401
965.32720947	2.50980401
965.33142090	2.49019599
965.33551025	2.49019599
965.33953857	2.49019599
965.34362793	2.49019599
965.34362793	2.49019599
965.34771729	2.49019599
965.35211182	2.49019599
965.35601807	2.49019599
965.35601807	2.49019599
965.36016846	2.49019599
965.36413574	2.49019599
965.36834717	2.49019599
965.36834717	2.49019599
965.37243652	2.49019599
965.37646484	2.49019599
965.38049316	2.49019599
965.38458252	2.50980401
965.38879395	2.50980401
965.38879395	2.50980401
965.39282227	2.50980401
965.39691162	2.50980401
965.40112305	2.50980401
965.40112305	2.50980401
965.40509033	2.50980401
965.40930176	2.50980401
965.41345215	2.50980401
965.41345215	2.50980401
965.41735840	2.50980401
965.42150879	2.50980401
965.42553711	2.52941179
965.42962646	2.52941179
965.43371582	2.52941179
965.43371582	2.52941179
965.43786621	2.52941179
965.44195557	2.52941179
965.44604492	2.52941179
965.44604492	2.52941179
965.45007324	2.52941179
965.45428467	2.52941179
965.45831299	2.54901958
965.45831299	2.54901958
965.46246338	2.54901958
965.46643066	2.54901958
965.47058105	2.54901958
965.47473145	2.54901958
965.47888184	2.54901958
965.47888184	2.54901958
965.48291016	2.54901958
965.48712158	2.54901958
965.49108887	2.54901958
965.49108887	2.56862736
965.49530029	2.56862736
965.49932861	2.56862736
965.50341797	2.56862736
965.50341797	2.56862736
965.50750732	2.56862736
965.51159668	2.56862736
965.51568604	2.56862736
965.51971436	2.56862736
965.52386475	2.56862736
965.52386475	2.56862736
965.52795410	2.56862736
965.53210449	2.56862736
965.53625488	2.56862736
965.53625488	2.56862736
965.54028320	2.56862736
965.54437256	2.56862736
965.54852295	2.56862736
965.54852295	2.56862736
965.55261230	2.56862736
965.55670166	2.56862736
965.56085205	2.56862736
965.56085205	2.56862736
965.56494141	2.56862736
965.56909180	2.56862736
965.56909180	2.56862736
965.57324219	2.56862736
965.57720947	2.56862736
965.58129883	2.56862736
965.58129883	2.56862736
965.58544922	2.56862736
965.58959961	2.56862736
965.59356689	2.56862736
965.59356689	2.56862736
965.59765625	2.56862736
965.60180664	2.56862736
965.60595703	2.56862736
965.60595703	2.56862736
965.60998535	2.56862736
965.61419678	2.56862736
965.61419678	2.56862736
965.61810303	2.56862736
965.62231445	2.56862736
965.62640381	2.56862736
965.62640381	2.56862736
965.63037109	2.56862736
965.63452148	2.56862736
965.63867188	2.56862736
965.63867188	2.56862736
965.64282227	2.56862736
965.64678955	2.56862736
965.65093994	2.56862736
965.65093994	2.56862736
965.65502930	2.56862736
965.65917969	2.56862736
965.65917969	2.56862736
965.66314697	2.56862736
965.66735840	2.56862736
965.67144775	2.56862736
965.67144775	2.56862736
965.67559814	2.56862736
965.67956543	2.56862736
965.68371582	2.56862736
965.68371582	2.56862736
965.68786621	2.56862736
965.69195557	2.56862736
965.69610596	2.56862736
965.69610596	2.56862736
965.70019531	2.56862736
965.70416260	2.56862736
965.70416260	2.56862736
965.70825195	2.56862736
965.71234131	2.56862736
965.71649170	2.56862736
965.71649170	2.56862736
965.72052002	2.58823538
965.72460938	2.58823538
965.72875977	2.58823538
965.72875977	2.58823538
965.73284912	2.58823538
965.73687744	2.58823538
965.74121094	2.58823538
965.74121094	2.58823538
965.74517822	2.58823538
965.74926758	2.58823538
965.74926758	2.58823538
965.75323486	2.58823538
965.75738525	2.58823538
965.76147461	2.58823538
965.76147461	2.58823538
965.76568604	2.58823538
965.76959229	2.58823538
965.77374268	2.58823538
965.77374268	2.58823538
965.77789307	2.58823538
965.78198242	2.58823538
965.78619385	2.58823538
965.78619385	2.58823538
965.79016113	2.58823538
965.79431152	2.58823538
965.79833984	2.58823538
965.80255127	2.58823538
965.80657959	2.58823538
965.80657959	2.58823538
965.81066895	2.58823538
965.81475830	2.58823538
965.81884766	2.56862736
965.81884766	2.56862736
965.82287598	2.56862736
965.82708740	2.56862736
965.83117676	2.56862736
965.83117676	2.56862736
965.83532715	2.56862736
965.83941650	2.56862736
965.84344482	2.54901958
965.84759521	2.54901958
965.85174561	2.54901958
965.85174561	2.54901958
965.85583496	2.52941179
965.85980225	2.52941179
965.86395264	2.52941179
965.86395264	2.52941179
965.86810303	2.52941179
965.87219238	2.52941179
965.87628174	2.52941179
965.87628174	2.52941179
965.88031006	2.52941179
965.88446045	2.50980401
965.88861084	2.50980401
965.89276123	2.50980401
965.89685059	2.50980401
965.89685059	2.50980401
965.90087891	2.50980401
965.90496826	2.50980401
965.90911865	2.50980401
965.90911865	2.50980401
965.91326904	2.50980401
965.91723633	2.50980401
965.92138672	2.50980401
965.92138672	2.50980401
965.92547607	2.50980401
965.92962646	2.50980401
965.93359375	2.50980401
965.93798828	2.50980401
965.94183350	2.50980401
965.94183350	2.50980401
965.94592285	2.50980401
965.94995117	2.50980401
965.95416260	2.50980401
965.95416260	2.50980401
965.95825195	2.50980401
965.96234131	2.50980401
965.96643066	2.50980401
965.96643066	2.50980401
965.97045898	2.52941179
965.97454834	2.52941179
965.97863770	2.52941179
965.98272705	2.52941179
965.98681641	2.52941179
965.98681641	2.52941179
965.99084473	2.52941179
965.99499512	2.52941179
965.99908447	2.52941179
965.99908447	2.52941179
966.00311279	2.54901958
966.00726318	2.54901958
966.01135254	2.54901958
966.01135254	2.54901958
966.01550293	2.54901958
966.01959229	2.54901958
966.02368164	2.56862736
966.02770996	2.56862736
966.03186035	2.56862736
966.03186035	2.56862736
966.03601074	2.56862736
966.04016113	2.56862736
966.04412842	2.56862736
966.04412842	2.56862736
966.04827881	2.56862736
966.05242920	2.56862736
966.05651855	2.56862736
966.05651855	2.56862736
966.06048584	2.56862736
966.06463623	2.56862736
966.06878662	2.56862736
966.07293701	2.56862736
966.07696533	2.56862736
966.07696533	2.56862736
966.08105469	2.56862736
966.08520508	2.56862736
966.08935547	2.56862736
966.08935547	2.56862736
966.09332275	2.58823538
966.09741211	2.58823538
966.10150146	2.58823538
966.10150146	2.58823538
966.10565186	2.56862736
966.10961914	2.56862736
966.11376953	2.58823538
966.11376953	2.56862736
966.11785889	2.56862736
966.12200928	2.56862736
966.12200928	2.56862736
966.12622070	2.56862736
966.13012695	2.56862736
966.13421631	2.56862736
966.13421631	2.56862736
966.13836670	2.56862736
966.14251709	2.56862736
966.14660645	2.56862736
966.14660645	2.56862736
966.15063477	2.56862736
966.15472412	2.56862736
966.15887451	2.56862736
966.15887451	2.56862736
966.16284180	2.56862736
966.16711426	2.56862736
966.16711426	2.56862736
966.17114258	2.56862736
966.17529297	2.56862736
966.17938232	2.56862736
966.17938232	2.56862736
966.18341064	2.56862736
966.18750000	2.56862736
966.19158936	2.56862736
966.19158936	2.56862736
966.19573975	2.56862736
966.19976807	2.56862736
966.20385742	2.56862736
966.20385742	2.56862736
966.20800781	2.56862736
966.21209717	2.56862736
966.21209717	2.56862736
966.21624756	2.56862736
966.22027588	2.56862736
966.22436523	2.56862736
966.22436523	2.56862736
966.22851563	2.56862736
966.23260498	2.56862736
966.23681641	2.56862736
966.23681641	2.56862736
966.24072266	2.56862736
966.24487305	2.56862736
966.24902344	2.56862736
966.24902344	2.56862736
966.25311279	2.56862736
966.25708008	2.56862736
966.25708008	2.56862736
966.26123047	2.56862736
966.26531982	2.56862736
966.26947021	2.56862736
966.26947021	2.56862736
966.27349854	2.56862736
966.27758789	2.56862736
966.28173828	2.56862736
966.28173828	2.56862736
966.28588867	2.56862736
966.28991699	2.56862736
966.29412842	2.56862736
966.29412842	2.56862736
966.29815674	2.56862736
966.30230713	2.58823538
966.30621338	2.58823538
966.31042480	2.56862736
966.31451416	2.56862736
966.31451416	2.58823538
966.31854248	2.58823538
966.32269287	2.58823538
966.32672119	2.58823538
966.32672119	2.58823538
966.33087158	2.58823538
966.33496094	2.58823538
966.33911133	2.58823538
966.33911133	2.58823538
966.34313965	2.58823538
966.34722900	2.58823538
966.35137939	2.58823538
966.35552979	2.58823538
966.35968018	2.58823538
966.35968018	2.58823538
966.36364746	2.58823538
966.36773682	2.58823538
966.37194824	2.58823538
966.37194824	2.58823538
966.37603760	2.58823538
966.38012695	2.58823538
966.38409424	2.56862736
966.38409424	2.56862736
966.38824463	2.56862736
966.39233398	2.56862736
966.39636230	2.56862736
966.40045166	2.56862736
966.40460205	2.54901958
966.40460205	2.54901958
966.40875244	2.54901958
966.41290283	2.54901958
966.41693115	2.52941179
966.41693115	2.52941179
966.42108154	2.52941179
966.42517090	2.52941179
966.42932129	2.52941179
966.42932129	2.52941179
966.43328857	2.50980401
966.43750000	2.50980401
966.44152832	2.50980401
966.44555664	2.50980401
966.44976807	2.50980401
966.44976807	2.49019599
966.45373535	2.49019599
966.45788574	2.49019599
966.46197510	2.49019599
966.46197510	2.49019599
966.46612549	2.49019599
966.47009277	2.49019599
966.47430420	2.49019599
966.47430420	2.49019599
966.47845459	2.49019599
966.48254395	2.49019599
966.48657227	2.49019599
966.49066162	2.49019599
966.49481201	2.49019599
966.49481201	2.49019599
966.49884033	2.49019599
966.50286865	2.49019599
966.50708008	2.49019599
966.50708008	2.49019599
966.51110840	2.49019599
966.51519775	2.49019599
966.51934814	2.49019599
966.51934814	2.49019599
966.52331543	2.49019599
966.52746582	2.49019599
966.53161621	2.49019599
966.53576660	2.49019599
966.53991699	2.49019599
966.53991699	2.49019599
966.54388428	2.49019599
966.54803467	2.50980401
966.55218506	2.50980401
966.55218506	2.50980401
966.55615234	2.50980401
966.56024170	2.50980401
966.56439209	2.50980401
966.56439209	2.50980401
966.56848145	2.50980401
966.57269287	2.50980401
966.57659912	2.50980401
966.58074951	2.50980401
966.58483887	2.50980401
966.58483887	2.52941179
966.58898926	2.52941179
966.59307861	2.52941179
966.59710693	2.52941179
966.59710693	2.52941179
966.60119629	2.52941179
966.60546875	2.52941179
966.60955811	2.52941179
966.60955811	2.52941179
966.61352539	2.52941179
966.61767578	2.52941179
966.62182617	2.54901958
966.62182617	2.54901958
966.62591553	2.54901958
966.63000488	2.54901958
966.63000488	2.54901958
966.63403320	2.54901958
966.63812256	2.54901958
966.64221191	2.54901958
966.64221191	2.54901958
966.64617920	2.54901958
966.65032959	2.54901958
966.65447998	2.54901958
966.65447998	2.54901958
966.65856934	2.54901958
966.66271973	2.54901958
966.66680908	2.54901958
966.66680908	2.54901958
966.67095947	2.54901958
966.67504883	2.54901958
966.67504883	2.54901958
966.67919922	2.54901958
966.68316650	2.54901958
966.68725586	2.54901958
966.68725586	2.54901958
966.69134521	2.54901958
966.69543457	2.54901958
966.69958496	2.54901958
966.69958496	2.54901958
966.70355225	2.54901958
966.70776367	2.54901958
966.71185303	2.54901958
966.71185303	2.54901958
966.71600342	2.54901958
966.72015381	2.54901958
966.72015381	2.54901958
966.72418213	2.54901958
966.72833252	2.54901958
966.73242188	2.54901958
966.73242188	2.54901958
966.73645020	2.54901958
966.74053955	2.54901958
966.74468994	2.54901958
966.74468994	2.54901958
966.74871826	2.54901958
966.75274658	2.54901958
966.75683594	2.54901958
966.75683594	2.54901958
966.76098633	2.54901958
966.76507568	2.54901958
966.76507568	2.54901958
966.76922607	2.54901958
966.77319336	2.54901958
966.77734375	2.54901958
966.77734375	2.54901958
966.78149414	2.54901958
966.78570557	2.54901958
966.78979492	2.54901958
966.78979492	2.54901958
966.79376221	2.54901958
966.79791260	2.54901958
966.80200195	2.54901958
966.80200195	2.54901958
966.80615234	2.54901958
966.81018066	2.54901958
966.81018066	2.54901958
966.81427002	2.54901958
966.81860352	2.54901958
966.82257080	2.54901958
966.82257080	2.54901958
966.82653809	2.54901958
966.83068848	2.54901958
966.83477783	2.54901958
966.83477783	2.54901958
966.83892822	2.54901958
966.84307861	2.54901958
966.84716797	2.54901958
966.84716797	2.54901958
966.85107422	2.54901958
966.85528564	2.54901958
966.85931396	2.54901958
966.86340332	2.54901958
966.86749268	2.54901958
966.86749268	2.54901958
966.87164307	2.54901958
966.87579346	2.54901958
966.87988281	2.54901958
966.87988281	2.54901958
966.88385010	2.54901958
966.88800049	2.54901958
966.89208984	2.54901958
966.89208984	2.54901958
966.89611816	2.54901958
966.90026855	2.54901958
966.90435791	2.54901958
966.90844727	2.54901958
966.91259766	2.54901958
966.91259766	2.54901958
966.91662598	2.54901958
966.92071533	2.54901958
966.92492676	2.54901958
966.92492676	2.54901958
966.92907715	2.54901958
966.93316650	2.54901958
966.93707275	2.54901958
966.93707275	2.54901958
966.94122314	2.54901958
966.94531250	2.54901958
966.94946289	2.52941179
966.95343018	2.52941179
966.95764160	2.52941179
966.95764160	2.52941179
966.96173096	2.52941179
966.96588135	2.52941179
966.96997070	2.52941179
966.96997070	2.52941179
966.97412109	2.52941179
966.97821045	2.50980401
966.98229980	2.50980401
966.98229980	2.50980401
966.98626709	2.50980401
966.99041748	2.50980401
966.99450684	2.50980401
966.99871826	2.50980401
967.00274658	2.50980401
967.00274658	2.49019599
967.00671387	2.49019599
967.01086426	2.49019599
967.01495361	2.49019599
967.01495361	2.49019599
967.01910400	2.49019599
967.02307129	2.49019599
967.02722168	2.49019599
967.02722168	2.49019599
967.03131104	2.49019599
967.03552246	2.49019599
967.03967285	2.49019599
967.04364014	2.49019599
967.04779053	2.49019599
967.04779053	2.49019599
967.05194092	2.49019599
967.05603027	2.49019599
967.06018066	2.49019599
967.06018066	2.49019599
967.06414795	2.49019599
967.06829834	2.49019599
967.07238770	2.49019599
967.07238770	2.49019599
967.07635498	2.49019599
967.08056641	2.49019599
967.08459473	2.49019599
967.08874512	2.49019599
967.09283447	2.49019599
967.09283447	2.49019599
967.09686279	2.49019599
967.10095215	2.50980401
967.10516357	2.50980401
967.10516357	2.50980401
967.10931396	2.50980401
967.11328125	2.50980401
967.11737061	2.50980401
967.11737061	2.50980401
967.12152100	2.50980401
967.12567139	2.50980401
967.12976074	2.52941179
967.13372803	2.52941179
967.13781738	2.52941179
967.13781738	2.52941179
967.14196777	2.52941179
967.14605713	2.52941179
967.15008545	2.52941179
967.15008545	2.52941179
967.15423584	2.52941179
967.15838623	2.54901958
967.16247559	2.54901958
967.16247559	2.54901958
967.16656494	2.54901958
967.17059326	2.54901958
967.17480469	2.54901958
967.17480469	2.54901958
967.17895508	2.54901958
967.18310547	2.56862736
967.18310547	2.56862736
967.18719482	2.56862736
967.19122314	2.56862736
967.19531250	2.56862736
967.19531250	2.56862736
967.19940186	2.56862736
967.20343018	2.56862736
967.20758057	2.56862736
967.20758057	2.56862736
967.21173096	2.56862736
967.21582031	2.56862736
967.21990967	2.56862736
967.21990967	2.56862736
967.22393799	2.56862736
967.22814941	2.56862736
967.22814941	2.56862736
967.23223877	2.56862736
967.23626709	2.56862736
967.24023438	2.56862736
967.24023438	2.56862736
967.24438477	2.56862736
967.24847412	2.56862736
967.25262451	2.56862736
967.25262451	2.56862736
967.25671387	2.56862736
967.26080322	2.56862736
967.26489258	2.58823538
967.26489258	2.58823538
967.26904297	2.58823538
967.27319336	2.58823538
967.27319336	2.58823538
967.27716064	2.58823538
967.28125000	2.58823538
967.28540039	2.58823538
967.28540039	2.58823538
967.28955078	2.58823538
967.29351807	2.58823538
967.29766846	2.58823538
967.29766846	2.58823538
967.30187988	2.58823538
967.30596924	2.58823538
967.31011963	2.58823538
967.31011963	2.58823538
967.31420898	2.58823538
967.31823730	2.58823538
967.31823730	2.58823538
967.32232666	2.58823538
967.32635498	2.58823538
967.33044434	2.58823538
967.33044434	2.58823538
967.33453369	2.58823538
967.33868408	2.58823538
967.34283447	2.58823538
967.34283447	2.58823538
967.34680176	2.58823538
967.35089111	2.58823538
967.35504150	2.58823538
967.35504150	2.58823538
967.35906982	2.58823538
967.36322021	2.58823538
967.36322021	2.58823538
967.36718750	2.58823538
967.37139893	2.58823538
967.37548828	2.58823538
967.37548828	2.58823538
967.37945557	2.58823538
967.38360596	2.58823538
967.38769531	2.58823538
967.38769531	2.58823538
967.39184570	2.58823538
967.39593506	2.58823538
967.40008545	2.58823538
967.40008545	2.58823538
967.40417480	2.58823538
967.40820313	2.58823538
967.41235352	2.58823538
967.41638184	2.58823538
967.42047119	2.58823538
967.42047119	2.58823538
967.42462158	2.58823538
967.42877197	2.58823538
967.43286133	2.58823538
967.43286133	2.58823538
967.43682861	2.58823538
967.44110107	2.58823538
967.44506836	2.58823538
967.44506836	2.58823538
967.44921875	2.58823538
967.45318604	2.58823538
967.45739746	2.60784316
967.46142578	2.60784316
967.46557617	2.60784316
967.46557617	2.60784316
967.46960449	2.60784316
967.47381592	2.60784316
967.47790527	2.60784316
967.47790527	2.60784316
967.48205566	2.60784316
967.48614502	2.60784316
967.49011230	2.60784316
967.49011230	2.58823538
967.49426270	2.58823538
967.49841309	2.58823538
967.50250244	2.58823538
967.50646973	2.58823538
967.51062012	2.58823538
967.51062012	2.58823538
967.51470947	2.58823538
967.51885986	2.56862736
967.52294922	2.56862736
967.52294922	2.56862736
967.52709961	2.56862736
967.53106689	2.56862736
967.53521729	2.56862736
967.53521729	2.54901958
967.53936768	2.54901958
967.54339600	2.54901958
967.54754639	2.54901958
967.55169678	2.52941179
967.55578613	2.52941179
967.55578613	2.52941179
967.55975342	2.52941179
967.56390381	2.52941179
967.56805420	2.52941179
967.56805420	2.52941179
967.57220459	2.52941179
967.57617188	2.50980401
967.58032227	2.50980401
967.58032227	2.50980401
967.58441162	2.50980401
967.58856201	2.50980401
967.59271240	2.50980401
967.59667969	2.50980401
967.60070801	2.50980401
967.60070801	2.50980401
967.60491943	2.50980401
967.60900879	2.50980401
967.61309814	2.50980401
967.61309814	2.50980401
967.61706543	2.50980401
967.62127686	2.50980401
967.62536621	2.50980401
967.62536621	2.50980401
967.62951660	2.50980401
967.63348389	2.50980401
967.63757324	2.50980401
967.64172363	2.50980401
967.64581299	2.50980401
967.64581299	2.50980401
967.64984131	2.50980401
967.65417480	2.50980401
967.65808105	2.50980401
967.65808105	2.50980401
967.66223145	2.52941179
967.66625977	2.52941179
967.67028809	2.52941179
967.67028809	2.52941179
967.67449951	2.52941179
967.67864990	2.52941179
967.68273926	2.52941179
967.68676758	2.52941179
967.69085693	2.52941179
967.69085693	2.52941179
967.69494629	2.54901958
967.69909668	2.54901958
967.70318604	2.54901958
967.70318604	2.54901958
967.70721436	2.54901958
967.71130371	2.54901958
967.71545410	2.54901958
967.71545410	2.54901958
967.71942139	2.56862736
967.72369385	2.56862736
967.72778320	2.56862736
967.72778320	2.56862736
967.73187256	2.56862736
967.73596191	2.56862736
967.73596191	2.56862736
967.74011230	2.56862736
967.74414063	2.56862736
967.74829102	2.56862736
967.74829102	2.56862736
967.75238037	2.56862736
967.75634766	2.56862736
967.76049805	2.56862736
967.76049805	2.56862736
967.76458740	2.56862736
967.76873779	2.56862736
967.77282715	2.58823538
967.77282715	2.58823538
967.77685547	2.58823538
967.78106689	2.58823538
967.78106689	2.58823538
967.78515625	2.58823538
967.78930664	2.58823538
967.79339600	2.58823538
967.79339600	2.58823538
967.79736328	2.58823538
967.80139160	2.58823538
967.80560303	2.58823538
967.80560303	2.58823538
967.80963135	2.58823538
967.81378174	2.58823538
967.81793213	2.58823538
967.81793213	2.58823538
967.82202148	2.58823538
967.82604980	2.58823538
967.82604980	2.56862736
967.83013916	2.56862736
967.83422852	2.56862736
967.83837891	2.56862736
967.83837891	2.56862736
967.84246826	2.56862736
967.84649658	2.56862736
967.85058594	2.56862736
967.85058594	2.56862736
967.85479736	2.56862736
967.85888672	2.56862736
967.86303711	2.56862736
967.86303711	2.56862736
967.86718750	2.56862736
967.87115479	2.56862736
967.87115479	2.56862736
967.87548828	2.56862736
967.87933350	2.56862736
967.88336182	2.56862736
967.88336182	2.56862736
967.88745117	2.56862736
967.89160156	2.56862736
967.89569092	2.56862736
967.89569092	2.56862736
967.89971924	2.56862736
967.90380859	2.56862736
967.90808105	2.56862736
967.90808105	2.56862736
967.91210938	2.56862736
967.91625977	2.56862736
967.92028809	2.56862736
967.92443848	2.56862736
967.92852783	2.56862736
967.92852783	2.56862736
967.93267822	2.56862736
967.93664551	2.56862736
967.94073486	2.56862736
967.94073486	2.58823538
967.94482422	2.56862736
967.94897461	2.58823538
967.95306396	2.58823538
967.95306396	2.58823538
967.95709229	2.58823538
967.96118164	2.58823538
967.96533203	2.58823538
967.96942139	2.58823538
967.97351074	2.58823538
967.97351074	2.58823538
967.97766113	2.58823538
967.98181152	2.58823538
967.98590088	2.58823538
967.98590088	2.58823538
967.98986816	2.58823538
967.99414063	2.58823538
967.99816895	2.58823538
967.99816895	2.58823538
968.00219727	2.58823538
968.00634766	2.58823538
968.01031494	2.58823538
968.01446533	2.58823538
968.01855469	2.58823538
968.01855469	2.58823538
968.02276611	2.58823538
968.02673340	2.58823538
968.03082275	2.58823538
968.03082275	2.58823538
968.03497314	2.58823538
968.03918457	2.58823538
968.04327393	2.58823538
968.04327393	2.58823538
968.04724121	2.58823538
968.05139160	2.58823538
968.05554199	2.58823538
968.05963135	2.58823538
968.06365967	2.56862736
968.06365967	2.56862736
968.06774902	2.56862736
968.07183838	2.56862736
968.07592773	2.56862736
968.07592773	2.56862736
968.08007813	2.56862736
968.08404541	2.56862736
968.08819580	2.54901958
968.08819580	2.54901958
968.09234619	2.54901958
968.09649658	2.54901958
968.10046387	2.52941179
968.10473633	2.52941179
968.10876465	2.52941179
968.10876465	2.52941179
968.11285400	2.52941179
968.11688232	2.52941179
968.12103271	2.52941179
968.12103271	2.52941179
968.12518311	2.50980401
968.12927246	2.50980401
968.13323975	2.50980401
968.13323975	2.50980401
968.13732910	2.50980401
968.14147949	2.50980401
968.14556885	2.50980401
968.14959717	2.50980401
968.15368652	2.50980401
968.15368652	2.50980401
968.15783691	2.50980401
968.16192627	2.50980401
968.16613770	2.50980401
968.16613770	2.50980401
968.17022705	2.50980401
968.17425537	2.50980401
968.17840576	2.50980401
968.17840576	2.50980401
968.18255615	2.50980401
968.18652344	2.50980401
968.19061279	2.50980401
968.19476318	2.50980401
968.19885254	2.50980401
968.19885254	2.50980401
968.20281982	2.50980401
968.20709229	2.50980401
968.21105957	2.50980401
968.21105957	2.50980401
968.21520996	2.50980401
968.21929932	2.52941179
968.22344971	2.52941179
968.22344971	2.52941179
968.22753906	2.52941179
968.23162842	2.52941179
968.23577881	2.52941179
968.23577881	2.52941179
968.23974609	2.52941179
968.24389648	2.52941179
968.24389648	2.52941179
968.24804688	2.54901958
968.25207520	2.52941179
968.25622559	2.54901958
968.25622559	2.54901958
968.26019287	2.54901958
968.26434326	2.54901958
968.26843262	2.54901958
968.26843262	2.54901958
968.27258301	2.54901958
968.27661133	2.54901958
968.28070068	2.56862736
968.28070068	2.56862736
968.28485107	2.56862736
968.28906250	2.56862736
968.28906250	2.56862736
968.29315186	2.56862736
968.29711914	2.56862736
968.30126953	2.56862736
968.30126953	2.56862736
968.30541992	2.56862736
968.30957031	2.56862736
968.31353760	2.56862736
968.31353760	2.56862736
968.31762695	2.56862736
968.32183838	2.56862736
968.32592773	2.56862736
968.32592773	2.56862736
968.32995605	2.56862736
968.33416748	2.56862736
968.33416748	2.56862736
968.33813477	2.56862736
968.34228516	2.56862736
968.34643555	2.56862736
968.34643555	2.56862736
968.35040283	2.56862736
968.35449219	2.56862736
968.35864258	2.56862736
968.35864258	2.56862736
968.36279297	2.56862736
968.36682129	2.56862736
968.37091064	2.56862736
968.37091064	2.56862736
968.37506104	2.56862736
968.37921143	2.56862736
968.37921143	2.56862736
968.38311768	2.56862736
968.38720703	2.56862736
968.39141846	2.56862736
968.39141846	2.56862736
968.39556885	2.56862736
968.39965820	2.56862736
968.40362549	2.54901958
968.40362549	2.54901958
968.40777588	2.54901958
968.41192627	2.54901958
968.41601563	2.54901958
968.41601563	2.54901958
968.42022705	2.54901958
968.42413330	2.54901958
968.42413330	2.54901958
968.42828369	2.54901958
968.43243408	2.54901958
968.43652344	2.54901958
968.43652344	2.54901958
968.44055176	2.54901958
968.44464111	2.54901958
968.44879150	2.54901958
968.44879150	2.54901958
968.45288086	2.54901958
968.45690918	2.54901958
968.46118164	2.54901958
968.46118164	2.54901958
968.46514893	2.54901958
968.46929932	2.54901958
968.47320557	2.54901958
968.47735596	2.54901958
968.48144531	2.54901958
968.48144531	2.54901958
968.48559570	2.54901958
968.48956299	2.54901958
968.49371338	2.54901958
968.49371338	2.54901958
968.49786377	2.54901958
968.50195313	2.54901958
968.50610352	2.54901958
968.50610352	2.54901958
968.51007080	2.54901958
968.51422119	2.54901958
968.51831055	2.54901958
968.52246094	2.54901958
968.52655029	2.54901958
968.52655029	2.54901958
968.53057861	2.54901958
968.53466797	2.54901958
968.53887939	2.54901958
968.53887939	2.54901958
968.54290771	2.54901958
968.54718018	2.54901958
968.55114746	2.54901958
968.55114746	2.54901958
968.55541992	2.54901958
968.55938721	2.56862736
968.56329346	2.56862736
968.56750488	2.56862736
968.57159424	2.56862736
968.57159424	2.56862736
968.57568359	2.56862736
968.57971191	2.56862736
968.58380127	2.56862736
968.58380127	2.56862736
968.58801270	2.56862736
968.59210205	2.56862736
968.59619141	2.56862736
968.59619141	2.56862736
968.60021973	2.56862736
968.60430908	2.56862736
968.60852051	2.56862736
968.61267090	2.56862736
968.61676025	2.56862736
968.61676025	2.56862736
968.62066650	2.56862736
968.62487793	2.54901958
968.62902832	2.54901958
968.62902832	2.54901958
968.63311768	2.54901958
968.63714600	2.54901958
968.64117432	2.54901958
968.64117432	2.54901958
968.64532471	2.52941179
968.64947510	2.52941179
968.65356445	2.52941179
968.65759277	2.52941179
968.66168213	2.52941179
968.66168213	2.52941179
968.66583252	2.52941179
968.66986084	2.50980401
968.67413330	2.50980401
968.67413330	2.50980401
968.67816162	2.50980401
968.68231201	2.50980401
968.68640137	2.50980401
968.68640137	2.50980401
968.69036865	2.50980401
968.69445801	2.50980401
968.69854736	2.50980401
968.70269775	2.50980401
968.70666504	2.50980401
968.70666504	2.50980401
968.71081543	2.50980401
968.71496582	2.50980401
968.71905518	2.50980401
968.71905518	2.50980401
968.72308350	2.50980401
968.72729492	2.50980401
968.73144531	2.50980401
968.73144531	2.50980401
968.73553467	2.50980401
968.73968506	2.50980401
968.74365234	2.50980401
968.74774170	2.50980401
968.75183105	2.50980401
968.75183105	2.50980401
968.75598145	2.50980401
968.76007080	2.50980401
968.76409912	2.50980401
968.76409912	2.50980401
968.76818848	2.50980401
968.77233887	2.50980401
968.77648926	2.50980401
968.77648926	2.52941179
968.78045654	2.52941179
968.78454590	2.52941179
968.78875732	2.52941179
968.78875732	2.52941179
968.79290771	2.52941179
968.79687500	2.52941179
968.79687500	2.52941179
968.80102539	2.52941179
968.80517578	2.52941179
968.80926514	2.54901958
968.80926514	2.54901958
968.81323242	2.54901958
968.81732178	2.54901958
968.82147217	2.54901958
968.82147217	2.54901958
968.82556152	2.54901958
968.82958984	2.56862736
968.83367920	2.56862736
968.83367920	2.56862736
968.83789063	2.56862736
968.84191895	2.56862736
968.84191895	2.56862736
968.84613037	2.56862736
968.85009766	2.56862736
968.85424805	2.56862736
968.85424805	2.56862736
968.85839844	2.56862736
968.86254883	2.56862736
968.86663818	2.56862736
968.86663818	2.58823538
968.87060547	2.58823538
968.87475586	2.58823538
968.87890625	2.58823538
968.87890625	2.58823538
968.88287354	2.58823538
968.88708496	2.58823538
968.88708496	2.58823538
968.89105225	2.58823538
968.89520264	2.58823538
968.89935303	2.58823538
968.89935303	2.58823538
968.90332031	2.58823538
968.90747070	2.58823538
968.91156006	2.58823538
968.91156006	2.58823538
968.91571045	2.58823538
968.91979980	2.58823538
968.92388916	2.58823538
968.92388916	2.58823538
968.92803955	2.58823538
968.93212891	2.58823538
968.93212891	2.58823538
968.93615723	2.58823538
968.94024658	2.58823538
968.94433594	2.58823538
968.94433594	2.58823538
968.94842529	2.58823538
968.95257568	2.58823538
968.95666504	2.58823538
968.95666504	2.58823538
968.96069336	2.58823538
968.96478271	2.58823538
968.96899414	2.58823538
968.96899414	2.58823538
968.97308350	2.58823538
968.97711182	2.58823538
968.98126221	2.58823538
968.98541260	2.58823538
968.98950195	2.58823538
968.98950195	2.58823538
968.99353027	2.58823538
968.99761963	2.58823538
969.00170898	2.58823538
969.00170898	2.58823538
969.00592041	2.58823538
969.00982666	2.58823538
969.01409912	2.58823538
969.01409912	2.58823538
969.01806641	2.58823538
969.02221680	2.58823538
969.02618408	2.58823538
969.03033447	2.58823538
969.03448486	2.58823538
969.03448486	2.58823538
969.03863525	2.58823538
969.04278564	2.58823538
969.04681396	2.58823538
969.04681396	2.58823538
969.05090332	2.58823538
969.05505371	2.58823538
969.05914307	2.58823538
969.05914307	2.58823538
969.06304932	2.58823538
969.06719971	2.58823538
969.07135010	2.58823538
969.07543945	2.58823538
969.07958984	2.58823538
969.07958984	2.58823538
969.08355713	2.58823538
969.08776855	2.58823538
969.09179688	2.58823538
969.09179688	2.58823538
969.09600830	2.58823538
969.10015869	2.58823538
969.10412598	2.58823538
969.10412598	2.58823538
969.10821533	2.58823538
969.11260986	2.58823538
969.11633301	2.58823538
969.12054443	2.58823538
969.12463379	2.58823538
969.12463379	2.58823538
969.12878418	2.58823538
969.13281250	2.58823538
969.13708496	2.58823538
969.13708496	2.58823538
969.14105225	2.58823538
969.14514160	2.58823538
969.14929199	2.58823538
969.14929199	2.58823538
969.15332031	2.58823538
969.15740967	2.58823538
969.16137695	2.58823538
969.16558838	2.58823538
969.16967773	2.58823538
969.16967773	2.58823538
969.17370605	2.58823538
969.17779541	2.56862736
969.18194580	2.56862736
969.18194580	2.56862736
969.18615723	2.56862736
969.19012451	2.56862736
969.19421387	2.56862736
969.19421387	2.54901958
969.19830322	2.54901958
969.20245361	2.54901958
969.20648193	2.52941179
969.21063232	2.52941179
969.21472168	2.52941179
969.21472168	2.52941179
969.21881104	2.52941179
969.22296143	2.52941179
969.22711182	2.52941179
969.22711182	2.50980401
969.23107910	2.50980401
969.23522949	2.50980401
969.23937988	2.50980401
969.23937988	2.50980401
969.24334717	2.50980401
969.24749756	2.50980401
969.25158691	2.50980401
969.25573730	2.50980401
969.25982666	2.50980401
969.25982666	2.50980401
969.26379395	2.49019599
969.26794434	2.49019599
969.27209473	2.49019599
969.27209473	2.49019599
969.27618408	2.49019599
969.28021240	2.49019599
969.28436279	2.49019599
969.28436279	2.50980401
969.28851318	2.50980401
969.29260254	2.50980401
969.29663086	2.50980401
969.29663086	2.50980401
969.30072021	2.50980401
969.30480957	2.50980401
969.30480957	2.50980401
969.30902100	2.50980401
969.31311035	2.50980401
969.31707764	2.50980401
969.31707764	2.50980401
969.32122803	2.50980401
969.32531738	2.50980401
969.32946777	2.50980401
969.32946777	2.50980401
969.33343506	2.52941179
969.33758545	2.52941179
969.34167480	2.52941179
969.34167480	2.52941179
969.34582520	2.52941179
969.34997559	2.52941179
969.34997559	2.52941179
969.35406494	2.52941179
969.35809326	2.52941179
969.36224365	2.52941179
969.36224365	2.52941179
969.36621094	2.52941179
969.37030029	2.54901958
969.37451172	2.54901958
969.37451172	2.54901958
969.37860107	2.54901958
969.38281250	2.54901958
969.38684082	2.54901958
969.38684082	2.54901958
969.39086914	2.54901958
969.39501953	2.54901958
969.39501953	2.56862736
969.39916992	2.56862736
969.40319824	2.56862736
969.40728760	2.56862736
969.40728760	2.56862736
969.41137695	2.56862736
969.41552734	2.56862736
969.41967773	2.56862736
969.41967773	2.56862736
969.42370605	2.56862736
969.42779541	2.56862736
969.43182373	2.56862736
969.43182373	2.56862736
969.43597412	2.56862736
969.44012451	2.56862736
969.44012451	2.56862736
969.44409180	2.56862736
969.44818115	2.56862736
969.45239258	2.56862736
969.45239258	2.56862736
969.45629883	2.56862736
969.46044922	2.56862736
969.46453857	2.56862736
969.46453857	2.56862736
969.46868896	2.56862736
969.47283936	2.56862736
969.47686768	2.56862736
969.47686768	2.56862736
969.48101807	2.56862736
969.48504639	2.56862736
969.48504639	2.56862736
969.48919678	2.56862736
969.49322510	2.56862736
969.49731445	2.56862736
969.49731445	2.56862736
969.50152588	2.56862736
969.50561523	2.56862736
969.50970459	2.56862736
969.50970459	2.56862736
969.51373291	2.56862736
969.51782227	2.56862736
969.52197266	2.56862736
969.52197266	2.56862736
969.52606201	2.56862736
969.53009033	2.54901958
969.53417969	2.54901958
969.53833008	2.54901958
969.54248047	2.54901958
969.54248047	2.54901958
969.54644775	2.54901958
969.55059814	2.54901958
969.55474854	2.54901958
969.55474854	2.54901958
969.55883789	2.54901958
969.56317139	2.56862736
969.56707764	2.56862736
969.56707764	2.54901958
969.57110596	2.54901958
969.57562256	2.54901958
969.57934570	2.56862736
969.58337402	2.56862736
969.58782959	2.56862736
969.58782959	2.56862736
969.59179688	2.56862736
969.59875488	2.56862736
969.60089111	2.56862736
969.60089111	2.56862736
969.60400391	2.56862736
969.60937500	2.56862736
969.61364746	2.56862736
969.61364746	2.56862736
969.61621094	2.56862736
969.62036133	2.56862736
969.62438965	2.56862736
969.62847900	2.56862736
969.63354492	2.56862736
969.63354492	2.56862736
969.63665771	2.56862736
969.64074707	2.56862736
969.64483643	2.56862736
969.64483643	2.56862736
969.64892578	2.56862736
969.65307617	2.56862736
969.65704346	2.56862736
969.65704346	2.56862736
969.66119385	2.56862736
969.66528320	2.56862736
969.66943359	2.56862736
969.67346191	2.56862736
969.67755127	2.56862736
969.67755127	2.56862736
969.68170166	2.56862736
969.68579102	2.56862736
969.68994141	2.56862736
969.68994141	2.56862736
969.69403076	2.56862736
969.69799805	2.56862736
969.70214844	2.56862736
969.70214844	2.56862736
969.70617676	2.56862736
969.71032715	2.54901958
969.71441650	2.54901958
969.71856689	2.54901958
969.72265625	2.54901958
969.72265625	2.52941179
969.72668457	2.52941179
969.73089600	2.52941179
969.73498535	2.52941179
969.73498535	2.50980401
969.73913574	2.50980401
969.74310303	2.50980401
969.74725342	2.50980401
969.74725342	2.50980401
969.75134277	2.50980401
969.75543213	2.49019599
969.75958252	2.49019599
969.76354980	2.49019599
969.76770020	2.49019599
969.76770020	2.49019599
969.77178955	2.49019599
969.77593994	2.49019599
969.78009033	2.49019599
969.78009033	2.47058821
969.78411865	2.47058821
969.78820801	2.47058821
969.79241943	2.47058821
969.79241943	2.47058821
969.79638672	2.47058821
969.80047607	2.47058821
969.80462646	2.47058821
969.80877686	2.47058821
969.81286621	2.47058821
969.81286621	2.47058821
969.81683350	2.47058821
969.82110596	2.47058821
969.82513428	2.47058821
969.82513428	2.47058821
969.82928467	2.47058821
969.83325195	2.47058821
969.83746338	2.47058821
969.83746338	2.47058821
969.84155273	2.47058821
969.84564209	2.47058821
969.84973145	2.49019599
969.84973145	2.49019599
969.85375977	2.49019599
969.85791016	2.49019599
969.85791016	2.49019599
969.86206055	2.49019599
969.86614990	2.49019599
969.87011719	2.49019599
969.87011719	2.49019599
969.87426758	2.49019599
969.87841797	2.49019599
969.88256836	2.50980401
969.88256836	2.50980401
969.88653564	2.50980401
969.89068604	2.50980401
969.89477539	2.50980401
969.89477539	2.50980401
969.89886475	2.50980401
969.90301514	2.50980401
969.90301514	2.50980401
969.90716553	2.50980401
969.91107178	2.52941179
969.91522217	2.50980401
969.91522217	2.52941179
969.91931152	2.52941179
969.92333984	2.52941179
969.92742920	2.52941179
969.92742920	2.52941179
969.93157959	2.52941179
969.93579102	2.52941179
969.93988037	2.52941179
969.93988037	2.52941179
969.94384766	2.52941179
969.94805908	2.52941179
969.94805908	2.52941179
969.95208740	2.52941179
969.95623779	2.52941179
969.96020508	2.52941179
969.96020508	2.52941179
969.96429443	2.54901958
969.96844482	2.52941179
969.97259521	2.52941179
969.97259521	2.52941179
969.97656250	2.52941179
969.98071289	2.54901958
969.98486328	2.54901958
969.98486328	2.54901958
969.98901367	2.54901958
969.99310303	2.54901958
969.99310303	2.54901958
969.99713135	2.54901958
970.00122070	2.54901958
970.00531006	2.54901958
970.00531006	2.54901958
970.00946045	2.54901958
970.01354980	2.54901958
970.01751709	2.54901958
970.01751709	2.54901958
970.02178955	2.54901958
970.02581787	2.54901958
970.02990723	2.54901958
970.02990723	2.54901958
970.03405762	2.54901958
970.03820801	2.54901958
970.04223633	2.54901958
970.04638672	2.54901958
970.05029297	2.54901958
970.05029297	2.54901958
970.05450439	2.54901958
970.05859375	2.54901958
970.06280518	2.54901958
970.06280518	2.54901958
970.06683350	2.54901958
970.07092285	2.54901958
970.07501221	2.54901958
970.07501221	2.54901958
970.07916260	2.54901958
970.08331299	2.54901958
970.08728027	2.54901958
970.09130859	2.54901958
970.09545898	2.56862736
970.09545898	2.56862736
970.09942627	2.56862736
970.10357666	2.56862736
970.10766602	2.56862736
970.10766602	2.56862736
970.11181641	2.56862736
970.11596680	2.56862736
970.12011719	2.56862736
970.12011719	2.56862736
970.12408447	2.56862736
970.12817383	2.56862736
970.13226318	2.56862736
970.13635254	2.56862736
970.14044189	2.56862736
970.14044189	2.56862736
970.14459229	2.56862736
970.14868164	2.56862736
970.15283203	2.56862736
970.15283203	2.56862736
970.15679932	2.56862736
970.16094971	2.56862736
970.16503906	2.56862736
970.16503906	2.56862736
970.16925049	2.56862736
970.17327881	2.56862736
970.17730713	2.56862736
970.18139648	2.56862736
970.18554688	2.56862736
970.18554688	2.56862736
970.18951416	2.56862736
970.19372559	2.56862736
970.19781494	2.56862736
970.19781494	2.56862736
970.20196533	2.56862736
970.20605469	2.56862736
970.21008301	2.56862736
970.21008301	2.56862736
970.21417236	2.56862736
970.21832275	2.56862736
970.22247314	2.56862736
970.22644043	2.56862736
970.23059082	2.56862736
970.23059082	2.56862736
970.23474121	2.56862736
970.23889160	2.54901958
970.24298096	2.54901958
970.24298096	2.54901958
970.24707031	2.54901958
970.25103760	2.54901958
970.25518799	2.52941179
970.25518799	2.52941179
970.25927734	2.52941179
970.26336670	2.52941179
970.26745605	2.52941179
970.27160645	2.50980401
970.27569580	2.50980401
970.27569580	2.50980401
970.27972412	2.50980401
970.28381348	2.50980401
970.28808594	2.50980401
970.28808594	2.50980401
970.29211426	2.50980401
970.29614258	2.50980401
970.30023193	2.49019599
970.30023193	2.49019599
970.30432129	2.49019599
970.30853271	2.49019599
970.31256104	2.49019599
970.31658936	2.49019599
970.32067871	2.49019599
970.32067871	2.49019599
970.32482910	2.49019599
970.32891846	2.49019599
970.33306885	2.49019599
970.33306885	2.49019599
970.33709717	2.49019599
970.34124756	2.49019599
970.34533691	2.49019599
970.34533691	2.49019599
970.34942627	2.49019599
970.35351563	2.49019599
970.35754395	2.49019599
970.36175537	2.50980401
970.36584473	2.50980401
970.36584473	2.50980401
970.36987305	2.50980401
970.37408447	2.50980401
970.37805176	2.50980401
970.37805176	2.50980401
970.38220215	2.50980401
970.38616943	2.50980401
970.39031982	2.50980401
970.39031982	2.50980401
970.39453125	2.50980401
970.39868164	2.52941179
970.40277100	2.52941179
970.40277100	2.52941179
970.40673828	2.52941179
970.41094971	2.52941179
970.41094971	2.52941179
970.41503906	2.52941179
970.41912842	2.52941179
970.42321777	2.54901958
970.42321777	2.54901958
970.42724609	2.54901958
970.43133545	2.54901958
970.43542480	2.54901958
970.43542480	2.54901958
970.43963623	2.56862736
970.44360352	2.56862736
970.44769287	2.56862736
970.44769287	2.56862736
970.45178223	2.56862736
970.45593262	2.56862736
970.45593262	2.56862736
970.46008301	2.56862736
970.46405029	2.56862736
970.46820068	2.56862736
970.46820068	2.56862736
970.47235107	2.56862736
970.47637939	2.56862736
970.48046875	2.56862736
970.48046875	2.56862736
970.48461914	2.56862736
970.48876953	2.56862736
970.49285889	2.56862736
970.49285889	2.56862736
970.49682617	2.56862736
970.50103760	2.56862736
970.50103760	2.56862736
970.50512695	2.56862736
970.50915527	2.56862736
970.51330566	2.56862736
970.51330566	2.56862736
970.51727295	2.56862736
970.52148438	2.56862736
970.52551270	2.56862736
970.52551270	2.56862736
970.52960205	2.56862736
970.53369141	2.56862736
970.53784180	2.56862736
970.53784180	2.56862736
970.54199219	2.56862736
970.54614258	2.56862736
970.54614258	2.56862736
970.55010986	2.56862736
970.55413818	2.56862736
970.55834961	2.56862736
970.55834961	2.56862736
970.56243896	2.56862736
970.56640625	2.56862736
970.57055664	2.56862736
970.57055664	2.56862736
970.57464600	2.56862736
970.57879639	2.56862736
970.58294678	2.56862736
970.58294678	2.56862736
970.58709717	2.56862736
970.59106445	2.56862736
970.59521484	2.56862736
970.59936523	2.56862736
970.60339355	2.56862736
970.60339355	2.56862736
970.60754395	2.56862736
970.61163330	2.56862736
970.61578369	2.56862736
970.61578369	2.56862736
970.61975098	2.56862736
970.62384033	2.56862736
970.62811279	2.56862736
970.62811279	2.56862736
970.63214111	2.56862736
970.63629150	2.56862736
970.64025879	2.56862736
970.64440918	2.56862736
970.64849854	2.56862736
970.64849854	2.56862736
970.65264893	2.56862736
970.65667725	2.56862736
970.66082764	2.56862736
970.66082764	2.56862736
970.66479492	2.56862736
970.66894531	2.56862736
970.67309570	2.56862736
970.67309570	2.56862736
970.67706299	2.56862736
970.68115234	2.56862736
970.68536377	2.56862736
970.68945313	2.56862736
970.69360352	2.56862736
970.69360352	2.56862736
970.69750977	2.56862736
970.70166016	2.56862736
970.70581055	2.56862736
970.70581055	2.58823538
970.70977783	2.58823538
970.71405029	2.58823538
970.71807861	2.58823538
970.71807861	2.58823538
970.72216797	2.58823538
970.72631836	2.58823538
970.73034668	2.58823538
970.73449707	2.58823538
970.73858643	2.58823538
970.73858643	2.58823538
970.74273682	2.58823538
970.74670410	2.58823538
970.75085449	2.56862736
970.75085449	2.56862736
970.75500488	2.56862736
970.75903320	2.56862736
970.76318359	2.56862736
970.76318359	2.56862736
970.76715088	2.56862736
970.77136230	2.54901958
970.77539063	2.54901958
970.77960205	2.54901958
970.78356934	2.54901958
970.78356934	2.52941179
970.78771973	2.52941179
970.79187012	2.52941179
970.79602051	2.52941179
970.79602051	2.52941179
970.80010986	2.50980401
970.80407715	2.50980401
970.80822754	2.50980401
970.80822754	2.50980401
970.81231689	2.50980401
970.81640625	2.50980401
970.82043457	2.50980401
970.82452393	2.49019599
970.82867432	2.49019599
970.82867432	2.49019599
970.83282471	2.49019599
970.83679199	2.49019599
970.84106445	2.49019599
970.84106445	2.49019599
970.84509277	2.49019599
970.84924316	2.49019599
970.85339355	2.49019599
970.85339355	2.49019599
970.85736084	2.49019599
970.86151123	2.49019599
970.86566162	2.49019599
970.86962891	2.49019599
970.87371826	2.49019599
970.87371826	2.49019599
970.87786865	2.49019599
970.88195801	2.49019599
970.88604736	2.49019599
970.88604736	2.49019599
970.89007568	2.49019599
970.89416504	2.49019599
970.89831543	2.49019599
970.89831543	2.49019599
970.90240479	2.49019599
970.90643311	2.50980401
970.91052246	2.50980401
970.91052246	2.50980401
970.91473389	2.50980401
970.91888428	2.50980401
970.91888428	2.50980401
970.92303467	2.50980401
970.92712402	2.50980401
970.93115234	2.50980401
970.93115234	2.50980401
970.93524170	2.52941179
970.93939209	2.52941179
970.94329834	2.52941179
970.94329834	2.52941179
970.94744873	2.52941179
970.95153809	2.52941179
970.95568848	2.52941179
970.95568848	2.52941179
970.95965576	2.52941179
970.96380615	2.52941179
970.96380615	2.54901958
970.96789551	2.54901958
970.97204590	2.54901958
970.97619629	2.54901958
970.97619629	2.54901958
970.98022461	2.54901958
970.98437500	2.54901958
970.98852539	2.54901958
970.98852539	2.54901958
970.99261475	2.54901958
970.99658203	2.56862736
971.00073242	2.56862736
971.00073242	2.56862736
971.00488281	2.56862736
971.00891113	2.56862736
971.00891113	2.56862736
971.01306152	2.56862736
971.01702881	2.56862736
971.02124023	2.56862736
971.02124023	2.56862736
971.02526855	2.56862736
971.02941895	2.56862736
971.03338623	2.56862736
971.03338623	2.56862736
971.03759766	2.56862736
971.04174805	2.56862736
971.04589844	2.56862736
971.04589844	2.56862736
971.04986572	2.56862736
971.05407715	2.56862736
971.05407715	2.56862736
971.05810547	2.56862736
971.06219482	2.56862736
971.06634521	2.56862736
971.06634521	2.56862736
971.07031250	2.56862736
971.07446289	2.56862736
971.07855225	2.56862736
971.07855225	2.56862736
971.08264160	2.56862736
971.08666992	2.56862736
971.09082031	2.56862736
971.09082031	2.54901958
971.09497070	2.54901958
971.09912109	2.56862736
971.09912109	2.56862736
971.10308838	2.56862736
971.10717773	2.56862736
971.11138916	2.56862736
971.11138916	2.56862736
971.11553955	2.56862736
971.11956787	2.56862736
971.12359619	2.56862736
971.12359619	2.56862736
971.12774658	2.56862736
971.13183594	2.56862736
971.13592529	2.56862736
971.13592529	2.56862736
971.14001465	2.56862736
971.14404297	2.56862736
971.14813232	2.56862736
971.15234375	2.56862736
971.15643311	2.56862736
971.15643311	2.56862736
971.16046143	2.56862736
971.16455078	2.56862736
971.16876221	2.56862736
971.16876221	2.56862736
971.17285156	2.56862736
971.17687988	2.56862736
971.18115234	2.56862736
971.18115234	2.56862736
971.18511963	2.56862736
971.18927002	2.56862736
971.19317627	2.56862736
971.19726563	2.56862736
971.20141602	2.56862736
971.20141602	2.56862736
971.20556641	2.56862736
971.20953369	2.56862736
971.21368408	2.56862736
971.21368408	2.56862736
971.21777344	2.56862736
971.22192383	2.56862736
971.22607422	2.56862736
971.22607422	2.56862736
971.23010254	2.56862736
971.23419189	2.56862736
971.23834229	2.56862736
971.24249268	2.56862736
971.24658203	2.58823538
971.24658203	2.58823538
971.25061035	2.58823538
971.25469971	2.58823538
971.25878906	2.58823538
971.25878906	2.58823538
971.26281738	2.58823538
971.26702881	2.58823538
971.27105713	2.58823538
971.27105713	2.58823538
971.27520752	2.58823538
971.27929688	2.58823538
971.28326416	2.56862736
971.28747559	2.56862736
971.29162598	2.56862736
971.29162598	2.56862736
971.29577637	2.56862736
971.29974365	2.56862736
971.30383301	2.56862736
971.30383301	2.56862736
971.30798340	2.56862736
971.31207275	2.54901958
971.31616211	2.54901958
971.31616211	2.54901958
971.32019043	2.54901958
971.32434082	2.54901958
971.32843018	2.52941179
971.33258057	2.52941179
971.33666992	2.52941179
971.33666992	2.52941179
971.34069824	2.50980401
971.34478760	2.50980401
971.34893799	2.50980401
971.34893799	2.50980401
971.35314941	2.50980401
971.35717773	2.50980401
971.36120605	2.50980401
971.36120605	2.50980401
971.36535645	2.50980401
971.36950684	2.50980401
971.37347412	2.49019599
971.37756348	2.49019599
971.38171387	2.49019599
971.38171387	2.49019599
971.38592529	2.49019599
971.39013672	2.49019599
971.39410400	2.49019599
971.39410400	2.49019599
971.39807129	2.49019599
971.40228271	2.49019599
971.40643311	2.49019599
971.40643311	2.49019599
971.41040039	2.50980401
971.41442871	2.50980401
971.41857910	2.50980401
971.42266846	2.50980401
971.42669678	2.50980401
971.42669678	2.50980401
971.43078613	2.50980401
971.43493652	2.50980401
971.43908691	2.50980401
971.43908691	2.50980401
971.44305420	2.50980401
971.44714355	2.50980401
971.45129395	2.50980401
971.45129395	2.52941179
971.45544434	2.52941179
971.45953369	2.52941179
971.46356201	2.52941179
971.46356201	2.52941179
971.46765137	2.52941179
971.47186279	2.52941179
971.47186279	2.52941179
971.47595215	2.52941179
971.48010254	2.54901958
971.48413086	2.54901958
971.48413086	2.54901958
971.48828125	2.54901958
971.49224854	2.54901958
971.49652100	2.54901958
971.49652100	2.56862736
971.50048828	2.56862736
971.50457764	2.56862736
971.50866699	2.56862736
971.50866699	2.56862736
971.51281738	2.56862736
971.51678467	2.56862736
971.51678467	2.56862736
971.52099609	2.56862736
971.52502441	2.56862736
971.52917480	2.56862736
971.52917480	2.56862736
971.53320313	2.56862736
971.53729248	2.56862736
971.54144287	2.56862736
971.54144287	2.56862736
971.54565430	2.56862736
971.54956055	2.56862736
971.55371094	2.56862736
971.55371094	2.56862736
971.55780029	2.56862736
971.56201172	2.56862736
971.56201172	2.56862736
971.56604004	2.56862736
971.57000732	2.56862736
971.57421875	2.56862736
971.57421875	2.56862736
971.57830811	2.56862736
971.58239746	2.56862736
971.58654785	2.56862736
971.58654785	2.56862736
971.59057617	2.56862736
971.59466553	2.56862736
971.59875488	2.56862736
971.59875488	2.56862736
971.60302734	2.56862736
971.60717773	2.56862736
971.60717773	2.56862736
971.61114502	2.56862736
971.61517334	2.56862736
971.61938477	2.56862736
971.61938477	2.56862736
971.62335205	2.56862736
971.62750244	2.56862736
971.63165283	2.56862736
971.63165283	2.56862736
971.63574219	2.56862736
971.63970947	2.56862736
971.64379883	2.56862736
971.64379883	2.56862736
971.64794922	2.56862736
971.65203857	2.56862736
971.65618896	2.56862736
971.66015625	2.56862736
971.66430664	2.56862736
971.66430664	2.56862736
971.66845703	2.56862736
971.67266846	2.56862736
971.67675781	2.56862736
971.67675781	2.56862736
971.68072510	2.56862736
971.68487549	2.56862736
971.68902588	2.56862736
971.68902588	2.56862736
971.69305420	2.56862736
971.69708252	2.56862736
971.70117188	2.56862736
971.70532227	2.56862736
971.70941162	2.56862736
971.70941162	2.56862736
971.71343994	2.56862736
971.71752930	2.56862736
971.72174072	2.56862736
971.72174072	2.56862736
971.72576904	2.56862736
971.72985840	2.56862736
971.73413086	2.56862736
971.73413086	2.56862736
971.73809814	2.56862736
971.74218750	2.56862736
971.74639893	2.56862736
971.75036621	2.56862736
971.75445557	2.56862736
971.75445557	2.56862736
971.75860596	2.56862736
971.76269531	2.56862736
971.76666260	2.56862736
971.76666260	2.56862736
971.77081299	2.56862736
971.77490234	2.56862736
971.77911377	2.58823538
971.77911377	2.56862736
971.78302002	2.56862736
971.78717041	2.56862736
971.79138184	2.58823538
971.79553223	2.58823538
971.79962158	2.58823538
971.79962158	2.58823538
971.80352783	2.58823538
971.80773926	2.58823538
971.81188965	2.58823538
971.81188965	2.58823538
971.81597900	2.58823538
971.82000732	2.58823538
971.82403564	2.58823538
971.82403564	2.58823538
971.82818604	2.56862736
971.83233643	2.56862736
971.83642578	2.56862736
971.84045410	2.56862736
971.84454346	2.56862736
971.84454346	2.56862736
971.84869385	2.54901958
971.85284424	2.54901958
971.85687256	2.54901958
971.85687256	2.54901958
971.86114502	2.52941179
971.86511230	2.52941179
971.86926270	2.52941179
971.86926270	2.52941179
971.87316895	2.52941179
971.87731934	2.50980401
971.88140869	2.50980401
971.88555908	2.50980401
971.88964844	2.50980401
971.88964844	2.50980401
971.89367676	2.50980401
971.89776611	2.50980401
971.90191650	2.50980401
971.90191650	2.50980401
971.90606689	2.49019599
971.91009521	2.49019599
971.91424561	2.49019599
971.91424561	2.49019599
971.91839600	2.49019599
971.92248535	2.49019599
971.92663574	2.49019599
971.93060303	2.49019599
971.93475342	2.49019599
971.93475342	2.49019599
971.93890381	2.49019599
971.94293213	2.49019599
971.94708252	2.49019599
971.94708252	2.49019599
971.95104980	2.50980401
971.95520020	2.50980401
971.95928955	2.50980401
971.95928955	2.50980401
971.96331787	2.50980401
971.96740723	2.50980401
971.97155762	2.50980401
971.97155762	2.50980401
971.97564697	2.50980401
971.97985840	2.50980401
971.97985840	2.52941179
971.98388672	2.52941179
971.98791504	2.52941179
971.99212646	2.52941179
971.99212646	2.52941179
971.99609375	2.52941179
972.00024414	2.52941179
972.00445557	2.52941179
972.00445557	2.54901958
972.00842285	2.54901958
972.01257324	2.54901958
972.01654053	2.54901958
972.01654053	2.54901958
972.02062988	2.56862736
972.02478027	2.56862736
972.02478027	2.56862736
972.02893066	2.56862736
972.03302002	2.56862736
972.03704834	2.56862736
972.03704834	2.56862736
972.04119873	2.56862736
972.04534912	2.56862736
972.04949951	2.56862736
972.04949951	2.56862736
972.05346680	2.58823538
972.05761719	2.58823538
972.06170654	2.58823538
972.06170654	2.58823538
972.06579590	2.58823538
972.06988525	2.58823538
972.06988525	2.58823538
972.07403564	2.58823538
972.07800293	2.58823538
972.08215332	2.58823538
972.08215332	2.58823538
972.08618164	2.58823538
972.09033203	2.58823538
972.09442139	2.58823538
972.09442139	2.58823538
972.09857178	2.58823538
972.10278320	2.58823538
972.10675049	2.58823538
972.10675049	2.58823538
972.11083984	2.58823538
972.11499023	2.58823538
972.11499023	2.58823538
972.11932373	2.58823538
972.12371826	2.58823538
972.12719727	2.58823538
972.12719727	2.58823538
972.13128662	2.58823538
972.13543701	2.58823538
972.13952637	2.58823538
972.13952637	2.58823538
972.14355469	2.58823538
972.14764404	2.56862736
972.15179443	2.56862736
972.15179443	2.56862736
972.15594482	2.56862736
972.16009521	2.56862736
972.16412354	2.56862736
972.16827393	2.56862736
972.17236328	2.56862736
972.17236328	2.56862736
972.17633057	2.56862736
972.18048096	2.56862736
972.18463135	2.56862736
972.18463135	2.56862736
972.18872070	2.56862736
972.19287109	2.56862736
972.19683838	2.56862736
972.19683838	2.56862736
972.20086670	2.56862736
972.20507813	2.56862736
972.20916748	2.56862736
972.21319580	2.56862736
972.21728516	2.56862736
972.21728516	2.56862736
972.22149658	2.56862736
972.22552490	2.56862736
972.22973633	2.56862736
972.22973633	2.56862736
972.23370361	2.56862736
972.23785400	2.56862736
972.24200439	2.56862736
972.24200439	2.56862736
972.24609375	2.56862736
972.25012207	2.56862736
972.25421143	2.56862736
972.25830078	2.56862736
972.26239014	2.58823538
972.26239014	2.58823538
972.26641846	2.58823538
972.27062988	2.58823538
972.27465820	2.58823538
972.27465820	2.58823538
972.27880859	2.58823538
972.28295898	2.58823538
972.28704834	2.58823538
972.28704834	2.58823538
972.29113770	2.58823538
972.29522705	2.58823538
972.29937744	2.58823538
972.30334473	2.58823538
972.30743408	2.58823538
972.30743408	2.58823538
972.31158447	2.58823538
972.31567383	2.58823538
972.31976318	2.58823538
972.31976318	2.58823538
972.32379150	2.58823538
972.32794189	2.58823538
972.33209229	2.60784316
972.33209229	2.60784316
972.33618164	2.60784316
972.34014893	2.60784316
972.34429932	2.60784316
972.34844971	2.60784316
972.35260010	2.60784316
972.35260010	2.58823538
972.35662842	2.58823538
972.36071777	2.58823538
972.36486816	2.58823538
972.36486816	2.58823538
972.36901855	2.58823538
972.37316895	2.58823538
972.37701416	2.58823538
972.37701416	2.56862736
972.38116455	2.56862736
972.38531494	2.56862736
972.38940430	2.56862736
972.39343262	2.56862736
972.39752197	2.54901958
972.39752197	2.54901958
972.40167236	2.54901958
972.40576172	2.54901958
972.40997314	2.54901958
972.40997314	2.52941179
972.41412354	2.52941179
972.41809082	2.52941179
972.42224121	2.52941179
972.42224121	2.52941179
972.42626953	2.52941179
972.43035889	2.52941179
972.43450928	2.52941179
972.43859863	2.50980401
972.44274902	2.50980401
972.44274902	2.50980401
972.44671631	2.50980401
972.45074463	2.50980401
972.45495605	2.50980401
972.45495605	2.50980401
972.45904541	2.50980401
972.46307373	2.50980401
972.46716309	2.50980401
972.46716309	2.50980401
972.47131348	2.50980401
972.47540283	2.50980401
972.47955322	2.50980401
972.48358154	2.52941179
972.48773193	2.52941179
972.48773193	2.52941179
972.49188232	2.52941179
972.49597168	2.52941179
972.50012207	2.52941179
972.50012207	2.52941179
972.50402832	2.52941179
972.50817871	2.52941179
972.51226807	2.52941179
972.51226807	2.52941179
972.51629639	2.52941179
972.52038574	2.52941179
972.52453613	2.54901958
972.52453613	2.54901958
972.52868652	2.54901958
972.53277588	2.54901958
972.53277588	2.54901958
972.53680420	2.54901958
972.54113770	2.54901958
972.54510498	2.54901958
972.54510498	2.56862736
972.54925537	2.56862736
972.55322266	2.56862736
972.55737305	2.56862736
972.55737305	2.56862736
972.56146240	2.56862736
972.56555176	2.56862736
972.56964111	2.56862736
972.56964111	2.56862736
972.57366943	2.56862736
972.57775879	2.56862736
972.57775879	2.56862736
972.58190918	2.56862736
972.58599854	2.56862736
972.59002686	2.56862736
972.59002686	2.56862736
972.59417725	2.56862736
972.59844971	2.56862736
972.60241699	2.56862736
972.60241699	2.56862736
972.60644531	2.56862736
972.61059570	2.56862736
972.61474609	2.56862736
972.61474609	2.56862736
972.61889648	2.56862736
972.62298584	2.56862736
972.62298584	2.56862736
972.62707520	2.56862736
972.63098145	2.56862736
972.63519287	2.56862736
972.63519287	2.56862736
972.63952637	2.56862736
972.64331055	2.56862736
972.64746094	2.56862736
972.64746094	2.56862736
972.65155029	2.56862736
972.65570068	2.56862736
972.65979004	2.56862736
972.65979004	2.56862736
972.66381836	2.56862736
972.66815186	2.56862736
972.66815186	2.56862736
972.67211914	2.56862736
972.67614746	2.56862736
972.68017578	2.56862736
972.68017578	2.56862736
972.68432617	2.56862736
972.68853760	2.56862736
972.69256592	2.56862736
972.69256592	2.56862736
972.69659424	2.56862736
972.70062256	2.56862736
972.70483398	2.56862736
972.70483398	2.56862736
972.70892334	2.56862736
972.71307373	2.56862736
972.71697998	2.56862736
972.72119141	2.56862736
972.72534180	2.56862736
972.72534180	2.56862736
972.72937012	2.56862736
972.73345947	2.56862736
972.73754883	2.56862736
972.73754883	2.56862736
972.74169922	2.56862736
972.74578857	2.56862736
972.74993896	2.56862736
972.74993896	2.56862736
972.75415039	2.56862736
972.75805664	2.56862736
972.76214600	2.56862736
972.76629639	2.56862736
972.77032471	2.56862736
972.77032471	2.56862736
972.77447510	2.56862736
972.77856445	2.56862736
972.78265381	2.56862736
972.78265381	2.56862736
972.78668213	2.56862736
972.79089355	2.56862736
972.79498291	2.56862736
972.79498291	2.58823538
972.79913330	2.58823538
972.80322266	2.58823538
972.80718994	2.58823538
972.81134033	2.58823538
972.81542969	2.58823538
972.81542969	2.58823538
972.81951904	2.58823538
972.82354736	2.58823538
972.82769775	2.58823538
972.82769775	2.58823538
972.83178711	2.58823538
972.83593750	2.58823538
972.84002686	2.58823538
972.84002686	2.58823538
972.84405518	2.58823538
972.84814453	2.58823538
972.85229492	2.58823538
972.85638428	2.58823538
972.86047363	2.58823538
972.86047363	2.58823538
972.86462402	2.58823538
972.86877441	2.58823538
972.87286377	2.58823538
972.87286377	2.58823538
972.87683105	2.58823538
972.88092041	2.58823538
972.88507080	2.58823538
972.88507080	2.58823538
972.88916016	2.58823538
972.89318848	2.58823538
972.89733887	2.56862736
972.90142822	2.56862736
972.90563965	2.56862736
972.90563965	2.56862736
972.90954590	2.56862736
972.91369629	2.56862736
972.91784668	2.54901958
972.91784668	2.54901958
972.92193604	2.54901958
972.92608643	2.54901958
972.93005371	2.52941179
972.93005371	2.52941179
972.93420410	2.52941179
972.93835449	2.52941179
972.94250488	2.52941179
972.94641113	2.50980401
972.95050049	2.50980401
972.95050049	2.50980401
972.95471191	2.50980401
972.95880127	2.50980401
972.96289063	2.50980401
972.96289063	2.50980401
972.96704102	2.49019599
972.97100830	2.49019599
972.97521973	2.49019599
972.97521973	2.49019599
972.97924805	2.49019599
972.98333740	2.49019599
972.98748779	2.49019599
972.99163818	2.49019599
972.99572754	2.49019599
972.99572754	2.49019599
972.99975586	2.49019599
973.00384521	2.49019599
973.00805664	2.49019599
973.00805664	2.49019599
973.01202393	2.49019599
973.01617432	2.49019599
973.02014160	2.49019599
973.02014160	2.49019599
973.02435303	2.49019599
973.02838135	2.49019599
973.03259277	2.49019599
973.03649902	2.49019599
973.04071045	2.49019599
973.04071045	2.49019599
973.04486084	2.49019599
973.04901123	2.50980401
973.05310059	2.50980401
973.05310059	2.50980401
973.05718994	2.50980401
973.06121826	2.50980401
973.06530762	2.50980401
973.06530762	2.50980401
973.06939697	2.50980401
973.07348633	2.50980401
973.07751465	2.50980401
973.07751465	2.50980401
973.08166504	2.52941179
973.08581543	2.52941179
973.08581543	2.52941179
973.08984375	2.52941179
973.09405518	2.52941179
973.09802246	2.52941179
973.09802246	2.52941179
973.10217285	2.52941179
973.10620117	2.52941179
973.11029053	2.54901958
973.11029053	2.54901958
973.11444092	2.54901958
973.11859131	2.54901958
973.12274170	2.54901958
973.12274170	2.54901958
973.12670898	2.54901958
973.13079834	2.54901958
973.13079834	2.54901958
973.13488770	2.56862736
973.13903809	2.56862736
973.14318848	2.56862736
973.14318848	2.56862736
973.14715576	2.56862736
973.15130615	2.56862736
973.15539551	2.56862736
973.15539551	2.56862736
973.15954590	2.56862736
973.16357422	2.56862736
973.16772461	2.56862736
973.16772461	2.56862736
973.17181396	2.56862736
973.17596436	2.56862736
973.17596436	2.56862736
973.18011475	2.56862736
973.18408203	2.56862736
973.18823242	2.56862736
973.18823242	2.56862736
973.19238281	2.56862736
973.19628906	2.56862736
973.20043945	2.56862736
973.20043945	2.56862736
973.20458984	2.56862736
973.20867920	2.56862736
973.21276855	2.56862736
973.21276855	2.56862736
973.21679688	2.56862736
973.22106934	2.56862736
973.22106934	2.56862736
973.22503662	2.56862736
973.22924805	2.56862736
973.23333740	2.56862736
973.23333740	2.56862736
973.23736572	2.56862736
973.24145508	2.56862736
973.24554443	2.56862736
973.24554443	2.56862736
973.24957275	2.56862736
973.25366211	2.56862736
973.25781250	2.56862736
973.25781250	2.56862736
973.26190186	2.56862736
973.26605225	2.56862736
973.27001953	2.56862736
973.27416992	2.56862736
973.27832031	2.56862736
973.27832031	2.56862736
973.28240967	2.56862736
973.28643799	2.56862736
973.29052734	2.56862736
973.29052734	2.56862736
973.29467773	2.56862736
973.29888916	2.56862736
973.30297852	2.56862736
973.30297852	2.56862736
973.30712891	2.56862736
973.31109619	2.56862736
973.31518555	2.58823538
973.31927490	2.58823538
973.32342529	2.58823538
973.32342529	2.58823538
973.32739258	2.58823538
973.33154297	2.58823538
973.33563232	2.58823538
973.33563232	2.58823538
973.33966064	2.58823538
973.34375000	2.58823538
973.34808350	2.58823538
973.34808350	2.58823538
973.35205078	2.58823538
973.35626221	2.58823538
973.36016846	2.58823538
973.36431885	2.58823538
973.36846924	2.58823538
973.36846924	2.58823538
973.37261963	2.58823538
973.37652588	2.58823538
973.38067627	2.58823538
973.38067627	2.58823538
973.38476563	2.58823538
973.38891602	2.58823538
973.39300537	2.58823538
973.39300537	2.58823538
973.39703369	2.58823538
973.40118408	2.58823538
973.40533447	2.58823538
973.40942383	2.58823538
973.41345215	2.58823538
973.41345215	2.58823538
973.41760254	2.58823538
973.42175293	2.58823538
973.42584229	2.58823538
973.42584229	2.58823538
973.42987061	2.58823538
973.43408203	2.58823538
973.43811035	2.58823538
973.43811035	2.58823538
973.44219971	2.58823538
973.44641113	2.58823538
973.45037842	2.58823538
973.45446777	2.58823538
973.45861816	2.58823538
973.45861816	2.58823538
973.46270752	2.58823538
973.46679688	2.56862736
973.47088623	2.56862736
973.47088623	2.56862736
973.47491455	2.56862736
973.47906494	2.56862736
973.48315430	2.56862736
973.48315430	2.54901958
973.48718262	2.54901958
973.49127197	2.54901958
973.49542236	2.52941179
973.49963379	2.52941179
973.50372314	2.52941179
973.50372314	2.52941179
973.50775146	2.52941179
973.51177979	2.52941179
973.51593018	2.50980401
973.51593018	2.50980401
973.52001953	2.50980401
973.52404785	2.50980401
973.52813721	2.50980401
973.52813721	2.50980401
973.53228760	2.50980401
973.53643799	2.50980401
973.54040527	2.49019599
973.54455566	2.49019599
973.54870605	2.49019599
973.54870605	2.49019599
973.55285645	2.49019599
973.55682373	2.49019599
973.56109619	2.49019599
973.56109619	2.49019599
973.56506348	2.49019599
973.56915283	2.49019599
973.57330322	2.49019599
973.57330322	2.49019599
973.57727051	2.49019599
973.58142090	2.49019599
973.58551025	2.49019599
973.58551025	2.49019599
973.58953857	2.49019599
973.59362793	2.50980401
973.59362793	2.50980401
973.59783936	2.50980401
973.60198975	2.50980401
973.60607910	2.50980401
973.60607910	2.50980401
973.61004639	2.50980401
973.61425781	2.50980401
973.61828613	2.50980401
973.61828613	2.50980401
973.62249756	2.50980401
973.62640381	2.50980401
973.63049316	2.50980401
973.63049316	2.52941179
973.63464355	2.52941179
973.63879395	2.52941179
973.63879395	2.52941179
973.64276123	2.52941179
973.64703369	2.52941179
973.65100098	2.52941179
973.65100098	2.52941179
973.65527344	2.52941179
973.65930176	2.54901958
973.66357422	2.54901958
973.66357422	2.54901958
973.66741943	2.54901958
973.67163086	2.54901958
973.67565918	2.54901958
973.67565918	2.54901958
973.67968750	2.54901958
973.68377686	2.54901958
973.68377686	2.56862736
973.68792725	2.56862736
973.69201660	2.56862736
973.69622803	2.56862736
973.69622803	2.56862736
973.70013428	2.56862736
973.70440674	2.56862736
973.70843506	2.56862736
973.70843506	2.56862736
973.71246338	2.56862736
973.71655273	2.56862736
973.72064209	2.56862736
973.72064209	2.56862736
973.72485352	2.56862736
973.72894287	2.56862736
973.72894287	2.56862736
973.73303223	2.56862736
973.73706055	2.56862736
973.74145508	2.56862736
973.74145508	2.56862736
973.74530029	2.56862736
973.74938965	2.56862736
973.75445557	2.56862736
973.75445557	2.56862736
973.75775146	2.56862736
973.76245117	2.56862736
973.76849365	2.56862736
973.76849365	2.56862736
973.76977539	2.56862736
973.77404785	2.56862736
973.77807617	2.56862736
973.78222656	2.56862736
973.78662109	2.56862736
973.78662109	2.56862736
973.79034424	2.56862736
973.79449463	2.56862736
973.79852295	2.56862736
973.79852295	2.56862736
973.80267334	2.56862736
973.80670166	2.56862736
973.81079102	2.56862736
973.81079102	2.56862736
973.81488037	2.56862736
973.81903076	2.56862736
973.82305908	2.56862736
973.82714844	2.56862736
973.83129883	2.56862736
973.83129883	2.56862736
973.83551025	2.56862736
973.83966064	2.56862736
973.84350586	2.58823538
973.84350586	2.58823538
973.84777832	2.58823538
973.85174561	2.58823538
973.85589600	2.58823538
973.85589600	2.58823538
973.85998535	2.58823538
973.86395264	2.58823538
973.86810303	2.58823538
973.87225342	2.58823538
973.87634277	2.58823538
973.87634277	2.58823538
973.88037109	2.58823538
973.88446045	2.58823538
973.88861084	2.58823538
973.88861084	2.58823538
973.89276123	2.58823538
973.89672852	2.58823538
973.90100098	2.58823538
973.90100098	2.58823538
973.90496826	2.58823538
973.90917969	2.58823538
973.91314697	2.58823538
973.91729736	2.58823538
973.92138672	2.58823538
973.92138672	2.58823538
973.92553711	2.58823538
973.92962646	2.58823538
973.93359375	2.58823538
973.93359375	2.58823538
973.93774414	2.58823538
973.94189453	2.58823538
973.94598389	2.58823538
973.94598389	2.58823538
973.95001221	2.58823538
973.95422363	2.58823538
973.95825195	2.58823538
973.96240234	2.58823538
973.96655273	2.58823538
973.96655273	2.58823538
973.97058105	2.58823538
973.97467041	2.58823538
973.97882080	2.58823538
973.97882080	2.58823538
973.98297119	2.58823538
973.98706055	2.58823538
973.99108887	2.58823538
973.99108887	2.58823538
973.99523926	2.58823538
973.99932861	2.58823538
974.00335693	2.58823538
974.00744629	2.58823538
974.01153564	2.58823538
974.01153564	2.58823538
974.01568604	2.58823538
974.01965332	2.58823538
974.02380371	2.58823538
974.02380371	2.58823538
974.02789307	2.58823538
974.03210449	2.58823538
974.03613281	2.58823538
974.03613281	2.58823538
974.04022217	2.58823538
974.04437256	2.58823538
974.04846191	2.58823538
974.05261230	2.56862736
974.05676270	2.56862736
974.05676270	2.56862736
974.06066895	2.56862736
974.06475830	2.56862736
974.06896973	2.56862736
974.06896973	2.54901958
974.07305908	2.54901958
974.07702637	2.54901958
974.08111572	2.54901958
974.08111572	2.52941179
974.08526611	2.52941179
974.08941650	2.52941179
974.09344482	2.52941179
974.09747314	2.52941179
974.10162354	2.50980401
974.10162354	2.50980401
974.10583496	2.50980401
974.10980225	2.50980401
974.11407471	2.50980401
974.11407471	2.50980401
974.11798096	2.50980401
974.12219238	2.50980401
974.12628174	2.49019599
974.12628174	2.49019599
974.13024902	2.49019599
974.13446045	2.49019599
974.13854980	2.49019599
974.13854980	2.49019599
974.14263916	2.49019599
974.14666748	2.49019599
974.14666748	2.49019599
974.15075684	2.49019599
974.15490723	2.49019599
974.15905762	2.49019599
974.15905762	2.49019599
974.16308594	2.49019599
974.16723633	2.49019599
974.17126465	2.49019599
974.17126465	2.49019599
974.17547607	2.49019599
974.17962646	2.49019599
974.18353271	2.49019599
974.18353271	2.50980401
974.18768311	2.50980401
974.19183350	2.50980401
974.19183350	2.50980401
974.19598389	2.50980401
974.20013428	2.50980401
974.20410156	2.50980401
974.20410156	2.50980401
974.20819092	2.50980401
974.21234131	2.50980401
974.21649170	2.50980401
974.21649170	2.52941179
974.22052002	2.52941179
974.22460938	2.52941179
974.22869873	2.52941179
974.22869873	2.52941179
974.23278809	2.52941179
974.23675537	2.52941179
974.23675537	2.52941179
974.24108887	2.52941179
974.24499512	2.54901958
974.24920654	2.54901958
974.24920654	2.54901958
974.25323486	2.54901958
974.25732422	2.54901958
974.26147461	2.54901958
974.26147461	2.54901958
974.26550293	2.54901958
974.26953125	2.56862736
974.27368164	2.56862736
974.27368164	2.56862736
974.27777100	2.56862736
974.28186035	2.56862736
974.28186035	2.56862736
974.28601074	2.56862736
974.29003906	2.56862736
974.29418945	2.56862736
974.29418945	2.56862736
974.29833984	2.56862736
974.30249023	2.56862736
974.30657959	2.56862736
974.30657959	2.56862736
974.31060791	2.56862736
974.31469727	2.56862736
974.31884766	2.56862736
974.31884766	2.56862736
974.32275391	2.56862736
974.32702637	2.56862736
974.33099365	2.56862736
974.33520508	2.56862736
974.33929443	2.56862736
974.33929443	2.56862736
974.34332275	2.56862736
974.34741211	2.56862736
974.35156250	2.56862736
974.35156250	2.56862736
974.35571289	2.56862736
974.35968018	2.56862736
974.36383057	2.56862736
974.36383057	2.56862736
974.36798096	2.56862736
974.37213135	2.56862736
974.37615967	2.56862736
974.38012695	2.56862736
974.38427734	2.56862736
974.38427734	2.56862736
974.38842773	2.56862736
974.39251709	2.56862736
974.39666748	2.56862736
974.39666748	2.56862736
974.40063477	2.56862736
974.40478516	2.56862736
974.40887451	2.56862736
974.40887451	2.56862736
974.41308594	2.56862736
974.41705322	2.56862736
974.42120361	2.56862736
974.42535400	2.56862736
974.42938232	2.56862736
974.42938232	2.56862736
974.43341064	2.56862736
974.43756104	2.56862736
974.44165039	2.56862736
974.44165039	2.56862736
974.44573975	2.56862736
974.44976807	2.56862736
974.45404053	2.56862736
974.45404053	2.56862736
974.45800781	2.56862736
974.46215820	2.56862736
974.46624756	2.56862736
974.47033691	2.56862736
974.47448730	2.56862736
974.47448730	2.56862736
974.47857666	2.56862736
974.48272705	2.56862736
974.48669434	2.56862736
974.48669434	2.56862736
974.49084473	2.58823538
974.49493408	2.58823538
974.49908447	2.58823538
974.49908447	2.58823538
974.50311279	2.58823538
974.50714111	2.58823538
974.51123047	2.58823538
974.51538086	2.58823538
974.51953125	2.58823538
974.51953125	2.58823538
974.52355957	2.58823538
974.52764893	2.58823538
974.53173828	2.58823538
974.53173828	2.58823538
974.53588867	2.58823538
974.54003906	2.58823538
974.54406738	2.58823538
974.54406738	2.58823538
974.54821777	2.58823538
974.55236816	2.58823538
974.55645752	2.58823538
974.56042480	2.58823538
974.56457520	2.58823538
974.56457520	2.58823538
974.56866455	2.58823538
974.57275391	2.58823538
974.57678223	2.58823538
974.57678223	2.58823538
974.58087158	2.58823538
974.58508301	2.58823538
974.58917236	2.58823538
974.58917236	2.58823538
974.59313965	2.58823538
974.59729004	2.58823538
974.60137939	2.58823538
974.60552979	2.58823538
974.60974121	2.58823538
974.60974121	2.58823538
974.61364746	2.58823538
974.61779785	2.58823538
974.62194824	2.56862736
974.62194824	2.56862736
974.62603760	2.56862736
974.63000488	2.56862736
974.63415527	2.56862736
974.63415527	2.56862736
974.63830566	2.54901958
974.64239502	2.54901958
974.64654541	2.54901958
974.64654541	2.54901958
974.65051270	2.54901958
974.65466309	2.52941179
974.65466309	2.52941179
974.65875244	2.52941179
974.66296387	2.52941179
974.66711426	2.52941179
974.66711426	2.52941179
974.67102051	2.52941179
974.67535400	2.50980401
974.67938232	2.50980401
974.67938232	2.50980401
974.68341064	2.50980401
974.68750000	2.50980401
974.69165039	2.50980401
974.69165039	2.50980401
974.69573975	2.50980401
974.69982910	2.50980401
974.69982910	2.50980401
974.70379639	2.50980401
974.70794678	2.50980401
974.71209717	2.50980401
974.71209717	2.50980401
974.71624756	2.50980401
974.72021484	2.50980401
974.72436523	2.50980401
974.72436523	2.50980401
974.72851563	2.50980401
974.73266602	2.50980401
974.73663330	2.50980401
974.73663330	2.50980401
974.74066162	2.50980401
974.74481201	2.50980401
974.74481201	2.50980401
974.74890137	2.50980401
974.75305176	2.50980401
974.75714111	2.50980401
974.75714111	2.50980401
974.76116943	2.50980401
974.76525879	2.52941179
974.76947021	2.52941179
974.76947021	2.52941179
974.77343750	2.52941179
974.77752686	2.52941179
974.78167725	2.52941179
974.78167725	2.52941179
974.78576660	2.52941179
974.78991699	2.52941179
974.78991699	2.52941179
974.79400635	2.54901958
974.79803467	2.54901958
974.80218506	2.54901958
974.80218506	2.54901958
974.80615234	2.54901958
974.81030273	2.54901958
974.81445313	2.54901958
974.81445313	2.54901958
974.81854248	2.56862736
974.82263184	2.56862736
974.82678223	2.56862736
974.82678223	2.56862736
974.83074951	2.56862736
974.83489990	2.56862736
974.83905029	2.56862736
974.84301758	2.56862736
974.84710693	2.56862736
974.84710693	2.56862736
974.85131836	2.58823538
974.85546875	2.58823538
974.85949707	2.58823538
974.85949707	2.58823538
974.86358643	2.58823538
974.86767578	2.58823538
974.87182617	2.58823538
974.87182617	2.58823538
974.87591553	2.58823538
974.88000488	2.58823538
974.88397217	2.58823538
974.88812256	2.58823538
974.89227295	2.58823538
974.89227295	2.58823538
974.89624023	2.58823538
974.90039063	2.58823538
974.90447998	2.58823538
974.90447998	2.58823538
974.90869141	2.58823538
974.91284180	2.58823538
974.91680908	2.58823538
974.91680908	2.58823538
974.92102051	2.58823538
974.92510986	2.58823538
974.92919922	2.58823538
974.93322754	2.58823538
974.93725586	2.58823538
974.93725586	2.58823538
974.94140625	2.58823538
974.94555664	2.58823538
974.94964600	2.58823538
974.94964600	2.58823538
974.95373535	2.58823538
974.95776367	2.58823538
974.96185303	2.58823538
974.96185303	2.58823538
974.96600342	2.58823538
974.97003174	2.58823538
974.97418213	2.58823538
974.97833252	2.58823538
974.98248291	2.58823538
974.98248291	2.58823538
974.98645020	2.58823538
974.99053955	2.58823538
974.99468994	2.58823538
974.99468994	2.58823538
974.99884033	2.58823538
975.00280762	2.58823538
975.00714111	2.58823538
975.00714111	2.58823538
975.01110840	2.58823538
975.01525879	2.58823538
975.01934814	2.58823538
975.02331543	2.58823538
975.02752686	2.58823538
975.02752686	2.58823538
975.03161621	2.58823538
975.03570557	2.58823538
975.03979492	2.58823538
975.03979492	2.58823538
975.04376221	2.58823538
975.04791260	2.58823538
975.05200195	2.58823538
975.05200195	2.58823538
975.05615234	2.58823538
975.06018066	2.58823538
975.06433105	2.58823538
975.06842041	2.58823538
975.07250977	2.58823538
975.07250977	2.58823538
975.07653809	2.58823538
975.08062744	2.58823538
975.08477783	2.58823538
975.08477783	2.58823538
975.08892822	2.58823538
975.09301758	2.58823538
975.09704590	2.58823538
975.09704590	2.58823538
975.10119629	2.58823538
975.10534668	2.58823538
975.10943604	2.58823538
975.11346436	2.58823538
975.11749268	2.58823538
975.11749268	2.58823538
975.12170410	2.58823538
975.12585449	2.58823538
975.12988281	2.58823538
975.12988281	2.58823538
975.13397217	2.58823538
975.13800049	2.58823538
975.14208984	2.58823538
975.14208984	2.58823538
975.14617920	2.58823538
975.15026855	2.58823538
975.15441895	2.58823538
975.15850830	2.58823538
975.16265869	2.58823538
975.16265869	2.58823538
975.16668701	2.56862736
975.17077637	2.56862736
975.17498779	2.56862736
975.17498779	2.56862736
975.17907715	2.56862736
975.18304443	2.54901958
975.18713379	2.54901958
975.18713379	2.54901958
975.19128418	2.54901958
975.19537354	2.52941179
975.19952393	2.52941179
975.19952393	2.52941179
975.20349121	2.52941179
975.20764160	2.52941179
975.20764160	2.52941179
975.21173096	2.50980401
975.21588135	2.50980401
975.22003174	2.50980401
975.22003174	2.50980401
975.22399902	2.50980401
975.22821045	2.50980401
975.23236084	2.50980401
975.23236084	2.50980401
975.23645020	2.50980401
975.24047852	2.49019599
975.24456787	2.49019599
975.24456787	2.49019599
975.24871826	2.49019599
975.25286865	2.49019599
975.25286865	2.49019599
975.25677490	2.49019599
975.26104736	2.49019599
975.26507568	2.49019599
975.26507568	2.49019599
975.26910400	2.49019599
975.27313232	2.49019599
975.27728271	2.49019599
975.27728271	2.49019599
975.28137207	2.49019599
975.28552246	2.49019599
975.28967285	2.49019599
975.28967285	2.50980401
975.29370117	2.50980401
975.29785156	2.50980401
975.29785156	2.50980401
975.30194092	2.50980401
975.30609131	2.50980401
975.31005859	2.50980401
975.31005859	2.50980401
975.31420898	2.50980401
975.31823730	2.50980401
975.32238770	2.50980401
975.32238770	2.52941179
975.32641602	2.52941179
975.33050537	2.52941179
975.33465576	2.52941179
975.33465576	2.52941179
975.33874512	2.52941179
975.34295654	2.52941179
975.34295654	2.52941179
975.34698486	2.54901958
975.35101318	2.54901958
975.35516357	2.54901958
975.35516357	2.54901958
975.35931396	2.54901958
975.36328125	2.54901958
975.36743164	2.54901958
975.36743164	2.56862736
975.37158203	2.56862736
975.37573242	2.56862736
975.37982178	2.56862736
975.37982178	2.56862736
975.38378906	2.56862736
975.38800049	2.56862736
975.39202881	2.56862736
975.39617920	2.56862736
975.40014648	2.56862736
975.40014648	2.56862736
975.40429688	2.58823538
975.40838623	2.58823538
975.41253662	2.58823538
975.41253662	2.58823538
975.41656494	2.58823538
975.42065430	2.58823538
975.42480469	2.58823538
975.42480469	2.58823538
975.42895508	2.58823538
975.43310547	2.58823538
975.43713379	2.58823538
975.44116211	2.58823538
975.44519043	2.58823538
975.44519043	2.58823538
975.44940186	2.58823538
975.45336914	2.58823538
975.45751953	2.58823538
975.45751953	2.58823538
975.46160889	2.58823538
975.46575928	2.58823538
975.46984863	2.58823538
975.46984863	2.58823538
975.47406006	2.58823538
975.47802734	2.58823538
975.48223877	2.58823538
975.48620605	2.58823538
975.49035645	2.58823538
975.49035645	2.58823538
975.49444580	2.58823538
975.49859619	2.58823538
975.50268555	2.58823538
975.50268555	2.58823538
975.50677490	2.58823538
975.51080322	2.58823538
975.51489258	2.58823538
975.51489258	2.58823538
975.51904297	2.58823538
975.52301025	2.58823538
975.52716064	2.58823538
975.53125000	2.58823538
975.53540039	2.58823538
975.53540039	2.58823538
975.53955078	2.58823538
975.54351807	2.58823538
975.54766846	2.58823538
975.54766846	2.58823538
975.55181885	2.58823538
975.55596924	2.58823538
975.56005859	2.58823538
975.56005859	2.58823538
975.56402588	2.58823538
975.56811523	2.58823538
975.57226563	2.58823538
975.57629395	2.58823538
975.58038330	2.58823538
975.58038330	2.58823538
975.58459473	2.58823538
975.58862305	2.58823538
975.59277344	2.58823538
975.59277344	2.58823538
975.59674072	2.58823538
975.60101318	2.58823538
975.60522461	2.58823538
975.60522461	2.58823538
975.60919189	2.58823538
975.61322021	2.58823538
975.61730957	2.58823538
975.62133789	2.58823538
975.62554932	2.58823538
975.62554932	2.58823538
975.62951660	2.58823538
975.63360596	2.58823538
975.63787842	2.58823538
975.63787842	2.58823538
975.64190674	2.58823538
975.64599609	2.58823538
975.65002441	2.58823538
975.65002441	2.58823538
975.65411377	2.58823538
975.65826416	2.58823538
975.66235352	2.58823538
975.66644287	2.58823538
975.67053223	2.58823538
975.67053223	2.58823538
975.67468262	2.58823538
975.67883301	2.58823538
975.68298340	2.58823538
975.68298340	2.58823538
975.68713379	2.58823538
975.69104004	2.58823538
975.69512939	2.58823538
975.69512939	2.58823538
975.69927979	2.58823538
975.70324707	2.58823538
975.70739746	2.58823538
975.70739746	2.56862736
975.71148682	2.56862736
975.71563721	2.56862736
975.71563721	2.56862736
975.71960449	2.56862736
975.72381592	2.54901958
975.72808838	2.54901958
975.72808838	2.54901958
975.73211670	2.52941179
975.73620605	2.52941179
975.74017334	2.52941179
975.74017334	2.52941179
975.74432373	2.52941179
975.74847412	2.52941179
975.75256348	2.50980401
975.75256348	2.50980401
975.75659180	2.50980401
975.76068115	2.50980401
975.76068115	2.50980401
975.76470947	2.50980401
975.76892090	2.50980401
975.77301025	2.49019599
975.77301025	2.49019599
975.77703857	2.49019599
975.78118896	2.49019599
975.78527832	2.49019599
975.78527832	2.49019599
975.78936768	2.49019599
975.79339600	2.49019599
975.79754639	2.49019599
975.79754639	2.49019599
975.80169678	2.49019599
975.80578613	2.49019599
975.80578613	2.49019599
975.80981445	2.49019599
975.81396484	2.49019599
975.81799316	2.49019599
975.81799316	2.49019599
975.82214355	2.49019599
975.82623291	2.49019599
975.83026123	2.49019599
975.83026123	2.49019599
975.83435059	2.49019599
975.83850098	2.49019599
975.84265137	2.49019599
975.84265137	2.49019599
975.84661865	2.49019599
975.85076904	2.50980401
975.85076904	2.50980401
975.85491943	2.50980401
975.85906982	2.50980401
975.86322021	2.50980401
975.86322021	2.50980401
975.86718750	2.50980401
975.87133789	2.50980401
975.87542725	2.50980401
975.87542725	2.50980401
975.87939453	2.52941179
975.88348389	2.52941179
975.88769531	2.52941179
975.88769531	2.52941179
975.89178467	2.52941179
975.89587402	2.52941179
975.90002441	2.52941179
975.90399170	2.54901958
975.90814209	2.54901958
975.90814209	2.54901958
975.91229248	2.54901958
975.91632080	2.54901958
975.92053223	2.54901958
975.92053223	2.54901958
975.92456055	2.56862736
975.92871094	2.56862736
975.93280029	2.56862736
975.93280029	2.56862736
975.93682861	2.56862736
975.94104004	2.56862736
975.94500732	2.56862736
975.94915771	2.56862736
975.95324707	2.56862736
975.95324707	2.56862736
975.95727539	2.56862736
975.96136475	2.56862736
975.96551514	2.56862736
975.96551514	2.56862736
975.96948242	2.56862736
975.97363281	2.56862736
975.97784424	2.56862736
975.97784424	2.56862736
975.98193359	2.56862736
975.98608398	2.56862736
975.99005127	2.56862736
975.99420166	2.56862736
975.99829102	2.56862736
975.99829102	2.56862736
976.00244141	2.56862736
976.00646973	2.56862736
976.01049805	2.56862736
976.01049805	2.56862736
976.01458740	2.56862736
976.01873779	2.56862736
976.02288818	2.56862736
976.02288818	2.56862736
976.02703857	2.56862736
976.03100586	2.56862736
976.03515625	2.56862736
976.03924561	2.56862736
976.04339600	2.56862736
976.04339600	2.56862736
976.04748535	2.56862736
976.05157471	2.56862736
976.05572510	2.56862736
976.05572510	2.56862736
976.05969238	2.56862736
976.06384277	2.56862736
976.06805420	2.56862736
976.06805420	2.58823538
976.07202148	2.58823538
976.07617188	2.58823538
976.08020020	2.58823538
976.08422852	2.58823538
976.08837891	2.58823538
976.08837891	2.58823538
976.09246826	2.58823538
976.09649658	2.58823538
976.10058594	2.58823538
976.10058594	2.58823538
976.10479736	2.58823538
976.10894775	2.58823538
976.11309814	2.58823538
976.11309814	2.58823538
976.11706543	2.58823538
976.12115479	2.58823538
976.12530518	2.58823538
976.12939453	2.58823538
976.13336182	2.58823538
976.13336182	2.58823538
976.13751221	2.58823538
976.14160156	2.58823538
976.14575195	2.58823538
976.14575195	2.58823538
976.14984131	2.58823538
976.15405273	2.58823538
976.15802002	2.58823538
976.15802002	2.58823538
976.16210938	2.58823538
976.16625977	2.58823538
976.17022705	2.58823538
976.17443848	2.58823538
976.17858887	2.58823538
976.17858887	2.58823538
976.18267822	2.58823538
976.18670654	2.60784316
976.19079590	2.60784316
976.19079590	2.60784316
976.19488525	2.60784316
976.19897461	2.60784316
976.20312500	2.60784316
976.20312500	2.60784316
976.20715332	2.60784316
976.21124268	2.60784316
976.21539307	2.60784316
976.21948242	2.60784316
976.22351074	2.60784316
976.22351074	2.60784316
976.22766113	2.60784316
976.23181152	2.60784316
976.23596191	2.60784316
976.23596191	2.60784316
976.24011230	2.60784316
976.24407959	2.60784316
976.24810791	2.60784316
976.24810791	2.58823538
976.25225830	2.58823538
976.25622559	2.58823538
976.26037598	2.58823538
976.26037598	2.58823538
976.26446533	2.58823538
976.26861572	2.56862736
976.26861572	2.56862736
976.27276611	2.56862736
976.27679443	2.56862736
976.28100586	2.54901958
976.28100586	2.54901958
976.28503418	2.54901958
976.28918457	2.52941179
976.29333496	2.52941179
976.29333496	2.52941179
976.29730225	2.52941179
976.30145264	2.52941179
976.30554199	2.52941179
976.30554199	2.50980401
976.30957031	2.50980401
976.31372070	2.50980401
976.31372070	2.50980401
976.31781006	2.50980401
976.32189941	2.50980401
976.32598877	2.50980401
976.32598877	2.50980401
976.33001709	2.49019599
976.33410645	2.49019599
976.33825684	2.49019599
976.33825684	2.49019599
976.34234619	2.49019599
976.34637451	2.49019599
976.35046387	2.49019599
976.35046387	2.49019599
976.35467529	2.49019599
976.35882568	2.49019599
976.35882568	2.49019599
976.36297607	2.49019599
976.36706543	2.49019599
976.37097168	2.49019599
976.37097168	2.49019599
976.37518311	2.49019599
976.37921143	2.49019599
976.38336182	2.49019599
976.38336182	2.49019599
976.38739014	2.49019599
976.39147949	2.50980401
976.39562988	2.50980401
976.39562988	2.50980401
976.39959717	2.50980401
976.40380859	2.50980401
976.40380859	2.50980401
976.40789795	2.50980401
976.41198730	2.50980401
976.41619873	2.50980401
976.41619873	2.52941179
976.42016602	2.52941179
976.42431641	2.52941179
976.42846680	2.52941179
976.42846680	2.52941179
976.43255615	2.52941179
976.43658447	2.52941179
976.44061279	2.52941179
976.44061279	2.52941179
976.44476318	2.54901958
976.44885254	2.54901958
976.45300293	2.54901958
976.45697021	2.54901958
976.46112061	2.54901958
976.46112061	2.56862736
976.46527100	2.56862736
976.46936035	2.56862736
976.47338867	2.56862736
976.47338867	2.56862736
976.47753906	2.56862736
976.48168945	2.56862736
976.48583984	2.56862736
976.48583984	2.56862736
976.48980713	2.56862736
976.49395752	2.56862736
976.49798584	2.58823538
976.50213623	2.58823538
976.50628662	2.58823538
976.50628662	2.58823538
976.51025391	2.58823538
976.51440430	2.58823538
976.51849365	2.58823538
976.51849365	2.58823538
976.52264404	2.58823538
976.52661133	2.58823538
976.53076172	2.58823538
976.53076172	2.58823538
976.53485107	2.58823538
976.53900146	2.58823538
976.54296875	2.58823538
976.54705811	2.58823538
976.55126953	2.58823538
976.55126953	2.58823538
976.55541992	2.58823538
976.55950928	2.58823538
976.56347656	2.58823538
976.56347656	2.58823538
976.56762695	2.58823538
976.57177734	2.58823538
976.57586670	2.58823538
976.57586670	2.58823538
976.58007813	2.58823538
976.58398438	2.58823538
976.58825684	2.58823538
976.59222412	2.58823538
976.59637451	2.58823538
976.59637451	2.58823538
976.60034180	2.58823538
976.60455322	2.58823538
976.60870361	2.58823538
976.60870361	2.58823538
976.61273193	2.58823538
976.61676025	2.58823538
976.62109375	2.58823538
976.62109375	2.58823538
976.62500000	2.58823538
976.62915039	2.58823538
976.63317871	2.58823538
976.63720703	2.58823538
976.64141846	2.58823538
976.64141846	2.58823538
976.64544678	2.58823538
976.64965820	2.58823538
976.65362549	2.58823538
976.65362549	2.58823538
976.65783691	2.58823538
976.66192627	2.58823538
976.66601563	2.58823538
976.66601563	2.58823538
976.67004395	2.58823538
976.67419434	2.58823538
976.67828369	2.58823538
976.68237305	2.58823538
976.68652344	2.58823538
976.68652344	2.58823538
976.69055176	2.58823538
976.69464111	2.58823538
976.69879150	2.58823538
976.69879150	2.58823538
976.70275879	2.58823538
976.70703125	2.58823538
976.71105957	2.58823538
976.71105957	2.58823538
976.71514893	2.58823538
976.71929932	2.58823538
976.72320557	2.58823538
976.72735596	2.58823538
976.73144531	2.58823538
976.73144531	2.58823538
976.73559570	2.58823538
976.73962402	2.58823538
976.74371338	2.58823538
976.74371338	2.58823538
976.74780273	2.58823538
976.75207520	2.58823538
976.75610352	2.58823538
976.75610352	2.58823538
976.76013184	2.58823538
976.76428223	2.58823538
976.76837158	2.58823538
976.76837158	2.58823538
976.77252197	2.58823538
976.77661133	2.60784316
976.77661133	2.60784316
976.78063965	2.60784316
976.78472900	2.60784316
976.78894043	2.60784316
976.78894043	2.60784316
976.79302979	2.60784316
976.79705811	2.60784316
976.80114746	2.60784316
976.80114746	2.58823538
976.80529785	2.58823538
976.80944824	2.58823538
976.81341553	2.58823538
976.81341553	2.58823538
976.81750488	2.58823538
976.82165527	2.58823538
976.82165527	2.58823538
976.82574463	2.56862736
976.82977295	2.56862736
976.83398438	2.56862736
976.83398438	2.56862736
976.83801270	2.54901958
976.84210205	2.54901958
976.84625244	2.54901958
976.84625244	2.52941179
976.85021973	2.52941179
976.85443115	2.52941179
976.85845947	2.52941179
976.85845947	2.52941179
976.86267090	2.50980401
976.86663818	2.50980401
976.86663818	2.50980401
976.87072754	2.50980401
976.87493896	2.50980401
976.87902832	2.50980401
976.87902832	2.49019599
976.88299561	2.49019599
976.88714600	2.49019599
976.89123535	2.49019599
976.89123535	2.49019599
976.89538574	2.49019599
976.89947510	2.49019599
976.90350342	2.49019599
976.90350342	2.49019599
976.90759277	2.49019599
976.91174316	2.49019599
976.91174316	2.49019599
976.91595459	2.49019599
976.91998291	2.49019599
976.92401123	2.49019599
976.92401123	2.49019599
976.92816162	2.49019599
976.93231201	2.49019599
976.93646240	2.49019599
976.93646240	2.49019599
976.94036865	2.49019599
976.94445801	2.49019599
976.94860840	2.49019599
976.94860840	2.50980401
976.95275879	2.50980401
976.95684814	2.50980401
976.95684814	2.50980401
976.96099854	2.50980401
976.96502686	2.50980401
976.96911621	2.50980401
976.96911621	2.50980401
976.97314453	2.50980401
976.97729492	2.52941179
976.98144531	2.52941179
976.98144531	2.52941179
976.98559570	2.52941179
976.98956299	2.52941179
976.99365234	2.52941179
976.99365234	2.52941179
976.99780273	2.52941179
977.00189209	2.54901958
977.00598145	2.54901958
977.01007080	2.54901958
977.01409912	2.54901958
977.01409912	2.56862736
977.01824951	2.56862736
977.02239990	2.56862736
977.02655029	2.56862736
977.02655029	2.56862736
977.03045654	2.56862736
977.03466797	2.56862736
977.03881836	2.56862736
977.03881836	2.56862736
977.04290771	2.56862736
977.04705811	2.58823538
977.05102539	2.58823538
977.05517578	2.58823538
977.05932617	2.58823538
977.05932617	2.58823538
977.06329346	2.58823538
977.06744385	2.58823538
977.07153320	2.58823538
977.07153320	2.58823538
977.07562256	2.58823538
977.07958984	2.58823538
977.08374023	2.58823538
977.08374023	2.58823538
977.08782959	2.58823538
977.09197998	2.58823538
977.09613037	2.58823538
977.10009766	2.58823538
977.10430908	2.58823538
977.10430908	2.58823538
977.10845947	2.58823538
977.11254883	2.58823538
977.11669922	2.58823538
977.11669922	2.58823538
977.12060547	2.58823538
977.12481689	2.58823538
977.12890625	2.58823538
977.12890625	2.58823538
977.13299561	2.58823538
977.13696289	2.58823538
977.14111328	2.58823538
977.14520264	2.58823538
977.14935303	2.58823538
977.14935303	2.58823538
977.15332031	2.58823538
977.15759277	2.58823538
977.16162109	2.58823538
977.16162109	2.58823538
977.16577148	2.58823538
977.16979980	2.58823538
977.17407227	2.58823538
977.17407227	2.58823538
977.17803955	2.58823538
977.18212891	2.58823538
977.18634033	2.58823538
977.19024658	2.58823538
977.19433594	2.58823538
977.19433594	2.58823538
977.19848633	2.58823538
977.20263672	2.58823538
977.20678711	2.58823538
977.20678711	2.58823538
977.21075439	2.58823538
977.21490479	2.58823538
977.21899414	2.58823538
977.21899414	2.58823538
977.22302246	2.58823538
977.22717285	2.58823538
977.23132324	2.58823538
977.23547363	2.58823538
977.23956299	2.58823538
977.23956299	2.58823538
977.24353027	2.58823538
977.24768066	2.58823538
977.25183105	2.58823538
977.25183105	2.58823538
977.25592041	2.58823538
977.26013184	2.58823538
977.26409912	2.58823538
977.26409912	2.58823538
977.26818848	2.58823538
977.27233887	2.58823538
977.27642822	2.58823538
977.28045654	2.58823538
977.28460693	2.58823538
977.28460693	2.58823538
977.28875732	2.58823538
977.29272461	2.58823538
977.29675293	2.58823538
977.29675293	2.58823538
977.30096436	2.58823538
977.30499268	2.58823538
977.30908203	2.58823538
977.30908203	2.58823538
977.31311035	2.58823538
977.31726074	2.58823538
977.32141113	2.58823538
977.32141113	2.58823538
977.32550049	2.58823538
977.32958984	2.58823538
977.32958984	2.58823538
977.33361816	2.58823538
977.33782959	2.58823538
977.34185791	2.58823538
977.34185791	2.58823538
977.34600830	2.58823538
977.34997559	2.58823538
977.35412598	2.58823538
977.35412598	2.58823538
977.35827637	2.58823538
977.36242676	2.58823538
977.36657715	2.58823538
977.36657715	2.56862736
977.37054443	2.56862736
977.37469482	2.56862736
977.37469482	2.56862736
977.37878418	2.56862736
977.38275146	2.54901958
977.38696289	2.54901958
977.38696289	2.54901958
977.39105225	2.52941179
977.39508057	2.52941179
977.39929199	2.52941179
977.39929199	2.52941179
977.40319824	2.52941179
977.40740967	2.50980401
977.41143799	2.50980401
977.41143799	2.50980401
977.41564941	2.50980401
977.41979980	2.50980401
977.41979980	2.50980401
977.42376709	2.49019599
977.42791748	2.49019599
977.43206787	2.49019599
977.43206787	2.49019599
977.43603516	2.49019599
977.44012451	2.49019599
977.44427490	2.49019599
977.44427490	2.49019599
977.44836426	2.49019599
977.45251465	2.49019599
977.45660400	2.49019599
977.45660400	2.49019599
977.46063232	2.47058821
977.46472168	2.47058821
977.46472168	2.49019599
977.46887207	2.49019599
977.47302246	2.49019599
977.47705078	2.49019599
977.47705078	2.49019599
977.48114014	2.49019599
977.48529053	2.49019599
977.48944092	2.49019599
977.48944092	2.49019599
977.49340820	2.49019599
977.49755859	2.49019599
977.50164795	2.49019599
977.50164795	2.49019599
977.50573730	2.49019599
977.50988770	2.49019599
977.51397705	2.50980401
977.51800537	2.50980401
977.52209473	2.50980401
977.52209473	2.50980401
977.52612305	2.50980401
977.53021240	2.50980401
977.53436279	2.50980401
977.53436279	2.50980401
977.53851318	2.52941179
977.54266357	2.52941179
977.54681396	2.52941179
977.54681396	2.52941179
977.55078125	2.52941179
977.55493164	2.52941179
977.55908203	2.52941179
977.56304932	2.52941179
977.56713867	2.54901958
977.56713867	2.54901958
977.57122803	2.54901958
977.57537842	2.54901958
977.57946777	2.54901958
977.57946777	2.54901958
977.58349609	2.54901958
977.58770752	2.56862736
977.59173584	2.56862736
977.59173584	2.56862736
977.59582520	2.56862736
977.59997559	2.56862736
977.60394287	2.56862736
977.60815430	2.56862736
977.61230469	2.56862736
977.61230469	2.56862736
977.61645508	2.56862736
977.62048340	2.56862736
977.62451172	2.56862736
977.62451172	2.56862736
977.62866211	2.56862736
977.63275146	2.56862736
977.63671875	2.56862736
977.63671875	2.56862736
977.64099121	2.56862736
977.64495850	2.56862736
977.64916992	2.56862736
977.65313721	2.56862736
977.65722656	2.56862736
977.65722656	2.56862736
977.66137695	2.56862736
977.66552734	2.56862736
977.66967773	2.56862736
977.66967773	2.56862736
977.67364502	2.56862736
977.67779541	2.56862736
977.68194580	2.56862736
977.68194580	2.56862736
977.68603516	2.56862736
977.69000244	2.56862736
977.69409180	2.56862736
977.69824219	2.56862736
977.70239258	2.56862736
977.70239258	2.56862736
977.70635986	2.56862736
977.71051025	2.56862736
977.71459961	2.56862736
977.71459961	2.56862736
977.71875000	2.56862736
977.72283936	2.56862736
977.72698975	2.56862736
977.72698975	2.56862736
977.73107910	2.56862736
977.73516846	2.56862736
977.73931885	2.56862736
977.74328613	2.56862736
977.74737549	2.56862736
977.74737549	2.56862736
977.75152588	2.56862736
977.75561523	2.56862736
977.75970459	2.56862736
977.75970459	2.56862736
977.76373291	2.56862736
977.76782227	2.56862736
977.77197266	2.56862736
977.77197266	2.56862736
977.77612305	2.56862736
977.78009033	2.56862736
977.78424072	2.56862736
977.78839111	2.56862736
977.79254150	2.56862736
977.79254150	2.56862736
977.79656982	2.56862736
977.80065918	2.56862736
977.80480957	2.56862736
977.80480957	2.56862736
977.80895996	2.56862736
977.81298828	2.56862736
977.81695557	2.56862736
977.81695557	2.56862736
977.82116699	2.58823538
977.82525635	2.58823538
977.82940674	2.58823538
977.82940674	2.58823538
977.83337402	2.58823538
977.83752441	2.58823538
977.83752441	2.58823538
977.84161377	2.58823538
977.84576416	2.58823538
977.84997559	2.58823538
977.84997559	2.58823538
977.85400391	2.58823538
977.85803223	2.58823538
977.86218262	2.58823538
977.86218262	2.58823538
977.86621094	2.58823538
977.87030029	2.58823538
977.87438965	2.58823538
977.87438965	2.58823538
977.87854004	2.58823538
977.88262939	2.58823538
977.88262939	2.58823538
977.88659668	2.58823538
977.89074707	2.58823538
977.89483643	2.58823538
977.89483643	2.58823538
977.89898682	2.58823538
977.90295410	2.58823538
977.90710449	2.58823538
977.90710449	2.58823538
977.91125488	2.56862736
977.91540527	2.56862736
977.91955566	2.56862736
977.91955566	2.56862736
977.92358398	2.56862736
977.92767334	2.54901958
977.92767334	2.54901958
977.93182373	2.54901958
977.93591309	2.52941179
977.94006348	2.52941179
977.94006348	2.52941179
977.94396973	2.52941179
977.94812012	2.52941179
977.95233154	2.50980401
977.95233154	2.50980401
977.95635986	2.50980401
977.96044922	2.50980401
977.96453857	2.50980401
977.96453857	2.50980401
977.96868896	2.49019599
977.97290039	2.49019599
977.97290039	2.49019599
977.97680664	2.49019599
977.98089600	2.49019599
977.98498535	2.49019599
977.98498535	2.49019599
977.98913574	2.49019599
977.99310303	2.49019599
977.99725342	2.49019599
977.99725342	2.49019599
978.00140381	2.49019599
978.00555420	2.49019599
978.00958252	2.49019599
978.00958252	2.49019599
978.01361084	2.49019599
978.01776123	2.49019599
978.01776123	2.49019599
978.02185059	2.49019599
978.02600098	2.49019599
978.03002930	2.49019599
978.03002930	2.49019599
978.03411865	2.49019599
978.03833008	2.49019599
978.04235840	2.49019599
978.04235840	2.49019599
978.04638672	2.49019599
978.05053711	2.50980401
978.05474854	2.50980401
978.05474854	2.50980401
978.05877686	2.50980401
978.06286621	2.50980401
978.06695557	2.50980401
978.07098389	2.50980401
978.07519531	2.52941179
978.07519531	2.52941179
978.07922363	2.52941179
978.08325195	2.52941179
978.08734131	2.52941179
978.08734131	2.52941179
978.09149170	2.52941179
978.09564209	2.52941179
978.09985352	2.54901958
978.09985352	2.54901958
978.10467529	2.54901958
978.10839844	2.54901958
978.11224365	2.56862736
978.11621094	2.56862736
978.12017822	2.56862736
978.12017822	2.56862736
978.12426758	2.56862736
978.12860107	2.56862736
978.13250732	2.56862736
978.13250732	2.56862736
978.13647461	2.56862736
978.14068604	2.56862736
978.14471436	2.56862736
978.14471436	2.56862736
978.14886475	2.58823538
978.15295410	2.58823538
978.15698242	2.58823538
978.16107178	2.58823538
978.16522217	2.58823538
978.16522217	2.58823538
978.16931152	2.58823538
978.17333984	2.58823538
978.17749023	2.58823538
978.17749023	2.58823538
978.18157959	2.58823538
978.18572998	2.58823538
978.18988037	2.58823538
978.18988037	2.58823538
978.19396973	2.58823538
978.19793701	2.58823538
978.20208740	2.58823538
978.20623779	2.58823538
978.21026611	2.58823538
978.21026611	2.58823538
978.21429443	2.58823538
978.21850586	2.58823538
978.22259521	2.58823538
978.22259521	2.58823538
978.22662354	2.58823538
978.23071289	2.58823538
978.23492432	2.58823538
978.23492432	2.58823538
978.23901367	2.58823538
978.24316406	2.58823538
978.24713135	2.58823538
978.25122070	2.58823538
978.25543213	2.58823538
978.25543213	2.58823538
978.25946045	2.58823538
978.26348877	2.58823538
978.26757813	2.58823538
978.26757813	2.58823538
978.27178955	2.58823538
978.27593994	2.58823538
978.27996826	2.58823538
978.27996826	2.58823538
978.28399658	2.58823538
978.28808594	2.58823538
978.29223633	2.58823538
978.29626465	2.58823538
978.30035400	2.58823538
978.30035400	2.58823538
978.30444336	2.58823538
978.30865479	2.58823538
978.31274414	2.58823538
978.31274414	2.58823538
978.31671143	2.58823538
978.32080078	2.58823538
978.32501221	2.58823538
978.32501221	2.58823538
978.32916260	2.58823538
978.33312988	2.58823538
978.33721924	2.58823538
978.34136963	2.58823538
978.34552002	2.58823538
978.34552002	2.58823538
978.34954834	2.58823538
978.35363770	2.58823538
978.35778809	2.58823538
978.35778809	2.58823538
978.36187744	2.58823538
978.36596680	2.58823538
978.37005615	2.58823538
978.37005615	2.58823538
978.37414551	2.58823538
978.37829590	2.58823538
978.38232422	2.58823538
978.38232422	2.58823538
978.38635254	2.58823538
978.39062500	2.58823538
978.39062500	2.58823538
978.39459229	2.58823538
978.39874268	2.58823538
978.40283203	2.58823538
978.40283203	2.58823538
978.40698242	2.58823538
978.41094971	2.58823538
978.41516113	2.58823538
978.41516113	2.58823538
978.41931152	2.58823538
978.42327881	2.58823538
978.42742920	2.58823538
978.42742920	2.58823538
978.43151855	2.58823538
978.43566895	2.58823538
978.43566895	2.58823538
978.43969727	2.58823538
978.44372559	2.58823538
978.44793701	2.58823538
978.44793701	2.58823538
978.45202637	2.58823538
978.45611572	2.56862736
978.46014404	2.56862736
978.46014404	2.56862736
978.46423340	2.56862736
978.46838379	2.56862736
978.47247314	2.54901958
978.47247314	2.54901958
978.47650146	2.54901958
978.48065186	2.52941179
978.48065186	2.52941179
978.48474121	2.52941179
978.48895264	2.50980401
978.49304199	2.50980401
978.49304199	2.50980401
978.49707031	2.50980401
978.50109863	2.50980401
978.50524902	2.49019599
978.50524902	2.49019599
978.50933838	2.49019599
978.51336670	2.49019599
978.51745605	2.49019599
978.51745605	2.49019599
978.52166748	2.47058821
978.52569580	2.47058821
978.52569580	2.47058821
978.52978516	2.47058821
978.53393555	2.47058821
978.53802490	2.47058821
978.53802490	2.47058821
978.54217529	2.47058821
978.54614258	2.47058821
978.55029297	2.47058821
978.55029297	2.47058821
978.55432129	2.47058821
978.55853271	2.47058821
978.56262207	2.47058821
978.56262207	2.47058821
978.56658936	2.47058821
978.57073975	2.47058821
978.57482910	2.47058821
978.57897949	2.49019599
978.58312988	2.49019599
978.58312988	2.49019599
978.58715820	2.49019599
978.59124756	2.49019599
978.59539795	2.49019599
978.59539795	2.49019599
978.59954834	2.49019599
978.60351563	2.49019599
978.60766602	2.50980401
978.60766602	2.50980401
978.61181641	2.50980401
978.61590576	2.50980401
978.62005615	2.50980401
978.62402344	2.50980401
978.62811279	2.50980401
978.62811279	2.52941179
978.63226318	2.52941179
978.63623047	2.52941179
978.64038086	2.52941179
978.64038086	2.52941179
978.64447021	2.52941179
978.64862061	2.52941179
978.65270996	2.54901958
978.65270996	2.54901958
978.65673828	2.54901958
978.66094971	2.54901958
978.66503906	2.54901958
978.66925049	2.56862736
978.67327881	2.56862736
978.67327881	2.56862736
978.67724609	2.56862736
978.68139648	2.56862736
978.68548584	2.56862736
978.68548584	2.56862736
978.68951416	2.56862736
978.69366455	2.56862736
978.69769287	2.56862736
978.69769287	2.56862736
978.70190430	2.58823538
978.70599365	2.58823538
978.70996094	2.58823538
978.71411133	2.58823538
978.71820068	2.58823538
978.71820068	2.58823538
978.72235107	2.58823538
978.72637939	2.58823538
978.73052979	2.58823538
978.73052979	2.58823538
978.73455811	2.58823538
978.73876953	2.58823538
978.74291992	2.58823538
978.74291992	2.58823538
978.74707031	2.58823538
978.75097656	2.58823538
978.75512695	2.58823538
978.75921631	2.58823538
978.76336670	2.58823538
978.76336670	2.58823538
978.76733398	2.58823538
978.77160645	2.58823538
978.77563477	2.58823538
978.77563477	2.58823538
978.77960205	2.56862736
978.78375244	2.56862736
978.78802490	2.56862736
978.78802490	2.56862736
978.79199219	2.56862736
978.79620361	2.56862736
978.80017090	2.56862736
978.80419922	2.56862736
978.80841064	2.56862736
978.80841064	2.56862736
978.81250000	2.56862736
978.81646729	2.56862736
978.82061768	2.56862736
978.82061768	2.56862736
978.82476807	2.56862736
978.82885742	2.56862736
978.83300781	2.56862736
978.83300781	2.56862736
978.83697510	2.56862736
978.84112549	2.56862736
978.84521484	2.56862736
978.84936523	2.56862736
978.85339355	2.56862736
978.85339355	2.56862736
978.85748291	2.56862736
978.86169434	2.56862736
978.86578369	2.56862736
978.86578369	2.56862736
978.86975098	2.56862736
978.87414551	2.56862736
978.87805176	2.56862736
978.87805176	2.56862736
978.88220215	2.56862736
978.88635254	2.56862736
978.89031982	2.58823538
978.89440918	2.58823538
978.89855957	2.58823538
978.89855957	2.58823538
978.90270996	2.56862736
978.90673828	2.58823538
978.91082764	2.58823538
978.91082764	2.58823538
978.91485596	2.58823538
978.91900635	2.58823538
978.92309570	2.58823538
978.92309570	2.58823538
978.92712402	2.58823538
978.93121338	2.58823538
978.93536377	2.58823538
978.93536377	2.58823538
978.93951416	2.58823538
978.94348145	2.58823538
978.94348145	2.58823538
978.94763184	2.58823538
978.95172119	2.58823538
978.95587158	2.58823538
978.95587158	2.58823538
978.95996094	2.58823538
978.96405029	2.58823538
978.96807861	2.58823538
978.96807861	2.58823538
978.97222900	2.58823538
978.97619629	2.58823538
978.98034668	2.58823538
978.98034668	2.58823538
978.98455811	2.58823538
978.98870850	2.58823538
978.98870850	2.58823538
978.99273682	2.58823538
978.99676514	2.58823538
979.00109863	2.58823538
979.00109863	2.56862736
979.00500488	2.56862736
979.00909424	2.56862736
979.01324463	2.56862736
979.01324463	2.56862736
979.01721191	2.54901958
979.02142334	2.54901958
979.02545166	2.54901958
979.02545166	2.52941179
979.02947998	2.52941179
979.03356934	2.52941179
979.03356934	2.52941179
979.03771973	2.50980401
979.04193115	2.50980401
979.04602051	2.50980401
979.04602051	2.50980401
979.05004883	2.49019599
979.05413818	2.49019599
979.05828857	2.49019599
979.05828857	2.49019599
979.06237793	2.49019599
979.06634521	2.47058821
979.07055664	2.47058821
979.07055664	2.47058821
979.07458496	2.47058821
979.07873535	2.47058821
979.07873535	2.47058821
979.08282471	2.47058821
979.08697510	2.47058821
979.09100342	2.47058821
979.09100342	2.47058821
979.09515381	2.47058821
979.09930420	2.47058821
979.10345459	2.47058821
979.10345459	2.47058821
979.10742188	2.47058821
979.11157227	2.47058821
979.11566162	2.47058821
979.11566162	2.47058821
979.11968994	2.47058821
979.12377930	2.47058821
979.12792969	2.47058821
979.13195801	2.47058821
979.13610840	2.47058821
979.13610840	2.47058821
979.14007568	2.47058821
979.14422607	2.47058821
979.14837646	2.49019599
979.14837646	2.49019599
979.15246582	2.49019599
979.15649414	2.49019599
979.16058350	2.49019599
979.16058350	2.49019599
979.16473389	2.49019599
979.16888428	2.49019599
979.17303467	2.50980401
979.17700195	2.50980401
979.18121338	2.50980401
979.18121338	2.50980401
979.18530273	2.50980401
979.18939209	2.50980401
979.19335938	2.52941179
979.19335938	2.52941179
979.19744873	2.52941179
979.20159912	2.52941179
979.20568848	2.52941179
979.20568848	2.52941179
979.20971680	2.52941179
979.21398926	2.54901958
979.21795654	2.54901958
979.22210693	2.54901958
979.22625732	2.54901958
979.22625732	2.54901958
979.23028564	2.56862736
979.23443604	2.56862736
979.23852539	2.56862736
979.23852539	2.56862736
979.24261475	2.56862736
979.24688721	2.56862736
979.25079346	2.56862736
979.25079346	2.56862736
979.25531006	2.56862736
979.25903320	2.56862736
979.26385498	2.56862736
979.26745605	2.56862736
979.27593994	2.56862736
979.27593994	2.56862736
979.27593994	2.56862736
979.27972412	2.56862736
979.28350830	2.56862736
979.28350830	2.56862736
979.28881836	2.56862736
979.29437256	2.56862736
979.29626465	2.56862736
979.29626465	2.56862736
979.29998779	2.56862736
979.30676270	2.56862736
979.30816650	2.56862736
979.31225586	2.56862736
979.31640625	2.56862736
979.31640625	2.56862736
979.32244873	2.56862736
979.32464600	2.56862736
979.32861328	2.56862736
979.32861328	2.56862736
979.33276367	2.56862736
979.33673096	2.56862736
979.34100342	2.56862736
979.34100342	2.56862736
979.34515381	2.56862736
979.34912109	2.56862736
979.35308838	2.56862736
979.35723877	2.56862736
979.36138916	2.56862736
979.36138916	2.56862736
979.36553955	2.56862736
979.36962891	2.56862736
979.37365723	2.56862736
979.37365723	2.56862736
979.37786865	2.56862736
979.38183594	2.56862736
979.38598633	2.56862736
979.38598633	2.56862736
979.39001465	2.56862736
979.39410400	2.56862736
979.39819336	2.56862736
979.40228271	2.56862736
979.40649414	2.56862736
979.40649414	2.56862736
979.41040039	2.56862736
979.41461182	2.56862736
979.41870117	2.56862736
979.41870117	2.56862736
979.42285156	2.56862736
979.42694092	2.58823538
979.43096924	2.56862736
979.43096924	2.56862736
979.43511963	2.58823538
979.43920898	2.58823538
979.44317627	2.58823538
979.44317627	2.56862736
979.44732666	2.58823538
979.45147705	2.58823538
979.45147705	2.58823538
979.45556641	2.58823538
979.45953369	2.58823538
979.46368408	2.58823538
979.46368408	2.58823538
979.46783447	2.58823538
979.47198486	2.58823538
979.47613525	2.58823538
979.47613525	2.58823538
979.48016357	2.58823538
979.48425293	2.58823538
979.48840332	2.58823538
979.48840332	2.58823538
979.49249268	2.58823538
979.49664307	2.58823538
979.49664307	2.58823538
979.50061035	2.58823538
979.50482178	2.58823538
979.50885010	2.58823538
979.50885010	2.58823538
979.51300049	2.58823538
979.51696777	2.58823538
979.52117920	2.58823538
979.52117920	2.58823538
979.52520752	2.58823538
979.52935791	2.58823538
979.53344727	2.58823538
979.53344727	2.58823538
979.53747559	2.58823538
979.54162598	2.58823538
979.54162598	2.58823538
979.54577637	2.58823538
979.54980469	2.58823538
979.55395508	2.56862736
979.55395508	2.56862736
979.55804443	2.56862736
979.56207275	2.56862736
979.56622314	2.56862736
979.56622314	2.54901958
979.57019043	2.54901958
979.57434082	2.54901958
979.57843018	2.52941179
979.57843018	2.52941179
979.58258057	2.52941179
979.58660889	2.52941179
979.58660889	2.50980401
979.59069824	2.50980401
979.59484863	2.50980401
979.59906006	2.50980401
979.59906006	2.50980401
979.60296631	2.50980401
979.60705566	2.49019599
979.61132813	2.49019599
979.61132813	2.49019599
979.61541748	2.49019599
979.61956787	2.49019599
979.62347412	2.49019599
979.62347412	2.49019599
979.62768555	2.47058821
979.63183594	2.47058821
979.63580322	2.47058821
979.64007568	2.47058821
979.64404297	2.47058821
979.64404297	2.47058821
979.64819336	2.47058821
979.65234375	2.47058821
979.65643311	2.47058821
979.65643311	2.47058821
979.66046143	2.47058821
979.66448975	2.47058821
979.66864014	2.47058821
979.66864014	2.49019599
979.67272949	2.49019599
979.67669678	2.49019599
979.68096924	2.49019599
979.68499756	2.49019599
979.68908691	2.49019599
979.68908691	2.49019599
979.69311523	2.49019599
979.69714355	2.49019599
979.70141602	2.50980401
979.70141602	2.50980401
979.70544434	2.50980401
979.70947266	2.50980401
979.71356201	2.50980401
979.71356201	2.50980401
979.71771240	2.50980401
979.72186279	2.52941179
979.72601318	2.52941179
979.72998047	2.52941179
979.73413086	2.52941179
979.73413086	2.52941179
979.73828125	2.52941179
979.74237061	2.52941179
979.74652100	2.54901958
979.74652100	2.54901958
979.75048828	2.54901958
979.75463867	2.54901958
979.75872803	2.54901958
979.75872803	2.56862736
979.76287842	2.56862736
979.76696777	2.56862736
979.77105713	2.56862736
979.77508545	2.56862736
979.77923584	2.56862736
979.77923584	2.56862736
979.78320313	2.56862736
979.78735352	2.56862736
979.79144287	2.56862736
979.79144287	2.58823538
979.79565430	2.58823538
979.79962158	2.58823538
979.80377197	2.58823538
979.80377197	2.58823538
979.80798340	2.58823538
979.81207275	2.58823538
979.81622314	2.58823538
979.82019043	2.58823538
979.82427979	2.58823538
979.82427979	2.58823538
979.82843018	2.58823538
979.83258057	2.58823538
979.83666992	2.58823538
979.83666992	2.58823538
979.84063721	2.58823538
979.84472656	2.58823538
979.84887695	2.58823538
979.84887695	2.58823538
979.85296631	2.58823538
979.85699463	2.58823538
979.86114502	2.58823538
979.86523438	2.58823538
979.86932373	2.58823538
979.86932373	2.56862736
979.87341309	2.58823538
979.87744141	2.56862736
979.88159180	2.56862736
979.88159180	2.56862736
979.88574219	2.56862736
979.88970947	2.56862736
979.89398193	2.56862736
979.89398193	2.56862736
979.89794922	2.56862736
979.90209961	2.56862736
979.90625000	2.56862736
979.91021729	2.56862736
979.91436768	2.56862736
979.91436768	2.56862736
979.91851807	2.56862736
979.92266846	2.56862736
979.92675781	2.56862736
979.92675781	2.56862736
979.93078613	2.56862736
979.93487549	2.56862736
979.93902588	2.56862736
979.93902588	2.56862736
979.94299316	2.56862736
979.94708252	2.56862736
979.95123291	2.56862736
979.95532227	2.56862736
979.95947266	2.56862736
979.95947266	2.56862736
979.96343994	2.56862736
979.96759033	2.56862736
979.97174072	2.56862736
979.97174072	2.56862736
979.97589111	2.56862736
979.97998047	2.56862736
979.98400879	2.56862736
979.98400879	2.56862736
979.98815918	2.58823538
979.99224854	2.58823538
979.99639893	2.58823538
979.99639893	2.58823538
980.00036621	2.58823538
980.00451660	2.58823538
980.00451660	2.58823538
980.00854492	2.58823538
980.01269531	2.58823538
980.01672363	2.58823538
980.01672363	2.58823538
980.02099609	2.58823538
980.02496338	2.58823538
980.02911377	2.58823538
980.02911377	2.58823538
980.03308105	2.58823538
980.03723145	2.58823538
980.04144287	2.58823538
980.04144287	2.58823538
980.04553223	2.58823538
980.04962158	2.58823538
980.04962158	2.58823538
980.05358887	2.58823538
980.05773926	2.58823538
980.06182861	2.58823538
980.06182861	2.58823538
980.06591797	2.58823538
980.06994629	2.58823538
980.07409668	2.58823538
980.07409668	2.58823538
980.07818604	2.58823538
980.08233643	2.58823538
980.08642578	2.58823538
980.08642578	2.58823538
980.09045410	2.56862736
980.09460449	2.56862736
980.09460449	2.56862736
980.09875488	2.56862736
980.10290527	2.54901958
980.10705566	2.54901958
980.10705566	2.54901958
980.11102295	2.54901958
980.11517334	2.52941179
980.11926270	2.52941179
980.11926270	2.52941179
980.12329102	2.52941179
980.12738037	2.50980401
980.13153076	2.50980401
980.13153076	2.50980401
980.13562012	2.50980401
980.13970947	2.50980401
980.13970947	2.49019599
980.14373779	2.49019599
980.14782715	2.49019599
980.15197754	2.49019599
980.15197754	2.49019599
980.15606689	2.49019599
980.16009521	2.49019599
980.16418457	2.49019599
980.16418457	2.47058821
980.16839600	2.47058821
980.17254639	2.47058821
980.17663574	2.47058821
980.17663574	2.47058821
980.18060303	2.47058821
980.18481445	2.47058821
980.18890381	2.47058821
980.19299316	2.47058821
980.19696045	2.47058821
980.19696045	2.47058821
980.20104980	2.47058821
980.20520020	2.47058821
980.20935059	2.49019599
980.20935059	2.49019599
980.21331787	2.49019599
980.21746826	2.49019599
980.22161865	2.49019599
980.22161865	2.49019599
980.22570801	2.49019599
980.22991943	2.49019599
980.23406982	2.50980401
980.23797607	2.50980401
980.24218750	2.50980401
980.24218750	2.50980401
980.24615479	2.50980401
980.25024414	2.50980401
980.25439453	2.50980401
980.25439453	2.50980401
980.25842285	2.52941179
980.26257324	2.52941179
980.26672363	2.52941179
980.26672363	2.52941179
980.27069092	2.52941179
980.27484131	2.52941179
980.27893066	2.54901958
980.28295898	2.54901958
980.28710938	2.54901958
980.28710938	2.54901958
980.29125977	2.54901958
980.29541016	2.56862736
980.29956055	2.56862736
980.29956055	2.56862736
980.30352783	2.56862736
980.30767822	2.56862736
980.31170654	2.56862736
980.31170654	2.56862736
980.31585693	2.56862736
980.31994629	2.56862736
980.32397461	2.56862736
980.32806396	2.56862736
980.33221436	2.58823538
980.33221436	2.58823538
980.33618164	2.58823538
980.34033203	2.58823538
980.34442139	2.58823538
980.34442139	2.58823538
980.34869385	2.58823538
980.35278320	2.58823538
980.35675049	2.58823538
980.35675049	2.58823538
980.36102295	2.58823538
980.36505127	2.58823538
980.36914063	2.58823538
980.37310791	2.56862736
980.37725830	2.56862736
980.37725830	2.56862736
980.38140869	2.56862736
980.38555908	2.56862736
980.38970947	2.56862736
980.38970947	2.56862736
980.39367676	2.56862736
980.39776611	2.56862736
980.40185547	2.56862736
980.40185547	2.56862736
980.40606689	2.56862736
980.41003418	2.56862736
980.41406250	2.56862736
980.41821289	2.56862736
980.42230225	2.56862736
980.42230225	2.56862736
980.42633057	2.56862736
980.43041992	2.56862736
980.43457031	2.56862736
980.43457031	2.56862736
980.43878174	2.56862736
980.44274902	2.56862736
980.44696045	2.56862736
980.44696045	2.56862736
980.45092773	2.56862736
980.45513916	2.56862736
980.45916748	2.56862736
980.46325684	2.56862736
980.46734619	2.56862736
980.46734619	2.56862736
980.47155762	2.56862736
980.47558594	2.56862736
980.47973633	2.56862736
980.47973633	2.56862736
980.48376465	2.56862736
980.48779297	2.56862736
980.49188232	2.56862736
980.49188232	2.56862736
980.49615479	2.56862736
980.50012207	2.56862736
980.50415039	2.56862736
980.50830078	2.56862736
980.51245117	2.56862736
980.51245117	2.56862736
980.51641846	2.56862736
980.52056885	2.56862736
980.52471924	2.56862736
980.52471924	2.56862736
980.52880859	2.56862736
980.53295898	2.56862736
980.53698730	2.58823538
980.53698730	2.58823538
980.54113770	2.58823538
980.54522705	2.58823538
980.54937744	2.58823538
980.54937744	2.58823538
980.55340576	2.58823538
980.55749512	2.58823538
980.55749512	2.58823538
980.56164551	2.58823538
980.56573486	2.58823538
980.56994629	2.58823538
980.56994629	2.58823538
980.57403564	2.58823538
980.57800293	2.58823538
980.58221436	2.58823538
980.58221436	2.58823538
980.58630371	2.58823538
980.59027100	2.58823538
980.59436035	2.58823538
980.59436035	2.58823538
980.59851074	2.58823538
980.60260010	2.58823538
980.60260010	2.58823538
980.60675049	2.58823538
980.61071777	2.58823538
980.61480713	2.58823538
980.61480713	2.58823538
980.61895752	2.58823538
980.62298584	2.58823538
980.62713623	2.58823538
980.62713623	2.58823538
980.63116455	2.58823538
980.63537598	2.58823538
980.63946533	2.58823538
980.63946533	2.56862736
980.64349365	2.56862736
980.64758301	2.56862736
980.64758301	2.56862736
980.65173340	2.56862736
980.65582275	2.54901958
980.65997314	2.54901958
980.65997314	2.54901958
980.66394043	2.52941179
980.66809082	2.52941179
980.67224121	2.52941179
980.67224121	2.52941179
980.67626953	2.50980401
980.68035889	2.50980401
980.68450928	2.50980401
980.68450928	2.50980401
980.68865967	2.49019599
980.69268799	2.49019599
980.69268799	2.49019599
980.69671631	2.49019599
980.70080566	2.49019599
980.70495605	2.47058821
980.70495605	2.47058821
980.70910645	2.47058821
980.71307373	2.47058821
980.71716309	2.47058821
980.71716309	2.47058821
980.72137451	2.47058821
980.72546387	2.47058821
980.72967529	2.47058821
980.72967529	2.47058821
980.73358154	2.47058821
980.73773193	2.47058821
980.74206543	2.47058821
980.74597168	2.47058821
980.74993896	2.47058821
980.74993896	2.47058821
980.75408936	2.47058821
980.75823975	2.47058821
980.76232910	2.47058821
980.76232910	2.47058821
980.76629639	2.47058821
980.77044678	2.47058821
980.77453613	2.47058821
980.77453613	2.47058821
980.77868652	2.49019599
980.78283691	2.49019599
980.78698730	2.49019599
980.79101563	2.49019599
980.79516602	2.49019599
980.79516602	2.49019599
980.79925537	2.49019599
980.80316162	2.50980401
980.80737305	2.50980401
980.80737305	2.50980401
980.81152344	2.50980401
980.81561279	2.50980401
980.81970215	2.50980401
980.81970215	2.50980401
980.82373047	2.52941179
980.82794189	2.52941179
980.83197021	2.52941179
980.83605957	2.52941179
980.84008789	2.52941179
980.84008789	2.54901958
980.84417725	2.54901958
980.84832764	2.54901958
980.85247803	2.54901958
980.85247803	2.54901958
980.85650635	2.54901958
980.86065674	2.56862736
980.86474609	2.56862736
980.86474609	2.56862736
980.86889648	2.56862736
980.87304688	2.56862736
980.87701416	2.56862736
980.88110352	2.56862736
980.88525391	2.56862736
980.88525391	2.56862736
980.88934326	2.58823538
980.89331055	2.58823538
980.89746094	2.58823538
980.89746094	2.58823538
980.90155029	2.58823538
980.90570068	2.58823538
980.90985107	2.58823538
980.90985107	2.58823538
980.91394043	2.58823538
980.91796875	2.58823538
980.92218018	2.58823538
980.92608643	2.58823538
980.93023682	2.58823538
980.93023682	2.58823538
980.93432617	2.58823538
980.93847656	2.58823538
980.94268799	2.58823538
980.94268799	2.58823538
980.94659424	2.58823538
980.95068359	2.58823538
980.95483398	2.58823538
980.95483398	2.58823538
980.95892334	2.58823538
980.96307373	2.58823538
980.96704102	2.58823538
980.97125244	2.58823538
980.97534180	2.58823538
980.97534180	2.58823538
980.97949219	2.58823538
980.98352051	2.58823538
980.98760986	2.58823538
980.98760986	2.58823538
980.99176025	2.58823538
980.99591064	2.58823538
981.00000000	2.58823538
981.00000000	2.58823538
981.00396729	2.58823538
981.00805664	2.58823538
981.01220703	2.58823538
981.01617432	2.58823538
981.02032471	2.58823538
981.02032471	2.58823538
981.02447510	2.58823538
981.02856445	2.58823538
981.03271484	2.58823538
981.03271484	2.58823538
981.03674316	2.58823538
981.04101563	2.58823538
981.04504395	2.58823538
981.04504395	2.58823538
981.04913330	2.58823538
981.05322266	2.58823538
981.05725098	2.58823538
981.05725098	2.58823538
981.06140137	2.58823538
981.06549072	2.58823538
981.06549072	2.58823538
981.06945801	2.58823538
981.07360840	2.58823538
981.07769775	2.58823538
981.07769775	2.58823538
981.08178711	2.58823538
981.08593750	2.58823538
981.08996582	2.58823538
981.08996582	2.58823538
981.09405518	2.58823538
981.09820557	2.58823538
981.10241699	2.58823538
981.10241699	2.58823538
981.10632324	2.58823538
981.11053467	2.58823538
981.11053467	2.60784316
981.11462402	2.60784316
981.11877441	2.60784316
981.12292480	2.60784316
981.12292480	2.60784316
981.12695313	2.60784316
981.13092041	2.60784316
981.13507080	2.60784316
981.13507080	2.60784316
981.13916016	2.58823538
981.14318848	2.60784316
981.14727783	2.60784316
981.14727783	2.60784316
981.15148926	2.60784316
981.15563965	2.60784316
981.15563965	2.60784316
981.15960693	2.60784316
981.16375732	2.60784316
981.16802979	2.60784316
981.16802979	2.60784316
981.17205811	2.60784316
981.17614746	2.60784316
981.18017578	2.60784316
981.18017578	2.60784316
981.18426514	2.58823538
981.18841553	2.58823538
981.19256592	2.58823538
981.19256592	2.58823538
981.19653320	2.58823538
981.20068359	2.58823538
981.20068359	2.58823538
981.20477295	2.58823538
981.20886230	2.58823538
981.21307373	2.56862736
981.21307373	2.56862736
981.21710205	2.56862736
981.22113037	2.56862736
981.22515869	2.54901958
981.22515869	2.54901958
981.22937012	2.54901958
981.23333740	2.52941179
981.23754883	2.52941179
981.23754883	2.52941179
981.24157715	2.50980401
981.24572754	2.52941179
981.24987793	2.50980401
981.25390625	2.50980401
981.25799561	2.50980401
981.25799561	2.49019599
981.26208496	2.49019599
981.26623535	2.49019599
981.27020264	2.49019599
981.27020264	2.49019599
981.27435303	2.49019599
981.27844238	2.49019599
981.28265381	2.49019599
981.28265381	2.49019599
981.28656006	2.49019599
981.29071045	2.49019599
981.29492188	2.49019599
981.29901123	2.49019599
981.30316162	2.49019599
981.30316162	2.49019599
981.30712891	2.49019599
981.31127930	2.49019599
981.31530762	2.49019599
981.31530762	2.49019599
981.31945801	2.49019599
981.32348633	2.49019599
981.32757568	2.49019599
981.32757568	2.49019599
981.33166504	2.49019599
981.33581543	2.49019599
981.33996582	2.49019599
981.34393311	2.49019599
981.34814453	2.50980401
981.34814453	2.50980401
981.35229492	2.50980401
981.35638428	2.50980401
981.36035156	2.50980401
981.36035156	2.50980401
981.36450195	2.50980401
981.36865234	2.50980401
981.37274170	2.50980401
981.37274170	2.52941179
981.37670898	2.52941179
981.38092041	2.52941179
981.38494873	2.52941179
981.38903809	2.52941179
981.39318848	2.52941179
981.39318848	2.52941179
981.39715576	2.54901958
981.40130615	2.54901958
981.40545654	2.54901958
981.40545654	2.54901958
981.40966797	2.54901958
981.41363525	2.54901958
981.41772461	2.54901958
981.41772461	2.56862736
981.42187500	2.56862736
981.42602539	2.56862736
981.42999268	2.56862736
981.43414307	2.56862736
981.43829346	2.56862736
981.43829346	2.56862736
981.44238281	2.56862736
981.44635010	2.56862736
981.45043945	2.56862736
981.45043945	2.56862736
981.45458984	2.56862736
981.45867920	2.56862736
981.46289063	2.56862736
981.46289063	2.56862736
981.46691895	2.56862736
981.47100830	2.56862736
981.47503662	2.56862736
981.47924805	2.58823538
981.48339844	2.56862736
981.48339844	2.58823538
981.48736572	2.56862736
981.49151611	2.56862736
981.49560547	2.56862736
981.49560547	2.58823538
981.49963379	2.58823538
981.50372314	2.58823538
981.50799561	2.58823538
981.50799561	2.56862736
981.51190186	2.56862736
981.51611328	2.58823538
981.52008057	2.58823538
981.52416992	2.58823538
981.52832031	2.58823538
981.52832031	2.58823538
981.53253174	2.58823538
981.53643799	2.58823538
981.54058838	2.58823538
981.54058838	2.58823538
981.54467773	2.58823538
981.54888916	2.58823538
981.55297852	2.58823538
981.55297852	2.58823538
981.55700684	2.56862736
981.56115723	2.58823538
981.56524658	2.58823538
981.56939697	2.58823538
981.57354736	2.58823538
981.57354736	2.58823538
981.57751465	2.58823538
981.58166504	2.58823538
981.58575439	2.58823538
981.58575439	2.58823538
981.58972168	2.58823538
981.59399414	2.58823538
981.59802246	2.58823538
981.59802246	2.58823538
981.60211182	2.58823538
981.60614014	2.58823538
981.61029053	2.58823538
981.61029053	2.58823538
981.61437988	2.58823538
981.61846924	2.58823538
981.61846924	2.58823538
981.62255859	2.58823538
981.62664795	2.58823538
981.63073730	2.58823538
981.63073730	2.58823538
981.63482666	2.58823538
981.63897705	2.58823538
981.64306641	2.58823538
981.64306641	2.58823538
981.64709473	2.58823538
981.65118408	2.58823538
981.65533447	2.58823538
981.65533447	2.58823538
981.65930176	2.58823538
981.66351318	2.58823538
981.66351318	2.58823538
981.66760254	2.58823538
981.67169189	2.58823538
981.67590332	2.58823538
981.67590332	2.58823538
981.67999268	2.58823538
981.68402100	2.58823538
981.68811035	2.58823538
981.68811035	2.58823538
981.69226074	2.58823538
981.69622803	2.58823538
981.70031738	2.58823538
981.70031738	2.58823538
981.70446777	2.58823538
981.70855713	2.58823538
981.70855713	2.58823538
981.71270752	2.58823538
981.71667480	2.58823538
981.72100830	2.58823538
981.72100830	2.58823538
981.72491455	2.58823538
981.72906494	2.58823538
981.73327637	2.58823538
981.73327637	2.58823538
981.73730469	2.58823538
981.74139404	2.58823538
981.74554443	2.58823538
981.74554443	2.58823538
981.74963379	2.56862736
981.75360107	2.56862736
981.75360107	2.56862736
981.75775146	2.56862736
981.76177979	2.56862736
981.76593018	2.56862736
981.76593018	2.54901958
981.76989746	2.54901958
981.77410889	2.54901958
981.77819824	2.52941179
981.77819824	2.52941179
981.78228760	2.52941179
981.78631592	2.52941179
981.79046631	2.50980401
981.79046631	2.50980401
981.79461670	2.50980401
981.79876709	2.50980401
981.80291748	2.49019599
981.80700684	2.49019599
981.81097412	2.49019599
981.81097412	2.49019599
981.81506348	2.49019599
981.81921387	2.49019599
981.82330322	2.47058821
981.82330322	2.47058821
981.82733154	2.47058821
981.83142090	2.47058821
981.83557129	2.47058821
981.83557129	2.47058821
981.83953857	2.47058821
981.84368896	2.47058821
981.84796143	2.47058821
981.85205078	2.47058821
981.85614014	2.47058821
981.85614014	2.47058821
981.86010742	2.47058821
981.86425781	2.47058821
981.86834717	2.47058821
981.86834717	2.47058821
981.87249756	2.47058821
981.87646484	2.47058821
981.88055420	2.49019599
981.88055420	2.49019599
981.88470459	2.49019599
981.88879395	2.49019599
981.89294434	2.49019599
981.89691162	2.49019599
981.90106201	2.49019599
981.90106201	2.49019599
981.90521240	2.50980401
981.90936279	2.50980401
981.91339111	2.50980401
981.91339111	2.50980401
981.91748047	2.50980401
981.92156982	2.50980401
981.92578125	2.50980401
981.92578125	2.52941179
981.92974854	2.52941179
981.93402100	2.52941179
981.93798828	2.52941179
981.94213867	2.52941179
981.94622803	2.52941179
981.94622803	2.54901958
981.95019531	2.54901958
981.95428467	2.54901958
981.95843506	2.54901958
981.95843506	2.54901958
981.96258545	2.54901958
981.96655273	2.56862736
981.97070313	2.56862736
981.97070313	2.56862736
981.97479248	2.56862736
981.97900391	2.56862736
981.98315430	2.56862736
981.98712158	2.56862736
981.99127197	2.56862736
981.99127197	2.56862736
981.99536133	2.56862736
981.99951172	2.56862736
982.00347900	2.56862736
982.00347900	2.56862736
982.00756836	2.58823538
982.01159668	2.58823538
982.01580811	2.58823538
982.01580811	2.58823538
982.01989746	2.58823538
982.02404785	2.58823538
982.02807617	2.58823538
982.03222656	2.58823538
982.03631592	2.58823538
982.03631592	2.58823538
982.04040527	2.58823538
982.04449463	2.58823538
982.04864502	2.58823538
982.04864502	2.58823538
982.05279541	2.58823538
982.05682373	2.58823538
982.06109619	2.58823538
982.06109619	2.58823538
982.06506348	2.58823538
982.06915283	2.58823538
982.07336426	2.58823538
982.07727051	2.58823538
982.08135986	2.58823538
982.08135986	2.56862736
982.08557129	2.56862736
982.08953857	2.56862736
982.09362793	2.56862736
982.09362793	2.56862736
982.09777832	2.56862736
982.10186768	2.56862736
982.10620117	2.56862736
982.10620117	2.56862736
982.11004639	2.56862736
982.11401367	2.58823538
982.11822510	2.58823538
982.11822510	2.58823538
982.12231445	2.58823538
982.12646484	2.58823538
982.12646484	2.58823538
982.13049316	2.58823538
982.13464355	2.58823538
982.13879395	2.58823538
982.13879395	2.58823538
982.14288330	2.58823538
982.14703369	2.58823538
982.15100098	2.58823538
982.15100098	2.58823538
982.15515137	2.58823538
982.15924072	2.58823538
982.16339111	2.58823538
982.16339111	2.58823538
982.16735840	2.58823538
982.17150879	2.58823538
982.17150879	2.58823538
982.17572021	2.58823538
982.17980957	2.58823538
982.18377686	2.58823538
982.18377686	2.58823538
982.18792725	2.58823538
982.19207764	2.58823538
982.19616699	2.58823538
982.19616699	2.58823538
982.20019531	2.58823538
982.20428467	2.58823538
982.20837402	2.58823538
982.20837402	2.58823538
982.21252441	2.58823538
982.21667480	2.58823538
982.21667480	2.58823538
982.22070313	2.58823538
982.22473145	2.58823538
982.22888184	2.58823538
982.22888184	2.58823538
982.23303223	2.58823538
982.23693848	2.58823538
982.24108887	2.58823538
982.24108887	2.58823538
982.24523926	2.58823538
982.24932861	2.58823538
982.25335693	2.58823538
982.25335693	2.58823538
982.25750732	2.58823538
982.26153564	2.58823538
982.26153564	2.58823538
982.26568604	2.58823538
982.26971436	2.58823538
982.27398682	2.58823538
982.27398682	2.58823538
982.27795410	2.58823538
982.28204346	2.58823538
982.28619385	2.58823538
982.28619385	2.58823538
982.29016113	2.58823538
982.29431152	2.58823538
982.29852295	2.56862736
982.29852295	2.56862736
982.30261230	2.56862736
982.30664063	2.56862736
982.31079102	2.54901958
982.31481934	2.54901958
982.31896973	2.52941179
982.31896973	2.52941179
982.32299805	2.52941179
982.32708740	2.52941179
982.33117676	2.50980401
982.33117676	2.50980401
982.33532715	2.50980401
982.33941650	2.50980401
982.34344482	2.49019599
982.34344482	2.49019599
982.34753418	2.49019599
982.35168457	2.49019599
982.35589600	2.47058821
982.35998535	2.47058821
982.36401367	2.47058821
982.36401367	2.47058821
982.36810303	2.47058821
982.37225342	2.47058821
982.37628174	2.45098042
982.37628174	2.45098042
982.38031006	2.45098042
982.38439941	2.45098042
982.38854980	2.45098042
982.38854980	2.45098042
982.39270020	2.45098042
982.39666748	2.45098042
982.40093994	2.45098042
982.40496826	2.45098042
982.40911865	2.45098042
982.40911865	2.45098042
982.41314697	2.45098042
982.41723633	2.45098042
982.42132568	2.45098042
982.42132568	2.45098042
982.42553711	2.47058821
982.42950439	2.47058821
982.43365479	2.47058821
982.43365479	2.47058821
982.43768311	2.47058821
982.44183350	2.47058821
982.44604492	2.47058821
982.45001221	2.47058821
982.45416260	2.47058821
982.45416260	2.49019599
982.45825195	2.49019599
982.46240234	2.49019599
982.46649170	2.49019599
982.46649170	2.49019599
982.47052002	2.49019599
982.47454834	2.49019599
982.47869873	2.50980401
982.47869873	2.50980401
982.48278809	2.50980401
982.48693848	2.50980401
982.49096680	2.50980401
982.49505615	2.50980401
982.49926758	2.52941179
982.49926758	2.52941179
982.50323486	2.52941179
982.50732422	2.52941179
982.51141357	2.52941179
982.51141357	2.52941179
982.51556396	2.52941179
982.51959229	2.52941179
982.52368164	2.54901958
982.52368164	2.54901958
982.52795410	2.54901958
982.53192139	2.54901958
982.53607178	2.54901958
982.54010010	2.54901958
982.54418945	2.54901958
982.54418945	2.56862736
982.54840088	2.56862736
982.55249023	2.56862736
982.55664063	2.56862736
982.55664063	2.56862736
982.56060791	2.56862736
982.56469727	2.56862736
982.56878662	2.56862736
982.56878662	2.56862736
982.57293701	2.56862736
982.57696533	2.56862736
982.58105469	2.56862736
982.58520508	2.56862736
982.58929443	2.56862736
982.58929443	2.56862736
982.59332275	2.56862736
982.59741211	2.56862736
982.60162354	2.56862736
982.60162354	2.56862736
982.60577393	2.56862736
982.60974121	2.56862736
982.61401367	2.56862736
982.61401367	2.56862736
982.61798096	2.56862736
982.62213135	2.56862736
982.62622070	2.56862736
982.63018799	2.56862736
982.63433838	2.56862736
982.63433838	2.56862736
982.63842773	2.56862736
982.64257813	2.56862736
982.64666748	2.56862736
982.64666748	2.56862736
982.65069580	2.56862736
982.65478516	2.56862736
982.65893555	2.56862736
982.65893555	2.56862736
982.66302490	2.56862736
982.66711426	2.56862736
982.67120361	2.56862736
982.67120361	2.56862736
982.67535400	2.56862736
982.67950439	2.56862736
982.67950439	2.56862736
982.68347168	2.56862736
982.68756104	2.56862736
982.69177246	2.56862736
982.69177246	2.56862736
982.69580078	2.56862736
982.69995117	2.56862736
982.70397949	2.56862736
982.70397949	2.56862736
982.70806885	2.56862736
982.71215820	2.56862736
982.71630859	2.56862736
982.71630859	2.56862736
982.72027588	2.56862736
982.72442627	2.58823538
982.72442627	2.58823538
982.72857666	2.58823538
982.73272705	2.58823538
982.73675537	2.58823538
982.73675537	2.58823538
982.74102783	2.58823538
982.74499512	2.58823538
982.74908447	2.58823538
982.74908447	2.58823538
982.75311279	2.58823538
982.75720215	2.58823538
982.76129150	2.58823538
982.76129150	2.58823538
982.76544189	2.58823538
982.76953125	2.58823538
982.76953125	2.58823538
982.77355957	2.58823538
982.77770996	2.58823538
982.78179932	2.58823538
982.78179932	2.58823538
982.78588867	2.58823538
982.78991699	2.58823538
982.79412842	2.58823538
982.79412842	2.58823538
982.79821777	2.58823538
982.80236816	2.58823538
982.80639648	2.58823538
982.80639648	2.58823538
982.81048584	2.58823538
982.81463623	2.58823538
982.81463623	2.58823538
982.81872559	2.58823538
982.82281494	2.58823538
982.82696533	2.58823538
982.82696533	2.58823538
982.83093262	2.58823538
982.83508301	2.58823538
982.83917236	2.58823538
982.83917236	2.58823538
982.84320068	2.58823538
982.84729004	2.58823538
982.85144043	2.56862736
982.85144043	2.56862736
982.85565186	2.56862736
982.85974121	2.56862736
982.86370850	2.54901958
982.86785889	2.54901958
982.87200928	2.54901958
982.87200928	2.52941179
982.87609863	2.52941179
982.88006592	2.52941179
982.88415527	2.52941179
982.88415527	2.50980401
982.88830566	2.50980401
982.89239502	2.50980401
982.89654541	2.50980401
982.89654541	2.50980401
982.90057373	2.50980401
982.90466309	2.49019599
982.90881348	2.49019599
982.91302490	2.49019599
982.91699219	2.49019599
982.91699219	2.49019599
982.92108154	2.49019599
982.92523193	2.47058821
982.92938232	2.47058821
982.92938232	2.47058821
982.93334961	2.47058821
982.93743896	2.47058821
982.94158936	2.47058821
982.94158936	2.47058821
982.94567871	2.47058821
982.94982910	2.47058821
982.95397949	2.47058821
982.95794678	2.47058821
982.96203613	2.47058821
982.96203613	2.47058821
982.96618652	2.49019599
982.97015381	2.49019599
982.97430420	2.49019599
982.97430420	2.49019599
982.97845459	2.49019599
982.98260498	2.49019599
982.98675537	2.49019599
982.98675537	2.49019599
982.99072266	2.49019599
982.99487305	2.49019599
982.99902344	2.50980401
983.00299072	2.50980401
983.00708008	2.50980401
983.00708008	2.50980401
983.01116943	2.50980401
983.01531982	2.50980401
983.01940918	2.50980401
983.01940918	2.52941179
983.02343750	2.52941179
983.02752686	2.52941179
983.03167725	2.52941179
983.03167725	2.52941179
983.03582764	2.52941179
983.03997803	2.52941179
983.04394531	2.54901958
983.04809570	2.54901958
983.05224609	2.54901958
983.05224609	2.54901958
983.05627441	2.54901958
983.06036377	2.54901958
983.06451416	2.54901958
983.06451416	2.56862736
983.06860352	2.56862736
983.07269287	2.56862736
983.07672119	2.56862736
983.07672119	2.56862736
983.08093262	2.56862736
983.08496094	2.56862736
983.08905029	2.56862736
983.09307861	2.56862736
983.09716797	2.56862736
983.09716797	2.56862736
983.10131836	2.56862736
983.10546875	2.56862736
983.10961914	2.56862736
983.10961914	2.58823538
983.11358643	2.58823538
983.11773682	2.58823538
983.12188721	2.58823538
983.12188721	2.58823538
983.12591553	2.58823538
983.12994385	2.58823538
983.13403320	2.58823538
983.13818359	2.58823538
983.14227295	2.58823538
983.14227295	2.58823538
983.14630127	2.58823538
983.15045166	2.56862736
983.15460205	2.56862736
983.15460205	2.56862736
983.15869141	2.56862736
983.16284180	2.56862736
983.16699219	2.56862736
983.16699219	2.56862736
983.17095947	2.56862736
983.17510986	2.56862736
983.17926025	2.56862736
983.17926025	2.56862736
983.18322754	2.56862736
983.18731689	2.56862736
983.18731689	2.56862736
983.19146729	2.56862736
983.19555664	2.56862736
983.19964600	2.56862736
983.19964600	2.56862736
983.20367432	2.56862736
983.20782471	2.56862736
983.21191406	2.56862736
983.21191406	2.56862736
983.21606445	2.56862736
983.22009277	2.56862736
983.22424316	2.56862736
983.22424316	2.56862736
983.22839355	2.56862736
983.23248291	2.56862736
983.23248291	2.56862736
983.23651123	2.56862736
983.24060059	2.58823538
983.24475098	2.58823538
983.24475098	2.58823538
983.24890137	2.58823538
983.25299072	2.58823538
983.25701904	2.58823538
983.25701904	2.58823538
983.26110840	2.58823538
983.26525879	2.58823538
983.26934814	2.58823538
983.26934814	2.58823538
983.27337646	2.58823538
983.27752686	2.58823538
983.27752686	2.58823538
983.28167725	2.58823538
983.28570557	2.58823538
983.28979492	2.58823538
983.28979492	2.58823538
983.29388428	2.58823538
983.29791260	2.58823538
983.30206299	2.58823538
983.30206299	2.58823538
983.30621338	2.58823538
983.31024170	2.58823538
983.31433105	2.58823538
983.31433105	2.58823538
983.31842041	2.58823538
983.32257080	2.58823538
983.32257080	2.58823538
983.32653809	2.58823538
983.33068848	2.58823538
983.33489990	2.58823538
983.33489990	2.58823538
983.33892822	2.58823538
983.34289551	2.58823538
983.34704590	2.58823538
983.34704590	2.58823538
983.35119629	2.58823538
983.35534668	2.58823538
983.35949707	2.58823538
983.35949707	2.58823538
983.36346436	2.58823538
983.36761475	2.58823538
983.37176514	2.58823538
983.37579346	2.58823538
983.37994385	2.58823538
983.37994385	2.58823538
983.38391113	2.58823538
983.38812256	2.58823538
983.39215088	2.58823538
983.39215088	2.58823538
983.39617920	2.58823538
983.40026855	2.56862736
983.40441895	2.56862736
983.40441895	2.56862736
983.40856934	2.56862736
983.41278076	2.56862736
983.41674805	2.54901958
983.42095947	2.52941179
983.42498779	2.52941179
983.42498779	2.52941179
983.42913818	2.52941179
983.43310547	2.52941179
983.43725586	2.50980401
983.43725586	2.50980401
983.44128418	2.50980401
983.44543457	2.50980401
983.44952393	2.50980401
983.44952393	2.49019599
983.45355225	2.49019599
983.45764160	2.49019599
983.46179199	2.49019599
983.46588135	2.49019599
983.46997070	2.49019599
983.46997070	2.49019599
983.47412109	2.49019599
983.47821045	2.49019599
983.48236084	2.49019599
983.48236084	2.47058821
983.48638916	2.47058821
983.49047852	2.47058821
983.49462891	2.47058821
983.49462891	2.49019599
983.49877930	2.49019599
983.50286865	2.49019599
983.50695801	2.49019599
983.51092529	2.49019599
983.51501465	2.49019599
983.51501465	2.49019599
983.51922607	2.49019599
983.52313232	2.49019599
983.52728271	2.49019599
983.52728271	2.49019599
983.53143311	2.49019599
983.53558350	2.49019599
983.53967285	2.49019599
983.53967285	2.50980401
983.54370117	2.50980401
983.54797363	2.50980401
983.55200195	2.50980401
983.55615234	2.50980401
983.56011963	2.50980401
983.56011963	2.50980401
983.56420898	2.52941179
983.56829834	2.52941179
983.57238770	2.52941179
983.57238770	2.52941179
983.57641602	2.52941179
983.58056641	2.52941179
983.58465576	2.52941179
983.58465576	2.54901958
983.58880615	2.54901958
983.59289551	2.54901958
983.59692383	2.54901958
983.60107422	2.54901958
983.60522461	2.56862736
983.60522461	2.56862736
983.60937500	2.56862736
983.61334229	2.56862736
983.61749268	2.56862736
983.61749268	2.56862736
983.62164307	2.56862736
983.62573242	2.56862736
983.62982178	2.56862736
983.62982178	2.56862736
983.63391113	2.56862736
983.63793945	2.56862736
983.64202881	2.58823538
983.64624023	2.58823538
983.65014648	2.58823538
983.65014648	2.58823538
983.65435791	2.58823538
983.65844727	2.58823538
983.66259766	2.58823538
983.66259766	2.58823538
983.66662598	2.58823538
983.67071533	2.58823538
983.67486572	2.58823538
983.67486572	2.58823538
983.67901611	2.58823538
983.68310547	2.58823538
983.68707275	2.58823538
983.69122314	2.58823538
983.69531250	2.58823538
983.69531250	2.58823538
983.69940186	2.58823538
983.70343018	2.58823538
983.70751953	2.58823538
983.70751953	2.58823538
983.71166992	2.58823538
983.71575928	2.58823538
983.71997070	2.58823538
983.71997070	2.58823538
983.72393799	2.58823538
983.72808838	2.58823538
983.73223877	2.58823538
983.73223877	2.58823538
983.73626709	2.58823538
983.74035645	2.58823538
983.74035645	2.58823538
983.74450684	2.58823538
983.74859619	2.58823538
983.75274658	2.58823538
983.75274658	2.58823538
983.75671387	2.58823538
983.76092529	2.58823538
983.76489258	2.58823538
983.76489258	2.58823538
983.76904297	2.58823538
983.77301025	2.58823538
983.77716064	2.58823538
983.77716064	2.58823538
983.78125000	2.58823538
983.78546143	2.58823538
983.78546143	2.58823538
983.78955078	2.58823538
983.79357910	2.58823538
983.79766846	2.58823538
983.79766846	2.58823538
983.80181885	2.58823538
983.80603027	2.58823538
983.81011963	2.58823538
983.81011963	2.58823538
983.81414795	2.58823538
983.81817627	2.58823538
983.82232666	2.58823538
983.82232666	2.58823538
983.82629395	2.58823538
983.83044434	2.58823538
983.83044434	2.58823538
983.83453369	2.58823538
983.83868408	2.58823538
983.84277344	2.58823538
983.84277344	2.58823538
983.84692383	2.58823538
983.85095215	2.58823538
983.85516357	2.58823538
983.85516357	2.58823538
983.85925293	2.58823538
983.86322021	2.58823538
983.86737061	2.58823538
983.86737061	2.58823538
983.87152100	2.58823538
983.87561035	2.58823538
983.87561035	2.58823538
983.87957764	2.58823538
983.88366699	2.58823538
983.88793945	2.58823538
983.88793945	2.58823538
983.89190674	2.58823538
983.89605713	2.58823538
983.90002441	2.58823538
983.90002441	2.58823538
983.90423584	2.58823538
983.90826416	2.58823538
983.91247559	2.58823538
983.91247559	2.58823538
983.91650391	2.58823538
983.92071533	2.58823538
983.92474365	2.58823538
983.92889404	2.58823538
983.93298340	2.58823538
983.93298340	2.58823538
983.93707275	2.58823538
983.94110107	2.58823538
983.94512939	2.56862736
983.94512939	2.56862736
983.94934082	2.56862736
983.95324707	2.56862736
983.95745850	2.56862736
983.95745850	2.54901958
983.96154785	2.54901958
983.96569824	2.54901958
983.96966553	2.52941179
983.97393799	2.52941179
983.97796631	2.52941179
983.97796631	2.52941179
983.98211670	2.50980401
983.98614502	2.50980401
983.99023438	2.50980401
983.99023438	2.50980401
983.99438477	2.50980401
983.99847412	2.50980401
984.00262451	2.49019599
984.00262451	2.49019599
984.00659180	2.49019599
984.01080322	2.49019599
984.01489258	2.49019599
984.01904297	2.49019599
984.02313232	2.49019599
984.02313232	2.49019599
984.02716064	2.49019599
984.03131104	2.49019599
984.03533936	2.49019599
984.03533936	2.49019599
984.03942871	2.49019599
984.04345703	2.49019599
984.04754639	2.49019599
984.04754639	2.49019599
984.05169678	2.49019599
984.05578613	2.49019599
984.05993652	2.49019599
984.06396484	2.49019599
984.06805420	2.50980401
984.06805420	2.50980401
984.07220459	2.50980401
984.07629395	2.50980401
984.08032227	2.50980401
984.08032227	2.50980401
984.08441162	2.50980401
984.08856201	2.50980401
984.09265137	2.52941179
984.09265137	2.52941179
984.09667969	2.52941179
984.10089111	2.52941179
984.10498047	2.52941179
984.10906982	2.52941179
984.11322021	2.54901958
984.11322021	2.54901958
984.11718750	2.54901958
984.12133789	2.54901958
984.12548828	2.54901958
984.12548828	2.56862736
984.12939453	2.56862736
984.13348389	2.56862736
984.13763428	2.56862736
984.13763428	2.56862736
984.14178467	2.56862736
984.14587402	2.56862736
984.14990234	2.56862736
984.15411377	2.58823538
984.15820313	2.58823538
984.15820313	2.58823538
984.16229248	2.58823538
984.16638184	2.58823538
984.17047119	2.58823538
984.17047119	2.58823538
984.17462158	2.58823538
984.17871094	2.58823538
984.18286133	2.58823538
984.18286133	2.58823538
984.18701172	2.58823538
984.19097900	2.58823538
984.19500732	2.58823538
984.19915771	2.58823538
984.20324707	2.58823538
984.20324707	2.58823538
984.20733643	2.58823538
984.21142578	2.58823538
984.21557617	2.58823538
984.21557617	2.58823538
984.21954346	2.58823538
984.22369385	2.58823538
984.22796631	2.58823538
984.22796631	2.58823538
984.23199463	2.58823538
984.23608398	2.58823538
984.24023438	2.58823538
984.24023438	2.58823538
984.24426270	2.58823538
984.24841309	2.58823538
984.24841309	2.58823538
984.25250244	2.58823538
984.25653076	2.58823538
984.26062012	2.58823538
984.26062012	2.58823538
984.26470947	2.58823538
984.26892090	2.58823538
984.27301025	2.58823538
984.27301025	2.58823538
984.27697754	2.58823538
984.28106689	2.58823538
984.28515625	2.58823538
984.28515625	2.58823538
984.28930664	2.58823538
984.29345703	2.58823538
984.29345703	2.58823538
984.29742432	2.58823538
984.30157471	2.58823538
984.30572510	2.58823538
984.30572510	2.58823538
984.30969238	2.58823538
984.31396484	2.58823538
984.31793213	2.58823538
984.31793213	2.58823538
984.32208252	2.58823538
984.32604980	2.58823538
984.33020020	2.58823538
984.33020020	2.58823538
984.33428955	2.58823538
984.33843994	2.58823538
984.33843994	2.58823538
984.34252930	2.58823538
984.34655762	2.58823538
984.35064697	2.58823538
984.35064697	2.58823538
984.35485840	2.58823538
984.35900879	2.58823538
984.36309814	2.58823538
984.36309814	2.58823538
984.36712646	2.58823538
984.37115479	2.58823538
984.37536621	2.58823538
984.37536621	2.58823538
984.37939453	2.58823538
984.38342285	2.58823538
984.38342285	2.58823538
984.38751221	2.58823538
984.39166260	2.58823538
984.39581299	2.58823538
984.39581299	2.58823538
984.39990234	2.58823538
984.40405273	2.58823538
984.40802002	2.58823538
984.40802002	2.58823538
984.41217041	2.58823538
984.41632080	2.58823538
984.42034912	2.58823538
984.42034912	2.58823538
984.42449951	2.58823538
984.42858887	2.58823538
984.42858887	2.58823538
984.43273926	2.58823538
984.43670654	2.58823538
984.44097900	2.58823538
984.44097900	2.58823538
984.44488525	2.58823538
984.44903564	2.58823538
984.45312500	2.58823538
984.45312500	2.58823538
984.45715332	2.58823538
984.46124268	2.58823538
984.46545410	2.58823538
984.46545410	2.58823538
984.46954346	2.58823538
984.47357178	2.58823538
984.47772217	2.58823538
984.48187256	2.58823538
984.48602295	2.56862736
984.48602295	2.56862736
984.48992920	2.56862736
984.49414063	2.56862736
984.49816895	2.56862736
984.49816895	2.54901958
984.50225830	2.54901958
984.50628662	2.54901958
984.51043701	2.54901958
984.51043701	2.52941179
984.51452637	2.52941179
984.51867676	2.52941179
984.52276611	2.52941179
984.52691650	2.50980401
984.53094482	2.50980401
984.53094482	2.50980401
984.53509521	2.50980401
984.53918457	2.50980401
984.54333496	2.50980401
984.54333496	2.50980401
984.54736328	2.49019599
984.55145264	2.49019599
984.55560303	2.49019599
984.55560303	2.49019599
984.55957031	2.49019599
984.56372070	2.49019599
984.56793213	2.49019599
984.57189941	2.49019599
984.57598877	2.49019599
984.57598877	2.49019599
984.58001709	2.49019599
984.58416748	2.49019599
984.58831787	2.49019599
984.58831787	2.49019599
984.59240723	2.50980401
984.59643555	2.50980401
984.60052490	2.50980401
984.60052490	2.50980401
984.60467529	2.50980401
984.60888672	2.50980401
984.61297607	2.50980401
984.61694336	2.50980401
984.62109375	2.50980401
984.62109375	2.52941179
984.62524414	2.52941179
984.62933350	2.52941179
984.63330078	2.52941179
984.63330078	2.52941179
984.63739014	2.52941179
984.64154053	2.52941179
984.64562988	2.52941179
984.64562988	2.54901958
984.64965820	2.54901958
984.65393066	2.54901958
984.65789795	2.54901958
984.66204834	2.54901958
984.66625977	2.56862736
984.66625977	2.56862736
984.67022705	2.56862736
984.67431641	2.56862736
984.67840576	2.56862736
984.67840576	2.56862736
984.68255615	2.56862736
984.68658447	2.56862736
984.69073486	2.56862736
984.69073486	2.56862736
984.69476318	2.56862736
984.69891357	2.56862736
984.70300293	2.56862736
984.70709229	2.56862736
984.71112061	2.58823538
984.71112061	2.58823538
984.71533203	2.58823538
984.71942139	2.58823538
984.72344971	2.58823538
984.72344971	2.58823538
984.72760010	2.58823538
984.73175049	2.58823538
984.73583984	2.58823538
984.73583984	2.58823538
984.73992920	2.58823538
984.74395752	2.58823538
984.74804688	2.58823538
984.75213623	2.58823538
984.75628662	2.58823538
984.75628662	2.56862736
984.76031494	2.56862736
984.76440430	2.56862736
984.76855469	2.56862736
984.76855469	2.56862736
984.77264404	2.56862736
984.77667236	2.56862736
984.78088379	2.56862736
984.78088379	2.56862736
984.78497314	2.56862736
984.78912354	2.56862736
984.79321289	2.56862736
984.79321289	2.56862736
984.79718018	2.56862736
984.80133057	2.56862736
984.80133057	2.56862736
984.80548096	2.56862736
984.80950928	2.56862736
984.81359863	2.56862736
984.81359863	2.56862736
984.81774902	2.56862736
984.82189941	2.56862736
984.82604980	2.56862736
984.82604980	2.56862736
984.83001709	2.56862736
984.83410645	2.56862736
984.83825684	2.56862736
984.83825684	2.56862736
984.84240723	2.56862736
984.84649658	2.56862736
984.84649658	2.56862736
984.85040283	2.56862736
984.85461426	2.56862736
984.85864258	2.56862736
984.85864258	2.56862736
984.86279297	2.56862736
984.86688232	2.56862736
984.87097168	2.56862736
984.87097168	2.56862736
984.87512207	2.56862736
984.87921143	2.56862736
984.88330078	2.56862736
984.88330078	2.56862736
984.88732910	2.56862736
984.89147949	2.56862736
984.89147949	2.56862736
984.89550781	2.56862736
984.89953613	2.56862736
984.90362549	2.56862736
984.90362549	2.56862736
984.90789795	2.56862736
984.91192627	2.56862736
984.91607666	2.56862736
984.91607666	2.56862736
984.92010498	2.56862736
984.92419434	2.56862736
984.92834473	2.56862736
984.92834473	2.56862736
984.93249512	2.56862736
984.93658447	2.56862736
984.93658447	2.56862736
984.94061279	2.56862736
984.94476318	2.56862736
984.94885254	2.56862736
984.94885254	2.56862736
984.95300293	2.56862736
984.95703125	2.56862736
984.96112061	2.56862736
984.96112061	2.56862736
984.96527100	2.58823538
984.96923828	2.56862736
984.97338867	2.56862736
984.97338867	2.56862736
984.97741699	2.58823538
984.98156738	2.56862736
984.98565674	2.58823538
984.98968506	2.56862736
984.99401855	2.56862736
984.99401855	2.56862736
984.99792480	2.56862736
985.00201416	2.56862736
985.00616455	2.56862736
985.00616455	2.56862736
985.01019287	2.56862736
985.01428223	2.56862736
985.01849365	2.56862736
985.01849365	2.54901958
985.02252197	2.54901958
985.02655029	2.54901958
985.03063965	2.52941179
985.03479004	2.52941179
985.03900146	2.52941179
985.03900146	2.50980401
985.04296875	2.50980401
985.04705811	2.50980401
985.05120850	2.50980401
985.05120850	2.50980401
985.05535889	2.49019599
985.05950928	2.49019599
985.06347656	2.49019599
985.06347656	2.49019599
985.06762695	2.49019599
985.07171631	2.49019599
985.07574463	2.47058821
985.07989502	2.47058821
985.08386230	2.47058821
985.08386230	2.47058821
985.08807373	2.47058821
985.09216309	2.47058821
985.09631348	2.47058821
985.09631348	2.47058821
985.10034180	2.47058821
985.10443115	2.47058821
985.10858154	2.47058821
985.10858154	2.47058821
985.11273193	2.47058821
985.11669922	2.47058821
985.12091064	2.47058821
985.12500000	2.47058821
985.12902832	2.47058821
985.12902832	2.49019599
985.13299561	2.49019599
985.13708496	2.49019599
985.14129639	2.49019599
985.14129639	2.49019599
985.14538574	2.49019599
985.14953613	2.49019599
985.15350342	2.49019599
985.15350342	2.50980401
985.15765381	2.50980401
985.16180420	2.50980401
985.16595459	2.50980401
985.16998291	2.50980401
985.17407227	2.50980401
985.17407227	2.50980401
985.17816162	2.52941179
985.18237305	2.52941179
985.18646240	2.52941179
985.18646240	2.52941179
985.19049072	2.52941179
985.19451904	2.52941179
985.19866943	2.52941179
985.19866943	2.52941179
985.20275879	2.54901958
985.20690918	2.54901958
985.21087646	2.54901958
985.21502686	2.54901958
985.21911621	2.54901958
985.21911621	2.54901958
985.22320557	2.56862736
985.22735596	2.56862736
985.23144531	2.56862736
985.23144531	2.56862736
985.23559570	2.56862736
985.23962402	2.56862736
985.24371338	2.56862736
985.24371338	2.56862736
985.24786377	2.56862736
985.25195313	2.56862736
985.25604248	2.56862736
985.26000977	2.56862736
985.26416016	2.56862736
985.26416016	2.56862736
985.26831055	2.56862736
985.27239990	2.56862736
985.27655029	2.56862736
985.27655029	2.56862736
985.28051758	2.56862736
985.28466797	2.56862736
985.28881836	2.56862736
985.28881836	2.56862736
985.29296875	2.56862736
985.29699707	2.56862736
985.30108643	2.56862736
985.30523682	2.56862736
985.30932617	2.56862736
985.30932617	2.56862736
985.31335449	2.56862736
985.31744385	2.56862736
985.32153320	2.56862736
985.32153320	2.56862736
985.32562256	2.56862736
985.32965088	2.56862736
985.33386230	2.56862736
985.33386230	2.56862736
985.33795166	2.56862736
985.34204102	2.56862736
985.34619141	2.56862736
985.34619141	2.56862736
985.35015869	2.56862736
985.35437012	2.56862736
985.35437012	2.56862736
985.35845947	2.56862736
985.36260986	2.56862736
985.36676025	2.56862736
985.36676025	2.56862736
985.37072754	2.56862736
985.37487793	2.56862736
985.37890625	2.56862736
985.37890625	2.56862736
985.38293457	2.56862736
985.38702393	2.56862736
985.39117432	2.56862736
985.39117432	2.56862736
985.39526367	2.56862736
985.39941406	2.56862736
985.39941406	2.56862736
985.40338135	2.56862736
985.40753174	2.56862736
985.41168213	2.56862736
985.41168213	2.56862736
985.41583252	2.56862736
985.41998291	2.56862736
985.42395020	2.56862736
985.42395020	2.56862736
985.42810059	2.56862736
985.43225098	2.56862736
985.43634033	2.56862736
985.43634033	2.58823538
985.44030762	2.58823538
985.44439697	2.58823538
985.44439697	2.58823538
985.44854736	2.58823538
985.45263672	2.58823538
985.45666504	2.58823538
985.45666504	2.58823538
985.46087646	2.58823538
985.46490479	2.58823538
985.46899414	2.58823538
985.46899414	2.58823538
985.47308350	2.58823538
985.47717285	2.58823538
985.48132324	2.58823538
985.48132324	2.58823538
985.48547363	2.58823538
985.48962402	2.58823538
985.48962402	2.58823538
985.49359131	2.58823538
985.49774170	2.58823538
985.50177002	2.58823538
985.50177002	2.58823538
985.50592041	2.58823538
985.50994873	2.56862736
985.51403809	2.56862736
985.51403809	2.56862736
985.51818848	2.56862736
985.52227783	2.56862736
985.52642822	2.54901958
985.52642822	2.54901958
985.53039551	2.54901958
985.53454590	2.52941179
985.53875732	2.52941179
985.54284668	2.50980401
985.54699707	2.50980401
985.54699707	2.50980401
985.55096436	2.50980401
985.55511475	2.49019599
985.55920410	2.49019599
985.55920410	2.49019599
985.56323242	2.49019599
985.56732178	2.49019599
985.57153320	2.47058821
985.57153320	2.47058821
985.57562256	2.47058821
985.57977295	2.47058821
985.58374023	2.47058821
985.58782959	2.47058821
985.59204102	2.45098042
985.59204102	2.45098042
985.59613037	2.45098042
985.60003662	2.45098042
985.60418701	2.45098042
985.60418701	2.45098042
985.60833740	2.45098042
985.61242676	2.45098042
985.61657715	2.45098042
985.61657715	2.45098042
985.62054443	2.45098042
985.62469482	2.45098042
985.62878418	2.45098042
985.63293457	2.45098042
985.63690186	2.45098042
985.63690186	2.45098042
985.64105225	2.45098042
985.64514160	2.45098042
985.64929199	2.45098042
985.64929199	2.45098042
985.65325928	2.47058821
985.65740967	2.47058821
985.66149902	2.47058821
985.66149902	2.47058821
985.66564941	2.47058821
985.66986084	2.47058821
985.67401123	2.47058821
985.67797852	2.47058821
985.68206787	2.49019599
985.68206787	2.49019599
985.68609619	2.49019599
985.69018555	2.49019599
985.69427490	2.49019599
985.69427490	2.49019599
985.69836426	2.49019599
985.70251465	2.49019599
985.70666504	2.50980401
985.70666504	2.50980401
985.71069336	2.50980401
985.71478271	2.50980401
985.71893311	2.50980401
985.72296143	2.50980401
985.72705078	2.50980401
985.72705078	2.50980401
985.73120117	2.52941179
985.73535156	2.52941179
985.73950195	2.52941179
985.73950195	2.52941179
985.74346924	2.52941179
985.74755859	2.52941179
985.75164795	2.52941179
985.75164795	2.52941179
985.75579834	2.52941179
985.75988770	2.52941179
985.76391602	2.52941179
985.76800537	2.52941179
985.77215576	2.52941179
985.77215576	2.52941179
985.77612305	2.52941179
985.78027344	2.52941179
985.78442383	2.52941179
985.78442383	2.52941179
985.78863525	2.52941179
985.79272461	2.52941179
985.79675293	2.52941179
985.79675293	2.52941179
985.80096436	2.52941179
985.80499268	2.52941179
985.80908203	2.52941179
985.81311035	2.52941179
985.81719971	2.52941179
985.81719971	2.52941179
985.82128906	2.52941179
985.82537842	2.52941179
985.82952881	2.52941179
985.82952881	2.52941179
985.83349609	2.52941179
985.83764648	2.52941179
985.84179688	2.52941179
985.84179688	2.52941179
985.84588623	2.52941179
985.84991455	2.52941179
985.85406494	2.52941179
985.85406494	2.52941179
985.85821533	2.52941179
985.86236572	2.54901958
985.86236572	2.54901958
985.86633301	2.54901958
985.87048340	2.54901958
985.87463379	2.54901958
985.87463379	2.54901958
985.87884521	2.54901958
985.88287354	2.54901958
985.88702393	2.54901958
985.88702393	2.54901958
985.89093018	2.54901958
985.89501953	2.54901958
985.89916992	2.54901958
985.89916992	2.54901958
985.90313721	2.54901958
985.90728760	2.54901958
985.90728760	2.54901958
985.91137695	2.54901958
985.91552734	2.54901958
985.91961670	2.54901958
985.91961670	2.56862736
985.92370605	2.56862736
985.92785645	2.56862736
985.93194580	2.56862736
985.93194580	2.56862736
985.93609619	2.56862736
985.94006348	2.56862736
985.94415283	2.56862736
985.94415283	2.56862736
985.94824219	2.56862736
985.95239258	2.56862736
985.95239258	2.56862736
985.95642090	2.56862736
985.96051025	2.56862736
985.96466064	2.56862736
985.96466064	2.56862736
985.96875000	2.56862736
985.97296143	2.56862736
985.97698975	2.56862736
985.97698975	2.56862736
985.98107910	2.56862736
985.98522949	2.56862736
985.98937988	2.56862736
985.98937988	2.56862736
985.99334717	2.56862736
985.99743652	2.56862736
985.99743652	2.56862736
986.00152588	2.56862736
986.00567627	2.56862736
986.00976563	2.56862736
986.00976563	2.56862736
986.01385498	2.56862736
986.01788330	2.56862736
986.02203369	2.54901958
986.02203369	2.54901958
986.02612305	2.54901958
986.03015137	2.54901958
986.03430176	2.52941179
986.03430176	2.52941179
986.03845215	2.52941179
986.04260254	2.52941179
986.04656982	2.50980401
986.05072021	2.50980401
986.05499268	2.50980401
986.05499268	2.50980401
986.05895996	2.50980401
986.06292725	2.49019599
986.06707764	2.49019599
986.06707764	2.49019599
986.07116699	2.49019599
986.07525635	2.49019599
986.07940674	2.49019599
986.07940674	2.49019599
986.08337402	2.47058821
986.08752441	2.47058821
986.09161377	2.47058821
986.09576416	2.47058821
986.09991455	2.47058821
986.09991455	2.47058821
986.10394287	2.47058821
986.10809326	2.47058821
986.11224365	2.47058821
986.11224365	2.45098042
986.11633301	2.45098042
986.12030029	2.45098042
986.12445068	2.45098042
986.12445068	2.45098042
986.12860107	2.45098042
986.13262939	2.45098042
986.13665771	2.45098042
986.14093018	2.45098042
986.14489746	2.45098042
986.14489746	2.45098042
986.14904785	2.45098042
986.15301514	2.45098042
986.15716553	2.45098042
986.15716553	2.45098042
986.16125488	2.45098042
986.16540527	2.45098042
986.16955566	2.47058821
986.16955566	2.47058821
986.17358398	2.47058821
986.17773438	2.47058821
986.18182373	2.47058821
986.18597412	2.47058821
986.19006348	2.47058821
986.19006348	2.47058821
986.19403076	2.47058821
986.19812012	2.47058821
986.20233154	2.47058821
986.20233154	2.49019599
986.20635986	2.49019599
986.21044922	2.49019599
986.21459961	2.49019599
986.21459961	2.49019599
986.21868896	2.49019599
986.22290039	2.49019599
986.22698975	2.49019599
986.23083496	2.50980401
986.23504639	2.50980401
986.23504639	2.50980401
986.23919678	2.50980401
986.24316406	2.50980401
986.24731445	2.50980401
986.24731445	2.50980401
986.25140381	2.50980401
986.25555420	2.50980401
986.25964355	2.50980401
986.25964355	2.50980401
986.26367188	2.50980401
986.26788330	2.50980401
986.27197266	2.50980401
986.27600098	2.50980401
986.28002930	2.50980401
986.28002930	2.50980401
986.28411865	2.50980401
986.28826904	2.50980401
986.29241943	2.50980401
986.29241943	2.50980401
986.29644775	2.50980401
986.30059814	2.50980401
986.30468750	2.50980401
986.30468750	2.50980401
986.30883789	2.50980401
986.31298828	2.50980401
986.31695557	2.50980401
986.32110596	2.50980401
986.32525635	2.50980401
986.32525635	2.50980401
986.32934570	2.50980401
986.33331299	2.52941179
986.33746338	2.52941179
986.33746338	2.52941179
986.34161377	2.52941179
986.34576416	2.52941179
986.34979248	2.52941179
986.34979248	2.52941179
986.35388184	2.52941179
986.35791016	2.52941179
986.36199951	2.52941179
986.36614990	2.52941179
986.37011719	2.52941179
986.37011719	2.52941179
986.37432861	2.52941179
986.37847900	2.52941179
986.38256836	2.52941179
986.38256836	2.52941179
986.38653564	2.52941179
986.39068604	2.52941179
986.39489746	2.52941179
986.39489746	2.54901958
986.39886475	2.54901958
986.40289307	2.54901958
986.40704346	2.54901958
986.40704346	2.54901958
986.41113281	2.54901958
986.41528320	2.54901958
986.41528320	2.54901958
986.41949463	2.54901958
986.42346191	2.54901958
986.42761230	2.54901958
986.42761230	2.54901958
986.43170166	2.54901958
986.43585205	2.56862736
986.43988037	2.56862736
986.43988037	2.56862736
986.44390869	2.56862736
986.44799805	2.56862736
986.45214844	2.56862736
986.45214844	2.56862736
986.45611572	2.56862736
986.46026611	2.56862736
986.46026611	2.56862736
986.46435547	2.56862736
986.46850586	2.56862736
986.47265625	2.56862736
986.47265625	2.56862736
986.47668457	2.56862736
986.48095703	2.56862736
986.48498535	2.56862736
986.48498535	2.56862736
986.48907471	2.56862736
986.49304199	2.56862736
986.49719238	2.56862736
986.49719238	2.56862736
986.50128174	2.56862736
986.50543213	2.56862736
986.50543213	2.56862736
986.50952148	2.56862736
986.51348877	2.56862736
986.51763916	2.56862736
986.51763916	2.56862736
986.52178955	2.56862736
986.52587891	2.56862736
986.53002930	2.54901958
986.53002930	2.54901958
986.53399658	2.54901958
986.53814697	2.54901958
986.54229736	2.54901958
986.54229736	2.52941179
986.54632568	2.52941179
986.55041504	2.52941179
986.55041504	2.52941179
986.55456543	2.52941179
986.55871582	2.50980401
986.56280518	2.50980401
986.56280518	2.50980401
986.56689453	2.50980401
986.57086182	2.50980401
986.57501221	2.50980401
986.57501221	2.50980401
986.57916260	2.49019599
986.58312988	2.49019599
986.58728027	2.49019599
986.58728027	2.49019599
986.59143066	2.49019599
986.59558105	2.49019599
986.59973145	2.49019599
986.60369873	2.49019599
986.60797119	2.49019599
986.60797119	2.49019599
986.61193848	2.49019599
986.61608887	2.47058821
986.62005615	2.47058821
986.62005615	2.47058821
986.62420654	2.47058821
986.62835693	2.47058821
986.63238525	2.47058821
986.63238525	2.47058821
986.63635254	2.47058821
986.64050293	2.47058821
986.64465332	2.47058821
986.64880371	2.47058821
986.65289307	2.47058821
986.65289307	2.47058821
986.65686035	2.47058821
986.66101074	2.47058821
986.66516113	2.49019599
986.66516113	2.49019599
986.66937256	2.49019599
986.67333984	2.49019599
986.67742920	2.49019599
986.67742920	2.49019599
986.68157959	2.49019599
986.68572998	2.49019599
986.68981934	2.49019599
986.69390869	2.49019599
986.69787598	2.49019599
986.69787598	2.49019599
986.70202637	2.50980401
986.70611572	2.50980401
986.71014404	2.50980401
986.71014404	2.50980401
986.71423340	2.50980401
986.71838379	2.50980401
986.72247314	2.50980401
986.72247314	2.50980401
986.72656250	2.50980401
986.73071289	2.50980401
986.73486328	2.52941179
986.73895264	2.52941179
986.74304199	2.52941179
986.74304199	2.52941179
986.74707031	2.52941179
986.75109863	2.52941179
986.75531006	2.52941179
986.75531006	2.52941179
986.75939941	2.52941179
986.76336670	2.52941179
986.76751709	2.52941179
986.76751709	2.52941179
986.77166748	2.52941179
986.77575684	2.52941179
986.77990723	2.54901958
986.78387451	2.54901958
986.78802490	2.54901958
986.78802490	2.54901958
986.79223633	2.54901958
986.79620361	2.54901958
986.80035400	2.54901958
986.80035400	2.54901958
986.80438232	2.54901958
986.80859375	2.54901958
986.81262207	2.54901958
986.81262207	2.54901958
986.81658936	2.54901958
986.82086182	2.54901958
986.82489014	2.54901958
986.82897949	2.54901958
986.83312988	2.54901958
986.83312988	2.54901958
986.83715820	2.54901958
986.84124756	2.54901958
986.84539795	2.54901958
986.84539795	2.54901958
986.84960938	2.54901958
986.85357666	2.56862736
986.85772705	2.56862736
986.85772705	2.56862736
986.86181641	2.56862736
986.86596680	2.56862736
986.86999512	2.56862736
986.87408447	2.56862736
986.87817383	2.56862736
986.87817383	2.56862736
986.88226318	2.56862736
986.88623047	2.56862736
986.89038086	2.56862736
986.89038086	2.56862736
986.89447021	2.56862736
986.89862061	2.56862736
986.90277100	2.56862736
986.90277100	2.56862736
986.90686035	2.56862736
986.91088867	2.56862736
986.91503906	2.56862736
986.91503906	2.56862736
986.91918945	2.56862736
986.92340088	2.56862736
986.92340088	2.56862736
986.92730713	2.56862736
986.93145752	2.56862736
986.93560791	2.56862736
986.93560791	2.56862736
986.93975830	2.56862736
986.94366455	2.56862736
986.94787598	2.56862736
986.94787598	2.56862736
986.95190430	2.56862736
986.95599365	2.56862736
986.96002197	2.56862736
986.96002197	2.56862736
986.96411133	2.56862736
986.96826172	2.56862736
986.96826172	2.56862736
986.97241211	2.56862736
986.97644043	2.56862736
986.98059082	2.56862736
986.98059082	2.56862736
986.98468018	2.56862736
986.98883057	2.56862736
986.99298096	2.56862736
986.99298096	2.56862736
986.99694824	2.56862736
987.00103760	2.56862736
987.00518799	2.56862736
987.00518799	2.56862736
987.00921631	2.56862736
987.01324463	2.56862736
987.01324463	2.56862736
987.01739502	2.56862736
987.02154541	2.56862736
987.02563477	2.56862736
987.02563477	2.56862736
987.02960205	2.56862736
987.03393555	2.56862736
987.03796387	2.56862736
987.03796387	2.56862736
987.04211426	2.54901958
987.04620361	2.54901958
987.05023193	2.54901958
987.05023193	2.54901958
987.05432129	2.54901958
987.05847168	2.54901958
987.05847168	2.52941179
987.06250000	2.52941179
987.06652832	2.52941179
987.07073975	2.52941179
987.07073975	2.52941179
987.07476807	2.52941179
987.07885742	2.50980401
987.08300781	2.50980401
987.08300781	2.50980401
987.08703613	2.50980401
987.09118652	2.50980401
987.09527588	2.50980401
987.09527588	2.50980401
987.09948730	2.50980401
987.10345459	2.50980401
987.10760498	2.49019599
987.11169434	2.49019599
987.11584473	2.49019599
987.11584473	2.49019599
987.11999512	2.49019599
987.12396240	2.49019599
987.12805176	2.49019599
987.12805176	2.49019599
987.13220215	2.49019599
987.13635254	2.49019599
987.14038086	2.50980401
987.14038086	2.50980401
987.14447021	2.50980401
987.14855957	2.50980401
987.15270996	2.50980401
987.15673828	2.50980401
987.16088867	2.50980401
987.16088867	2.50980401
987.16485596	2.50980401
987.16900635	2.50980401
987.17315674	2.52941179
987.17315674	2.52941179
987.17712402	2.52941179
987.18127441	2.52941179
987.18542480	2.52941179
987.18542480	2.52941179
987.18957520	2.52941179
987.19354248	2.52941179
987.19763184	2.54901958
987.20178223	2.54901958
987.20587158	2.54901958
987.20587158	2.54901958
987.20989990	2.54901958
987.21398926	2.56862736
987.21813965	2.56862736
987.21813965	2.56862736
987.22229004	2.56862736
987.22631836	2.56862736
987.23040771	2.58823538
987.23040771	2.58823538
987.23461914	2.58823538
987.23870850	2.58823538
987.24285889	2.58823538
987.24694824	2.60784316
987.25085449	2.60784316
987.25085449	2.60784316
987.25506592	2.60784316
987.25909424	2.60784316
987.26330566	2.60784316
987.26330566	2.60784316
987.26727295	2.60784316
987.27142334	2.60784316
987.27551270	2.62745094
987.27551270	2.62745094
987.27954102	2.62745094
987.28363037	2.62745094
987.28790283	2.62745094
987.29199219	2.62745094
987.29608154	2.62745094
987.29608154	2.62745094
987.30004883	2.62745094
987.30413818	2.62745094
987.30834961	2.62745094
987.30834961	2.62745094
987.31237793	2.62745094
987.31634521	2.62745094
987.32049561	2.62745094
987.32049561	2.62745094
987.32464600	2.62745094
987.32873535	2.62745094
987.33288574	2.62745094
987.33685303	2.60784316
987.34100342	2.60784316
987.34100342	2.60784316
987.34515381	2.60784316
987.34936523	2.60784316
987.35345459	2.60784316
987.35345459	2.60784316
987.35748291	2.60784316
987.36157227	2.60784316
987.36572266	2.60784316
987.36572266	2.60784316
987.36968994	2.60784316
987.37396240	2.60784316
987.37792969	2.60784316
987.38201904	2.60784316
987.38610840	2.60784316
987.38610840	2.60784316
987.39013672	2.60784316
987.39422607	2.60784316
987.39837646	2.60784316
987.39837646	2.60784316
987.40246582	2.60784316
987.40655518	2.60784316
987.41064453	2.60784316
987.41064453	2.60784316
987.41479492	2.60784316
987.41894531	2.60784316
987.42309570	2.60784316
987.42706299	2.60784316
987.43121338	2.60784316
987.43121338	2.60784316
987.43536377	2.60784316
987.43945313	2.60784316
987.44335938	2.60784316
987.44335938	2.60784316
987.44744873	2.60784316
987.45159912	2.60784316
987.45574951	2.60784316
987.45574951	2.60784316
987.45989990	2.60784316
987.46386719	2.60784316
987.46795654	2.60784316
987.46795654	2.60784316
987.47216797	2.60784316
987.47625732	2.60784316
987.47625732	2.60784316
987.48034668	2.60784316
987.48443604	2.60784316
987.48858643	2.60784316
987.48858643	2.60784316
987.49267578	2.60784316
987.49670410	2.60784316
987.50085449	2.60784316
987.50085449	2.60784316
987.50494385	2.60784316
987.50897217	2.62745094
987.51312256	2.62745094
987.51312256	2.62745094
987.51708984	2.62745094
987.52130127	2.62745094
987.52130127	2.62745094
987.52539063	2.62745094
987.52954102	2.62745094
987.53350830	2.62745094
987.53350830	2.62745094
987.53759766	2.62745094
987.54187012	2.62745094
987.54595947	2.62745094
987.54595947	2.62745094
987.54992676	2.62745094
987.55413818	2.60784316
987.55816650	2.60784316
987.55816650	2.60784316
987.56225586	2.60784316
987.56640625	2.60784316
987.56640625	2.60784316
987.57037354	2.60784316
987.57452393	2.60784316
987.57861328	2.58823538
987.57861328	2.58823538
987.58276367	2.58823538
987.58685303	2.58823538
987.59088135	2.58823538
987.59088135	2.58823538
987.59503174	2.58823538
987.59918213	2.56862736
987.60333252	2.56862736
987.60333252	2.56862736
987.60729980	2.56862736
987.61145020	2.56862736
987.61145020	2.56862736
987.61560059	2.56862736
987.61956787	2.56862736
987.62365723	2.56862736
987.62365723	2.54901958
987.62780762	2.54901958
987.63189697	2.54901958
987.63598633	2.54901958
987.63598633	2.54901958
987.63995361	2.54901958
987.64416504	2.54901958
987.64825439	2.54901958
987.64825439	2.54901958
987.65240479	2.54901958
987.65649414	2.54901958
987.66052246	2.54901958
987.66467285	2.54901958
987.66882324	2.54901958
987.66882324	2.54901958
987.67297363	2.54901958
987.67694092	2.54901958
987.68103027	2.54901958
987.68103027	2.54901958
987.68518066	2.54901958
987.68933105	2.54901958
987.69323730	2.56862736
987.69323730	2.56862736
987.69738770	2.56862736
987.70147705	2.56862736
987.70562744	2.56862736
987.70959473	2.56862736
987.71386719	2.56862736
987.71386719	2.56862736
987.71789551	2.56862736
987.72198486	2.56862736
987.72613525	2.56862736
987.72613525	2.56862736
987.73016357	2.58823538
987.73431396	2.58823538
987.73834229	2.58823538
987.73834229	2.58823538
987.74255371	2.58823538
987.74658203	2.58823538
987.75067139	2.58823538
987.75482178	2.58823538
987.75885010	2.58823538
987.75885010	2.58823538
987.76287842	2.58823538
987.76696777	2.58823538
987.77117920	2.58823538
987.77117920	2.58823538
987.77526855	2.58823538
987.77941895	2.58823538
987.78338623	2.58823538
987.78338623	2.58823538
987.78753662	2.58823538
987.79168701	2.58823538
987.79583740	2.58823538
987.79998779	2.58823538
987.80395508	2.58823538
987.80395508	2.58823538
987.80804443	2.58823538
987.81213379	2.58823538
987.81628418	2.58823538
987.81628418	2.58823538
987.82025146	2.58823538
987.82440186	2.58823538
987.82849121	2.58823538
987.82849121	2.58823538
987.83264160	2.58823538
987.83660889	2.58823538
987.84088135	2.58823538
987.84490967	2.58823538
987.84906006	2.58823538
987.84906006	2.58823538
987.85308838	2.58823538
987.85711670	2.58823538
987.86132813	2.56862736
987.86132813	2.56862736
987.86547852	2.56862736
987.86944580	2.56862736
987.87353516	2.56862736
987.87353516	2.56862736
987.87768555	2.56862736
987.88189697	2.56862736
987.88598633	2.56862736
987.89001465	2.56862736
987.89404297	2.56862736
987.89404297	2.56862736
987.89819336	2.56862736
987.90234375	2.56862736
987.90649414	2.56862736
987.90649414	2.56862736
987.91046143	2.56862736
987.91448975	2.56862736
987.91864014	2.56862736
987.91864014	2.56862736
987.92272949	2.56862736
987.92694092	2.56862736
987.93084717	2.56862736
987.93499756	2.56862736
987.93920898	2.56862736
987.93920898	2.56862736
987.94317627	2.56862736
987.94726563	2.56862736
987.95135498	2.56862736
987.95135498	2.56862736
987.95550537	2.56862736
987.95959473	2.56862736
987.96368408	2.56862736
987.96368408	2.56862736
987.96771240	2.56862736
987.97192383	2.56862736
987.97601318	2.56862736
987.97601318	2.56862736
987.98004150	2.56862736
987.98419189	2.56862736
987.98419189	2.56862736
987.98834229	2.56862736
987.99243164	2.56862736
987.99658203	2.56862736
987.99658203	2.56862736
988.00054932	2.56862736
988.00469971	2.56862736
988.00872803	2.56862736
988.00872803	2.56862736
988.01287842	2.56862736
988.01684570	2.56862736
988.02099609	2.56862736
988.02099609	2.56862736
988.02514648	2.56862736
988.02923584	2.56862736
988.02923584	2.56862736
988.03326416	2.56862736
988.03747559	2.56862736
988.04162598	2.56862736
988.04162598	2.56862736
988.04571533	2.56862736
988.04968262	2.56862736
988.05395508	2.56862736
988.05395508	2.56862736
988.05792236	2.56862736
988.06201172	2.56862736
988.06616211	2.56862736
988.06616211	2.56862736
988.07012939	2.56862736
988.07427979	2.54901958
988.07427979	2.54901958
988.07836914	2.54901958
988.08251953	2.54901958
988.08660889	2.54901958
988.08660889	2.52941179
988.09063721	2.52941179
988.09478760	2.52941179
988.09893799	2.52941179
988.09893799	2.52941179
988.10290527	2.50980401
988.10699463	2.50980401
988.11120605	2.50980401
988.11120605	2.50980401
988.11535645	2.50980401
988.11944580	2.50980401
988.11944580	2.50980401
988.12341309	2.50980401
988.12756348	2.50980401
988.13165283	2.50980401
988.13165283	2.50980401
988.13574219	2.50980401
988.13983154	2.50980401
988.14385986	2.49019599
988.14385986	2.49019599
988.14801025	2.49019599
988.15216064	2.49019599
988.15625000	2.49019599
988.15625000	2.49019599
988.16027832	2.49019599
988.16436768	2.49019599
988.16851807	2.49019599
988.17272949	2.49019599
988.17669678	2.49019599
988.17669678	2.49019599
988.18096924	2.49019599
988.18493652	2.49019599
988.18908691	2.50980401
988.18908691	2.50980401
988.19299316	2.50980401
988.19714355	2.50980401
988.20123291	2.50980401
988.20123291	2.50980401
988.20538330	2.50980401
988.20947266	2.50980401
988.21350098	2.50980401
988.21759033	2.50980401
988.22174072	2.50980401
988.22174072	2.50980401
988.22589111	2.50980401
988.22991943	2.50980401
988.23406982	2.52941179
988.23406982	2.52941179
988.23815918	2.52941179
988.24230957	2.52941179
988.24645996	2.52941179
988.24645996	2.52941179
988.25042725	2.52941179
988.25451660	2.52941179
988.25860596	2.54901958
988.26275635	2.54901958
988.26684570	2.54901958
988.26684570	2.54901958
988.27087402	2.54901958
988.27496338	2.54901958
988.27911377	2.54901958
988.27911377	2.54901958
988.28308105	2.54901958
988.28729248	2.54901958
988.29144287	2.56862736
988.29144287	2.56862736
988.29553223	2.56862736
988.29968262	2.56862736
988.30364990	2.56862736
988.30780029	2.56862736
988.31195068	2.56862736
988.31195068	2.56862736
988.31597900	2.56862736
988.32000732	2.56862736
988.32415771	2.56862736
988.32415771	2.56862736
988.32824707	2.56862736
988.33239746	2.56862736
988.33648682	2.56862736
988.33648682	2.56862736
988.34051514	2.56862736
988.34460449	2.56862736
988.34881592	2.56862736
988.35296631	2.56862736
988.35699463	2.56862736
988.35699463	2.56862736
988.36108398	2.56862736
988.36517334	2.56862736
988.36932373	2.56862736
988.36932373	2.56862736
988.37329102	2.56862736
988.37744141	2.56862736
988.38159180	2.56862736
988.38159180	2.56862736
988.38562012	2.56862736
988.38970947	2.56862736
988.39398193	2.56862736
988.39794922	2.56862736
988.40209961	2.56862736
988.40209961	2.56862736
988.40618896	2.56862736
988.41021729	2.56862736
988.41430664	2.56862736
988.41430664	2.56862736
988.41845703	2.56862736
988.42254639	2.56862736
988.42669678	2.56862736
988.42669678	2.56862736
988.43072510	2.56862736
988.43487549	2.56862736
988.43896484	2.56862736
988.44293213	2.56862736
988.44714355	2.56862736
988.44714355	2.56862736
988.45123291	2.56862736
988.45538330	2.56862736
988.45953369	2.56862736
988.45953369	2.56862736
988.46350098	2.56862736
988.46759033	2.56862736
988.47174072	2.56862736
988.47174072	2.56862736
988.47589111	2.56862736
988.47998047	2.56862736
988.48400879	2.56862736
988.48809814	2.56862736
988.49224854	2.56862736
988.49224854	2.56862736
988.49627686	2.56862736
988.50036621	2.56862736
988.50445557	2.56862736
988.50445557	2.56862736
988.50860596	2.56862736
988.51269531	2.56862736
988.51684570	2.56862736
988.51684570	2.56862736
988.52099609	2.56862736
988.52496338	2.56862736
988.52911377	2.56862736
988.52911377	2.56862736
988.53308105	2.56862736
988.53717041	2.56862736
988.53717041	2.56862736
988.54132080	2.56862736
988.54534912	2.56862736
988.54949951	2.56862736
988.54949951	2.56862736
988.55352783	2.58823538
988.55761719	2.56862736
988.56176758	2.56862736
988.56176758	2.56862736
988.56591797	2.56862736
988.56988525	2.56862736
988.57403564	2.56862736
988.57403564	2.56862736
988.57812500	2.56862736
988.58227539	2.56862736
988.58227539	2.56862736
988.58624268	2.56862736
988.59039307	2.56862736
988.59448242	2.56862736
988.59448242	2.56862736
988.59863281	2.56862736
988.60284424	2.54901958
988.60693359	2.54901958
988.60693359	2.54901958
988.61096191	2.54901958
988.61505127	2.54901958
988.61920166	2.54901958
988.61920166	2.52941179
988.62310791	2.52941179
988.62731934	2.50980401
988.62731934	2.50980401
988.63146973	2.50980401
988.63549805	2.50980401
988.63964844	2.50980401
988.63964844	2.50980401
988.64361572	2.50980401
988.64776611	2.50980401
988.65185547	2.50980401
988.65185547	2.50980401
988.65600586	2.49019599
988.66003418	2.49019599
988.66412354	2.49019599
988.66412354	2.49019599
988.66821289	2.49019599
988.67236328	2.49019599
988.67236328	2.49019599
988.67645264	2.49019599
988.68054199	2.49019599
988.68469238	2.49019599
988.68469238	2.49019599
988.68884277	2.49019599
988.69293213	2.49019599
988.69689941	2.49019599
988.69689941	2.49019599
988.70098877	2.49019599
988.70513916	2.49019599
988.70922852	2.49019599
988.70922852	2.49019599
988.71325684	2.49019599
988.71734619	2.49019599
988.72149658	2.49019599
988.72564697	2.49019599
988.72979736	2.49019599
988.72979736	2.49019599
988.73394775	2.49019599
988.73785400	2.49019599
988.74206543	2.49019599
988.74206543	2.49019599
988.74621582	2.49019599
988.75018311	2.50980401
988.75421143	2.50980401
988.75421143	2.50980401
988.75836182	2.50980401
988.76251221	2.50980401
988.76647949	2.50980401
988.77062988	2.50980401
988.77490234	2.50980401
988.77490234	2.50980401
988.77886963	2.50980401
988.78283691	2.52941179
988.78704834	2.52941179
988.78704834	2.52941179
988.79119873	2.52941179
988.79534912	2.52941179
988.79943848	2.52941179
988.79943848	2.52941179
988.80340576	2.52941179
988.80755615	2.52941179
988.81170654	2.52941179
988.81585693	2.54901958
988.82000732	2.54901958
988.82000732	2.54901958
988.82391357	2.54901958
988.82806396	2.54901958
988.83221436	2.54901958
988.83221436	2.54901958
988.83624268	2.54901958
988.84033203	2.54901958
988.84436035	2.54901958
988.84436035	2.54901958
988.84851074	2.54901958
988.85260010	2.54901958
988.85662842	2.54901958
988.86083984	2.54901958
988.86486816	2.54901958
988.86486816	2.54901958
988.86907959	2.54901958
988.87304688	2.54901958
988.87713623	2.54901958
988.87713623	2.54901958
988.88122559	2.54901958
988.88537598	2.54901958
988.88946533	2.54901958
988.88946533	2.54901958
988.89349365	2.54901958
988.89758301	2.54901958
988.90179443	2.54901958
988.90588379	2.54901958
988.91003418	2.54901958
988.91003418	2.54901958
988.91406250	2.54901958
988.91821289	2.54901958
988.92230225	2.54901958
988.92230225	2.54901958
988.92633057	2.54901958
988.93041992	2.54901958
988.93457031	2.54901958
988.93457031	2.54901958
988.93872070	2.54901958
988.94274902	2.54901958
988.94683838	2.54901958
988.95086670	2.56862736
988.95501709	2.54901958
988.95501709	2.56862736
988.95910645	2.56862736
988.96313477	2.56862736
988.96722412	2.56862736
988.96722412	2.56862736
988.97143555	2.56862736
988.97546387	2.56862736
988.97967529	2.56862736
988.97967529	2.56862736
988.98364258	2.56862736
988.98785400	2.56862736
988.99194336	2.56862736
988.99609375	2.56862736
989.00018311	2.56862736
989.00018311	2.56862736
989.00421143	2.56862736
989.00830078	2.56862736
989.01232910	2.56862736
989.01232910	2.56862736
989.01635742	2.56862736
989.02044678	2.56862736
989.02465820	2.56862736
989.02465820	2.56862736
989.02874756	2.56862736
989.03289795	2.56862736
989.03686523	2.56862736
989.04101563	2.56862736
989.04516602	2.56862736
989.04516602	2.56862736
989.04931641	2.56862736
989.05328369	2.56862736
989.05743408	2.56862736
989.05743408	2.56862736
989.06152344	2.56862736
989.06561279	2.56862736
989.06970215	2.56862736
989.06970215	2.56862736
989.07391357	2.56862736
989.07788086	2.56862736
989.08203125	2.56862736
989.08203125	2.56862736
989.08612061	2.56862736
989.09008789	2.56862736
989.09008789	2.58823538
989.09423828	2.58823538
989.09838867	2.58823538
989.10260010	2.58823538
989.10260010	2.58823538
989.10656738	2.58823538
989.11065674	2.58823538
989.11480713	2.58823538
989.11480713	2.58823538
989.11895752	2.58823538
989.12286377	2.58823538
989.12701416	2.58823538
989.12701416	2.58823538
989.13110352	2.58823538
989.13525391	2.58823538
989.13525391	2.58823538
989.13934326	2.58823538
989.14337158	2.58823538
989.14746094	2.58823538
989.14746094	2.58823538
989.15161133	2.58823538
989.15576172	2.58823538
989.15991211	2.56862736
989.15991211	2.56862736
989.16394043	2.56862736
989.16802979	2.56862736
989.17218018	2.56862736
989.17218018	2.56862736
989.17626953	2.56862736
989.18029785	2.56862736
989.18029785	2.56862736
989.18444824	2.56862736
989.18859863	2.56862736
989.19268799	2.54901958
989.19268799	2.54901958
989.19659424	2.54901958
989.20074463	2.54901958
989.20495605	2.54901958
989.20495605	2.54901958
989.20898438	2.54901958
989.21301270	2.52941179
989.21710205	2.52941179
989.21710205	2.52941179
989.22125244	2.52941179
989.22534180	2.52941179
989.22534180	2.52941179
989.22949219	2.52941179
989.23352051	2.52941179
989.23767090	2.52941179
989.23767090	2.52941179
989.24182129	2.52941179
989.24591064	2.52941179
989.25006104	2.50980401
989.25006104	2.50980401
989.25402832	2.50980401
989.25811768	2.50980401
989.26220703	2.50980401
989.26220703	2.50980401
989.26623535	2.50980401
989.27038574	2.50980401
989.27447510	2.50980401
989.27862549	2.50980401
989.28271484	2.50980401
989.28271484	2.50980401
989.28686523	2.50980401
989.29089355	2.50980401
989.29504395	2.50980401
989.29504395	2.50980401
989.29919434	2.52941179
989.30316162	2.52941179
989.30725098	2.50980401
989.30725098	2.52941179
989.31140137	2.52941179
989.31555176	2.52941179
989.31958008	2.52941179
989.32360840	2.52941179
989.32788086	2.52941179
989.32788086	2.52941179
989.33184814	2.52941179
989.33599854	2.52941179
989.34002686	2.52941179
989.34002686	2.52941179
989.34411621	2.52941179
989.34826660	2.52941179
989.35241699	2.52941179
989.35241699	2.52941179
989.35644531	2.52941179
989.36053467	2.52941179
989.36468506	2.54901958
989.36883545	2.54901958
989.37292480	2.54901958
989.37292480	2.54901958
989.37689209	2.54901958
989.38098145	2.54901958
989.38513184	2.54901958
989.38513184	2.54901958
989.38922119	2.54901958
989.39324951	2.54901958
989.39733887	2.54901958
989.39733887	2.54901958
989.40148926	2.54901958
989.40557861	2.54901958
989.40979004	2.54901958
989.41394043	2.54901958
989.41790771	2.54901958
989.41790771	2.54901958
989.42205811	2.54901958
989.42620850	2.54901958
989.43017578	2.54901958
989.43017578	2.54901958
989.43432617	2.56862736
989.43841553	2.56862736
989.44256592	2.54901958
989.44256592	2.54901958
989.44659424	2.54901958
989.45074463	2.54901958
989.45483398	2.54901958
989.45892334	2.54901958
989.46307373	2.54901958
989.46307373	2.54901958
989.46710205	2.54901958
989.47119141	2.54901958
989.47521973	2.54901958
989.47521973	2.56862736
989.47937012	2.54901958
989.48333740	2.54901958
989.48748779	2.54901958
989.48748779	2.54901958
989.49163818	2.54901958
989.49572754	2.54901958
989.49993896	2.54901958
989.50384521	2.54901958
989.50799561	2.54901958
989.50799561	2.54901958
989.51208496	2.54901958
989.51611328	2.56862736
989.52020264	2.54901958
989.52020264	2.54901958
989.52435303	2.54901958
989.52850342	2.54901958
989.53259277	2.56862736
989.53259277	2.54901958
989.53662109	2.56862736
989.54083252	2.54901958
989.54492188	2.56862736
989.54907227	2.56862736
989.55316162	2.54901958
989.55316162	2.56862736
989.55718994	2.56862736
989.56127930	2.56862736
989.56536865	2.56862736
989.56536865	2.56862736
989.56933594	2.56862736
989.57348633	2.56862736
989.57757568	2.56862736
989.57757568	2.56862736
989.58178711	2.56862736
989.58587646	2.56862736
989.58996582	2.56862736
989.58996582	2.56862736
989.59399414	2.56862736
989.59814453	2.56862736
989.59814453	2.56862736
989.60229492	2.56862736
989.60632324	2.56862736
989.61041260	2.56862736
989.61041260	2.56862736
989.61456299	2.56862736
989.61871338	2.56862736
989.62280273	2.56862736
989.62280273	2.56862736
989.62689209	2.56862736
989.63085938	2.56862736
989.63500977	2.56862736
989.63500977	2.56862736
989.63909912	2.56862736
989.64324951	2.56862736
989.64324951	2.56862736
989.64721680	2.56862736
989.65136719	2.56862736
989.65545654	2.56862736
989.65545654	2.56862736
989.65954590	2.56862736
989.66363525	2.56862736
989.66796875	2.56862736
989.66796875	2.56862736
989.67187500	2.56862736
989.67608643	2.56862736
989.68005371	2.56862736
989.68005371	2.56862736
989.68420410	2.56862736
989.68829346	2.56862736
989.68829346	2.56862736
989.69244385	2.56862736
989.69641113	2.56862736
989.70043945	2.56862736
989.70043945	2.56862736
989.70458984	2.56862736
989.70874023	2.56862736
989.71289063	2.56862736
989.71289063	2.56862736
989.71685791	2.56862736
989.72106934	2.56862736
989.72509766	2.56862736
989.72509766	2.56862736
989.72924805	2.56862736
989.73345947	2.56862736
989.73345947	2.56862736
989.73754883	2.56862736
989.74157715	2.56862736
989.74566650	2.56862736
989.74566650	2.56862736
989.74969482	2.58823538
989.75384521	2.58823538
989.75787354	2.58823538
989.75787354	2.58823538
989.76196289	2.56862736
989.76611328	2.58823538
989.77008057	2.58823538
989.77008057	2.58823538
989.77423096	2.58823538
989.77832031	2.58823538
989.78247070	2.56862736
989.78649902	2.56862736
989.79064941	2.56862736
989.79064941	2.56862736
989.79479980	2.56862736
989.79895020	2.56862736
989.80303955	2.56862736
989.80303955	2.56862736
989.80700684	2.56862736
989.81115723	2.56862736
989.81524658	2.56862736
989.81524658	2.54901958
989.81933594	2.54901958
989.82336426	2.54901958
989.82745361	2.54901958
989.83160400	2.54901958
989.83575439	2.54901958
989.83575439	2.52941179
989.83990479	2.52941179
989.84387207	2.52941179
989.84802246	2.52941179
989.84802246	2.52941179
989.85217285	2.52941179
989.85632324	2.52941179
989.86029053	2.52941179
989.86029053	2.52941179
989.86444092	2.52941179
989.86853027	2.52941179
989.87268066	2.50980401
989.87664795	2.50980401
989.88085938	2.50980401
989.88085938	2.50980401
989.88488770	2.50980401
989.88897705	2.50980401
989.89312744	2.50980401
989.89312744	2.50980401
989.89709473	2.50980401
989.90124512	2.50980401
989.90533447	2.50980401
989.90533447	2.50980401
989.90954590	2.50980401
989.91351318	2.50980401
989.91766357	2.50980401
989.92175293	2.50980401
989.92590332	2.50980401
989.92590332	2.50980401
989.92993164	2.50980401
989.93402100	2.52941179
989.93811035	2.52941179
989.93811035	2.52941179
989.94232178	2.52941179
989.94635010	2.52941179
989.95050049	2.52941179
989.95050049	2.52941179
989.95458984	2.52941179
989.95867920	2.52941179
989.96282959	2.52941179
989.96697998	2.52941179
989.97094727	2.52941179
989.97094727	2.52941179
989.97497559	2.52941179
989.97912598	2.52941179
989.98327637	2.54901958
989.98327637	2.54901958
989.98724365	2.54901958
989.99139404	2.54901958
989.99548340	2.54901958
989.99548340	2.54901958
989.99951172	2.54901958
990.00366211	2.54901958
990.00787354	2.54901958
990.01184082	2.54901958
990.01599121	2.54901958
990.01599121	2.54901958
990.01995850	2.54901958
990.02410889	2.54901958
990.02825928	2.54901958
990.02825928	2.54901958
990.03234863	2.54901958
990.03637695	2.54901958
990.04052734	2.54901958
990.04052734	2.54901958
990.04467773	2.54901958
990.04882813	2.54901958
990.05291748	2.54901958
990.05688477	2.54901958
990.06103516	2.54901958
990.06103516	2.54901958
990.06512451	2.54901958
990.06921387	2.54901958
990.07336426	2.54901958
990.07336426	2.54901958
990.07733154	2.54901958
990.08148193	2.54901958
990.08557129	2.54901958
990.08557129	2.54901958
990.08959961	2.54901958
990.09387207	2.54901958
990.09790039	2.54901958
990.10205078	2.54901958
990.10620117	2.54901958
990.10620117	2.54901958
990.11016846	2.54901958
990.11431885	2.54901958
990.11840820	2.54901958
990.11840820	2.54901958
990.12255859	2.54901958
990.12652588	2.54901958
990.13061523	2.54901958
990.13061523	2.54901958
990.13470459	2.54901958
990.13885498	2.54901958
990.14294434	2.54901958
990.14294434	2.54901958
990.14697266	2.54901958
990.15112305	2.54901958
990.15112305	2.54901958
990.15527344	2.54901958
990.15942383	2.54901958
990.16339111	2.54901958
990.16339111	2.54901958
990.16754150	2.54901958
990.17169189	2.54901958
990.17578125	2.54901958
990.17578125	2.54901958
990.17993164	2.54901958
990.18383789	2.54901958
990.18798828	2.54901958
990.18798828	2.54901958
990.19219971	2.54901958
990.19622803	2.54901958
990.19622803	2.54901958
990.20019531	2.54901958
990.20434570	2.54901958
990.20849609	2.54901958
990.20849609	2.54901958
990.21258545	2.54901958
990.21661377	2.54901958
990.22082520	2.54901958
990.22082520	2.54901958
990.22485352	2.54901958
990.22900391	2.54901958
990.23315430	2.56862736
990.23315430	2.56862736
990.23718262	2.56862736
990.24127197	2.56862736
990.24127197	2.56862736
990.24542236	2.56862736
990.24957275	2.56862736
990.25354004	2.56862736
990.25354004	2.56862736
990.25762939	2.56862736
990.26171875	2.56862736
990.26586914	2.56862736
990.26586914	2.56862736
990.26983643	2.56862736
990.27398682	2.56862736
990.27807617	2.56862736
990.27807617	2.56862736
990.28222656	2.56862736
990.28631592	2.56862736
990.28631592	2.56862736
990.29040527	2.56862736
990.29455566	2.56862736
990.29870605	2.56862736
990.29870605	2.56862736
990.30279541	2.56862736
990.30694580	2.56862736
990.31091309	2.56862736
990.31091309	2.56862736
990.31500244	2.56862736
990.31915283	2.56862736
990.32324219	2.56862736
990.32324219	2.56862736
990.32720947	2.56862736
990.33135986	2.58823538
990.33544922	2.58823538
990.33947754	2.58823538
990.34362793	2.58823538
990.34362793	2.58823538
990.34783936	2.58823538
990.35186768	2.58823538
990.35601807	2.58823538
990.35601807	2.58823538
990.35998535	2.58823538
990.36413574	2.58823538
990.36828613	2.58823538
990.36828613	2.58823538
990.37243652	2.58823538
990.37646484	2.58823538
990.38049316	2.58823538
990.38458252	2.58823538
990.38873291	2.58823538
990.38873291	2.58823538
990.39282227	2.58823538
990.39685059	2.58823538
990.40100098	2.58823538
990.40100098	2.58823538
990.40509033	2.58823538
990.40924072	2.56862736
990.41345215	2.56862736
990.41345215	2.56862736
990.41741943	2.56862736
990.42150879	2.56862736
990.42565918	2.56862736
990.42968750	2.56862736
990.43395996	2.56862736
990.43395996	2.56862736
990.43786621	2.54901958
990.44201660	2.54901958
990.44610596	2.54901958
990.44610596	2.54901958
990.45007324	2.54901958
990.45422363	2.54901958
990.45831299	2.54901958
990.45831299	2.52941179
990.46246338	2.52941179
990.46661377	2.52941179
990.47058105	2.52941179
990.47473145	2.52941179
990.47888184	2.52941179
990.47888184	2.52941179
990.48291016	2.52941179
990.48699951	2.52941179
990.49114990	2.52941179
990.49114990	2.52941179
990.49530029	2.52941179
990.49945068	2.50980401
990.50341797	2.52941179
990.50341797	2.52941179
990.50750732	2.50980401
990.51159668	2.50980401
990.51574707	2.50980401
990.51983643	2.50980401
990.52386475	2.50980401
990.52386475	2.50980401
990.52795410	2.50980401
990.53210449	2.52941179
990.53619385	2.52941179
990.53619385	2.52941179
990.54022217	2.52941179
990.54437256	2.52941179
990.54852295	2.52941179
990.54852295	2.52941179
990.55267334	2.52941179
990.55664063	2.52941179
990.56091309	2.52941179
990.56488037	2.52941179
990.56896973	2.52941179
990.56896973	2.52941179
990.57293701	2.52941179
990.57714844	2.52941179
990.58123779	2.52941179
990.58123779	2.52941179
990.58538818	2.52941179
990.58947754	2.52941179
990.59350586	2.52941179
990.59350586	2.54901958
990.59759521	2.54901958
990.60174561	2.52941179
990.60589600	2.54901958
990.60992432	2.54901958
990.61401367	2.54901958
990.61401367	2.54901958
990.61816406	2.54901958
990.62231445	2.54901958
990.62634277	2.54901958
990.62634277	2.54901958
990.63037109	2.54901958
990.63446045	2.54901958
990.63861084	2.54901958
990.63861084	2.54901958
990.64270020	2.54901958
990.64685059	2.56862736
990.65081787	2.56862736
990.65081787	2.56862736
990.65496826	2.56862736
990.65911865	2.56862736
990.65911865	2.56862736
990.66314697	2.56862736
990.66729736	2.56862736
990.67138672	2.56862736
990.67138672	2.54901958
990.67553711	2.56862736
990.67968750	2.56862736
990.68365479	2.56862736
990.68365479	2.56862736
990.68786621	2.56862736
990.69195557	2.56862736
990.69610596	2.56862736
990.69610596	2.56862736
990.70007324	2.56862736
990.70428467	2.56862736
990.70428467	2.56862736
990.70831299	2.56862736
990.71240234	2.56862736
990.71655273	2.56862736
990.71655273	2.56862736
990.72058105	2.56862736
990.72460938	2.54901958
990.72869873	2.54901958
990.72869873	2.54901958
990.73284912	2.56862736
990.73681641	2.56862736
990.74096680	2.56862736
990.74096680	2.54901958
990.74511719	2.56862736
990.74926758	2.56862736
990.74926758	2.56862736
990.75329590	2.56862736
990.75738525	2.56862736
990.76147461	2.56862736
990.76147461	2.56862736
990.76562500	2.56862736
990.76959229	2.56862736
990.77386475	2.56862736
990.77386475	2.56862736
990.77783203	2.56862736
990.78198242	2.56862736
990.78607178	2.56862736
990.78607178	2.56862736
990.79016113	2.56862736
990.79431152	2.56862736
990.79431152	2.56862736
990.79840088	2.56862736
990.80255127	2.56862736
990.80670166	2.56862736
990.80670166	2.56862736
990.81066895	2.56862736
990.81475830	2.56862736
990.81884766	2.56862736
990.81884766	2.56862736
990.82281494	2.56862736
990.82696533	2.56862736
990.83105469	2.56862736
990.83105469	2.56862736
990.83526611	2.56862736
990.83935547	2.56862736
990.84338379	2.56862736
990.84747314	2.56862736
990.85162354	2.56862736
990.85162354	2.56862736
990.85577393	2.56862736
990.85992432	2.56862736
990.86389160	2.56862736
990.86389160	2.56862736
990.86798096	2.56862736
990.87219238	2.56862736
990.87622070	2.56862736
990.87622070	2.56862736
990.88024902	2.56862736
990.88433838	2.56862736
990.88848877	2.56862736
990.89257813	2.56862736
990.89660645	2.56862736
990.89660645	2.56862736
990.90081787	2.56862736
990.90484619	2.56862736
990.90899658	2.56862736
990.90899658	2.56862736
990.91302490	2.56862736
990.91711426	2.56862736
990.92126465	2.56862736
990.92126465	2.56862736
990.92541504	2.56862736
990.92956543	2.56862736
990.93353271	2.56862736
990.93762207	2.56862736
990.94177246	2.56862736
990.94177246	2.56862736
990.94586182	2.56862736
990.94982910	2.56862736
990.95397949	2.56862736
990.95397949	2.56862736
990.95806885	2.56862736
990.96221924	2.56862736
990.96630859	2.56862736
990.96630859	2.58823538
990.97033691	2.58823538
990.97448730	2.58823538
990.97863770	2.58823538
990.98278809	2.58823538
990.98693848	2.58823538
990.98693848	2.58823538
990.99090576	2.58823538
990.99505615	2.58823538
990.99914551	2.58823538
990.99914551	2.56862736
991.00317383	2.56862736
991.00726318	2.56862736
991.01135254	2.56862736
991.01135254	2.56862736
991.01544189	2.56862736
991.01959229	2.56862736
991.02362061	2.56862736
991.02770996	2.56862736
991.03186035	2.56862736
991.03186035	2.54901958
991.03594971	2.54901958
991.04003906	2.54901958
991.04412842	2.54901958
991.04412842	2.54901958
991.04827881	2.54901958
991.05242920	2.52941179
991.05651855	2.52941179
991.05651855	2.52941179
991.06054688	2.52941179
991.06463623	2.52941179
991.06872559	2.52941179
991.07281494	2.52941179
991.07684326	2.52941179
991.07684326	2.50980401
991.08093262	2.50980401
991.08508301	2.50980401
991.08923340	2.50980401
991.08923340	2.50980401
991.09326172	2.50980401
991.09735107	2.50980401
991.10150146	2.50980401
991.10150146	2.50980401
991.10565186	2.50980401
991.10980225	2.50980401
991.11395264	2.50980401
991.11791992	2.50980401
991.12207031	2.50980401
991.12207031	2.50980401
991.12609863	2.50980401
991.13006592	2.50980401
991.13421631	2.50980401
991.13421631	2.50980401
991.13830566	2.50980401
991.14245605	2.50980401
991.14660645	2.50980401
991.14660645	2.50980401
991.15057373	2.50980401
991.15472412	2.50980401
991.15887451	2.50980401
991.16290283	2.50980401
991.16705322	2.50980401
991.16705322	2.50980401
991.17108154	2.52941179
991.17529297	2.50980401
991.17944336	2.52941179
991.17944336	2.52941179
991.18341064	2.52941179
991.18756104	2.52941179
991.19158936	2.52941179
991.19158936	2.52941179
991.19573975	2.52941179
991.19982910	2.52941179
991.20385742	2.52941179
991.20385742	2.52941179
991.20800781	2.52941179
991.21209717	2.52941179
991.21209717	2.52941179
991.21618652	2.52941179
991.22027588	2.52941179
991.22436523	2.54901958
991.22436523	2.54901958
991.22851563	2.54901958
991.23266602	2.54901958
991.23681641	2.54901958
991.23681641	2.54901958
991.24090576	2.54901958
991.24493408	2.54901958
991.24902344	2.54901958
991.24902344	2.54901958
991.25305176	2.54901958
991.25708008	2.54901958
991.25708008	2.54901958
991.26123047	2.54901958
991.26531982	2.54901958
991.26947021	2.54901958
991.26947021	2.54901958
991.27343750	2.54901958
991.27758789	2.54901958
991.28173828	2.54901958
991.28173828	2.54901958
991.28582764	2.54901958
991.28985596	2.54901958
991.29400635	2.54901958
991.29400635	2.54901958
991.29815674	2.54901958
991.30224609	2.54901958
991.30224609	2.54901958
991.30639648	2.54901958
991.31036377	2.54901958
991.31451416	2.54901958
991.31451416	2.54901958
991.31860352	2.54901958
991.32269287	2.54901958
991.32684326	2.54901958
991.32684326	2.54901958
991.33081055	2.54901958
991.33496094	2.54901958
991.33905029	2.54901958
991.33905029	2.54901958
991.34307861	2.54901958
991.34722900	2.54901958
991.34722900	2.54901958
991.35137939	2.54901958
991.35552979	2.54901958
991.35968018	2.54901958
991.35968018	2.54901958
991.36364746	2.54901958
991.36779785	2.54901958
991.37194824	2.54901958
991.37194824	2.54901958
991.37597656	2.54901958
991.38000488	2.54901958
991.38409424	2.54901958
991.38409424	2.54901958
991.38836670	2.54901958
991.39245605	2.54901958
991.39642334	2.54901958
991.40051270	2.54901958
991.40490723	2.54901958
991.40490723	2.54901958
991.40881348	2.54901958
991.41296387	2.54901958
991.41680908	2.54901958
991.41680908	2.54901958
991.42095947	2.54901958
991.42510986	2.54901958
991.42926025	2.54901958
991.42926025	2.54901958
991.43328857	2.54901958
991.43731689	2.54901958
991.44146729	2.54901958
991.44561768	2.54901958
991.44970703	2.54901958
991.44970703	2.54901958
991.45385742	2.56862736
991.45788574	2.56862736
991.46197510	2.56862736
991.46197510	2.56862736
991.46612549	2.56862736
991.47009277	2.56862736
991.47424316	2.56862736
991.47424316	2.56862736
991.47839355	2.56862736
991.48254395	2.56862736
991.48651123	2.56862736
991.49060059	2.56862736
991.49481201	2.56862736
991.49481201	2.56862736
991.49890137	2.56862736
991.50292969	2.56862736
991.50708008	2.56862736
991.50708008	2.56862736
991.51123047	2.56862736
991.51531982	2.56862736
991.51940918	2.56862736
991.51940918	2.56862736
991.52343750	2.56862736
991.52758789	2.56862736
991.53167725	2.56862736
991.53570557	2.56862736
991.53985596	2.56862736
991.53985596	2.56862736
991.54388428	2.56862736
991.54797363	2.56862736
991.55212402	2.56862736
991.55212402	2.56862736
991.55627441	2.56862736
991.56024170	2.56862736
991.56439209	2.56862736
991.56439209	2.56862736
991.56848145	2.56862736
991.57257080	2.56862736
991.57659912	2.56862736
991.58081055	2.56862736
991.58483887	2.56862736
991.58483887	2.56862736
991.58892822	2.56862736
991.59295654	2.56862736
991.59704590	2.56862736
991.59704590	2.56862736
991.60125732	2.56862736
991.60540771	2.56862736
991.60955811	2.56862736
991.60955811	2.56862736
991.61352539	2.56862736
991.61767578	2.56862736
991.62176514	2.56862736
991.62585449	2.56862736
991.63000488	2.54901958
991.63000488	2.54901958
991.63397217	2.54901958
991.63812256	2.54901958
991.64221191	2.54901958
991.64221191	2.54901958
991.64617920	2.52941179
991.65032959	2.52941179
991.65441895	2.52941179
991.65441895	2.52941179
991.65863037	2.52941179
991.66278076	2.52941179
991.66693115	2.52941179
991.67089844	2.50980401
991.67498779	2.50980401
991.67498779	2.50980401
991.67913818	2.50980401
991.68316650	2.50980401
991.68725586	2.50980401
991.68725586	2.50980401
991.69134521	2.50980401
991.69543457	2.50980401
991.69958496	2.50980401
991.69958496	2.50980401
991.70355225	2.50980401
991.70782471	2.50980401
991.71179199	2.50980401
991.71179199	2.49019599
991.71594238	2.49019599
991.72009277	2.49019599
991.72009277	2.49019599
991.72412109	2.49019599
991.72827148	2.49019599
991.73242188	2.49019599
991.73242188	2.49019599
991.73638916	2.50980401
991.74053955	2.50980401
991.74462891	2.49019599
991.74462891	2.50980401
991.74877930	2.50980401
991.75292969	2.50980401
991.75683594	2.50980401
991.75683594	2.50980401
991.76098633	2.50980401
991.76507568	2.50980401
991.76507568	2.50980401
991.76922607	2.50980401
991.77319336	2.50980401
991.77734375	2.50980401
991.77734375	2.50980401
991.78143311	2.50980401
991.78558350	2.50980401
991.78973389	2.50980401
991.78973389	2.50980401
991.79388428	2.50980401
991.79791260	2.50980401
991.80200195	2.52941179
991.80200195	2.52941179
991.80609131	2.52941179
991.81018066	2.52941179
991.81018066	2.52941179
991.81427002	2.52941179
991.81835938	2.52941179
991.82244873	2.52941179
991.82244873	2.52941179
991.82647705	2.52941179
991.83056641	2.52941179
991.83483887	2.52941179
991.83483887	2.52941179
991.83886719	2.52941179
991.84295654	2.52941179
991.84698486	2.54901958
991.84698486	2.54901958
991.85113525	2.54901958
991.85528564	2.54901958
991.85528564	2.54901958
991.85943604	2.54901958
991.86340332	2.54901958
991.86749268	2.54901958
991.86749268	2.54901958
991.87164307	2.54901958
991.87573242	2.54901958
991.87988281	2.54901958
991.87988281	2.54901958
991.88385010	2.54901958
991.88800049	2.54901958
991.89208984	2.54901958
991.89208984	2.54901958
991.89624023	2.54901958
991.90020752	2.54901958
991.90020752	2.54901958
991.90441895	2.54901958
991.90844727	2.54901958
991.91259766	2.54901958
991.91259766	2.54901958
991.91662598	2.54901958
991.92095947	2.54901958
991.92492676	2.54901958
991.92492676	2.54901958
991.92901611	2.54901958
991.93304443	2.54901958
991.93707275	2.54901958
991.93707275	2.54901958
991.94122314	2.54901958
991.94531250	2.54901958
991.94946289	2.54901958
991.95343018	2.54901958
991.95758057	2.54901958
991.95758057	2.54901958
991.96173096	2.54901958
991.96582031	2.54901958
991.96997070	2.54901958
991.96997070	2.54901958
991.97406006	2.54901958
991.97814941	2.54901958
991.98223877	2.54901958
991.98223877	2.54901958
991.98626709	2.54901958
991.99035645	2.54901958
991.99450684	2.54901958
991.99865723	2.54901958
992.00280762	2.54901958
992.00280762	2.54901958
992.00683594	2.54901958
992.01086426	2.54901958
992.01495361	2.54901958
992.01495361	2.54901958
992.01910400	2.54901958
992.02307129	2.54901958
992.02722168	2.54901958
992.02722168	2.54901958
992.03131104	2.54901958
992.03546143	2.54901958
992.03961182	2.54901958
992.04364014	2.54901958
992.04785156	2.54901958
992.04785156	2.54901958
992.05194092	2.54901958
992.05603027	2.54901958
992.05999756	2.54901958
992.05999756	2.54901958
992.06414795	2.54901958
992.06817627	2.54901958
992.07232666	2.54901958
992.07232666	2.54901958
992.07635498	2.54901958
992.08044434	2.54901958
992.08459473	2.54901958
992.08874512	2.54901958
992.09283447	2.54901958
992.09283447	2.54901958
992.09680176	2.54901958
992.10101318	2.54901958
992.10510254	2.54901958
992.10510254	2.54901958
992.10925293	2.54901958
992.11328125	2.54901958
992.11737061	2.54901958
992.11737061	2.54901958
992.12145996	2.54901958
992.12567139	2.54901958
992.12976074	2.54901958
992.13378906	2.54901958
992.13781738	2.54901958
992.13781738	2.54901958
992.14196777	2.54901958
992.14611816	2.54901958
992.15008545	2.54901958
992.15008545	2.54901958
992.15423584	2.54901958
992.15832520	2.54901958
992.16253662	2.54901958
992.16253662	2.54901958
992.16650391	2.54901958
992.17065430	2.54901958
992.17492676	2.54901958
992.17889404	2.54901958
992.18304443	2.54901958
992.18304443	2.54901958
992.18695068	2.54901958
992.19110107	2.54901958
992.19519043	2.54901958
992.19519043	2.54901958
992.19934082	2.54901958
992.20330811	2.54901958
992.20745850	2.54901958
992.20745850	2.54901958
992.21154785	2.54901958
992.21569824	2.54901958
992.21984863	2.54901958
992.22393799	2.54901958
992.22802734	2.52941179
992.22802734	2.52941179
992.23217773	2.52941179
992.23626709	2.52941179
992.24041748	2.52941179
992.24041748	2.52941179
992.24438477	2.52941179
992.24853516	2.52941179
992.25268555	2.52941179
992.25268555	2.52941179
992.25671387	2.50980401
992.26092529	2.50980401
992.26489258	2.50980401
992.26489258	2.50980401
992.26904297	2.50980401
992.27313232	2.50980401
992.27313232	2.50980401
992.27722168	2.50980401
992.28131104	2.50980401
992.28540039	2.50980401
992.28540039	2.50980401
992.28942871	2.50980401
992.29345703	2.50980401
992.29754639	2.50980401
992.29754639	2.49019599
992.30169678	2.49019599
992.30590820	2.49019599
992.30987549	2.49019599
992.30987549	2.49019599
992.31402588	2.49019599
992.31811523	2.49019599
992.31811523	2.49019599
992.32220459	2.49019599
992.32623291	2.49019599
992.33032227	2.49019599
992.33032227	2.50980401
992.33447266	2.50980401
992.33856201	2.50980401
992.34271240	2.50980401
992.34271240	2.50980401
992.34680176	2.50980401
992.35083008	2.50980401
992.35491943	2.50980401
992.35491943	2.50980401
992.35913086	2.50980401
992.36328125	2.50980401
992.36328125	2.50980401
992.36730957	2.50980401
992.37133789	2.50980401
992.37554932	2.50980401
992.37554932	2.50980401
992.37945557	2.52941179
992.38354492	2.52941179
992.38787842	2.52941179
992.38787842	2.52941179
992.39178467	2.52941179
992.39599609	2.52941179
992.39996338	2.52941179
992.39996338	2.52941179
992.40411377	2.52941179
992.40820313	2.52941179
992.40820313	2.52941179
992.41235352	2.52941179
992.41638184	2.54901958
992.42053223	2.54901958
992.42053223	2.54901958
992.42462158	2.54901958
992.42877197	2.54901958
992.43292236	2.54901958
992.43292236	2.54901958
992.43682861	2.54901958
992.44097900	2.54901958
992.44506836	2.54901958
992.44506836	2.54901958
992.44921875	2.54901958
992.45318604	2.56862736
992.45733643	2.56862736
992.46142578	2.56862736
992.46557617	2.56862736
992.46557617	2.56862736
992.46960449	2.56862736
992.47387695	2.56862736
992.47790527	2.56862736
992.47790527	2.56862736
992.48199463	2.56862736
992.48614502	2.56862736
992.49011230	2.56862736
992.49011230	2.56862736
992.49426270	2.56862736
992.49841309	2.56862736
992.50250244	2.56862736
992.50646973	2.56862736
992.51062012	2.56862736
992.51062012	2.56862736
992.51470947	2.56862736
992.51885986	2.56862736
992.52294922	2.56862736
992.52294922	2.56862736
992.52697754	2.56862736
992.53106689	2.56862736
992.53521729	2.56862736
992.53521729	2.56862736
992.53930664	2.56862736
992.54333496	2.56862736
992.54748535	2.56862736
992.55163574	2.56862736
992.55578613	2.56862736
992.55578613	2.56862736
992.55993652	2.56862736
992.56390381	2.56862736
992.56799316	2.56862736
992.56799316	2.56862736
992.57208252	2.56862736
992.57604980	2.56862736
992.58020020	2.56862736
992.58020020	2.56862736
992.58428955	2.56862736
992.58850098	2.56862736
992.59259033	2.56862736
992.59655762	2.56862736
992.60089111	2.56862736
992.60089111	2.56862736
992.60491943	2.56862736
992.60900879	2.56862736
992.61315918	2.58823538
992.61315918	2.58823538
992.61712646	2.56862736
992.62121582	2.58823538
992.62536621	2.58823538
992.62536621	2.58823538
992.62945557	2.58823538
992.63342285	2.58823538
992.63757324	2.58823538
992.64172363	2.58823538
992.64581299	2.58823538
992.64581299	2.58823538
992.64984131	2.58823538
992.65399170	2.58823538
992.65808105	2.58823538
992.65808105	2.58823538
992.66223145	2.58823538
992.66644287	2.58823538
992.67041016	2.58823538
992.67041016	2.58823538
992.67456055	2.58823538
992.67864990	2.58823538
992.68280029	2.58823538
992.68682861	2.58823538
992.69085693	2.58823538
992.69085693	2.58823538
992.69494629	2.58823538
992.69909668	2.58823538
992.70324707	2.58823538
992.70324707	2.58823538
992.70721436	2.58823538
992.71130371	2.58823538
992.71545410	2.58823538
992.71545410	2.58823538
992.71948242	2.58823538
992.72363281	2.58823538
992.72790527	2.58823538
992.73193359	2.58823538
992.73602295	2.58823538
992.73602295	2.58823538
992.73992920	2.58823538
992.74414063	2.58823538
992.74829102	2.58823538
992.74829102	2.58823538
992.75238037	2.58823538
992.75640869	2.58823538
992.76049805	2.58823538
992.76049805	2.58823538
992.76458740	2.58823538
992.76873779	2.58823538
992.77282715	2.58823538
992.77282715	2.58823538
992.77685547	2.58823538
992.78094482	2.58823538
992.78094482	2.56862736
992.78509521	2.56862736
992.78918457	2.56862736
992.79333496	2.56862736
992.79333496	2.56862736
992.79736328	2.56862736
992.80151367	2.56862736
992.80566406	2.56862736
992.80566406	2.54901958
992.80963135	2.54901958
992.81390381	2.54901958
992.81781006	2.54901958
992.81781006	2.54901958
992.82196045	2.54901958
992.82604980	2.52941179
992.82604980	2.52941179
992.83007813	2.52941179
992.83416748	2.52941179
992.83831787	2.52941179
992.83831787	2.52941179
992.84246826	2.52941179
992.84643555	2.50980401
992.85058594	2.50980401
992.85058594	2.50980401
992.85473633	2.50980401
992.85888672	2.50980401
992.86303711	2.50980401
992.86303711	2.50980401
992.86694336	2.50980401
992.87109375	2.50980401
992.87109375	2.50980401
992.87530518	2.50980401
992.87933350	2.50980401
992.88342285	2.50980401
992.88342285	2.50980401
992.88745117	2.49019599
992.89154053	2.49019599
992.89569092	2.49019599
992.89569092	2.49019599
992.89984131	2.49019599
992.90380859	2.49019599
992.90795898	2.49019599
992.90795898	2.49019599
992.91210938	2.49019599
992.91625977	2.50980401
992.91625977	2.50980401
992.92022705	2.50980401
992.92443848	2.50980401
992.92852783	2.50980401
992.92852783	2.50980401
992.93267822	2.50980401
992.93664551	2.50980401
992.94085693	2.50980401
992.94085693	2.50980401
992.94476318	2.50980401
992.94897461	2.50980401
992.95306396	2.50980401
992.95306396	2.50980401
992.95709229	2.50980401
992.96118164	2.50980401
992.96118164	2.50980401
992.96533203	2.50980401
992.96942139	2.52941179
992.97351074	2.52941179
992.97351074	2.52941179
992.97766113	2.52941179
992.98175049	2.52941179
992.98590088	2.52941179
992.98590088	2.52941179
992.98992920	2.52941179
992.99401855	2.52941179
992.99816895	2.52941179
992.99816895	2.52941179
993.00225830	2.52941179
993.00640869	2.54901958
993.01043701	2.54901958
993.01458740	2.54901958
993.01867676	2.54901958
993.01867676	2.54901958
993.02276611	2.54901958
993.02691650	2.54901958
993.03094482	2.54901958
993.03094482	2.54901958
993.03503418	2.54901958
993.03906250	2.54901958
993.04321289	2.54901958
993.04321289	2.54901958
993.04718018	2.54901958
993.05133057	2.54901958
993.05541992	2.56862736
993.05950928	2.56862736
993.06365967	2.56862736
993.06365967	2.56862736
993.06781006	2.54901958
993.07183838	2.56862736
993.07592773	2.56862736
993.07592773	2.56862736
993.07995605	2.56862736
993.08404541	2.56862736
993.08825684	2.56862736
993.08825684	2.56862736
993.09234619	2.56862736
993.09643555	2.56862736
993.10046387	2.56862736
993.10455322	2.56862736
993.10876465	2.56862736
993.10876465	2.56862736
993.11291504	2.56862736
993.11688232	2.56862736
993.12097168	2.56862736
993.12097168	2.56862736
993.12512207	2.56862736
993.12921143	2.56862736
993.13330078	2.56862736
993.13330078	2.56862736
993.13732910	2.56862736
993.14141846	2.56862736
993.14556885	2.56862736
993.14959717	2.54901958
993.15380859	2.56862736
993.15380859	2.56862736
993.15783691	2.56862736
993.16198730	2.56862736
993.16613770	2.56862736
993.16613770	2.56862736
993.17016602	2.56862736
993.17425537	2.56862736
993.17840576	2.56862736
993.17840576	2.56862736
993.18249512	2.56862736
993.18652344	2.56862736
993.19061279	2.56862736
993.19464111	2.56862736
993.19879150	2.56862736
993.19879150	2.56862736
993.20281982	2.56862736
993.20697021	2.56862736
993.21105957	2.56862736
993.21105957	2.56862736
993.21520996	2.56862736
993.21929932	2.56862736
993.22351074	2.56862736
993.22351074	2.56862736
993.22747803	2.56862736
993.23162842	2.56862736
993.23577881	2.56862736
993.23980713	2.56862736
993.24389648	2.56862736
993.24389648	2.56862736
993.24798584	2.56862736
993.25207520	2.56862736
993.25616455	2.56862736
993.25616455	2.56862736
993.26019287	2.56862736
993.26428223	2.56862736
993.26843262	2.56862736
993.26843262	2.56862736
993.27258301	2.56862736
993.27655029	2.56862736
993.28082275	2.56862736
993.28491211	2.56862736
993.28900146	2.58823538
993.28900146	2.58823538
993.29302979	2.58823538
993.29711914	2.58823538
993.30126953	2.58823538
993.30126953	2.58823538
993.30541992	2.58823538
993.30950928	2.58823538
993.31353760	2.58823538
993.31353760	2.58823538
993.31768799	2.58823538
993.32171631	2.58823538
993.32580566	2.58823538
993.32580566	2.58823538
993.32983398	2.58823538
993.33392334	2.58823538
993.33392334	2.58823538
993.33813477	2.58823538
993.34216309	2.58823538
993.34631348	2.58823538
993.34631348	2.58823538
993.35034180	2.58823538
993.35449219	2.58823538
993.35864258	2.58823538
993.35864258	2.58823538
993.36279297	2.58823538
993.36688232	2.58823538
993.37091064	2.58823538
993.37091064	2.58823538
993.37500000	2.58823538
993.37908936	2.58823538
993.37908936	2.58823538
993.38305664	2.58823538
993.38720703	2.56862736
993.39129639	2.56862736
993.39129639	2.56862736
993.39544678	2.56862736
993.39953613	2.56862736
993.40356445	2.56862736
993.40356445	2.56862736
993.40783691	2.56862736
993.41186523	2.56862736
993.41601563	2.56862736
993.41601563	2.54901958
993.41998291	2.54901958
993.42413330	2.54901958
993.42413330	2.54901958
993.42828369	2.54901958
993.43243408	2.54901958
993.43652344	2.54901958
993.43652344	2.54901958
993.44049072	2.54901958
993.44458008	2.54901958
993.44866943	2.52941179
993.44866943	2.52941179
993.45281982	2.52941179
993.45684814	2.52941179
993.46093750	2.52941179
993.46093750	2.52941179
993.46508789	2.52941179
993.46917725	2.52941179
993.46917725	2.52941179
993.47320557	2.52941179
993.47735596	2.52941179
993.48150635	2.52941179
993.48150635	2.52941179
993.48565674	2.52941179
993.48974609	2.52941179
993.49389648	2.52941179
993.49389648	2.52941179
993.49798584	2.52941179
993.50195313	2.54901958
993.50604248	2.54901958
993.50604248	2.54901958
993.51007080	2.54901958
993.51416016	2.54901958
993.51831055	2.54901958
993.52239990	2.54901958
993.52661133	2.54901958
993.52661133	2.54901958
993.53057861	2.54901958
993.53479004	2.54901958
993.53881836	2.54901958
993.53881836	2.54901958
993.54290771	2.54901958
993.54699707	2.54901958
993.55114746	2.56862736
993.55114746	2.56862736
993.55523682	2.56862736
993.55938721	2.56862736
993.56335449	2.56862736
993.56750488	2.56862736
993.57159424	2.56862736
993.57159424	2.56862736
993.57568359	2.56862736
993.57983398	2.56862736
993.58380127	2.56862736
993.58380127	2.56862736
993.58795166	2.56862736
993.59204102	2.56862736
993.59619141	2.56862736
993.59619141	2.56862736
993.60015869	2.56862736
993.60437012	2.56862736
993.60852051	2.56862736
993.61267090	2.56862736
993.61676025	2.56862736
993.61676025	2.56862736
993.62097168	2.56862736
993.62487793	2.56862736
993.62896729	2.56862736
993.62896729	2.56862736
993.63293457	2.56862736
993.63708496	2.56862736
993.64117432	2.56862736
993.64117432	2.56862736
993.64532471	2.56862736
993.64941406	2.56862736
993.65344238	2.56862736
993.65759277	2.56862736
993.66174316	2.56862736
993.66174316	2.56862736
993.66589355	2.56862736
993.66986084	2.56862736
993.67401123	2.56862736
993.67401123	2.56862736
993.67810059	2.54901958
993.68225098	2.54901958
993.68640137	2.54901958
993.68640137	2.54901958
993.69030762	2.54901958
993.69445801	2.54901958
993.69854736	2.54901958
993.70269775	2.54901958
993.70684814	2.54901958
993.70684814	2.54901958
993.71081543	2.54901958
993.71496582	2.54901958
993.71905518	2.54901958
993.71905518	2.54901958
993.72308350	2.54901958
993.72729492	2.54901958
993.73138428	2.54901958
993.73138428	2.54901958
993.73553467	2.54901958
993.73962402	2.54901958
993.74359131	2.54901958
993.74774170	2.54901958
993.75183105	2.54901958
993.75183105	2.54901958
993.75592041	2.54901958
993.75994873	2.54901958
993.76403809	2.54901958
993.76403809	2.54901958
993.76818848	2.54901958
993.77227783	2.54901958
993.77642822	2.54901958
993.77642822	2.54901958
993.78039551	2.54901958
993.78466797	2.54901958
993.78875732	2.54901958
993.79290771	2.54901958
993.79687500	2.54901958
993.79687500	2.54901958
993.80102539	2.54901958
993.80511475	2.54901958
993.80920410	2.54901958
993.80920410	2.54901958
993.81323242	2.54901958
993.81738281	2.54901958
993.82153320	2.54901958
993.82153320	2.54901958
993.82568359	2.56862736
993.82965088	2.56862736
993.83386230	2.56862736
993.83386230	2.56862736
993.83795166	2.56862736
993.84204102	2.56862736
993.84204102	2.56862736
993.84613037	2.56862736
993.85003662	2.56862736
993.85430908	2.56862736
993.85430908	2.56862736
993.85833740	2.56862736
993.86248779	2.56862736
993.86657715	2.56862736
993.86657715	2.56862736
993.87060547	2.56862736
993.87475586	2.56862736
993.87884521	2.56862736
993.87884521	2.56862736
993.88281250	2.56862736
993.88690186	2.56862736
993.88690186	2.56862736
993.89111328	2.56862736
993.89520264	2.56862736
993.89935303	2.56862736
993.89935303	2.56862736
993.90332031	2.56862736
993.90747070	2.56862736
993.91156006	2.56862736
993.91156006	2.54901958
993.91577148	2.54901958
993.91992188	2.54901958
993.92388916	2.54901958
993.92388916	2.54901958
993.92797852	2.52941179
993.93212891	2.52941179
993.93212891	2.52941179
993.93627930	2.52941179
993.94018555	2.52941179
993.94433594	2.52941179
993.94433594	2.50980401
993.94842529	2.50980401
993.95257568	2.50980401
993.95666504	2.50980401
993.95666504	2.50980401
993.96081543	2.50980401
993.96490479	2.50980401
993.96893311	2.50980401
993.96893311	2.50980401
993.97296143	2.50980401
993.97711182	2.50980401
993.97711182	2.50980401
993.98126221	2.50980401
993.98541260	2.50980401
993.98956299	2.50980401
993.98956299	2.50980401
993.99346924	2.50980401
993.99761963	2.50980401
994.00170898	2.50980401
994.00170898	2.50980401
994.00579834	2.50980401
994.00982666	2.50980401
994.01391602	2.50980401
994.01391602	2.50980401
994.01806641	2.50980401
994.02221680	2.50980401
994.02221680	2.50980401
994.02618408	2.50980401
994.03033447	2.50980401
994.03448486	2.50980401
994.03448486	2.50980401
994.03863525	2.50980401
994.04278564	2.50980401
994.04687500	2.50980401
994.04687500	2.50980401
994.05090332	2.50980401
994.05499268	2.50980401
994.05914307	2.50980401
994.05914307	2.52941179
994.06311035	2.52941179
994.06726074	2.52941179
994.07135010	2.52941179
994.07543945	2.52941179
994.07952881	2.52941179
994.07952881	2.52941179
994.08355713	2.52941179
994.08782959	2.52941179
994.09179688	2.52941179
994.09179688	2.54901958
994.09594727	2.54901958
994.09991455	2.54901958
994.10412598	2.54901958
994.10412598	2.54901958
994.10827637	2.54901958
994.11236572	2.54901958
994.11639404	2.54901958
994.12048340	2.56862736
994.12463379	2.56862736
994.12463379	2.56862736
994.12878418	2.56862736
994.13287354	2.56862736
994.13677979	2.56862736
994.13677979	2.56862736
994.14093018	2.56862736
994.14501953	2.56862736
994.14923096	2.56862736
994.14923096	2.56862736
994.15319824	2.56862736
994.15734863	2.56862736
994.16143799	2.56862736
994.16564941	2.56862736
994.16973877	2.56862736
994.16973877	2.56862736
994.17382813	2.56862736
994.17785645	2.56862736
994.18200684	2.56862736
994.18200684	2.56862736
994.18615723	2.56862736
994.19012451	2.56862736
994.19421387	2.56862736
994.19421387	2.56862736
994.19830322	2.56862736
994.20245361	2.56862736
994.20642090	2.56862736
994.21057129	2.56862736
994.21478271	2.56862736
994.21478271	2.56862736
994.21881104	2.56862736
994.22296143	2.56862736
994.22698975	2.56862736
994.22698975	2.56862736
994.23114014	2.56862736
994.23529053	2.56862736
994.23937988	2.56862736
994.23937988	2.56862736
994.24334717	2.56862736
994.24743652	2.56862736
994.25158691	2.56862736
994.25567627	2.56862736
994.25982666	2.56862736
994.25982666	2.56862736
994.26379395	2.56862736
994.26794434	2.54901958
994.27209473	2.54901958
994.27209473	2.54901958
994.27618408	2.56862736
994.28015137	2.56862736
994.28436279	2.54901958
994.28436279	2.56862736
994.28845215	2.56862736
994.29266357	2.56862736
994.29663086	2.56862736
994.30090332	2.56862736
994.30487061	2.56862736
994.30487061	2.56862736
994.30902100	2.56862736
994.31298828	2.56862736
994.31713867	2.56862736
994.31713867	2.56862736
994.32116699	2.56862736
994.32531738	2.56862736
994.32940674	2.56862736
994.32940674	2.56862736
994.33343506	2.56862736
994.33758545	2.56862736
994.34167480	2.56862736
994.34582520	2.56862736
994.34991455	2.56862736
994.34991455	2.56862736
994.35394287	2.56862736
994.35815430	2.56862736
994.36224365	2.58823538
994.36224365	2.58823538
994.36627197	2.58823538
994.37036133	2.58823538
994.37451172	2.58823538
994.37451172	2.58823538
994.37866211	2.58823538
994.38269043	2.58823538
994.38677979	2.58823538
994.38677979	2.58823538
994.39080811	2.58823538
994.39489746	2.58823538
994.39489746	2.58823538
994.39910889	2.58823538
994.40301514	2.58823538
994.40716553	2.58823538
994.40716553	2.58823538
994.41131592	2.58823538
994.41552734	2.58823538
994.41961670	2.58823538
994.41961670	2.58823538
994.42358398	2.58823538
994.42773438	2.58823538
994.43188477	2.58823538
994.43188477	2.58823538
994.43603516	2.58823538
994.44006348	2.58823538
994.44006348	2.58823538
994.44409180	2.58823538
994.44818115	2.58823538
994.45233154	2.58823538
994.45233154	2.58823538
994.45629883	2.58823538
994.46044922	2.56862736
994.46453857	2.56862736
994.46453857	2.56862736
994.46868896	2.56862736
994.47283936	2.56862736
994.47686768	2.56862736
994.47686768	2.54901958
994.48095703	2.54901958
994.48504639	2.54901958
994.48504639	2.54901958
994.48925781	2.54901958
994.49322510	2.52941179
994.49737549	2.52941179
994.49737549	2.52941179
994.50140381	2.52941179
994.50555420	2.52941179
994.50970459	2.50980401
994.50970459	2.50980401
994.51379395	2.50980401
994.51782227	2.50980401
994.52191162	2.50980401
994.52191162	2.50980401
994.52606201	2.50980401
994.53009033	2.50980401
994.53009033	2.50980401
994.53417969	2.50980401
994.53833008	2.50980401
994.54248047	2.50980401
994.54248047	2.49019599
994.54650879	2.50980401
994.55059814	2.50980401
994.55468750	2.50980401
994.55468750	2.50980401
994.55889893	2.50980401
994.56286621	2.50980401
994.56701660	2.50980401
994.56701660	2.50980401
994.57110596	2.50980401
994.57525635	2.50980401
994.57525635	2.50980401
994.57940674	2.50980401
994.58337402	2.50980401
994.58752441	2.50980401
994.58752441	2.50980401
994.59167480	2.50980401
994.59576416	2.50980401
994.59979248	2.50980401
994.59979248	2.50980401
994.60382080	2.52941179
994.60791016	2.52941179
994.61206055	2.52941179
994.61206055	2.52941179
994.61614990	2.52941179
994.62023926	2.52941179
994.62438965	2.52941179
994.62854004	2.52941179
994.63256836	2.52941179
994.63256836	2.54901958
994.63653564	2.54901958
994.64080811	2.54901958
994.64477539	2.54901958
994.64477539	2.54901958
994.64892578	2.54901958
994.65289307	2.54901958
994.65710449	2.54901958
994.65710449	2.54901958
994.66113281	2.56862736
994.66534424	2.56862736
994.66949463	2.56862736
994.67346191	2.56862736
994.67761230	2.56862736
994.67761230	2.56862736
994.68176270	2.56862736
994.68591309	2.56862736
994.68994141	2.56862736
994.68994141	2.56862736
994.69390869	2.56862736
994.69805908	2.56862736
994.70220947	2.56862736
994.70220947	2.56862736
994.70617676	2.56862736
994.71032715	2.56862736
994.71441650	2.56862736
994.71856689	2.56862736
994.72271729	2.56862736
994.72271729	2.56862736
994.72686768	2.56862736
994.73083496	2.56862736
994.73498535	2.56862736
994.73498535	2.56862736
994.73913574	2.56862736
994.74310303	2.56862736
994.74725342	2.56862736
994.74725342	2.56862736
994.75128174	2.56862736
994.75543213	2.56862736
994.75952148	2.56862736
994.76354980	2.56862736
994.76782227	2.56862736
994.76782227	2.56862736
994.77178955	2.56862736
994.77593994	2.56862736
994.78002930	2.56862736
994.78002930	2.56862736
994.78405762	2.56862736
994.78820801	2.56862736
994.79235840	2.56862736
994.79235840	2.56862736
994.79638672	2.56862736
994.80041504	2.56862736
994.80462646	2.56862736
994.80871582	2.56862736
994.81286621	2.56862736
994.81286621	2.56862736
994.81677246	2.56862736
994.82104492	2.56862736
994.82507324	2.56862736
994.82507324	2.56862736
994.82922363	2.56862736
994.83319092	2.56862736
994.83734131	2.56862736
994.83734131	2.56862736
994.84143066	2.56862736
994.84558105	2.56862736
994.84979248	2.56862736
994.85388184	2.56862736
994.85784912	2.56862736
994.85784912	2.56862736
994.86199951	2.56862736
994.86608887	2.56862736
994.87030029	2.56862736
994.87030029	2.56862736
994.87432861	2.56862736
994.87841797	2.56862736
994.88250732	2.56862736
994.88250732	2.56862736
994.88653564	2.56862736
994.89062500	2.56862736
994.89477539	2.56862736
994.89886475	2.56862736
994.90295410	2.56862736
994.90295410	2.56862736
994.90692139	2.56862736
994.91107178	2.56862736
994.91516113	2.56862736
994.91516113	2.56862736
994.91931152	2.56862736
994.92327881	2.56862736
994.92749023	2.56862736
994.92749023	2.56862736
994.93164063	2.56862736
994.93572998	2.56862736
994.93988037	2.56862736
994.93988037	2.56862736
994.94378662	2.56862736
994.94793701	2.56862736
994.94793701	2.56862736
994.95208740	2.56862736
994.95617676	2.56862736
994.96020508	2.56862736
994.96020508	2.56862736
994.96429443	2.56862736
994.96844482	2.56862736
994.97259521	2.56862736
994.97259521	2.56862736
994.97656250	2.56862736
994.98089600	2.56862736
994.98486328	2.56862736
994.98486328	2.56862736
994.98901367	2.56862736
994.99310303	2.56862736
994.99310303	2.56862736
994.99707031	2.54901958
995.00115967	2.54901958
995.00549316	2.54901958
995.00549316	2.54901958
995.00946045	2.54901958
995.01342773	2.52941179
995.01751709	2.52941179
995.01751709	2.52941179
995.02172852	2.52941179
995.02581787	2.50980401
995.02996826	2.50980401
995.02996826	2.50980401
995.03393555	2.50980401
995.03808594	2.50980401
995.03808594	2.50980401
995.04223633	2.50980401
995.04638672	2.50980401
995.05035400	2.50980401
995.05035400	2.50980401
995.05444336	2.49019599
995.05859375	2.49019599
995.06268311	2.49019599
995.06268311	2.49019599
995.06677246	2.49019599
995.07080078	2.49019599
995.07495117	2.49019599
995.07495117	2.49019599
995.07904053	2.49019599
995.08319092	2.49019599
995.08319092	2.49019599
995.08715820	2.49019599
995.09130859	2.49019599
995.09545898	2.49019599
995.09545898	2.50980401
995.09948730	2.50980401
995.10357666	2.50980401
995.10791016	2.50980401
995.10791016	2.50980401
995.11187744	2.50980401
995.11602783	2.50980401
995.12011719	2.50980401
995.12011719	2.50980401
995.12414551	2.50980401
995.12823486	2.50980401
995.13232422	2.52941179
995.13629150	2.52941179
995.14044189	2.52941179
995.14044189	2.52941179
995.14453125	2.52941179
995.14868164	2.52941179
995.15277100	2.52941179
995.15277100	2.52941179
995.15679932	2.52941179
995.16088867	2.54901958
995.16510010	2.54901958
995.16510010	2.54901958
995.16925049	2.54901958
995.17340088	2.54901958
995.17736816	2.56862736
995.18151855	2.56862736
995.18560791	2.56862736
995.18560791	2.56862736
995.18975830	2.56862736
995.19378662	2.56862736
995.19775391	2.56862736
995.19775391	2.56862736
995.20202637	2.56862736
995.20611572	2.56862736
995.21014404	2.56862736
995.21014404	2.56862736
995.21423340	2.58823538
995.21838379	2.58823538
995.22253418	2.58823538
995.22650146	2.58823538
995.23065186	2.58823538
995.23065186	2.58823538
995.23474121	2.58823538
995.23895264	2.58823538
995.24304199	2.58823538
995.24304199	2.58823538
995.24700928	2.58823538
995.25109863	2.58823538
995.25537109	2.58823538
995.25537109	2.58823538
995.25946045	2.58823538
995.26354980	2.58823538
995.26757813	2.58823538
995.27166748	2.58823538
995.27581787	2.58823538
995.27581787	2.58823538
995.27990723	2.58823538
995.28387451	2.58823538
995.28802490	2.58823538
995.28802490	2.58823538
995.29217529	2.58823538
995.29632568	2.58823538
995.30029297	2.58823538
995.30029297	2.58823538
995.30444336	2.58823538
995.30853271	2.58823538
995.31268311	2.58823538
995.31665039	2.58823538
995.32092285	2.58823538
995.32092285	2.58823538
995.32489014	2.58823538
995.32897949	2.58823538
995.33312988	2.58823538
995.33312988	2.58823538
995.33715820	2.58823538
995.34124756	2.58823538
995.34533691	2.58823538
995.34533691	2.58823538
995.34948730	2.58823538
995.35345459	2.58823538
995.35754395	2.58823538
995.36169434	2.58823538
995.36578369	2.58823538
995.36578369	2.58823538
995.36981201	2.58823538
995.37396240	2.58823538
995.37811279	2.58823538
995.37811279	2.58823538
995.38220215	2.58823538
995.38629150	2.58823538
995.39031982	2.58823538
995.39031982	2.58823538
995.39440918	2.58823538
995.39855957	2.58823538
995.40264893	2.58823538
995.40679932	2.58823538
995.41076660	2.58823538
995.41076660	2.58823538
995.41497803	2.58823538
995.41912842	2.58823538
995.42327881	2.58823538
995.42327881	2.58823538
995.42724609	2.58823538
995.43139648	2.58823538
995.43548584	2.58823538
995.43548584	2.58823538
995.43963623	2.58823538
995.44354248	2.58823538
995.44775391	2.58823538
995.45178223	2.58823538
995.45593262	2.58823538
995.45593262	2.58823538
995.45996094	2.58823538
995.46405029	2.58823538
995.46820068	2.58823538
995.46820068	2.58823538
995.47229004	2.58823538
995.47631836	2.58823538
995.48046875	2.58823538
995.48046875	2.58823538
995.48461914	2.58823538
995.48870850	2.58823538
995.49285889	2.58823538
995.49285889	2.58823538
995.49682617	2.58823538
995.50091553	2.56862736
995.50091553	2.56862736
995.50506592	2.56862736
995.50915527	2.56862736
995.51330566	2.56862736
995.51330566	2.56862736
995.51727295	2.54901958
995.52148438	2.54901958
995.52557373	2.54901958
995.52557373	2.54901958
995.52960205	2.54901958
995.53381348	2.52941179
995.53778076	2.52941179
995.53778076	2.52941179
995.54199219	2.52941179
995.54614258	2.50980401
995.54614258	2.50980401
995.55010986	2.50980401
995.55432129	2.50980401
995.55834961	2.50980401
995.55834961	2.50980401
995.56243896	2.50980401
995.56640625	2.50980401
995.57055664	2.50980401
995.57055664	2.50980401
995.57464600	2.50980401
995.57879639	2.50980401
995.58288574	2.49019599
995.58288574	2.49019599
995.58691406	2.49019599
995.59106445	2.49019599
995.59106445	2.49019599
995.59521484	2.49019599
995.59936523	2.49019599
995.60351563	2.49019599
995.60351563	2.49019599
995.60742188	2.50980401
995.61163330	2.50980401
995.61572266	2.50980401
995.61572266	2.50980401
995.61987305	2.50980401
995.62384033	2.50980401
995.62799072	2.50980401
995.62799072	2.50980401
995.63208008	2.50980401
995.63616943	2.50980401
995.64019775	2.50980401
995.64428711	2.50980401
995.64843750	2.50980401
995.64843750	2.50980401
995.65252686	2.50980401
995.65655518	2.50980401
995.66076660	2.52941179
995.66076660	2.52941179
995.66479492	2.52941179
995.66900635	2.52941179
995.67315674	2.52941179
995.67315674	2.52941179
995.67712402	2.52941179
995.68121338	2.52941179
995.68536377	2.52941179
995.68951416	2.54901958
995.69342041	2.54901958
995.69342041	2.54901958
995.69757080	2.54901958
995.70166016	2.54901958
995.70581055	2.54901958
995.70581055	2.54901958
995.70977783	2.56862736
995.71392822	2.56862736
995.71801758	2.56862736
995.71801758	2.56862736
995.72216797	2.56862736
995.72631836	2.56862736
995.73034668	2.56862736
995.73449707	2.56862736
995.73858643	2.56862736
995.73858643	2.56862736
995.74273682	2.56862736
995.74682617	2.56862736
995.75085449	2.56862736
995.75085449	2.56862736
995.75488281	2.56862736
995.75903320	2.56862736
995.76318359	2.56862736
995.76318359	2.56862736
995.76715088	2.56862736
995.77130127	2.56862736
995.77539063	2.56862736
995.77954102	2.56862736
995.78350830	2.56862736
995.78350830	2.56862736
995.78771973	2.56862736
995.79187012	2.56862736
995.79602051	2.56862736
995.79602051	2.56862736
995.79998779	2.56862736
995.80413818	2.56862736
995.80822754	2.56862736
995.80822754	2.56862736
995.81231689	2.56862736
995.81646729	2.56862736
995.82043457	2.56862736
995.82452393	2.56862736
995.82867432	2.56862736
995.82867432	2.56862736
995.83276367	2.56862736
995.83679199	2.56862736
995.84094238	2.56862736
995.84094238	2.56862736
995.84509277	2.54901958
995.84924316	2.56862736
995.85339355	2.56862736
995.85339355	2.54901958
995.85736084	2.54901958
995.86151123	2.54901958
995.86560059	2.54901958
995.86962891	2.54901958
995.87384033	2.54901958
995.87384033	2.54901958
995.87786865	2.54901958
995.88195801	2.54901958
995.88604736	2.54901958
995.88604736	2.54901958
995.89001465	2.54901958
995.89416504	2.54901958
995.89825439	2.54901958
995.89825439	2.54901958
995.90240479	2.54901958
995.90643311	2.54901958
995.91058350	2.54901958
995.91467285	2.54901958
995.91888428	2.54901958
995.91888428	2.54901958
995.92297363	2.54901958
995.92694092	2.54901958
995.93109131	2.54901958
995.93109131	2.54901958
995.93524170	2.54901958
995.93939209	2.54901958
995.94329834	2.54901958
995.94329834	2.54901958
995.94738770	2.54901958
995.95153809	2.54901958
995.95568848	2.54901958
995.95977783	2.54901958
995.96380615	2.54901958
995.96380615	2.54901958
995.96789551	2.54901958
995.97204590	2.54901958
995.97619629	2.54901958
995.97619629	2.54901958
995.98022461	2.54901958
995.98437500	2.54901958
995.98846436	2.54901958
995.98846436	2.54901958
995.99261475	2.54901958
995.99658203	2.54901958
996.00085449	2.54901958
996.00085449	2.52941179
996.00488281	2.52941179
996.00891113	2.52941179
996.00891113	2.52941179
996.01287842	2.50980401
996.01702881	2.50980401
996.02124023	2.50980401
996.02124023	2.50980401
996.02526855	2.50980401
996.02929688	2.50980401
996.03338623	2.50980401
996.03338623	2.49019599
996.03759766	2.49019599
996.04174805	2.49019599
996.04577637	2.49019599
996.04577637	2.49019599
996.04986572	2.49019599
996.05395508	2.49019599
996.05395508	2.49019599
996.05810547	2.49019599
996.06219482	2.47058821
996.06628418	2.47058821
996.06628418	2.47058821
996.07025146	2.47058821
996.07440186	2.47058821
996.07855225	2.47058821
996.07855225	2.47058821
996.08264160	2.47058821
996.08679199	2.47058821
996.09082031	2.47058821
996.09082031	2.47058821
996.09497070	2.47058821
996.09912109	2.47058821
996.09912109	2.47058821
996.10308838	2.47058821
996.10723877	2.47058821
996.11132813	2.47058821
996.11132813	2.47058821
996.11547852	2.47058821
996.11962891	2.47058821
996.12359619	2.47058821
996.12359619	2.47058821
996.12774658	2.47058821
996.13189697	2.47058821
996.13592529	2.49019599
996.13592529	2.49019599
996.13989258	2.49019599
996.14404297	2.49019599
996.14404297	2.49019599
996.14813232	2.49019599
996.15228271	2.49019599
996.15637207	2.49019599
996.15637207	2.49019599
996.16040039	2.49019599
996.16455078	2.49019599
996.16876221	2.49019599
996.16876221	2.49019599
996.17285156	2.49019599
996.17681885	2.49019599
996.18096924	2.50980401
996.18096924	2.50980401
996.18511963	2.50980401
996.18927002	2.50980401
996.19317627	2.50980401
996.19726563	2.50980401
996.20141602	2.50980401
996.20141602	2.50980401
996.20550537	2.50980401
996.20953369	2.50980401
996.21380615	2.50980401
996.21380615	2.52941179
996.21777344	2.52941179
996.22198486	2.52941179
996.22607422	2.52941179
996.22607422	2.52941179
996.23010254	2.52941179
996.23425293	2.52941179
996.23834229	2.52941179
996.24249268	2.52941179
996.24664307	2.52941179
996.24664307	2.52941179
996.25061035	2.52941179
996.25469971	2.52941179
996.25878906	2.52941179
996.25878906	2.52941179
996.26275635	2.52941179
996.26690674	2.52941179
996.27105713	2.52941179
996.27105713	2.52941179
996.27514648	2.52941179
996.27929688	2.52941179
996.28326416	2.52941179
996.28741455	2.52941179
996.29162598	2.52941179
996.29162598	2.52941179
996.29571533	2.52941179
996.29986572	2.52941179
996.30383301	2.52941179
996.30383301	2.52941179
996.30798340	2.52941179
996.31219482	2.52941179
996.31616211	2.52941179
996.31616211	2.52941179
996.32012939	2.52941179
996.32427979	2.52941179
996.32836914	2.52941179
996.33258057	2.52941179
996.33666992	2.52941179
996.33666992	2.52941179
996.34082031	2.52941179
996.34478760	2.52941179
996.34899902	2.52941179
996.34899902	2.52941179
996.35296631	2.52941179
996.35705566	2.52941179
996.36126709	2.52941179
996.36126709	2.50980401
996.36535645	2.50980401
996.36950684	2.50980401
996.37347412	2.50980401
996.37756348	2.50980401
996.38165283	2.50980401
996.38165283	2.50980401
996.38580322	2.50980401
996.38977051	2.50980401
996.39392090	2.50980401
996.39392090	2.50980401
996.39801025	2.50980401
996.40216064	2.50980401
996.40631104	2.50980401
996.40631104	2.50980401
996.41033936	2.50980401
996.41448975	2.50980401
996.41864014	2.50980401
996.42272949	2.50980401
996.42687988	2.50980401
996.42687988	2.50980401
996.43084717	2.50980401
996.43499756	2.50980401
996.43914795	2.50980401
996.43914795	2.50980401
996.44305420	2.50980401
996.44714355	2.50980401
996.45129395	2.50980401
996.45129395	2.50980401
996.45544434	2.50980401
996.45953369	2.50980401
996.46356201	2.50980401
996.46765137	2.50980401
996.47180176	2.50980401
996.47180176	2.50980401
996.47595215	2.50980401
996.47998047	2.50980401
996.48406982	2.50980401
996.48406982	2.50980401
996.48822021	2.50980401
996.49237061	2.50980401
996.49652100	2.50980401
996.49652100	2.50980401
996.50048828	2.50980401
996.50451660	2.49019599
996.50866699	2.49019599
996.50866699	2.49019599
996.51275635	2.49019599
996.51678467	2.49019599
996.51678467	2.49019599
996.52099609	2.49019599
996.52502441	2.49019599
996.52917480	2.49019599
996.52917480	2.47058821
996.53314209	2.47058821
996.53729248	2.47058821
996.54150391	2.47058821
996.54150391	2.47058821
996.54559326	2.47058821
996.54974365	2.47058821
996.55389404	2.47058821
996.55389404	2.47058821
996.55786133	2.45098042
996.56195068	2.45098042
996.56195068	2.45098042
996.56610107	2.45098042
996.57006836	2.45098042
996.57415771	2.45098042
996.57415771	2.45098042
996.57830811	2.45098042
996.58239746	2.45098042
996.58654785	2.45098042
996.58654785	2.45098042
996.59063721	2.45098042
996.59466553	2.45098042
996.59881592	2.45098042
996.59881592	2.45098042
996.60278320	2.45098042
996.60699463	2.45098042
996.60699463	2.45098042
996.61114502	2.45098042
996.61523438	2.45098042
996.61938477	2.45098042
996.61938477	2.45098042
996.62335205	2.45098042
996.62744141	2.45098042
996.63153076	2.47058821
996.63153076	2.47058821
996.63568115	2.47058821
996.63977051	2.47058821
996.64379883	2.47058821
996.64379883	2.47058821
996.64788818	2.47058821
996.65203857	2.47058821
996.65203857	2.47058821
996.65618896	2.47058821
996.66015625	2.47058821
996.66430664	2.47058821
996.66430664	2.47058821
996.66845703	2.49019599
996.67260742	2.49019599
996.67675781	2.49019599
996.67675781	2.49019599
996.68084717	2.49019599
996.68487549	2.49019599
996.68902588	2.49019599
996.68902588	2.49019599
996.69311523	2.49019599
996.69708252	2.49019599
996.69708252	2.49019599
996.70117188	2.49019599
996.70532227	2.49019599
996.70941162	2.49019599
996.70941162	2.50980401
996.71343994	2.50980401
996.71752930	2.50980401
996.72180176	2.50980401
996.72180176	2.50980401
996.72576904	2.50980401
996.72985840	2.50980401
996.73394775	2.50980401
996.73394775	2.50980401
996.73803711	2.50980401
996.74218750	2.50980401
996.74633789	2.50980401
996.75036621	2.50980401
996.75445557	2.50980401
996.75445557	2.50980401
996.75854492	2.50980401
996.76263428	2.50980401
996.76678467	2.50980401
996.76678467	2.50980401
996.77075195	2.50980401
996.77490234	2.50980401
996.77905273	2.50980401
996.77905273	2.50980401
996.78302002	2.50980401
996.78717041	2.50980401
996.79138184	2.50980401
996.79547119	2.50980401
996.79962158	2.50980401
996.79962158	2.50980401
996.80358887	2.50980401
996.80780029	2.50980401
996.81182861	2.50980401
996.81182861	2.50980401
996.81591797	2.50980401
996.81988525	2.50980401
996.82403564	2.50980401
996.82403564	2.50980401
996.82812500	2.50980401
996.83227539	2.50980401
996.83630371	2.50980401
996.84039307	2.50980401
996.84454346	2.50980401
996.84454346	2.50980401
996.84869385	2.50980401
996.85284424	2.50980401
996.85687256	2.50980401
996.85687256	2.50980401
996.86096191	2.50980401
996.86511230	2.50980401
996.86926270	2.50980401
996.86926270	2.50980401
996.87329102	2.50980401
996.87731934	2.50980401
996.88140869	2.50980401
996.88555908	2.50980401
996.88964844	2.50980401
996.88964844	2.50980401
996.89379883	2.50980401
996.89776611	2.50980401
996.90191650	2.50980401
996.90191650	2.50980401
996.90606689	2.50980401
996.91003418	2.50980401
996.91424561	2.50980401
996.91424561	2.50980401
996.91833496	2.50980401
996.92248535	2.50980401
996.92651367	2.50980401
996.93060303	2.50980401
996.93487549	2.50980401
996.93487549	2.50980401
996.93884277	2.50980401
996.94287109	2.50980401
996.94689941	2.50980401
996.94689941	2.50980401
996.95098877	2.50980401
996.95520020	2.50980401
996.95928955	2.50980401
996.95928955	2.50980401
996.96331787	2.52941179
996.96740723	2.52941179
996.97161865	2.52941179
996.97564697	2.50980401
996.97979736	2.52941179
996.97979736	2.50980401
996.98382568	2.50980401
996.98791504	2.50980401
996.99206543	2.50980401
996.99206543	2.50980401
996.99621582	2.50980401
997.00024414	2.50980401
997.00433350	2.50980401
997.00433350	2.50980401
997.00842285	2.50980401
997.01251221	2.50980401
997.01654053	2.50980401
997.02075195	2.50980401
997.02478027	2.50980401
997.02478027	2.50980401
997.02886963	2.50980401
997.03289795	2.50980401
997.03704834	2.50980401
997.03704834	2.50980401
997.04119873	2.50980401
997.04534912	2.50980401
997.04949951	2.50980401
997.04949951	2.50980401
997.05346680	2.50980401
997.05761719	2.50980401
997.06170654	2.50980401
997.06170654	2.50980401
997.06579590	2.50980401
997.06988525	2.50980401
997.06988525	2.50980401
997.07391357	2.50980401
997.07800293	2.50980401
997.08215332	2.50980401
997.08215332	2.50980401
997.08618164	2.50980401
997.09033203	2.50980401
997.09442139	2.50980401
997.09442139	2.50980401
997.09851074	2.50980401
997.10272217	2.50980401
997.10687256	2.50980401
997.10687256	2.50980401
997.11083984	2.50980401
997.11499023	2.50980401
997.11499023	2.50980401
997.11914063	2.50980401
997.12310791	2.50980401
997.12719727	2.50980401
997.12719727	2.50980401
997.13128662	2.50980401
997.13543701	2.50980401
997.13952637	2.50980401
997.13952637	2.50980401
997.14355469	2.50980401
997.14764404	2.50980401
997.15179443	2.52941179
997.15179443	2.52941179
997.15588379	2.52941179
997.16003418	2.52941179
997.16003418	2.52941179
997.16412354	2.52941179
997.16821289	2.52941179
997.17236328	2.52941179
997.17236328	2.52941179
997.17633057	2.52941179
997.18048096	2.52941179
997.18457031	2.52941179
997.18457031	2.52941179
997.18872070	2.52941179
997.19287109	2.52941179
997.19677734	2.52941179
997.19677734	2.52941179
997.20086670	2.52941179
997.20501709	2.52941179
997.20501709	2.52941179
997.20916748	2.52941179
997.21313477	2.52941179
997.21728516	2.52941179
997.21728516	2.52941179
997.22137451	2.52941179
997.22552490	2.52941179
997.22967529	2.52941179
997.22967529	2.52941179
997.23388672	2.52941179
997.23779297	2.52941179
997.24194336	2.52941179
997.24194336	2.52941179
997.24609375	2.52941179
997.25012207	2.52941179
997.25421143	2.52941179
997.25830078	2.52941179
997.26239014	2.52941179
997.26239014	2.52941179
997.26641846	2.52941179
997.27050781	2.52941179
997.27478027	2.52941179
997.27478027	2.52941179
997.27874756	2.52941179
997.28289795	2.52941179
997.28686523	2.52941179
997.28686523	2.52941179
997.29107666	2.52941179
997.29522705	2.52941179
997.29937744	2.52941179
997.30334473	2.52941179
997.30743408	2.52941179
997.30743408	2.52941179
997.31158447	2.52941179
997.31567383	2.52941179
997.31982422	2.54901958
997.31982422	2.54901958
997.32379150	2.54901958
997.32788086	2.54901958
997.33203125	2.54901958
997.33203125	2.54901958
997.33612061	2.54901958
997.34014893	2.54901958
997.34429932	2.54901958
997.34844971	2.54901958
997.35260010	2.54901958
997.35260010	2.54901958
997.35656738	2.54901958
997.36083984	2.54901958
997.36486816	2.54901958
997.36486816	2.54901958
997.36895752	2.54901958
997.37298584	2.54901958
997.37701416	2.54901958
997.37701416	2.54901958
997.38116455	2.54901958
997.38525391	2.54901958
997.38940430	2.54901958
997.39337158	2.54901958
997.39752197	2.54901958
997.39752197	2.54901958
997.40167236	2.54901958
997.40576172	2.56862736
997.40991211	2.56862736
997.40991211	2.56862736
997.41394043	2.56862736
997.41809082	2.56862736
997.42224121	2.56862736
997.42224121	2.56862736
997.42620850	2.56862736
997.43029785	2.56862736
997.43450928	2.56862736
997.43859863	2.56862736
997.44274902	2.56862736
997.44274902	2.56862736
997.44689941	2.56862736
997.45086670	2.56862736
997.45495605	2.56862736
997.45495605	2.56862736
997.45910645	2.56862736
997.46313477	2.56862736
997.46722412	2.56862736
997.46722412	2.56862736
997.47137451	2.56862736
997.47540283	2.56862736
997.47949219	2.56862736
997.48352051	2.56862736
997.48779297	2.56862736
997.48779297	2.56862736
997.49176025	2.56862736
997.49591064	2.56862736
997.50012207	2.56862736
997.50012207	2.56862736
997.50408936	2.56862736
997.50817871	2.56862736
997.51226807	2.56862736
997.51226807	2.56862736
997.51629639	2.56862736
997.52038574	2.56862736
997.52453613	2.56862736
997.52862549	2.56862736
997.53277588	2.56862736
997.53277588	2.56862736
997.53674316	2.56862736
997.54089355	2.56862736
997.54510498	2.56862736
997.54510498	2.56862736
997.54925537	2.56862736
997.55322266	2.56862736
997.55737305	2.54901958
997.55737305	2.56862736
997.56146240	2.56862736
997.56555176	2.56862736
997.56964111	2.54901958
997.56964111	2.56862736
997.57379150	2.54901958
997.57775879	2.54901958
997.57775879	2.54901958
997.58190918	2.54901958
997.58605957	2.54901958
997.59002686	2.56862736
997.59002686	2.54901958
997.59417725	2.54901958
997.59826660	2.54901958
997.60253906	2.54901958
997.60253906	2.54901958
997.60644531	2.54901958
997.61059570	2.54901958
997.61480713	2.54901958
997.61480713	2.54901958
997.61883545	2.54901958
997.62298584	2.56862736
997.62298584	2.54901958
997.62689209	2.56862736
997.63104248	2.56862736
997.63513184	2.56862736
997.63513184	2.56862736
997.63928223	2.56862736
997.64324951	2.56862736
997.64739990	2.56862736
997.64739990	2.56862736
997.65148926	2.56862736
997.65563965	2.56862736
997.65979004	2.56862736
997.65979004	2.56862736
997.66387939	2.56862736
997.66796875	2.56862736
997.66796875	2.56862736
997.67205811	2.56862736
997.67620850	2.56862736
997.68017578	2.56862736
997.68017578	2.56862736
997.68432617	2.56862736
997.68847656	2.56862736
997.69256592	2.56862736
997.69256592	2.56862736
997.69653320	2.56862736
997.70074463	2.56862736
997.70477295	2.56862736
997.70477295	2.56862736
997.70886230	2.56862736
997.71301270	2.56862736
997.71301270	2.56862736
997.71704102	2.56862736
997.72119141	2.56862736
997.72528076	2.56862736
997.72528076	2.56862736
997.72943115	2.56862736
997.73345947	2.56862736
997.73754883	2.56862736
997.73754883	2.56862736
997.74169922	2.56862736
997.74584961	2.56862736
997.75000000	2.56862736
997.75000000	2.56862736
997.75396729	2.56862736
997.75805664	2.56862736
997.75805664	2.56862736
997.76214600	2.56862736
997.76617432	2.56862736
997.77026367	2.56862736
997.77026367	2.56862736
997.77441406	2.56862736
997.77850342	2.56862736
997.78265381	2.56862736
997.78265381	2.56862736
997.78674316	2.56862736
997.79083252	2.56862736
997.79492188	2.56862736
997.79492188	2.56862736
997.79907227	2.56862736
997.80322266	2.56862736
997.80712891	2.56862736
997.81134033	2.56862736
997.81542969	2.56862736
997.81542969	2.56862736
997.81951904	2.56862736
997.82354736	2.56862736
997.82781982	2.56862736
997.82781982	2.56862736
997.83178711	2.56862736
997.83587646	2.56862736
997.84002686	2.56862736
997.84002686	2.58823538
997.84405518	2.58823538
997.84814453	2.58823538
997.85235596	2.58823538
997.85632324	2.58823538
997.86047363	2.58823538
997.86047363	2.58823538
997.86456299	2.58823538
997.86871338	2.58823538
997.87286377	2.58823538
997.87286377	2.58823538
997.87677002	2.58823538
997.88085938	2.58823538
997.88500977	2.58823538
997.88500977	2.58823538
997.88916016	2.58823538
997.89324951	2.58823538
997.89727783	2.58823538
997.90136719	2.58823538
997.90551758	2.58823538
997.90551758	2.58823538
997.90954590	2.58823538
997.91387939	2.58823538
997.91784668	2.58823538
997.91784668	2.58823538
997.92199707	2.58823538
997.92608643	2.58823538
997.93011475	2.58823538
997.93011475	2.58823538
997.93420410	2.58823538
997.93835449	2.58823538
997.94238281	2.58823538
997.94641113	2.58823538
997.95050049	2.58823538
997.95050049	2.58823538
997.95465088	2.58823538
997.95874023	2.58823538
997.96289063	2.58823538
997.96289063	2.58823538
997.96685791	2.58823538
997.97106934	2.58823538
997.97521973	2.58823538
997.97521973	2.58823538
997.97937012	2.58823538
997.98333740	2.58823538
997.98742676	2.56862736
997.99157715	2.56862736
997.99572754	2.56862736
997.99572754	2.56862736
997.99981689	2.56862736
998.00384521	2.56862736
998.00793457	2.56862736
998.00793457	2.56862736
998.01202393	2.56862736
998.01611328	2.56862736
998.02014160	2.56862736
998.02014160	2.56862736
998.02429199	2.54901958
998.02838135	2.54901958
998.03253174	2.54901958
998.03649902	2.54901958
998.04083252	2.54901958
998.04083252	2.54901958
998.04486084	2.54901958
998.04895020	2.54901958
998.05310059	2.54901958
998.05310059	2.54901958
998.05712891	2.54901958
998.06121826	2.54901958
998.06530762	2.54901958
998.06530762	2.54901958
998.06939697	2.54901958
998.07342529	2.54901958
998.07751465	2.54901958
998.08160400	2.54901958
998.08581543	2.54901958
998.08581543	2.54901958
998.08978271	2.54901958
998.09393311	2.54901958
998.09802246	2.54901958
998.09802246	2.54901958
998.10217285	2.54901958
998.10632324	2.54901958
998.11029053	2.54901958
998.11029053	2.54901958
998.11444092	2.54901958
998.11859131	2.54901958
998.12274170	2.54901958
998.12274170	2.54901958
998.12677002	2.54901958
998.13073730	2.54901958
998.13073730	2.54901958
998.13488770	2.54901958
998.13903809	2.54901958
998.14312744	2.54901958
998.14312744	2.54901958
998.14715576	2.54901958
998.15124512	2.54901958
998.15539551	2.54901958
998.15539551	2.54901958
998.15954590	2.54901958
998.16357422	2.54901958
998.16784668	2.54901958
998.16784668	2.54901958
998.17181396	2.54901958
998.17596436	2.54901958
998.17596436	2.54901958
998.17993164	2.54901958
998.18408203	2.54901958
998.18817139	2.54901958
998.18817139	2.54901958
998.19226074	2.54901958
998.19628906	2.54901958
998.20037842	2.54901958
998.20037842	2.54901958
998.20452881	2.54901958
998.20861816	2.54901958
998.21276855	2.54901958
998.21276855	2.54901958
998.21673584	2.54901958
998.22094727	2.54901958
998.22094727	2.54901958
998.22509766	2.54901958
998.22924805	2.54901958
998.23333740	2.54901958
998.23333740	2.54901958
998.23736572	2.54901958
998.24145508	2.54901958
998.24554443	2.54901958
998.24554443	2.54901958
998.24957275	2.54901958
998.25384521	2.54901958
998.25787354	2.54901958
998.25787354	2.54901958
998.26202393	2.54901958
998.26611328	2.54901958
998.26611328	2.54901958
998.27008057	2.54901958
998.27423096	2.54901958
998.27832031	2.54901958
998.27832031	2.54901958
998.28247070	2.54901958
998.28637695	2.54901958
998.29052734	2.54901958
998.29052734	2.54901958
998.29461670	2.54901958
998.29876709	2.54901958
998.30291748	2.54901958
998.30291748	2.54901958
998.30694580	2.54901958
998.31109619	2.54901958
998.31524658	2.52941179
998.31927490	2.52941179
998.32336426	2.52941179
998.32336426	2.52941179
998.32739258	2.52941179
998.33148193	2.52941179
998.33569336	2.52941179
998.33569336	2.52941179
998.33978271	2.52941179
998.34381104	2.52941179
998.34790039	2.52941179
998.34790039	2.52941179
998.35205078	2.52941179
998.35620117	2.52941179
998.36016846	2.52941179
998.36431885	2.52941179
998.36846924	2.52941179
998.36846924	2.52941179
998.37261963	2.52941179
998.37652588	2.52941179
998.38073730	2.52941179
998.38073730	2.52941179
998.38476563	2.52941179
998.38891602	2.54901958
998.39300537	2.54901958
998.39300537	2.54901958
998.39703369	2.54901958
998.40112305	2.54901958
998.40527344	2.54901958
998.40942383	2.54901958
998.41345215	2.54901958
998.41345215	2.54901958
998.41760254	2.54901958
998.42169189	2.54901958
998.42584229	2.54901958
998.42584229	2.54901958
998.42980957	2.54901958
998.43395996	2.54901958
998.43804932	2.54901958
998.43804932	2.54901958
998.44213867	2.54901958
998.44628906	2.54901958
998.45025635	2.54901958
998.45440674	2.54901958
998.45849609	2.52941179
998.45849609	2.52941179
998.46264648	2.52941179
998.46673584	2.52941179
998.47082520	2.52941179
998.47082520	2.52941179
998.47497559	2.52941179
998.47906494	2.52941179
998.48321533	2.52941179
998.48321533	2.52941179
998.48718262	2.52941179
998.49133301	2.52941179
998.49548340	2.52941179
998.49957275	2.52941179
998.50360107	2.52941179
998.50360107	2.52941179
998.50781250	2.50980401
998.51177979	2.52941179
998.51586914	2.50980401
998.51586914	2.50980401
998.51989746	2.50980401
998.52398682	2.50980401
998.52813721	2.50980401
998.52813721	2.50980401
998.53228760	2.50980401
998.53637695	2.50980401
998.54046631	2.50980401
998.54455566	2.50980401
998.54870605	2.50980401
998.54870605	2.50980401
998.55285645	2.52941179
998.55682373	2.52941179
998.56091309	2.52941179
998.56091309	2.52941179
998.56506348	2.52941179
998.56915283	2.52941179
998.57324219	2.52941179
998.57324219	2.52941179
998.57727051	2.52941179
998.58135986	2.52941179
998.58551025	2.52941179
998.58953857	2.52941179
998.59375000	2.52941179
998.59375000	2.52941179
998.59777832	2.52941179
998.60192871	2.52941179
998.60607910	2.52941179
998.60607910	2.54901958
998.61004639	2.54901958
998.61419678	2.54901958
998.61834717	2.54901958
998.61834717	2.54901958
998.62243652	2.54901958
998.62652588	2.54901958
998.63055420	2.54901958
998.63464355	2.54901958
998.63879395	2.54901958
998.63879395	2.54901958
998.64270020	2.54901958
998.64691162	2.56862736
998.65100098	2.56862736
998.65100098	2.56862736
998.65521240	2.56862736
998.65924072	2.56862736
998.66345215	2.56862736
998.66345215	2.56862736
998.66748047	2.56862736
998.67150879	2.56862736
998.67572021	2.56862736
998.67572021	2.56862736
998.67987061	2.56862736
998.68383789	2.56862736
998.68383789	2.56862736
998.68786621	2.56862736
998.69201660	2.56862736
998.69610596	2.56862736
998.69610596	2.56862736
998.70013428	2.56862736
998.70428467	2.56862736
998.70837402	2.56862736
998.70837402	2.56862736
998.71252441	2.56862736
998.71649170	2.56862736
998.72082520	2.56862736
998.72082520	2.56862736
998.72485352	2.56862736
998.72894287	2.56862736
998.72894287	2.54901958
998.73309326	2.56862736
998.73706055	2.54901958
998.74121094	2.54901958
998.74121094	2.54901958
998.74536133	2.54901958
998.74945068	2.54901958
998.75347900	2.54901958
998.75347900	2.54901958
998.75750732	2.54901958
998.76165771	2.54901958
998.76574707	2.54901958
998.76574707	2.54901958
998.76977539	2.54901958
998.77386475	2.54901958
998.77386475	2.54901958
998.77801514	2.54901958
998.78210449	2.54901958
998.78625488	2.54901958
998.78625488	2.54901958
998.79028320	2.54901958
998.79449463	2.54901958
998.79858398	2.54901958
998.79858398	2.54901958
998.80273438	2.56862736
998.80682373	2.56862736
998.81085205	2.56862736
998.81085205	2.56862736
998.81494141	2.56862736
998.81903076	2.56862736
998.81903076	2.56862736
998.82299805	2.56862736
998.82714844	2.56862736
998.83123779	2.56862736
998.83123779	2.56862736
998.83538818	2.56862736
998.83953857	2.56862736
998.84350586	2.56862736
998.84350586	2.56862736
998.84777832	2.56862736
998.85180664	2.56862736
998.85595703	2.56862736
998.85595703	2.56862736
998.85992432	2.56862736
998.86407471	2.56862736
998.86822510	2.56862736
998.87231445	2.56862736
998.87646484	2.56862736
998.87646484	2.56862736
998.88043213	2.56862736
998.88452148	2.56862736
998.88867188	2.56862736
998.88867188	2.56862736
998.89276123	2.56862736
998.89678955	2.56862736
998.90087891	2.56862736
998.90087891	2.56862736
998.90509033	2.56862736
998.90911865	2.56862736
998.91314697	2.56862736
998.91729736	2.56862736
998.92138672	2.56862736
998.92138672	2.56862736
998.92559814	2.56862736
998.92968750	2.56862736
998.93383789	2.56862736
998.93383789	2.56862736
998.93774414	2.56862736
998.94189453	2.56862736
998.94598389	2.56862736
998.94598389	2.56862736
998.95001221	2.56862736
998.95410156	2.56862736
998.95825195	2.56862736
998.96240234	2.56862736
998.96649170	2.56862736
998.96649170	2.56862736
998.97052002	2.56862736
998.97473145	2.56862736
998.97882080	2.56862736
998.97882080	2.56862736
998.98297119	2.56862736
998.98693848	2.56862736
998.99108887	2.56862736
998.99108887	2.54901958
998.99523926	2.54901958
998.99932861	2.54901958
999.00335693	2.54901958
999.00750732	2.54901958
999.01159668	2.54901958
999.01159668	2.54901958
999.01574707	2.54901958
999.01983643	2.54901958
999.02380371	2.54901958
999.02380371	2.54901958
999.02795410	2.54901958
999.03210449	2.52941179
999.03619385	2.52941179
999.03619385	2.52941179
999.04016113	2.52941179
999.04425049	2.52941179
999.04840088	2.52941179
999.05255127	2.52941179
999.05664063	2.52941179
999.05664063	2.52941179
999.06079102	2.54901958
999.06481934	2.54901958
999.06890869	2.54901958
999.06890869	2.54901958
999.07287598	2.54901958
999.07702637	2.54901958
999.08111572	2.54901958
999.08111572	2.54901958
999.08526611	2.54901958
999.08941650	2.54901958
999.09338379	2.54901958
999.09753418	2.54901958
999.10162354	2.54901958
999.10162354	2.54901958
999.10577393	2.54901958
999.10980225	2.54901958
999.11395264	2.54901958
999.11395264	2.54901958
999.11810303	2.56862736
999.12219238	2.56862736
999.12634277	2.56862736
999.12634277	2.56862736
999.13024902	2.56862736
999.13439941	2.56862736
999.13854980	2.56862736
999.14263916	2.56862736
999.14672852	2.56862736
999.14672852	2.56862736
999.15081787	2.56862736
999.15490723	2.56862736
999.15899658	2.56862736
999.15899658	2.56862736
999.16302490	2.56862736
999.16717529	2.56862736
999.17126465	2.56862736
999.17126465	2.56862736
999.17547607	2.56862736
999.17956543	2.56862736
999.18359375	2.56862736
999.18359375	2.56862736
999.18774414	2.58823538
999.19177246	2.58823538
999.19177246	2.58823538
999.19586182	2.58823538
999.19989014	2.58823538
999.20397949	2.58823538
999.20397949	2.58823538
999.20812988	2.58823538
999.21221924	2.58823538
999.21643066	2.58823538
999.21643066	2.58823538
999.22039795	2.58823538
999.22460938	2.58823538
999.22869873	2.58823538
999.22869873	2.58823538
999.23284912	2.58823538
999.23681641	2.58823538
999.23681641	2.58823538
999.24096680	2.58823538
999.24511719	2.58823538
999.24914551	2.58823538
999.24914551	2.58823538
999.25311279	2.58823538
999.25726318	2.58823538
999.26135254	2.58823538
999.26135254	2.58823538
999.26550293	2.58823538
999.26959229	2.58823538
999.27374268	2.58823538
999.27374268	2.58823538
999.27777100	2.58823538
999.28192139	2.58823538
999.28192139	2.58823538
999.28607178	2.58823538
999.29003906	2.58823538
999.29418945	2.58823538
999.29418945	2.58823538
999.29833984	2.58823538
999.30242920	2.58823538
999.30657959	2.58823538
999.30657959	2.60784316
999.31054688	2.60784316
999.31469727	2.60784316
999.31878662	2.60784316
999.31878662	2.60784316
999.32275391	2.60784316
999.32684326	2.60784316
999.32684326	2.60784316
999.33099365	2.60784316
999.33514404	2.60784316
999.33923340	2.60784316
999.33923340	2.60784316
999.34326172	2.60784316
999.34735107	2.60784316
999.35156250	2.60784316
999.35156250	2.60784316
999.35565186	2.60784316
999.35980225	2.60784316
999.36383057	2.60784316
999.36383057	2.60784316
999.36791992	2.60784316
999.37207031	2.60784316
999.37207031	2.60784316
999.37622070	2.60784316
999.38012695	2.60784316
999.38427734	2.60784316
999.38427734	2.60784316
999.38836670	2.60784316
999.39251709	2.60784316
999.39660645	2.60784316
999.39660645	2.60784316
999.40075684	2.60784316
999.40478516	2.60784316
999.40887451	2.60784316
999.40887451	2.60784316
999.41290283	2.60784316
999.41705322	2.60784316
999.42120361	2.60784316
999.42535400	2.60784316
999.42944336	2.60784316
999.42944336	2.60784316
999.43347168	2.60784316
999.43756104	2.60784316
999.44165039	2.60784316
999.44165039	2.60784316
999.44573975	2.60784316
999.44976807	2.60784316
999.45385742	2.60784316
999.45385742	2.60784316
999.45800781	2.60784316
999.46209717	2.60784316
999.46624756	2.58823538
999.47021484	2.58823538
999.47442627	2.58823538
999.47442627	2.58823538
999.47857666	2.58823538
999.48272705	2.58823538
999.48681641	2.58823538
999.48681641	2.58823538
999.49078369	2.58823538
999.49493408	2.58823538
999.49902344	2.58823538
999.49902344	2.56862736
999.50299072	2.56862736
999.50714111	2.56862736
999.51123047	2.56862736
999.51538086	2.56862736
999.51953125	2.56862736
999.51953125	2.56862736
999.52349854	2.56862736
999.52777100	2.56862736
999.53179932	2.56862736
999.53179932	2.56862736
999.53594971	2.56862736
999.53991699	2.56862736
999.54406738	2.56862736
999.54406738	2.56862736
999.54821777	2.54901958
999.55230713	2.54901958
999.55645752	2.54901958
999.56042480	2.54901958
999.56457520	2.54901958
999.56457520	2.54901958
999.56866455	2.54901958
999.57275391	2.54901958
999.57672119	2.54901958
999.57672119	2.54901958
999.58093262	2.54901958
999.58496094	2.54901958
999.58917236	2.54901958
999.58917236	2.54901958
999.59313965	2.54901958
999.59729004	2.54901958
999.60137939	2.54901958
999.60565186	2.54901958
999.60968018	2.56862736
999.60968018	2.56862736
999.61383057	2.56862736
999.61779785	2.56862736
999.62194824	2.56862736
999.62194824	2.56862736
999.62609863	2.56862736
999.63000488	2.56862736
999.63415527	2.56862736
999.63415527	2.56862736
999.63824463	2.56862736
999.64239502	2.56862736
999.64648438	2.56862736
999.65051270	2.56862736
999.65478516	2.56862736
999.65478516	2.56862736
999.65875244	2.56862736
999.66278076	2.56862736
999.66693115	2.56862736
999.66693115	2.56862736
999.67120361	2.56862736
999.67523193	2.56862736
999.67932129	2.56862736
999.67932129	2.56862736
999.68328857	2.56862736
999.68743896	2.56862736
999.69152832	2.56862736
999.69561768	2.56862736
999.69976807	2.58823538
999.69976807	2.58823538
999.70373535	2.58823538
999.70794678	2.58823538
999.71197510	2.58823538
999.71197510	2.58823538
999.71612549	2.58823538
999.72009277	2.58823538
999.72430420	2.58823538
999.72430420	2.58823538
999.72845459	2.58823538
999.73260498	2.58823538
999.73669434	2.58823538
999.73669434	2.58823538
999.74072266	2.58823538
999.74481201	2.58823538
999.74481201	2.58823538
999.74890137	2.58823538
999.75292969	2.56862736
999.75695801	2.56862736
999.75695801	2.56862736
999.76116943	2.56862736
999.76525879	2.56862736
999.76940918	2.56862736
999.76940918	2.56862736
999.77337646	2.56862736
999.77752686	2.56862736
999.78161621	2.56862736
999.78161621	2.56862736
999.78582764	2.56862736
999.78997803	2.56862736
999.78997803	2.56862736
999.79394531	2.56862736
999.79803467	2.56862736
999.80218506	2.56862736
999.80218506	2.56862736
999.80633545	2.56862736
999.81024170	2.56862736
999.81445313	2.56862736
999.81445313	2.56862736
999.81860352	2.56862736
999.82269287	2.56862736
999.82684326	2.56862736
999.82684326	2.56862736
999.83074951	2.58823538
999.83496094	2.58823538
999.83496094	2.58823538
999.83917236	2.58823538
999.84307861	2.58823538
999.84716797	2.58823538
999.84716797	2.58823538
999.85119629	2.58823538
999.85540771	2.58823538
999.85949707	2.58823538
999.85949707	2.58823538
999.86352539	2.58823538
999.86773682	2.58823538
999.87182617	2.58823538
999.87182617	2.58823538
999.87591553	2.58823538
999.88000488	2.58823538
999.88000488	2.58823538
999.88397217	2.58823538
999.88806152	2.58823538
999.89227295	2.58823538
999.89227295	2.58823538
999.89624023	2.58823538
999.90039063	2.58823538
999.90447998	2.58823538
999.90447998	2.58823538
999.90863037	2.58823538
999.91271973	2.58823538
999.91680908	2.58823538
999.91680908	2.58823538
999.92095947	2.58823538
999.92504883	2.58823538
999.92913818	2.58823538
999.93316650	2.58823538
999.93725586	2.58823538
999.93725586	2.58823538
999.94146729	2.58823538
999.94555664	2.58823538
999.94964600	2.58823538
999.94964600	2.58823538
999.95379639	2.58823538
999.95782471	2.58823538
999.96197510	2.58823538
999.96197510	2.56862736
999.96600342	2.56862736
999.96997070	2.56862736
999.97412109	2.56862736
999.97821045	2.56862736
999.98236084	2.56862736
999.98236084	2.56862736
999.98638916	2.56862736
999.99047852	2.56862736
999.99475098	2.56862736
999.99475098	2.56862736
999.99884033	2.56862736
1000.00280762	2.56862736
1000.00683594	2.56862736
1000.00683594	2.54901958
1000.01098633	2.54901958
1000.01513672	2.54901958
1000.01922607	2.54901958
1000.02325439	2.54901958
1000.02740479	2.54901958
1000.02740479	2.54901958
1000.03149414	2.54901958
1000.03564453	2.54901958
1000.03979492	2.54901958
1000.03979492	2.54901958
1000.04382324	2.54901958
1000.04791260	2.54901958
1000.05206299	2.54901958
1000.05206299	2.54901958
1000.05621338	2.52941179
1000.06018066	2.52941179
1000.06433105	2.52941179
1000.06848145	2.52941179
1000.07257080	2.52941179
1000.07257080	2.52941179
1000.07647705	2.52941179
1000.08074951	2.52941179
1000.08471680	2.52941179
1000.08471680	2.52941179
1000.08892822	2.52941179
1000.09295654	2.52941179
1000.09704590	2.52941179
1000.09704590	2.52941179
1000.10113525	2.52941179
1000.10528564	2.52941179
1000.10943604	2.52941179
1000.11340332	2.52941179
1000.11755371	2.52941179
1000.11755371	2.52941179
1000.12164307	2.52941179
1000.12585449	2.52941179
1000.12988281	2.52941179
1000.12988281	2.52941179
1000.13391113	2.52941179
1000.13800049	2.52941179
1000.14215088	2.52941179
1000.14215088	2.52941179
1000.14611816	2.54901958
1000.15026855	2.54901958
1000.15441895	2.54901958
1000.15850830	2.54901958
1000.16265869	2.54901958
1000.16265869	2.54901958
1000.16674805	2.54901958
1000.17077637	2.56862736
1000.17492676	2.56862736
1000.17492676	2.56862736
1000.17907715	2.56862736
1000.18304443	2.56862736
1000.18719482	2.56862736
1000.18719482	2.56862736
1000.19128418	2.56862736
1000.19537354	2.56862736
1000.19946289	2.58823538
1000.20349121	2.58823538
1000.20776367	2.58823538
1000.20776367	2.58823538
1000.21173096	2.58823538
1000.21588135	2.58823538
1000.21997070	2.58823538
1000.21997070	2.58823538
1000.22406006	2.58823538
1000.22821045	2.58823538
1000.23229980	2.58823538
1000.23229980	2.58823538
1000.23632813	2.60784316
1000.24041748	2.60784316
1000.24456787	2.60784316
1000.24456787	2.60784316
1000.24871826	2.60784316
1000.25274658	2.60784316
1000.25274658	2.60784316
1000.25677490	2.60784316
1000.26092529	2.60784316
1000.26495361	2.60784316
1000.26495361	2.60784316
1000.26916504	2.60784316
1000.27313232	2.60784316
1000.27722168	2.60784316
1000.27722168	2.60784316
1000.28137207	2.60784316
1000.28552246	2.60784316
1000.28967285	2.60784316
1000.28967285	2.60784316
1000.29382324	2.60784316
1000.29785156	2.60784316
1000.29785156	2.60784316
1000.30194092	2.60784316
1000.30609131	2.60784316
1000.31005859	2.60784316
1000.31005859	2.62745094
1000.31420898	2.62745094
1000.31829834	2.62745094
1000.32238770	2.62745094
1000.32238770	2.62745094
1000.32635498	2.62745094
1000.33050537	2.62745094
1000.33471680	2.62745094
1000.33471680	2.62745094
1000.33874512	2.62745094
1000.34283447	2.62745094
1000.34283447	2.62745094
1000.34686279	2.62745094
1000.35101318	2.62745094
1000.35516357	2.62745094
1000.35516357	2.62745094
1000.35931396	2.62745094
1000.36328125	2.62745094
1000.36743164	2.62745094
1000.36743164	2.62745094
1000.37152100	2.62745094
1000.37573242	2.62745094
1000.37982178	2.62745094
1000.37982178	2.62745094
1000.38378906	2.62745094
1000.38787842	2.62745094
1000.38787842	2.62745094
1000.39202881	2.62745094
1000.39611816	2.62745094
1000.40014648	2.62745094
1000.40014648	2.62745094
1000.40423584	2.62745094
1000.40838623	2.62745094
1000.41247559	2.62745094
1000.41247559	2.62745094
1000.41650391	2.62745094
1000.42083740	2.62745094
1000.42480469	2.62745094
1000.42480469	2.62745094
1000.42895508	2.62745094
1000.43304443	2.62745094
1000.43304443	2.62745094
1000.43707275	2.62745094
1000.44116211	2.62745094
1000.44525146	2.62745094
1000.44525146	2.62745094
1000.44934082	2.62745094
1000.45336914	2.62745094
1000.45751953	2.60784316
1000.45751953	2.60784316
1000.46160889	2.60784316
1000.46575928	2.60784316
1000.46984863	2.60784316
1000.46984863	2.60784316
1000.47387695	2.60784316
1000.47808838	2.60784316
1000.48217773	2.60784316
1000.48632813	2.58823538
1000.49029541	2.58823538
1000.49029541	2.58823538
1000.49444580	2.58823538
1000.49859619	2.58823538
1000.50262451	2.58823538
1000.50262451	2.58823538
1000.50677490	2.58823538
1000.51074219	2.58823538
1000.51489258	2.56862736
1000.51489258	2.56862736
1000.51898193	2.56862736
1000.52313232	2.56862736
1000.52709961	2.56862736
1000.53125000	2.56862736
1000.53540039	2.56862736
1000.53540039	2.56862736
1000.53955078	2.56862736
1000.54351807	2.56862736
1000.54779053	2.54901958
1000.54779053	2.54901958
1000.55181885	2.54901958
1000.55596924	2.54901958
1000.56011963	2.54901958
1000.56011963	2.54901958
1000.56402588	2.54901958
1000.56811523	2.54901958
1000.57226563	2.52941179
1000.57623291	2.52941179
1000.58038330	2.52941179
1000.58038330	2.52941179
1000.58447266	2.52941179
1000.58868408	2.52941179
1000.59271240	2.52941179
1000.59271240	2.52941179
1000.59680176	2.52941179
1000.60089111	2.52941179
1000.60504150	2.52941179
1000.60504150	2.52941179
1000.60919189	2.52941179
1000.61315918	2.52941179
1000.61730957	2.52941179
1000.62139893	2.52941179
1000.62554932	2.52941179
1000.62554932	2.54901958
1000.62969971	2.54901958
1000.63378906	2.54901958
1000.63775635	2.54901958
1000.63775635	2.54901958
1000.64190674	2.54901958
1000.64599609	2.54901958
1000.65002441	2.54901958
1000.65002441	2.54901958
1000.65411377	2.54901958
1000.65826416	2.54901958
1000.66235352	2.54901958
1000.66638184	2.54901958
1000.67053223	2.54901958
1000.67053223	2.54901958
1000.67468262	2.54901958
1000.67883301	2.54901958
1000.68292236	2.56862736
1000.68292236	2.56862736
1000.68688965	2.56862736
1000.69110107	2.56862736
1000.69519043	2.56862736
1000.69519043	2.56862736
1000.69934082	2.56862736
1000.70330811	2.56862736
1000.70745850	2.56862736
1000.71160889	2.56862736
1000.71575928	2.56862736
1000.71575928	2.56862736
1000.71984863	2.56862736
1000.72375488	2.56862736
1000.72790527	2.56862736
1000.72790527	2.56862736
1000.73199463	2.56862736
1000.73614502	2.56862736
1000.74017334	2.58823538
1000.74017334	2.58823538
1000.74432373	2.58823538
1000.74841309	2.58823538
1000.75250244	2.58823538
1000.75653076	2.58823538
1000.76074219	2.58823538
1000.76074219	2.58823538
1000.76470947	2.58823538
1000.76885986	2.58823538
1000.77301025	2.58823538
1000.77301025	2.58823538
1000.77697754	2.58823538
1000.78112793	2.58823538
1000.78527832	2.58823538
1000.78527832	2.58823538
1000.78942871	2.58823538
1000.79345703	2.58823538
1000.79754639	2.58823538
1000.79754639	2.58823538
1000.80169678	2.58823538
1000.80584717	2.58823538
1000.80584717	2.58823538
1000.80981445	2.58823538
1000.81384277	2.58823538
1000.81799316	2.58823538
1000.81799316	2.58823538
1000.82214355	2.58823538
1000.82611084	2.58823538
1000.83026123	2.58823538
1000.83026123	2.58823538
1000.83435059	2.58823538
1000.83856201	2.58823538
1000.84259033	2.58823538
1000.84259033	2.58823538
1000.84680176	2.58823538
1000.85083008	2.58823538
1000.85083008	2.58823538
1000.85485840	2.58823538
1000.85906982	2.58823538
1000.86322021	2.58823538
1000.86322021	2.58823538
1000.86718750	2.58823538
1000.87127686	2.58823538
1000.87542725	2.58823538
1000.87542725	2.58823538
1000.87945557	2.58823538
1000.88354492	2.58823538
1000.88775635	2.58823538
1000.88775635	2.58823538
1000.89172363	2.58823538
1000.89587402	2.58823538
1000.89587402	2.58823538
1000.89984131	2.58823538
1000.90399170	2.58823538
1000.90814209	2.58823538
1000.90814209	2.58823538
1000.91223145	2.58823538
1000.91625977	2.58823538
1000.92047119	2.58823538
1000.92047119	2.58823538
1000.92456055	2.58823538
1000.92871094	2.58823538
1000.93280029	2.58823538
1000.93280029	2.58823538
1000.93682861	2.58823538
1000.94085693	2.58823538
1000.94085693	2.58823538
1000.94500732	2.58823538
1000.94909668	2.58823538
1000.95324707	2.58823538
1000.95324707	2.58823538
1000.95727539	2.58823538
1000.96136475	2.58823538
1000.96545410	2.58823538
1000.96545410	2.58823538
1000.96948242	2.58823538
1000.97375488	2.58823538
1000.97778320	2.58823538
1000.97778320	2.58823538
1000.98193359	2.58823538
1000.98608398	2.58823538
1000.99005127	2.58823538
1000.99420166	2.56862736
1000.99829102	2.56862736
1000.99829102	2.56862736
1001.00238037	2.56862736
1001.00634766	2.56862736
1001.01049805	2.56862736
1001.01049805	2.56862736
1001.01458740	2.56862736
1001.01873779	2.56862736
1001.02288818	2.56862736
1001.02288818	2.56862736
1001.02685547	2.56862736
1001.03100586	2.56862736
1001.03515625	2.56862736
1001.03930664	2.56862736
1001.04345703	2.56862736
1001.04345703	2.56862736
1001.04742432	2.56862736
1001.05157471	2.56862736
1001.05566406	2.56862736
1001.05566406	2.56862736
1001.05981445	2.56862736
1001.06372070	2.56862736
1001.06787109	2.56862736
1001.06787109	2.56862736
1001.07202148	2.56862736
1001.07611084	2.56862736
1001.08013916	2.56862736
1001.08422852	2.56862736
1001.08837891	2.56862736
1001.08837891	2.56862736
1001.09246826	2.56862736
1001.09649658	2.56862736
1001.10083008	2.56862736
1001.10083008	2.56862736
1001.10473633	2.56862736
1001.10894775	2.56862736
1001.11303711	2.56862736
1001.11303711	2.56862736
1001.11706543	2.56862736
1001.12121582	2.56862736
1001.12524414	2.56862736
1001.12945557	2.56862736
1001.13336182	2.56862736
1001.13336182	2.56862736
1001.13745117	2.56862736
1001.14166260	2.56862736
1001.14575195	2.56862736
1001.14575195	2.56862736
1001.14971924	2.56862736
1001.15386963	2.56862736
1001.15802002	2.56862736
1001.15802002	2.56862736
1001.16204834	2.56862736
1001.16625977	2.56862736
1001.17028809	2.56862736
1001.17443848	2.56862736
1001.17852783	2.56862736
1001.17852783	2.56862736
1001.18261719	2.56862736
1001.18676758	2.56862736
1001.19079590	2.56862736
1001.19079590	2.56862736
1001.19494629	2.56862736
1001.19897461	2.56862736
1001.20312500	2.56862736
1001.20312500	2.56862736
1001.20709229	2.56862736
1001.21124268	2.56862736
1001.21533203	2.56862736
1001.21954346	2.56862736
1001.22351074	2.56862736
1001.22351074	2.56862736
1001.22778320	2.56862736
1001.23181152	2.56862736
1001.23596191	2.56862736
1001.23596191	2.56862736
1001.23992920	2.56862736
1001.24407959	2.56862736
1001.24816895	2.56862736
1001.24816895	2.56862736
1001.25225830	2.56862736
1001.25640869	2.56862736
1001.26037598	2.56862736
1001.26446533	2.56862736
1001.26867676	2.58823538
1001.26867676	2.58823538
1001.27276611	2.56862736
1001.27673340	2.58823538
1001.28088379	2.58823538
1001.28088379	2.58823538
1001.28497314	2.56862736
1001.28912354	2.58823538
1001.29327393	2.58823538
1001.29327393	2.58823538
1001.29730225	2.58823538
1001.30139160	2.58823538
1001.30554199	2.58823538
1001.30950928	2.58823538
1001.31372070	2.58823538
1001.31372070	2.58823538
1001.31774902	2.58823538
1001.32189941	2.58823538
1001.32598877	2.58823538
1001.32598877	2.58823538
1001.32995605	2.58823538
1001.33410645	2.58823538
1001.33837891	2.58823538
1001.33837891	2.58823538
1001.34234619	2.58823538
1001.34637451	2.58823538
1001.35052490	2.58823538
1001.35052490	2.58823538
1001.35461426	2.58823538
1001.35876465	2.58823538
1001.35876465	2.58823538
1001.36291504	2.58823538
1001.36688232	2.58823538
1001.37103271	2.58823538
1001.37103271	2.58823538
1001.37512207	2.58823538
1001.37933350	2.58823538
1001.38336182	2.58823538
1001.38336182	2.58823538
1001.38732910	2.58823538
1001.39147949	2.58823538
1001.39562988	2.58823538
1001.39562988	2.58823538
1001.39971924	2.58823538
1001.40374756	2.56862736
1001.40374756	2.58823538
1001.40783691	2.58823538
1001.41198730	2.56862736
1001.41613770	2.56862736
1001.41613770	2.56862736
1001.42016602	2.56862736
1001.42431641	2.56862736
1001.42840576	2.56862736
1001.42840576	2.56862736
1001.43255615	2.56862736
1001.43652344	2.56862736
1001.44079590	2.56862736
1001.44079590	2.56862736
1001.44476318	2.56862736
1001.44885254	2.56862736
1001.44885254	2.56862736
1001.45294189	2.56862736
1001.45697021	2.56862736
1001.46112061	2.56862736
1001.46112061	2.56862736
1001.46520996	2.56862736
1001.46936035	2.56862736
1001.47338867	2.56862736
1001.47338867	2.56862736
1001.47753906	2.56862736
1001.48168945	2.56862736
1001.48583984	2.56862736
1001.48583984	2.56862736
1001.48980713	2.56862736
1001.49389648	2.56862736
1001.49389648	2.56862736
1001.49804688	2.54901958
1001.50213623	2.54901958
1001.50628662	2.54901958
1001.50628662	2.54901958
1001.51025391	2.54901958
1001.51434326	2.54901958
1001.51849365	2.54901958
1001.51849365	2.54901958
1001.52258301	2.54901958
1001.52673340	2.54901958
1001.53070068	2.54901958
1001.53070068	2.54901958
1001.53491211	2.52941179
1001.53906250	2.52941179
1001.54302979	2.52941179
1001.54718018	2.52941179
1001.55133057	2.52941179
1001.55133057	2.52941179
1001.55541992	2.52941179
1001.55957031	2.52941179
1001.56347656	2.52941179
1001.56347656	2.52941179
1001.56774902	2.52941179
1001.57171631	2.52941179
1001.57586670	2.52941179
1001.57586670	2.52941179
1001.57983398	2.52941179
1001.58398438	2.52941179
1001.58819580	2.52941179
1001.59228516	2.52941179
1001.59637451	2.52941179
1001.59637451	2.52941179
1001.60040283	2.52941179
1001.60455322	2.52941179
1001.60870361	2.52941179
1001.60870361	2.52941179
1001.61279297	2.52941179
1001.61676025	2.52941179
1001.62091064	2.52941179
1001.62091064	2.52941179
1001.62506104	2.52941179
1001.62915039	2.52941179
1001.63311768	2.52941179
1001.63726807	2.52941179
1001.64135742	2.52941179
1001.64135742	2.52941179
1001.64550781	2.52941179
1001.64953613	2.52941179
1001.65374756	2.52941179
1001.65374756	2.52941179
1001.65771484	2.52941179
1001.66186523	2.52941179
1001.66595459	2.52941179
1001.66595459	2.52941179
1001.66998291	2.52941179
1001.67419434	2.52941179
1001.67828369	2.52941179
1001.68243408	2.52941179
1001.68658447	2.52941179
1001.68658447	2.54901958
1001.69055176	2.54901958
1001.69464111	2.54901958
1001.69873047	2.54901958
1001.69873047	2.54901958
1001.70288086	2.54901958
1001.70684814	2.54901958
1001.71105957	2.54901958
1001.71105957	2.54901958
1001.71508789	2.54901958
1001.71923828	2.54901958
1001.72326660	2.54901958
1001.72741699	2.54901958
1001.73150635	2.54901958
1001.73150635	2.54901958
1001.73565674	2.54901958
1001.73980713	2.54901958
1001.74377441	2.54901958
1001.74377441	2.54901958
1001.74792480	2.54901958
1001.75195313	2.54901958
1001.75622559	2.54901958
1001.75622559	2.54901958
1001.76013184	2.54901958
1001.76428223	2.54901958
1001.76837158	2.54901958
1001.77258301	2.54901958
1001.77661133	2.54901958
1001.77661133	2.54901958
1001.78076172	2.54901958
1001.78472900	2.54901958
1001.78887939	2.54901958
1001.78887939	2.54901958
1001.79290771	2.54901958
1001.79699707	2.54901958
1001.80114746	2.54901958
1001.80114746	2.54901958
1001.80529785	2.54901958
1001.80944824	2.54901958
1001.81335449	2.54901958
1001.81744385	2.54901958
1001.82165527	2.54901958
1001.82165527	2.54901958
1001.82574463	2.54901958
1001.82971191	2.54901958
1001.83386230	2.54901958
1001.83386230	2.54901958
1001.83795166	2.54901958
1001.84210205	2.54901958
1001.84625244	2.54901958
1001.84625244	2.54901958
1001.85028076	2.54901958
1001.85449219	2.54901958
1001.85858154	2.54901958
1001.85858154	2.54901958
1001.86267090	2.54901958
1001.86682129	2.54901958
1001.86682129	2.54901958
1001.87078857	2.54901958
1001.87493896	2.54901958
1001.87908936	2.54901958
1001.87908936	2.54901958
1001.88299561	2.54901958
1001.88708496	2.54901958
1001.89123535	2.56862736
1001.89123535	2.56862736
1001.89532471	2.56862736
1001.89947510	2.56862736
1001.90344238	2.56862736
1001.90344238	2.56862736
1001.90777588	2.56862736
1001.91174316	2.56862736
1001.91174316	2.56862736
1001.91589355	2.56862736
1001.91992188	2.56862736
1001.92407227	2.56862736
1001.92407227	2.56862736
1001.92816162	2.56862736
1001.93231201	2.56862736
1001.93640137	2.56862736
1001.93640137	2.56862736
1001.94042969	2.56862736
1001.94451904	2.56862736
1001.94860840	2.56862736
1001.94860840	2.56862736
1001.95275879	2.56862736
1001.95672607	2.56862736
1001.95672607	2.56862736
1001.96087646	2.56862736
1001.96496582	2.56862736
1001.96911621	2.56862736
1001.96911621	2.56862736
1001.97314453	2.56862736
1001.97729492	2.56862736
1001.98138428	2.56862736
1001.98138428	2.56862736
1001.98553467	2.56862736
1001.98956299	2.56862736
1001.99383545	2.56862736
1001.99383545	2.56862736
1001.99780273	2.56862736
1002.00189209	2.56862736
1002.00189209	2.56862736
1002.00604248	2.56862736
1002.00994873	2.56862736
1002.01409912	2.56862736
1002.01409912	2.56862736
1002.01818848	2.56862736
1002.02239990	2.54901958
1002.02648926	2.54901958
1002.02648926	2.54901958
1002.03051758	2.54901958
1002.03460693	2.54901958
1002.03881836	2.54901958
1002.03881836	2.54901958
1002.04290771	2.54901958
1002.04693604	2.54901958
1002.05108643	2.54901958
1002.05517578	2.54901958
1002.05932617	2.54901958
1002.05932617	2.54901958
1002.06329346	2.54901958
1002.06738281	2.54901958
1002.07147217	2.52941179
1002.07147217	2.52941179
1002.07562256	2.52941179
1002.07971191	2.52941179
1002.08374023	2.52941179
1002.08374023	2.52941179
1002.08789063	2.52941179
1002.09197998	2.52941179
1002.09613037	2.52941179
1002.10015869	2.52941179
1002.10424805	2.52941179
1002.10424805	2.52941179
1002.10845947	2.52941179
1002.11254883	2.52941179
1002.11669922	2.52941179
1002.11669922	2.52941179
1002.12078857	2.52941179
1002.12481689	2.52941179
1002.12890625	2.52941179
1002.12890625	2.52941179
1002.13293457	2.52941179
1002.13708496	2.52941179
1002.14117432	2.52941179
1002.14532471	2.52941179
1002.14941406	2.52941179
1002.14941406	2.52941179
1002.15350342	2.52941179
1002.15759277	2.52941179
1002.16168213	2.52941179
1002.16168213	2.52941179
1002.16571045	2.52941179
1002.16973877	2.54901958
1002.17382813	2.54901958
1002.17382813	2.54901958
1002.17797852	2.54901958
1002.18206787	2.54901958
1002.18621826	2.54901958
1002.19030762	2.54901958
1002.19439697	2.54901958
1002.19439697	2.54901958
1002.19848633	2.54901958
1002.20257568	2.54901958
1002.20672607	2.54901958
1002.20672607	2.54901958
1002.21075439	2.54901958
1002.21490479	2.54901958
1002.21899414	2.54901958
1002.21899414	2.54901958
1002.22302246	2.54901958
1002.22705078	2.54901958
1002.23126221	2.54901958
1002.23541260	2.56862736
1002.23956299	2.56862736
1002.23956299	2.56862736
1002.24353027	2.56862736
1002.24768066	2.56862736
1002.25177002	2.56862736
1002.25177002	2.56862736
1002.25592041	2.56862736
1002.25982666	2.56862736
1002.26397705	2.56862736
1002.26397705	2.56862736
1002.26806641	2.56862736
1002.27227783	2.56862736
1002.27630615	2.56862736
1002.28039551	2.56862736
1002.28448486	2.56862736
1002.28448486	2.56862736
1002.28869629	2.56862736
1002.29278564	2.56862736
1002.29681396	2.56862736
1002.29681396	2.56862736
1002.30090332	2.56862736
1002.30499268	2.56862736
1002.30920410	2.56862736
1002.30920410	2.56862736
1002.31311035	2.56862736
1002.31719971	2.56862736
1002.32135010	2.56862736
1002.32543945	2.56862736
1002.32958984	2.56862736
1002.32958984	2.56862736
1002.33374023	2.56862736
1002.33770752	2.56862736
1002.34185791	2.56862736
1002.34185791	2.56862736
1002.34600830	2.56862736
1002.35003662	2.56862736
1002.35412598	2.56862736
1002.35412598	2.56862736
1002.35827637	2.56862736
1002.36242676	2.56862736
1002.36657715	2.56862736
1002.37054443	2.56862736
1002.37481689	2.56862736
1002.37481689	2.56862736
1002.37878418	2.56862736
1002.38269043	2.56862736
1002.38684082	2.56862736
1002.38684082	2.56862736
1002.39099121	2.56862736
1002.39508057	2.56862736
1002.39923096	2.56862736
1002.39923096	2.56862736
1002.40319824	2.56862736
1002.40734863	2.56862736
1002.41143799	2.56862736
1002.41143799	2.56862736
1002.41564941	2.56862736
1002.41979980	2.56862736
1002.41979980	2.56862736
1002.42376709	2.56862736
1002.42791748	2.56862736
1002.43206787	2.56862736
1002.43206787	2.56862736
1002.43615723	2.56862736
1002.44018555	2.56862736
1002.44421387	2.56862736
1002.44421387	2.56862736
1002.44836426	2.56862736
1002.45245361	2.56862736
1002.45660400	2.56862736
1002.45660400	2.56862736
1002.46069336	2.56862736
1002.46472168	2.56862736
1002.46472168	2.56862736
1002.46887207	2.56862736
1002.47296143	2.56862736
1002.47698975	2.56862736
1002.47698975	2.56862736
1002.48114014	2.56862736
1002.48529053	2.56862736
1002.48944092	2.56862736
1002.48944092	2.56862736
1002.49340820	2.56862736
1002.49755859	2.56862736
1002.50164795	2.56862736
1002.50164795	2.56862736
1002.50579834	2.56862736
1002.50982666	2.56862736
1002.50982666	2.56862736
1002.51385498	2.56862736
1002.51794434	2.56862736
1002.52215576	2.56862736
1002.52215576	2.56862736
1002.52606201	2.56862736
1002.53027344	2.56862736
1002.53436279	2.56862736
1002.53436279	2.56862736
1002.53851318	2.54901958
1002.54266357	2.54901958
1002.54681396	2.54901958
1002.54681396	2.54901958
1002.55078125	2.54901958
1002.55487061	2.54901958
1002.55487061	2.54901958
1002.55908203	2.54901958
1002.56298828	2.54901958
1002.56713867	2.54901958
1002.56713867	2.52941179
1002.57122803	2.52941179
1002.57531738	2.52941179
1002.57946777	2.52941179
1002.57946777	2.52941179
1002.58349609	2.52941179
1002.58770752	2.52941179
1002.59173584	2.52941179
1002.59173584	2.52941179
1002.59582520	2.52941179
1002.59991455	2.52941179
1002.60400391	2.52941179
1002.60815430	2.52941179
1002.61230469	2.52941179
1002.61230469	2.52941179
1002.61639404	2.52941179
1002.62042236	2.52941179
1002.62457275	2.52941179
1002.62457275	2.52941179
1002.62866211	2.52941179
1002.63275146	2.52941179
1002.63671875	2.52941179
1002.63671875	2.52941179
1002.64080811	2.52941179
1002.64501953	2.52941179
1002.64910889	2.52941179
1002.65307617	2.52941179
1002.65722656	2.52941179
1002.65722656	2.52941179
1002.66137695	2.52941179
1002.66546631	2.52941179
1002.66967773	2.52941179
1002.66967773	2.52941179
1002.67382813	2.52941179
1002.67779541	2.52941179
1002.68188477	2.52941179
1002.68188477	2.52941179
1002.68603516	2.52941179
1002.69006348	2.52941179
1002.69409180	2.52941179
1002.69824219	2.52941179
1002.70233154	2.52941179
1002.70233154	2.52941179
1002.70635986	2.52941179
1002.71044922	2.52941179
1002.71472168	2.52941179
1002.71472168	2.52941179
1002.71868896	2.52941179
1002.72283936	2.52941179
1002.72686768	2.52941179
1002.72686768	2.54901958
1002.73107910	2.54901958
1002.73510742	2.54901958
1002.73925781	2.54901958
1002.74328613	2.54901958
1002.74737549	2.54901958
1002.74737549	2.54901958
1002.75152588	2.54901958
1002.75561523	2.54901958
1002.75970459	2.54901958
1002.75970459	2.54901958
1002.76373291	2.54901958
1002.76782227	2.54901958
1002.77197266	2.54901958
1002.77197266	2.54901958
1002.77612305	2.54901958
1002.78009033	2.54901958
1002.78424072	2.54901958
1002.78839111	2.54901958
1002.79260254	2.54901958
1002.79260254	2.54901958
1002.79650879	2.54901958
1002.80078125	2.54901958
1002.80474854	2.56862736
1002.80474854	2.56862736
1002.80883789	2.56862736
1002.81304932	2.56862736
1002.81701660	2.56862736
1002.81701660	2.56862736
1002.82122803	2.56862736
1002.82525635	2.56862736
1002.82934570	2.56862736
1002.83337402	2.56862736
1002.83746338	2.56862736
1002.83746338	2.56862736
1002.84161377	2.56862736
1002.84570313	2.56862736
1002.84985352	2.56862736
1002.84985352	2.56862736
1002.85394287	2.56862736
1002.85821533	2.56862736
1002.86212158	2.56862736
1002.86212158	2.56862736
1002.86633301	2.56862736
1002.87030029	2.56862736
1002.87438965	2.56862736
1002.87847900	2.56862736
1002.88256836	2.56862736
1002.88256836	2.56862736
1002.88671875	2.56862736
1002.89074707	2.56862736
1002.89483643	2.56862736
1002.89483643	2.56862736
1002.89898682	2.56862736
1002.90295410	2.56862736
1002.90716553	2.56862736
1002.90716553	2.56862736
1002.91125488	2.56862736
1002.91540527	2.56862736
1002.91955566	2.56862736
1002.91955566	2.56862736
1002.92352295	2.56862736
1002.92779541	2.56862736
1002.92779541	2.56862736
1002.93182373	2.56862736
1002.93591309	2.56862736
1002.94000244	2.56862736
1002.94000244	2.56862736
1002.94396973	2.56862736
1002.94812012	2.56862736
1002.95220947	2.56862736
1002.95220947	2.56862736
1002.95623779	2.56862736
1002.96032715	2.56862736
1002.96447754	2.56862736
1002.96447754	2.56862736
1002.96856689	2.56862736
1002.97277832	2.56862736
1002.97277832	2.56862736
1002.97674561	2.56862736
1002.98089600	2.56862736
1002.98504639	2.56862736
1002.98504639	2.56862736
1002.98919678	2.56862736
1002.99316406	2.56862736
1002.99725342	2.56862736
1002.99725342	2.56862736
1003.00134277	2.56862736
1003.00543213	2.56862736
1003.00958252	2.56862736
1003.00958252	2.56862736
1003.01367188	2.56862736
1003.01776123	2.56862736
1003.01776123	2.56862736
1003.02185059	2.56862736
1003.02600098	2.56862736
1003.02996826	2.56862736
1003.02996826	2.56862736
1003.03411865	2.56862736
1003.03820801	2.56862736
1003.04241943	2.56862736
1003.04241943	2.56862736
1003.04638672	2.56862736
1003.05053711	2.56862736
1003.05468750	2.56862736
1003.05468750	2.56862736
1003.05877686	2.56862736
1003.06292725	2.56862736
1003.06292725	2.56862736
1003.06689453	2.56862736
1003.07098389	2.56862736
1003.07507324	2.56862736
1003.07507324	2.56862736
1003.07922363	2.56862736
1003.08319092	2.56862736
1003.08734131	2.56862736
1003.08734131	2.56862736
1003.09143066	2.56862736
1003.09558105	2.56862736
1003.09973145	2.56862736
1003.09973145	2.54901958
1003.10375977	2.54901958
1003.10791016	2.54901958
1003.10791016	2.54901958
1003.11206055	2.54901958
1003.11614990	2.54901958
1003.12017822	2.54901958
1003.12017822	2.54901958
1003.12426758	2.54901958
1003.12835693	2.54901958
1003.13244629	2.52941179
1003.13244629	2.52941179
1003.13647461	2.52941179
1003.14074707	2.52941179
1003.14471436	2.52941179
1003.14471436	2.52941179
1003.14886475	2.52941179
1003.15295410	2.52941179
1003.15698242	2.52941179
1003.16107178	2.52941179
1003.16528320	2.52941179
1003.16528320	2.52941179
1003.16943359	2.52941179
1003.17340088	2.52941179
1003.17749023	2.50980401
1003.17749023	2.50980401
1003.18164063	2.50980401
1003.18579102	2.50980401
1003.18981934	2.50980401
1003.18981934	2.50980401
1003.19384766	2.50980401
1003.19793701	2.50980401
1003.20208740	2.50980401
1003.20623779	2.50980401
1003.21020508	2.50980401
1003.21020508	2.50980401
1003.21435547	2.50980401
1003.21844482	2.50980401
1003.22265625	2.50980401
1003.22265625	2.50980401
1003.22674561	2.50980401
1003.23077393	2.52941179
1003.23492432	2.52941179
1003.23492432	2.52941179
1003.23901367	2.52941179
1003.24316406	2.52941179
1003.24713135	2.52941179
1003.25128174	2.52941179
1003.25537109	2.52941179
1003.25537109	2.52941179
1003.25946045	2.52941179
1003.26348877	2.52941179
1003.26770020	2.52941179
1003.26770020	2.52941179
1003.27172852	2.52941179
1003.27581787	2.52941179
1003.27996826	2.52941179
1003.27996826	2.52941179
1003.28399658	2.52941179
1003.28808594	2.52941179
1003.29229736	2.52941179
1003.29626465	2.52941179
1003.30041504	2.52941179
1003.30041504	2.52941179
1003.30456543	2.52941179
1003.30865479	2.52941179
1003.31280518	2.52941179
1003.31280518	2.54901958
1003.31677246	2.54901958
1003.32086182	2.54901958
1003.32495117	2.54901958
1003.32495117	2.54901958
1003.32910156	2.54901958
1003.33306885	2.54901958
1003.33721924	2.54901958
1003.34130859	2.54901958
1003.34545898	2.54901958
1003.34545898	2.54901958
1003.34942627	2.54901958
1003.35375977	2.54901958
1003.35772705	2.54901958
1003.35772705	2.54901958
1003.36187744	2.54901958
1003.36602783	2.54901958
1003.37005615	2.54901958
1003.37005615	2.54901958
1003.37414551	2.54901958
1003.37829590	2.54901958
1003.38232422	2.54901958
1003.38635254	2.54901958
1003.39050293	2.54901958
1003.39050293	2.56862736
1003.39459229	2.56862736
1003.39874268	2.56862736
1003.40283203	2.56862736
1003.40283203	2.56862736
1003.40686035	2.56862736
1003.41094971	2.56862736
1003.41516113	2.56862736
1003.41516113	2.56862736
1003.41931152	2.56862736
1003.42321777	2.56862736
1003.42736816	2.56862736
1003.43151855	2.56862736
1003.43566895	2.56862736
1003.43566895	2.56862736
1003.43975830	2.56862736
1003.44372559	2.56862736
1003.44781494	2.56862736
1003.44781494	2.56862736
1003.45196533	2.56862736
1003.45611572	2.56862736
1003.46008301	2.56862736
1003.46008301	2.56862736
1003.46423340	2.56862736
1003.46832275	2.56862736
1003.47247314	2.56862736
1003.47247314	2.56862736
1003.47656250	2.56862736
1003.48077393	2.56862736
1003.48077393	2.56862736
1003.48480225	2.56862736
1003.48889160	2.56862736
1003.49304199	2.56862736
1003.49304199	2.56862736
1003.49700928	2.56862736
1003.50109863	2.56862736
1003.50518799	2.56862736
1003.50518799	2.56862736
1003.50933838	2.56862736
1003.51330566	2.56862736
1003.51745605	2.56862736
1003.51745605	2.56862736
1003.52160645	2.56862736
1003.52569580	2.56862736
1003.52569580	2.56862736
1003.52972412	2.56862736
1003.53387451	2.56862736
1003.53796387	2.56862736
1003.53796387	2.56862736
1003.54217529	2.56862736
1003.54614258	2.56862736
1003.55029297	2.56862736
1003.55029297	2.56862736
1003.55438232	2.56862736
1003.55853271	2.56862736
1003.56268311	2.56862736
1003.56268311	2.56862736
1003.56677246	2.56862736
1003.57080078	2.56862736
1003.57080078	2.56862736
1003.57495117	2.56862736
1003.57904053	2.56862736
1003.58312988	2.56862736
1003.58312988	2.56862736
1003.58715820	2.56862736
1003.59130859	2.56862736
1003.59545898	2.56862736
1003.59545898	2.56862736
1003.59942627	2.56862736
1003.60345459	2.56862736
1003.60772705	2.56862736
1003.60772705	2.56862736
1003.61169434	2.56862736
1003.61584473	2.56862736
1003.61584473	2.56862736
1003.61981201	2.56862736
1003.62402344	2.56862736
1003.62817383	2.56862736
1003.62817383	2.56862736
1003.63226318	2.56862736
1003.63623047	2.58823538
1003.64038086	2.56862736
1003.64038086	2.56862736
1003.64447021	2.56862736
1003.64855957	2.58823538
1003.65270996	2.56862736
1003.65270996	2.58823538
1003.65673828	2.56862736
1003.66082764	2.56862736
1003.66497803	2.56862736
1003.66912842	2.56862736
1003.67327881	2.56862736
1003.67327881	2.56862736
1003.67724609	2.56862736
1003.68139648	2.56862736
1003.68548584	2.56862736
1003.68548584	2.56862736
1003.68945313	2.56862736
1003.69372559	2.56862736
1003.69769287	2.56862736
1003.69769287	2.56862736
1003.70184326	2.56862736
1003.70599365	2.54901958
1003.70996094	2.54901958
1003.71405029	2.54901958
1003.71820068	2.54901958
1003.71820068	2.54901958
1003.72235107	2.54901958
1003.72637939	2.54901958
1003.73052979	2.52941179
1003.73052979	2.52941179
1003.73461914	2.52941179
1003.73876953	2.52941179
1003.74285889	2.52941179
1003.74285889	2.52941179
1003.74688721	2.52941179
1003.75097656	2.52941179
1003.75506592	2.52941179
1003.75921631	2.52941179
1003.76330566	2.52941179
1003.76330566	2.52941179
1003.76733398	2.52941179
1003.77148438	2.52941179
1003.77563477	2.52941179
1003.77563477	2.52941179
1003.77972412	2.52941179
1003.78375244	2.52941179
1003.78796387	2.52941179
1003.78796387	2.52941179
1003.79199219	2.52941179
1003.79614258	2.52941179
1003.80004883	2.52941179
1003.80419922	2.52941179
1003.80841064	2.52941179
1003.80841064	2.52941179
1003.81250000	2.52941179
1003.81652832	2.52941179
1003.82073975	2.52941179
1003.82073975	2.52941179
1003.82470703	2.52941179
1003.82885742	2.52941179
1003.83294678	2.52941179
1003.83294678	2.52941179
1003.83697510	2.52941179
1003.84106445	2.52941179
1003.84521484	2.52941179
1003.84930420	2.52941179
1003.85351563	2.52941179
1003.85351563	2.52941179
1003.85754395	2.52941179
1003.86163330	2.52941179
1003.86578369	2.52941179
1003.86578369	2.52941179
1003.86981201	2.52941179
1003.87402344	2.52941179
1003.87811279	2.52941179
1003.87811279	2.54901958
1003.88220215	2.54901958
1003.88629150	2.54901958
1003.89025879	2.54901958
1003.89440918	2.54901958
1003.89855957	2.54901958
1003.89855957	2.54901958
1003.90270996	2.54901958
1003.90679932	2.54901958
1003.91076660	2.54901958
1003.91076660	2.54901958
1003.91491699	2.54901958
1003.91906738	2.54901958
1003.92321777	2.54901958
1003.92321777	2.54901958
1003.92718506	2.56862736
1003.93121338	2.56862736
1003.93536377	2.56862736
1003.93945313	2.56862736
1003.94348145	2.56862736
1003.94348145	2.56862736
1003.94769287	2.56862736
1003.95178223	2.56862736
1003.95593262	2.56862736
1003.95593262	2.56862736
1003.95989990	2.56862736
1003.96405029	2.56862736
1003.96813965	2.56862736
1003.96813965	2.56862736
1003.97229004	2.56862736
1003.97644043	2.56862736
1003.98040771	2.56862736
1003.98040771	2.56862736
1003.98449707	2.56862736
1003.98864746	2.56862736
1003.98864746	2.56862736
1003.99285889	2.56862736
1003.99682617	2.56862736
1004.00091553	2.56862736
1004.00091553	2.56862736
1004.00506592	2.56862736
1004.00915527	2.56862736
1004.01330566	2.56862736
1004.01330566	2.56862736
1004.01727295	2.56862736
1004.02136230	2.56862736
1004.02545166	2.56862736
1004.02545166	2.56862736
1004.02947998	2.56862736
1004.03369141	2.56862736
1004.03369141	2.56862736
1004.03771973	2.56862736
1004.04187012	2.56862736
1004.04595947	2.56862736
1004.04595947	2.56862736
1004.04998779	2.56862736
1004.05419922	2.56862736
1004.05828857	2.56862736
1004.05828857	2.56862736
1004.06237793	2.56862736
1004.06640625	2.56862736
1004.07049561	2.56862736
1004.07049561	2.56862736
1004.07464600	2.56862736
1004.07867432	2.56862736
1004.07867432	2.56862736
1004.08282471	2.56862736
1004.08679199	2.56862736
1004.09094238	2.56862736
1004.09094238	2.56862736
1004.09509277	2.56862736
1004.09918213	2.56862736
1004.10339355	2.56862736
1004.10339355	2.58823538
1004.10736084	2.58823538
1004.11151123	2.58823538
1004.11566162	2.58823538
1004.11566162	2.58823538
1004.11981201	2.58823538
1004.12377930	2.58823538
1004.12377930	2.58823538
1004.12786865	2.58823538
1004.13195801	2.58823538
1004.13604736	2.58823538
1004.13604736	2.58823538
1004.14007568	2.58823538
1004.14422607	2.58823538
1004.14831543	2.58823538
1004.14831543	2.58823538
1004.15246582	2.58823538
1004.15649414	2.58823538
1004.16070557	2.58823538
1004.16070557	2.58823538
1004.16473389	2.58823538
1004.16888428	2.58823538
1004.16888428	2.58823538
1004.17291260	2.58823538
1004.17700195	2.58823538
1004.18115234	2.58823538
1004.18115234	2.58823538
1004.18530273	2.58823538
1004.18939209	2.58823538
1004.19335938	2.58823538
1004.19335938	2.58823538
1004.19744873	2.58823538
1004.20159912	2.58823538
1004.20568848	2.58823538
1004.20568848	2.58823538
1004.20971680	2.58823538
1004.21380615	2.58823538
1004.21795654	2.58823538
1004.22204590	2.58823538
1004.22625732	2.58823538
1004.22625732	2.58823538
1004.23022461	2.58823538
1004.23437500	2.58823538
1004.23846436	2.58823538
1004.23846436	2.58823538
1004.24267578	2.58823538
1004.24676514	2.58823538
1004.25073242	2.58823538
1004.25073242	2.58823538
1004.25488281	2.58823538
1004.25897217	2.58823538
1004.26293945	2.58823538
1004.26708984	2.58823538
1004.27124023	2.58823538
1004.27124023	2.58823538
1004.27532959	2.58823538
1004.27941895	2.56862736
1004.28363037	2.56862736
1004.28363037	2.56862736
1004.28765869	2.56862736
1004.29174805	2.56862736
1004.29583740	2.56862736
1004.29583740	2.56862736
1004.29986572	2.56862736
1004.30401611	2.56862736
1004.30816650	2.54901958
1004.31225586	2.54901958
1004.31640625	2.54901958
1004.31640625	2.54901958
1004.32043457	2.54901958
1004.32452393	2.54901958
1004.32867432	2.54901958
1004.32867432	2.54901958
1004.33276367	2.52941179
1004.33679199	2.52941179
1004.34094238	2.52941179
1004.34094238	2.52941179
1004.34503174	2.52941179
1004.34918213	2.52941179
1004.35308838	2.52941179
1004.35717773	2.52941179
1004.36132813	2.52941179
1004.36132813	2.52941179
1004.36547852	2.52941179
1004.36956787	2.52941179
1004.37371826	2.52941179
1004.37371826	2.52941179
1004.37774658	2.52941179
1004.38183594	2.52941179
1004.38592529	2.52941179
1004.38592529	2.52941179
1004.38995361	2.52941179
1004.39404297	2.52941179
1004.39819336	2.52941179
1004.40234375	2.52941179
1004.40643311	2.52941179
1004.40643311	2.52941179
1004.41046143	2.52941179
1004.41461182	2.52941179
1004.41876221	2.52941179
1004.41876221	2.52941179
1004.42279053	2.52941179
1004.42687988	2.52941179
1004.43103027	2.52941179
1004.43103027	2.52941179
1004.43518066	2.52941179
1004.43927002	2.52941179
1004.44323730	2.52941179
1004.44732666	2.52941179
1004.45147705	2.52941179
1004.45147705	2.52941179
1004.45556641	2.52941179
1004.45971680	2.52941179
1004.46368408	2.52941179
1004.46368408	2.54901958
1004.46783447	2.54901958
1004.47192383	2.54901958
1004.47613525	2.54901958
1004.47613525	2.54901958
1004.48010254	2.54901958
1004.48425293	2.54901958
1004.48834229	2.54901958
1004.49249268	2.54901958
1004.49664307	2.54901958
1004.49664307	2.54901958
1004.50073242	2.54901958
1004.50469971	2.54901958
1004.50885010	2.54901958
1004.50885010	2.54901958
1004.51281738	2.54901958
1004.51696777	2.54901958
1004.52105713	2.54901958
1004.52105713	2.54901958
1004.52520752	2.54901958
1004.52935791	2.54901958
1004.53350830	2.54901958
1004.53350830	2.54901958
1004.53747559	2.54901958
1004.54168701	2.54901958
1004.54168701	2.56862736
1004.54577637	2.56862736
1004.54974365	2.56862736
1004.55389404	2.56862736
1004.55389404	2.56862736
1004.55798340	2.56862736
1004.56207275	2.56862736
1004.56616211	2.56862736
1004.56616211	2.56862736
1004.57025146	2.54901958
1004.57434082	2.56862736
1004.57843018	2.56862736
1004.57843018	2.56862736
1004.58258057	2.56862736
1004.58673096	2.56862736
1004.58673096	2.56862736
1004.59069824	2.56862736
1004.59484863	2.56862736
1004.59899902	2.56862736
1004.59899902	2.54901958
1004.60302734	2.54901958
1004.60711670	2.56862736
1004.61126709	2.56862736
1004.61126709	2.56862736
1004.61541748	2.56862736
1004.61950684	2.56862736
1004.62353516	2.54901958
1004.62353516	2.56862736
1004.62780762	2.56862736
1004.63171387	2.56862736
1004.63171387	2.56862736
1004.63580322	2.56862736
1004.63983154	2.56862736
1004.64392090	2.56862736
1004.64392090	2.56862736
1004.64807129	2.56862736
1004.65222168	2.56862736
1004.65631104	2.56862736
1004.65631104	2.56862736
1004.66033936	2.56862736
1004.66448975	2.56862736
1004.66864014	2.56862736
1004.66864014	2.56862736
1004.67272949	2.56862736
1004.67675781	2.56862736
1004.67675781	2.56862736
1004.68090820	2.56862736
1004.68499756	2.56862736
1004.68914795	2.56862736
1004.68914795	2.56862736
1004.69311523	2.56862736
1004.69720459	2.56862736
1004.70129395	2.56862736
1004.70129395	2.56862736
1004.70544434	2.56862736
1004.70959473	2.56862736
1004.71368408	2.56862736
1004.71368408	2.56862736
1004.71771240	2.56862736
1004.72186279	2.56862736
1004.72601318	2.56862736
1004.73004150	2.56862736
1004.73413086	2.56862736
1004.73413086	2.56862736
1004.73822021	2.56862736
1004.74243164	2.56862736
1004.74652100	2.56862736
1004.74652100	2.56862736
1004.75054932	2.56862736
1004.75457764	2.56862736
1004.75866699	2.56862736
1004.75866699	2.56862736
1004.76281738	2.56862736
1004.76678467	2.56862736
1004.77093506	2.56862736
1004.77508545	2.56862736
1004.77923584	2.56862736
1004.77923584	2.56862736
1004.78320313	2.56862736
1004.78735352	2.56862736
1004.79150391	2.56862736
1004.79150391	2.56862736
1004.79565430	2.56862736
1004.79980469	2.56862736
1004.80377197	2.56862736
1004.80377197	2.56862736
1004.80786133	2.56862736
1004.81195068	2.56862736
1004.81610107	2.56862736
1004.82006836	2.56862736
1004.82421875	2.56862736
1004.82421875	2.56862736
1004.82830811	2.56862736
1004.83245850	2.56862736
1004.83660889	2.56862736
1004.83660889	2.56862736
1004.84069824	2.56862736
1004.84466553	2.56862736
1004.84887695	2.56862736
1004.84887695	2.56862736
1004.85290527	2.56862736
1004.85699463	2.56862736
1004.86114502	2.56862736
1004.86523438	2.56862736
1004.86938477	2.56862736
1004.86938477	2.56862736
1004.87341309	2.56862736
1004.87750244	2.56862736
1004.88153076	2.56862736
1004.88153076	2.56862736
1004.88568115	2.54901958
1004.88970947	2.54901958
1004.89392090	2.54901958
1004.89392090	2.54901958
1004.89807129	2.54901958
1004.90216064	2.54901958
1004.90625000	2.54901958
1004.91027832	2.52941179
1004.91442871	2.52941179
1004.91442871	2.52941179
1004.91851807	2.52941179
1004.92254639	2.52941179
1004.92669678	2.52941179
1004.92669678	2.52941179
1004.93066406	2.52941179
1004.93487549	2.52941179
1004.93902588	2.52941179
1004.93902588	2.52941179
1004.94293213	2.52941179
1004.94708252	2.52941179
1004.95117188	2.50980401
1004.95538330	2.50980401
1004.95947266	2.50980401
1004.95947266	2.50980401
1004.96343994	2.50980401
1004.96771240	2.50980401
1004.97167969	2.50980401
1004.97167969	2.50980401
1004.97583008	2.50980401
1004.97985840	2.50980401
1004.98400879	2.50980401
1004.98400879	2.50980401
1004.98809814	2.50980401
1004.99224854	2.50980401
1004.99639893	2.50980401
1005.00036621	2.50980401
1005.00445557	2.50980401
1005.00445557	2.50980401
1005.00854492	2.50980401
1005.01269531	2.50980401
1005.01666260	2.50980401
1005.01666260	2.50980401
1005.02087402	2.50980401
1005.02496338	2.52941179
1005.02911377	2.52941179
1005.02911377	2.52941179
1005.03308105	2.52941179
1005.03723145	2.52941179
1005.04132080	2.52941179
1005.04132080	2.52941179
1005.04553223	2.52941179
1005.04962158	2.52941179
1005.04962158	2.52941179
1005.05377197	2.52941179
1005.05773926	2.52941179
1005.06182861	2.52941179
1005.06182861	2.52941179
1005.06597900	2.52941179
1005.06994629	2.52941179
1005.07409668	2.52941179
1005.07409668	2.52941179
1005.07818604	2.52941179
1005.08233643	2.54901958
1005.08642578	2.54901958
1005.08642578	2.54901958
1005.09045410	2.54901958
1005.09472656	2.54901958
1005.09472656	2.54901958
1005.09875488	2.54901958
1005.10290527	2.54901958
1005.10687256	2.54901958
1005.10687256	2.54901958
1005.11102295	2.54901958
1005.11517334	2.54901958
1005.11926270	2.54901958
1005.11926270	2.54901958
1005.12322998	2.54901958
1005.12738037	2.56862736
1005.13159180	2.56862736
1005.13159180	2.56862736
1005.13568115	2.56862736
1005.13977051	2.56862736
1005.13977051	2.56862736
1005.14373779	2.56862736
1005.14788818	2.56862736
1005.15203857	2.56862736
1005.15203857	2.56862736
1005.15618896	2.56862736
1005.16015625	2.56862736
1005.16418457	2.56862736
1005.16418457	2.56862736
1005.16833496	2.56862736
1005.17242432	2.56862736
1005.17657471	2.56862736
1005.17657471	2.56862736
1005.18066406	2.56862736
1005.18469238	2.56862736
1005.18469238	2.56862736
1005.18884277	2.56862736
1005.19299316	2.56862736
1005.19696045	2.56862736
1005.19696045	2.56862736
1005.20104980	2.56862736
1005.20520020	2.56862736
1005.20928955	2.56862736
1005.20928955	2.56862736
1005.21331787	2.56862736
1005.21746826	2.56862736
1005.22161865	2.56862736
1005.22161865	2.56862736
1005.22570801	2.56862736
1005.22985840	2.56862736
1005.22985840	2.56862736
1005.23388672	2.56862736
1005.23803711	2.56862736
1005.24212646	2.56862736
1005.24212646	2.56862736
1005.24627686	2.56862736
1005.25024414	2.56862736
1005.25433350	2.56862736
1005.25433350	2.56862736
1005.25842285	2.56862736
1005.26257324	2.56862736
1005.26666260	2.56862736
1005.26666260	2.56862736
1005.27069092	2.56862736
1005.27484131	2.56862736
1005.27893066	2.56862736
1005.28295898	2.56862736
1005.28710938	2.56862736
1005.28710938	2.56862736
1005.29119873	2.56862736
1005.29541016	2.56862736
1005.29949951	2.56862736
1005.29949951	2.56862736
1005.30346680	2.56862736
1005.30780029	2.56862736
1005.31170654	2.56862736
1005.31170654	2.56862736
1005.31579590	2.56862736
1005.31994629	2.56862736
1005.32397461	2.56862736
1005.32806396	2.56862736
1005.33221436	2.56862736
1005.33221436	2.56862736
1005.33630371	2.56862736
1005.34039307	2.56862736
1005.34442139	2.56862736
1005.34442139	2.56862736
1005.34857178	2.56862736
1005.35278320	2.56862736
1005.35675049	2.56862736
1005.35675049	2.56862736
1005.36090088	2.56862736
1005.36505127	2.56862736
1005.36914063	2.56862736
1005.37310791	2.56862736
1005.37725830	2.56862736
1005.37725830	2.56862736
1005.38134766	2.56862736
1005.38543701	2.56862736
1005.38952637	2.56862736
1005.38952637	2.56862736
1005.39373779	2.56862736
1005.39770508	2.56862736
1005.40185547	2.56862736
1005.40185547	2.56862736
1005.40594482	2.56862736
1005.41009521	2.56862736
1005.41406250	2.56862736
1005.41827393	2.56862736
1005.42236328	2.56862736
1005.42236328	2.56862736
1005.42639160	2.56862736
1005.43054199	2.56862736
1005.43475342	2.56862736
1005.43475342	2.56862736
1005.43878174	2.56862736
1005.44281006	2.56862736
1005.44683838	2.56862736
1005.44683838	2.56862736
1005.45092773	2.56862736
1005.45507813	2.56862736
1005.45916748	2.56862736
1005.46319580	2.56862736
1005.46734619	2.56862736
1005.46734619	2.56862736
1005.47143555	2.56862736
1005.47558594	2.56862736
1005.47973633	2.56862736
1005.47973633	2.54901958
1005.48376465	2.54901958
1005.48797607	2.54901958
1005.49200439	2.54901958
1005.49200439	2.54901958
1005.49615479	2.54901958
1005.50012207	2.54901958
1005.50421143	2.52941179
1005.50830078	2.52941179
1005.51245117	2.52941179
1005.51245117	2.52941179
1005.51641846	2.52941179
1005.52069092	2.52941179
1005.52471924	2.52941179
1005.52471924	2.52941179
1005.52880859	2.52941179
1005.53283691	2.52941179
1005.53698730	2.52941179
1005.53698730	2.52941179
1005.54113770	2.50980401
1005.54528809	2.50980401
1005.54937744	2.50980401
1005.55340576	2.50980401
1005.55749512	2.50980401
1005.55749512	2.50980401
1005.56164551	2.50980401
1005.56567383	2.50980401
1005.56982422	2.50980401
1005.56982422	2.50980401
1005.57385254	2.50980401
1005.57794189	2.50980401
1005.58209229	2.50980401
1005.58209229	2.50980401
1005.58618164	2.50980401
1005.59020996	2.50980401
1005.59429932	2.50980401
1005.59429932	2.50980401
1005.59844971	2.50980401
1005.60266113	2.50980401
1005.60266113	2.52941179
1005.60675049	2.52941179
1005.61071777	2.52941179
1005.61492920	2.52941179
1005.61492920	2.52941179
1005.61901855	2.52941179
1005.62298584	2.52941179
1005.62713623	2.52941179
1005.62713623	2.52941179
1005.63122559	2.52941179
1005.63537598	2.52941179
1005.63940430	2.52941179
1005.63940430	2.52941179
1005.64343262	2.52941179
1005.64770508	2.52941179
1005.64770508	2.52941179
1005.65179443	2.52941179
1005.65582275	2.52941179
1005.65997314	2.54901958
1005.65997314	2.54901958
1005.66394043	2.54901958
1005.66815186	2.54901958
1005.67224121	2.54901958
1005.67224121	2.54901958
1005.67626953	2.54901958
1005.68035889	2.56862736
1005.68450928	2.56862736
1005.68450928	2.56862736
1005.68859863	2.56862736
1005.69268799	2.56862736
1005.69268799	2.56862736
1005.69671631	2.56862736
1005.70080566	2.56862736
1005.70495605	2.56862736
1005.70495605	2.56862736
1005.70904541	2.56862736
1005.71307373	2.56862736
1005.71716309	2.56862736
1005.71716309	2.56862736
1005.72131348	2.56862736
1005.72546387	2.56862736
1005.72967529	2.56862736
1005.72967529	2.56862736
1005.73376465	2.56862736
1005.73779297	2.56862736
1005.73779297	2.56862736
1005.74194336	2.56862736
1005.74603271	2.56862736
1005.75000000	2.56862736
1005.75000000	2.56862736
1005.75402832	2.56862736
1005.75817871	2.56862736
1005.76232910	2.56862736
1005.76232910	2.56862736
1005.76629639	2.56862736
1005.77044678	2.56862736
1005.77471924	2.56862736
1005.77471924	2.56862736
1005.77868652	2.56862736
1005.78277588	2.56862736
1005.78686523	2.56862736
1005.79107666	2.56862736
1005.79510498	2.56862736
1005.79510498	2.56862736
1005.79925537	2.56862736
1005.80316162	2.56862736
1005.80737305	2.56862736
1005.80737305	2.56862736
1005.81152344	2.56862736
1005.81561279	2.56862736
1005.81970215	2.56862736
1005.81970215	2.56862736
1005.82373047	2.56862736
1005.82781982	2.56862736
1005.83197021	2.56862736
1005.83605957	2.56862736
1005.84008789	2.56862736
1005.84008789	2.56862736
1005.84417725	2.56862736
1005.84838867	2.56862736
1005.85247803	2.56862736
1005.85247803	2.56862736
1005.85650635	2.56862736
1005.86077881	2.56862736
1005.86474609	2.56862736
1005.86474609	2.56862736
1005.86889648	2.56862736
1005.87304688	2.56862736
1005.87701416	2.56862736
1005.88110352	2.56862736
1005.88531494	2.56862736
1005.88531494	2.56862736
1005.88940430	2.56862736
1005.89337158	2.56862736
1005.89752197	2.56862736
1005.89752197	2.56862736
1005.90167236	2.56862736
1005.90582275	2.56862736
1005.90991211	2.56862736
1005.90991211	2.56862736
1005.91381836	2.56862736
1005.91796875	2.56862736
1005.92211914	2.56862736
1005.92620850	2.56862736
1005.93023682	2.56862736
1005.93023682	2.56862736
1005.93432617	2.56862736
1005.93847656	2.56862736
1005.94262695	2.58823538
1005.94262695	2.56862736
1005.94665527	2.58823538
1005.95068359	2.58823538
1005.95483398	2.58823538
1005.95483398	2.58823538
1005.95892334	2.58823538
1005.96307373	2.58823538
1005.96704102	2.58823538
1005.97131348	2.58823538
1005.97534180	2.58823538
1005.97534180	2.58823538
1005.97949219	2.58823538
1005.98345947	2.58823538
1005.98779297	2.58823538
1005.98779297	2.58823538
1005.99176025	2.58823538
1005.99591064	2.58823538
1006.00000000	2.58823538
1006.00000000	2.58823538
1006.00396729	2.58823538
1006.00805664	2.58823538
1006.01220703	2.58823538
1006.01617432	2.58823538
1006.02032471	2.58823538
1006.02032471	2.58823538
1006.02447510	2.58823538
1006.02856445	2.58823538
1006.03265381	2.58823538
1006.03265381	2.58823538
1006.03674316	2.58823538
1006.04089355	2.58823538
1006.04498291	2.58823538
1006.04498291	2.58823538
1006.04913330	2.58823538
1006.05310059	2.56862736
1006.05718994	2.56862736
1006.06134033	2.56862736
1006.06549072	2.56862736
1006.06549072	2.56862736
1006.06951904	2.56862736
1006.07373047	2.56862736
1006.07769775	2.56862736
1006.07769775	2.54901958
1006.08184814	2.54901958
1006.08593750	2.54901958
1006.09008789	2.54901958
1006.09008789	2.54901958
1006.09405518	2.54901958
1006.09820557	2.54901958
1006.10235596	2.52941179
1006.10638428	2.52941179
1006.11047363	2.52941179
1006.11047363	2.52941179
1006.11462402	2.52941179
1006.11877441	2.52941179
1006.12280273	2.52941179
1006.12280273	2.52941179
1006.12683105	2.52941179
1006.13092041	2.52941179
1006.13507080	2.50980401
1006.13507080	2.52941179
1006.13916016	2.50980401
1006.14318848	2.50980401
1006.14727783	2.50980401
1006.14727783	2.50980401
1006.15142822	2.50980401
1006.15563965	2.50980401
1006.15563965	2.50980401
1006.15972900	2.50980401
1006.16375732	2.50980401
1006.16784668	2.50980401
1006.16784668	2.50980401
1006.17193604	2.52941179
1006.17614746	2.52941179
1006.18011475	2.52941179
1006.18011475	2.52941179
1006.18426514	2.52941179
1006.18835449	2.52941179
1006.19250488	2.52941179
1006.19250488	2.52941179
1006.19647217	2.52941179
1006.20068359	2.52941179
1006.20068359	2.52941179
1006.20471191	2.52941179
1006.20880127	2.52941179
1006.21295166	2.52941179
1006.21295166	2.52941179
1006.21691895	2.54901958
1006.22106934	2.54901958
1006.22521973	2.54901958
1006.22521973	2.54901958
1006.22937012	2.54901958
1006.23339844	2.54901958
1006.23748779	2.54901958
1006.23748779	2.54901958
1006.24163818	2.54901958
1006.24578857	2.56862736
1006.24578857	2.56862736
1006.24975586	2.56862736
1006.25384521	2.56862736
1006.25799561	2.56862736
1006.25799561	2.56862736
1006.26202393	2.56862736
1006.26617432	2.56862736
1006.27020264	2.56862736
1006.27020264	2.56862736
1006.27429199	2.56862736
1006.27844238	2.56862736
1006.28259277	2.56862736
1006.28259277	2.56862736
1006.28674316	2.56862736
1006.29071045	2.56862736
1006.29071045	2.58823538
1006.29492188	2.58823538
1006.29901123	2.58823538
1006.30316162	2.58823538
1006.30316162	2.58823538
1006.30712891	2.58823538
1006.31121826	2.58823538
1006.31530762	2.58823538
1006.31530762	2.58823538
1006.31945801	2.58823538
1006.32342529	2.58823538
1006.32769775	2.58823538
1006.32769775	2.58823538
1006.33166504	2.58823538
1006.33581543	2.58823538
1006.33984375	2.58823538
1006.34393311	2.58823538
1006.34808350	2.58823538
1006.34808350	2.58823538
1006.35223389	2.58823538
1006.35626221	2.58823538
1006.36035156	2.58823538
1006.36035156	2.58823538
1006.36450195	2.58823538
1006.36859131	2.58823538
1006.37274170	2.58823538
1006.37274170	2.58823538
1006.37677002	2.58823538
1006.38079834	2.58823538
1006.38494873	2.56862736
1006.38903809	2.56862736
1006.39318848	2.56862736
1006.39318848	2.56862736
1006.39715576	2.56862736
1006.40130615	2.56862736
1006.40545654	2.56862736
1006.40545654	2.56862736
1006.40960693	2.56862736
1006.41375732	2.56862736
1006.41778564	2.56862736
1006.41778564	2.56862736
1006.42181396	2.56862736
1006.42602539	2.56862736
1006.42999268	2.56862736
1006.43408203	2.56862736
1006.43823242	2.56862736
1006.43823242	2.56862736
1006.44238281	2.56862736
1006.44635010	2.56862736
1006.45043945	2.56862736
1006.45043945	2.56862736
1006.45477295	2.56862736
1006.45880127	2.56862736
1006.46289063	2.56862736
1006.46289063	2.56862736
1006.46685791	2.56862736
1006.47100830	2.56862736
1006.47515869	2.56862736
1006.47924805	2.56862736
1006.48333740	2.56862736
1006.48333740	2.56862736
1006.48730469	2.56862736
1006.49145508	2.56862736
1006.49554443	2.56862736
1006.49554443	2.56862736
1006.49969482	2.56862736
1006.50372314	2.56862736
1006.50787354	2.56862736
1006.50787354	2.56862736
1006.51190186	2.56862736
1006.51611328	2.56862736
1006.52008057	2.56862736
1006.52416992	2.56862736
1006.52832031	2.56862736
1006.52832031	2.56862736
1006.53240967	2.56862736
1006.53643799	2.56862736
1006.54077148	2.56862736
1006.54077148	2.56862736
1006.54473877	2.56862736
1006.54888916	2.56862736
1006.55303955	2.56862736
1006.55303955	2.56862736
1006.55700684	2.56862736
1006.56109619	2.56862736
1006.56518555	2.56862736
1006.56927490	2.56862736
1006.57330322	2.56862736
1006.57330322	2.56862736
1006.57745361	2.56862736
1006.58154297	2.56862736
1006.58569336	2.56862736
1006.58569336	2.56862736
1006.58966064	2.56862736
1006.59381104	2.56862736
1006.59796143	2.56862736
1006.59796143	2.56862736
1006.60211182	2.56862736
1006.60626221	2.56862736
1006.61022949	2.56862736
1006.61437988	2.56862736
1006.61853027	2.56862736
1006.61853027	2.56862736
1006.62261963	2.56862736
1006.62670898	2.54901958
1006.63067627	2.54901958
1006.63067627	2.54901958
1006.63482666	2.54901958
1006.63891602	2.54901958
1006.64306641	2.52941179
1006.64306641	2.52941179
1006.64703369	2.52941179
1006.65118408	2.52941179
1006.65533447	2.52941179
1006.65533447	2.52941179
1006.65942383	2.52941179
1006.66345215	2.52941179
1006.66345215	2.50980401
1006.66766357	2.50980401
1006.67169189	2.50980401
1006.67584229	2.50980401
1006.67584229	2.50980401
1006.67987061	2.50980401
1006.68402100	2.50980401
1006.68804932	2.50980401
1006.68804932	2.50980401
1006.69226074	2.50980401
1006.69622803	2.50980401
1006.70031738	2.50980401
1006.70031738	2.50980401
1006.70446777	2.50980401
1006.70855713	2.50980401
1006.70855713	2.50980401
1006.71264648	2.50980401
1006.71667480	2.50980401
1006.72082520	2.50980401
1006.72082520	2.50980401
1006.72491455	2.50980401
1006.72912598	2.50980401
1006.73327637	2.50980401
1006.73327637	2.50980401
1006.73724365	2.50980401
1006.74139404	2.50980401
1006.74548340	2.50980401
1006.74548340	2.50980401
1006.74963379	2.50980401
1006.75366211	2.50980401
1006.75366211	2.50980401
1006.75769043	2.50980401
1006.76177979	2.50980401
1006.76593018	2.50980401
1006.76593018	2.52941179
1006.76989746	2.52941179
1006.77410889	2.52941179
1006.77813721	2.52941179
1006.77813721	2.52941179
1006.78234863	2.52941179
1006.78631592	2.52941179
1006.79046631	2.52941179
1006.79046631	2.52941179
1006.79461670	2.52941179
1006.79876709	2.52941179
1006.79876709	2.52941179
1006.80273438	2.52941179
1006.80688477	2.54901958
1006.81097412	2.54901958
1006.81097412	2.54901958
1006.81506348	2.54901958
1006.81915283	2.54901958
1006.82330322	2.54901958
1006.82330322	2.54901958
1006.82727051	2.54901958
1006.83142090	2.54901958
1006.83557129	2.56862736
1006.83557129	2.56862736
1006.83966064	2.56862736
1006.84368896	2.56862736
1006.84783936	2.56862736
1006.85198975	2.56862736
1006.85607910	2.56862736
1006.85607910	2.56862736
1006.86010742	2.56862736
1006.86425781	2.56862736
1006.86834717	2.56862736
1006.86834717	2.56862736
1006.87249756	2.56862736
1006.87646484	2.56862736
1006.88067627	2.56862736
1006.88067627	2.56862736
1006.88470459	2.56862736
1006.88879395	2.56862736
1006.89294434	2.56862736
1006.89691162	2.56862736
1006.90112305	2.56862736
1006.90112305	2.56862736
1006.90515137	2.56862736
1006.90936279	2.56862736
1006.91339111	2.56862736
1006.91339111	2.56862736
1006.91748047	2.56862736
1006.92156982	2.56862736
1006.92578125	2.56862736
1006.92578125	2.56862736
1006.92974854	2.56862736
1006.93389893	2.56862736
1006.93798828	2.56862736
1006.94213867	2.56862736
1006.94616699	2.56862736
1006.94616699	2.56862736
1006.95019531	2.56862736
1006.95428467	2.56862736
1006.95843506	2.56862736
1006.95843506	2.56862736
1006.96252441	2.56862736
1006.96667480	2.56862736
1006.97064209	2.56862736
1006.97064209	2.56862736
1006.97479248	2.56862736
1006.97900391	2.56862736
1006.98315430	2.56862736
1006.98712158	2.56862736
1006.99121094	2.56862736
1006.99121094	2.56862736
1006.99536133	2.56862736
1006.99951172	2.56862736
1007.00347900	2.56862736
1007.00347900	2.56862736
1007.00769043	2.56862736
1007.01165771	2.56862736
1007.01580811	2.56862736
1007.01580811	2.56862736
1007.01977539	2.56862736
1007.02398682	2.56862736
1007.02801514	2.56862736
1007.03222656	2.56862736
1007.03625488	2.56862736
1007.03625488	2.56862736
1007.04034424	2.56862736
1007.04449463	2.56862736
1007.04858398	2.56862736
1007.04858398	2.56862736
1007.05273438	2.56862736
1007.05670166	2.56862736
1007.06085205	2.56862736
1007.06085205	2.56862736
1007.06494141	2.56862736
1007.06909180	2.56862736
1007.07305908	2.56862736
1007.07720947	2.56862736
1007.08129883	2.56862736
1007.08129883	2.56862736
1007.08544922	2.56862736
1007.08953857	2.56862736
1007.09368896	2.56862736
1007.09368896	2.56862736
1007.09765625	2.56862736
1007.10186768	2.56862736
1007.10601807	2.56862736
1007.10601807	2.56862736
1007.10998535	2.56862736
1007.11413574	2.56862736
1007.11822510	2.56862736
1007.12237549	2.56862736
1007.12646484	2.56862736
1007.12646484	2.56862736
1007.13043213	2.56862736
1007.13464355	2.56862736
1007.13873291	2.56862736
1007.13873291	2.56862736
1007.14288330	2.56862736
1007.14685059	2.56862736
1007.15100098	2.56862736
1007.15100098	2.56862736
1007.15521240	2.56862736
1007.15930176	2.56862736
1007.16326904	2.56862736
1007.16729736	2.56862736
1007.17144775	2.56862736
1007.17144775	2.56862736
1007.17553711	2.56862736
1007.17968750	2.56862736
1007.18365479	2.54901958
1007.18365479	2.54901958
1007.18786621	2.54901958
1007.19201660	2.54901958
1007.19610596	2.54901958
1007.19610596	2.54901958
1007.20007324	2.52941179
1007.20416260	2.52941179
1007.20837402	2.52941179
1007.20837402	2.52941179
1007.21240234	2.52941179
1007.21655273	2.52941179
1007.21655273	2.52941179
1007.22070313	2.52941179
1007.22467041	2.50980401
1007.22882080	2.50980401
1007.22882080	2.50980401
1007.23291016	2.50980401
1007.23693848	2.50980401
1007.24114990	2.50980401
1007.24114990	2.50980401
1007.24523926	2.50980401
1007.24938965	2.50980401
1007.25335693	2.50980401
1007.25335693	2.50980401
1007.25744629	2.50980401
1007.26153564	2.50980401
1007.26153564	2.50980401
1007.26568604	2.50980401
1007.26965332	2.50980401
1007.27380371	2.50980401
1007.27380371	2.50980401
1007.27789307	2.50980401
1007.28204346	2.50980401
1007.28613281	2.50980401
1007.28613281	2.50980401
