749.53601074	3.07843137
749.54003906	3.07843137
749.54418945	3.07843137
749.54418945	3.07843137
749.54827881	3.07843137
749.55242920	3.07843137
749.55657959	3.07843137
749.55657959	3.07843137
749.56054688	3.07843137
749.56463623	3.05882359
749.56872559	3.05882359
749.57275391	3.05882359
749.57684326	3.05882359
749.57684326	3.05882359
749.58099365	3.05882359
749.58514404	3.05882359
749.58929443	3.05882359
749.58929443	3.05882359
749.59338379	3.05882359
749.59741211	3.05882359
749.60156250	3.05882359
749.60156250	3.05882359
749.60571289	3.03921580
749.60968018	3.03921580
749.61383057	3.03921580
749.61383057	3.03921580
749.61791992	3.03921580
749.62207031	3.03921580
749.62207031	3.03921580
749.62622070	3.03921580
749.63018799	3.03921580
749.63439941	3.03921580
749.63439941	3.03921580
749.63836670	3.03921580
749.64251709	3.03921580
749.64660645	3.03921580
749.64660645	3.03921580
749.65063477	3.03921580
749.65472412	3.03921580
749.65887451	3.03921580
749.65887451	3.03921580
749.66284180	3.03921580
749.66705322	3.03921580
749.66705322	3.03921580
749.67120361	3.03921580
749.67535400	3.03921580
749.67944336	3.03921580
749.67944336	3.03921580
749.68347168	3.03921580
749.68756104	3.03921580
749.69171143	3.03921580
749.69171143	3.03921580
749.69580078	3.03921580
749.69976807	3.03921580
749.70385742	3.03921580
749.70385742	3.03921580
749.70800781	3.03921580
749.71215820	3.03921580
749.71215820	3.03921580
749.71612549	3.03921580
749.72039795	3.03921580
749.72436523	3.03921580
749.72436523	3.03921580
749.72845459	3.03921580
749.73272705	3.03921580
749.73669434	3.03921580
749.73669434	3.05882359
749.74084473	3.05882359
749.74493408	3.05882359
749.74908447	3.05882359
749.74908447	3.05882359
749.75299072	3.05882359
749.75714111	3.05882359
749.75714111	3.05882359
749.76123047	3.05882359
749.76538086	3.05882359
749.76947021	3.05882359
749.76947021	3.05882359
749.77349854	3.05882359
749.77758789	3.05882359
749.78179932	3.05882359
749.78179932	3.05882359
749.78588867	3.05882359
749.78991699	3.05882359
749.79406738	3.05882359
749.79406738	3.05882359
749.79815674	3.05882359
749.80224609	3.05882359
749.80645752	3.05882359
749.81042480	3.05882359
749.81457520	3.05882359
749.81457520	3.05882359
749.81860352	3.05882359
749.82275391	3.05882359
749.82672119	3.05882359
749.82672119	3.05882359
749.83087158	3.05882359
749.83502197	3.05882359
749.83911133	3.05882359
749.83911133	3.07843137
749.84307861	3.07843137
749.84741211	3.07843137
749.85144043	3.05882359
749.85559082	3.05882359
749.85968018	3.05882359
749.85968018	3.07843137
749.86364746	3.07843137
749.86779785	3.07843137
749.87194824	3.05882359
749.87194824	3.05882359
749.87609863	3.05882359
749.88000488	3.05882359
749.88415527	3.05882359
749.88415527	3.05882359
749.88824463	3.05882359
749.89233398	3.05882359
749.89636230	3.05882359
749.90051270	3.05882359
749.90460205	3.05882359
749.90460205	3.05882359
749.90875244	3.05882359
749.91284180	3.05882359
749.91693115	3.05882359
749.91693115	3.05882359
749.92108154	3.05882359
749.92523193	3.05882359
749.92932129	3.05882359
749.92932129	3.05882359
749.93347168	3.05882359
749.93743896	3.05882359
749.94158936	3.05882359
749.94567871	3.05882359
749.94976807	3.05882359
749.94976807	3.05882359
749.95373535	3.05882359
749.95788574	3.05882359
749.96197510	3.05882359
749.96197510	3.05882359
749.96612549	3.05882359
749.97015381	3.05882359
749.97436523	3.05882359
749.97436523	3.05882359
749.97845459	3.05882359
749.98254395	3.05882359
749.98657227	3.05882359
749.99066162	3.05882359
749.99481201	3.05882359
749.99481201	3.05882359
749.99896240	3.05882359
750.00286865	3.07843137
750.00701904	3.05882359
750.00701904	3.05882359
750.01110840	3.07843137
750.01525879	3.07843137
750.01934814	3.05882359
750.01934814	3.07843137
750.02337646	3.05882359
750.02752686	3.05882359
750.03161621	3.05882359
750.03576660	3.05882359
750.03985596	3.05882359
750.03985596	3.05882359
750.04388428	3.05882359
750.04803467	3.05882359
750.05218506	3.05882359
750.05218506	3.05882359
750.05633545	3.05882359
750.06042480	3.05882359
750.06439209	3.05882359
750.06439209	3.05882359
750.06848145	3.05882359
750.07263184	3.05882359
750.07659912	3.05882359
750.08074951	3.05882359
750.08483887	3.05882359
750.08483887	3.05882359
750.08898926	3.05882359
750.09295654	3.05882359
750.09716797	3.05882359
750.09716797	3.03921580
750.10131836	3.03921580
750.10546875	3.03921580
750.10955811	3.03921580
750.10955811	3.03921580
750.11352539	3.03921580
750.11767578	3.03921580
750.12182617	3.03921580
750.12591553	3.03921580
750.12994385	3.03921580
750.12994385	3.03921580
750.13409424	3.03921580
750.13818359	3.03921580
750.14233398	3.03921580
750.14233398	3.03921580
750.14642334	3.03921580
750.15045166	3.03921580
750.15460205	3.03921580
750.15460205	3.03921580
750.15875244	3.03921580
750.16278076	3.03921580
750.16674805	3.03921580
750.16674805	3.03921580
750.17089844	3.01960778
750.17498779	3.01960778
750.17498779	3.01960778
750.17913818	3.01960778
750.18316650	3.01960778
750.18737793	3.01960778
750.18737793	3.01960778
750.19140625	3.01960778
750.19549561	3.01960778
750.19958496	3.01960778
750.19958496	3.01960778
750.20367432	3.01960778
750.20776367	3.01960778
750.21185303	3.01960778
750.21185303	3.01960778
750.21600342	3.01960778
750.21997070	3.01960778
750.21997070	3.01960778
750.22412109	3.01960778
750.22827148	3.01960778
750.23242188	3.01960778
750.23242188	3.01960778
750.23632813	3.01960778
750.24047852	3.01960778
750.24468994	3.01960778
750.24468994	3.01960778
750.24877930	3.01960778
750.25286865	3.01960778
750.25683594	3.01960778
750.25683594	3.01960778
750.26098633	3.01960778
750.26513672	3.01960778
750.26513672	3.01960778
750.26922607	3.01960778
750.27337646	3.01960778
750.27734375	3.01960778
750.27734375	3.01960778
750.28155518	3.01960778
750.28558350	3.03921580
750.28979492	3.03921580
750.28979492	3.03921580
750.29382324	3.03921580
750.29791260	3.01960778
750.30206299	3.01960778
750.30206299	3.01960778
750.30603027	3.01960778
750.31018066	3.01960778
750.31018066	3.01960778
750.31439209	3.01960778
750.31835938	3.01960778
750.32250977	3.01960778
750.32250977	3.01960778
750.32647705	3.01960778
750.33062744	3.01960778
750.33471680	3.01960778
750.33471680	3.01960778
750.33886719	3.01960778
750.34283447	3.01960778
750.34704590	3.01960778
750.34704590	3.01960778
750.35113525	3.01960778
750.35528564	3.01960778
750.35943604	3.01960778
750.36340332	3.01960778
750.36755371	3.01960778
750.36755371	3.01960778
750.37164307	3.01960778
750.37579346	3.01960778
750.37982178	3.01960778
750.37982178	3.01960778
750.38385010	3.01960778
750.38800049	3.01960778
750.39215088	3.01960778
750.39215088	3.01960778
750.39611816	3.01960778
750.40039063	3.01960778
750.40435791	3.01960778
750.40850830	3.01960778
750.41265869	3.00000000
750.41265869	3.00000000
750.41668701	3.00000000
750.42077637	3.00000000
750.42492676	3.00000000
750.42492676	3.00000000
750.42907715	3.00000000
750.43298340	3.00000000
750.43719482	3.00000000
750.43719482	3.00000000
750.44134521	3.00000000
750.44537354	3.00000000
750.44946289	3.00000000
750.45349121	3.00000000
750.45758057	3.00000000
750.45758057	3.00000000
750.46173096	3.00000000
750.46588135	3.00000000
750.46997070	3.00000000
750.46997070	3.00000000
750.47399902	3.00000000
750.47814941	3.00000000
750.48229980	3.00000000
750.48229980	3.00000000
750.48645020	3.00000000
750.49041748	3.00000000
750.49456787	3.00000000
750.49871826	3.01960778
750.50286865	3.01960778
750.50286865	3.01960778
750.50677490	3.01960778
750.51086426	3.01960778
750.51501465	3.01960778
750.51501465	3.01960778
750.51910400	3.01960778
750.52313232	3.01960778
750.52734375	3.01960778
750.52734375	3.01960778
750.53137207	3.01960778
750.53552246	3.01960778
750.53967285	3.01960778
750.54364014	3.01960778
750.54772949	3.01960778
750.54772949	3.03921580
750.55187988	3.03921580
750.55603027	3.03921580
750.55999756	3.03921580
750.55999756	3.03921580
750.56408691	3.03921580
750.56829834	3.03921580
750.57232666	3.03921580
750.57232666	3.03921580
750.57635498	3.03921580
750.58050537	3.05882359
750.58465576	3.05882359
750.58868408	3.05882359
750.59289551	3.05882359
750.59289551	3.05882359
750.59686279	3.05882359
750.60101318	3.05882359
750.60510254	3.05882359
750.60510254	3.05882359
750.60925293	3.05882359
750.61340332	3.05882359
750.61743164	3.05882359
750.61743164	3.07843137
750.62145996	3.07843137
750.62561035	3.07843137
750.62976074	3.07843137
750.63378906	3.07843137
750.63787842	3.07843137
750.63787842	3.07843137
750.64196777	3.07843137
750.64611816	3.07843137
750.65014648	3.07843137
750.65014648	3.07843137
750.65441895	3.07843137
750.65832520	3.07843137
750.66253662	3.07843137
750.66253662	3.07843137
750.66650391	3.07843137
750.67077637	3.07843137
750.67474365	3.07843137
750.67883301	3.07843137
750.68298340	3.07843137
750.68298340	3.07843137
750.68707275	3.07843137
750.69116211	3.07843137
750.69531250	3.07843137
750.69531250	3.07843137
750.69946289	3.07843137
750.70336914	3.07843137
750.70751953	3.07843137
750.70751953	3.07843137
750.71166992	3.07843137
750.71575928	3.07843137
750.71984863	3.07843137
750.71984863	3.07843137
750.72387695	3.07843137
750.72808838	3.07843137
750.72808838	3.07843137
750.73223877	3.07843137
750.73620605	3.07843137
750.74041748	3.05882359
750.74041748	3.05882359
750.74438477	3.05882359
750.74847412	3.05882359
750.75262451	3.05882359
750.75262451	3.05882359
750.75671387	3.05882359
750.76074219	3.05882359
750.76495361	3.05882359
750.76495361	3.05882359
750.76898193	3.03921580
750.77319336	3.03921580
750.77319336	3.03921580
750.77716064	3.03921580
750.78125000	3.03921580
750.78540039	3.03921580
750.78540039	3.03921580
750.78948975	3.01960778
750.79357910	3.01960778
750.79772949	3.01960778
750.79772949	3.01960778
750.80175781	3.01960778
750.80584717	3.01960778
750.80999756	3.01960778
750.80999756	3.01960778
750.81402588	3.01960778
750.81811523	3.01960778
750.81811523	3.01960778
750.82232666	3.00000000
750.82635498	3.00000000
750.83038330	3.00000000
750.83038330	3.00000000
750.83459473	3.00000000
750.83862305	3.00000000
750.84283447	3.00000000
750.84283447	3.00000000
750.84674072	3.00000000
750.85083008	3.00000000
750.85498047	3.00000000
750.85498047	3.00000000
750.85906982	3.00000000
750.86322021	3.00000000
750.86737061	3.11764717
750.87133789	3.13725495
750.87548828	3.13725495
750.87548828	3.15686274
750.87945557	3.17647052
750.88360596	3.19607854
750.88769531	3.19607854
750.88769531	3.21568632
750.89184570	3.23529410
750.89593506	3.23529410
750.89996338	3.25490189
750.89996338	3.25490189
750.90405273	3.27450991
750.90826416	3.15686274
750.91235352	3.15686274
750.91638184	3.15686274
750.92047119	3.15686274
750.92047119	3.13725495
750.92462158	3.13725495
750.92871094	3.13725495
750.93286133	3.13725495
750.93286133	3.13725495
750.93688965	3.13725495
750.94097900	3.13725495
750.94519043	3.13725495
750.94519043	3.13725495
750.94934082	3.11764717
750.95343018	3.11764717
750.95745850	3.11764717
750.96154785	3.11764717
750.96569824	3.11764717
750.96569824	3.11764717
750.96972656	3.11764717
750.97369385	3.11764717
750.97784424	3.11764717
750.97784424	3.11764717
750.98199463	3.11764717
750.98614502	3.11764717
750.99011230	3.11764717
750.99011230	3.09803915
750.99438477	3.09803915
750.99841309	3.09803915
751.00256348	3.09803915
751.00653076	3.09803915
751.01062012	3.09803915
751.01062012	3.09803915
751.01477051	3.09803915
751.01885986	3.07843137
751.02301025	3.07843137
751.02301025	3.07843137
751.02697754	3.07843137
751.03112793	3.07843137
751.03521729	3.07843137
751.03521729	3.07843137
751.03942871	3.07843137
751.04339600	3.05882359
751.04742432	3.05882359
751.05163574	3.05882359
751.05578613	3.05882359
751.05578613	3.03921580
751.05975342	3.03921580
751.06390381	3.03921580
751.06799316	3.03921580
751.06799316	3.03921580
751.07208252	3.01960778
751.07623291	3.01960778
751.08032227	3.01960778
751.08032227	3.01960778
751.08435059	3.01960778
751.08850098	3.01960778
751.09259033	3.00000000
751.09661865	3.00000000
751.10076904	3.00000000
751.10076904	3.00000000
751.10485840	3.00000000
751.10894775	3.00000000
751.11309814	2.98039222
751.11309814	2.98039222
751.11706543	2.98039222
751.12127686	2.98039222
751.12542725	2.98039222
751.12542725	2.98039222
751.12939453	2.98039222
751.13348389	2.98039222
751.13757324	2.98039222
751.14178467	2.98039222
751.14587402	2.98039222
751.14587402	2.98039222
751.14990234	2.98039222
751.15399170	2.98039222
751.15814209	2.98039222
751.15814209	2.98039222
751.16229248	2.98039222
751.16644287	2.98039222
751.17041016	2.98039222
751.17041016	2.98039222
751.17456055	2.98039222
751.17864990	2.98039222
751.18280029	2.98039222
751.18676758	2.98039222
751.19085693	2.98039222
751.19085693	2.98039222
751.19494629	2.98039222
751.19909668	2.98039222
751.20324707	2.98039222
751.20324707	2.98039222
751.20733643	2.98039222
751.21136475	2.98039222
751.21545410	2.98039222
751.21545410	2.98039222
751.21948242	3.00000000
751.22357178	3.00000000
751.22778320	3.00000000
751.22778320	3.00000000
751.23193359	3.00000000
751.23608398	3.00000000
751.23608398	3.00000000
751.24005127	3.00000000
751.24414063	3.00000000
751.24829102	3.00000000
751.24829102	3.00000000
751.25244141	3.00000000
751.25634766	3.00000000
751.26043701	3.00000000
751.26043701	3.00000000
751.26464844	3.00000000
751.26873779	3.00000000
751.27288818	3.00000000
751.27288818	3.00000000
751.27685547	3.00000000
751.28106689	3.00000000
751.28106689	3.00000000
751.28509521	3.00000000
751.28924561	3.00000000
751.29345703	3.01960778
751.29345703	3.01960778
751.29736328	3.01960778
751.30157471	3.01960778
751.30566406	3.01960778
751.30566406	3.01960778
751.30969238	3.01960778
751.31378174	3.01960778
751.31787109	3.01960778
751.31787109	3.01960778
751.32196045	3.01960778
751.32611084	3.01960778
751.32611084	3.01960778
751.33007813	3.00000000
751.33441162	3.00000000
751.33837891	3.00000000
751.33837891	3.00000000
751.34252930	3.00000000
751.34649658	3.00000000
751.35070801	3.00000000
751.35070801	3.00000000
751.35473633	3.00000000
751.35888672	3.00000000
751.36303711	2.98039222
751.36303711	2.98039222
751.36706543	2.98039222
751.37115479	2.98039222
751.37115479	2.98039222
751.37518311	2.98039222
751.37933350	2.98039222
751.38348389	2.98039222
751.38348389	2.98039222
751.38745117	2.96078420
751.39160156	2.96078420
751.39575195	2.96078420
751.39575195	2.96078420
751.39971924	2.96078420
751.40386963	2.96078420
751.40802002	2.96078420
751.40802002	2.96078420
751.41217041	2.96078420
751.41632080	2.96078420
751.42041016	2.96078420
751.42443848	2.96078420
751.42852783	2.96078420
751.42852783	2.96078420
751.43267822	2.96078420
751.43664551	2.94117641
751.44079590	2.94117641
751.44079590	2.94117641
751.44488525	2.94117641
751.44897461	2.94117641
751.45312500	2.94117641
751.45312500	2.94117641
751.45709229	2.94117641
751.46124268	2.94117641
751.46533203	2.94117641
751.46936035	2.94117641
751.47344971	2.94117641
751.47344971	2.94117641
751.47760010	2.94117641
751.48181152	2.94117641
751.48590088	2.94117641
751.48590088	2.94117641
751.48992920	2.94117641
751.49401855	2.94117641
751.49816895	2.94117641
751.49816895	2.94117641
751.50231934	2.94117641
751.50634766	2.94117641
751.51031494	2.96078420
751.51446533	2.96078420
751.51861572	2.96078420
751.51861572	2.96078420
751.52276611	2.96078420
751.52673340	2.96078420
751.53082275	2.96078420
751.53082275	2.96078420
751.53497314	2.96078420
751.53912354	2.96078420
751.54327393	2.96078420
751.54327393	2.96078420
751.54742432	2.96078420
751.55145264	2.96078420
751.55554199	2.98039222
751.55957031	2.98039222
751.56359863	2.98039222
751.56359863	2.98039222
751.56774902	2.98039222
751.57183838	2.98039222
751.57598877	2.98039222
751.57598877	2.98039222
751.57995605	2.98039222
751.58410645	3.00000000
751.58819580	3.00000000
751.58819580	3.00000000
751.59234619	3.00000000
751.59637451	3.00000000
751.60052490	3.00000000
751.60467529	3.01960778
751.60876465	3.01960778
751.60876465	3.01960778
751.61279297	3.01960778
751.61688232	3.01960778
751.62103271	3.01960778
751.62103271	3.01960778
751.62512207	3.01960778
751.62921143	3.01960778
751.63336182	3.01960778
751.63336182	3.01960778
751.63732910	3.01960778
751.64147949	3.03921580
751.64556885	3.03921580
751.64959717	3.03921580
751.65368652	3.03921580
751.65368652	3.03921580
751.65789795	3.03921580
751.66204834	3.03921580
751.66619873	3.03921580
751.66619873	3.03921580
751.67010498	3.03921580
751.67431641	3.03921580
751.67840576	3.03921580
751.67840576	3.03921580
751.68255615	3.03921580
751.68652344	3.03921580
751.69067383	3.03921580
751.69476318	3.03921580
751.69885254	3.03921580
751.69885254	3.03921580
751.70281982	3.03921580
751.70697021	3.03921580
751.71112061	3.03921580
751.71112061	3.03921580
751.71527100	3.03921580
751.71936035	3.03921580
751.72332764	3.03921580
751.72332764	3.03921580
751.72753906	3.03921580
751.73162842	3.03921580
751.73577881	3.03921580
751.73577881	3.03921580
751.73980713	3.01960778
751.74395752	3.01960778
751.74395752	3.01960778
751.74804688	3.01960778
751.75219727	3.01960778
751.75622559	3.01960778
751.75622559	3.01960778
751.76031494	3.01960778
751.76434326	3.01960778
751.76849365	3.01960778
751.76849365	3.01960778
751.77258301	3.01960778
751.77661133	3.01960778
751.78082275	3.01960778
751.78082275	3.00000000
751.78485107	3.00000000
751.78900146	3.00000000
751.78900146	3.00000000
751.79302979	3.00000000
751.79711914	3.00000000
751.80145264	3.00000000
751.80145264	3.00000000
751.80535889	3.00000000
751.80957031	3.00000000
751.81353760	3.00000000
751.81353760	3.00000000
751.81762695	3.00000000
751.82171631	3.00000000
751.82586670	3.00000000
751.82586670	3.00000000
751.82983398	3.00000000
751.83398438	3.00000000
751.83398438	3.00000000
751.83807373	3.00000000
751.84222412	3.01960778
751.84631348	3.01960778
751.84631348	3.01960778
751.85040283	3.01960778
751.85455322	3.01960778
751.85864258	3.01960778
751.85864258	3.01960778
751.86279297	3.01960778
751.86688232	3.03921580
751.87097168	3.03921580
751.87097168	3.03921580
751.87506104	3.03921580
751.87921143	3.03921580
751.87921143	3.03921580
751.88317871	3.03921580
751.88739014	3.03921580
751.89141846	3.05882359
751.89141846	3.05882359
751.89556885	3.05882359
751.89959717	3.05882359
751.90368652	3.05882359
751.90368652	3.05882359
751.90777588	3.07843137
751.91192627	3.07843137
751.91613770	3.07843137
751.91613770	3.07843137
751.92004395	3.07843137
751.92407227	3.07843137
751.92407227	3.07843137
751.92822266	3.09803915
751.93237305	3.09803915
751.93652344	3.09803915
751.93652344	3.09803915
751.94055176	3.09803915
751.94464111	3.09803915
751.94879150	3.09803915
751.94879150	3.09803915
751.95269775	3.09803915
751.95684814	3.09803915
751.96099854	3.11764717
751.96099854	3.11764717
751.96514893	3.11764717
751.96923828	3.11764717
751.97338867	3.11764717
751.97735596	3.11764717
751.98144531	3.11764717
751.98144531	3.11764717
751.98559570	3.11764717
751.98968506	3.11764717
751.99377441	3.11764717
751.99377441	3.11764717
751.99786377	3.11764717
752.00207520	3.11764717
752.00610352	3.11764717
752.00610352	3.11764717
752.01007080	3.11764717
752.01434326	3.11764717
752.01837158	3.11764717
752.02246094	3.13725495
752.02661133	3.13725495
752.02661133	3.13725495
752.03063965	3.13725495
752.03472900	3.13725495
752.03887939	3.13725495
752.03887939	3.13725495
752.04290771	3.13725495
752.04705811	3.13725495
752.05114746	3.13725495
752.05114746	3.13725495
752.05529785	3.13725495
752.05944824	3.13725495
752.06341553	3.13725495
752.06750488	3.13725495
752.07159424	3.13725495
752.07159424	3.13725495
752.07574463	3.13725495
752.07971191	3.13725495
752.08386230	3.13725495
752.08386230	3.13725495
752.08795166	3.13725495
752.09210205	3.13725495
752.09619141	3.13725495
752.09619141	3.13725495
752.10040283	3.11764717
752.10437012	3.11764717
752.10852051	3.11764717
752.11267090	3.11764717
752.11682129	3.11764717
752.11682129	3.11764717
752.12078857	3.09803915
752.12487793	3.09803915
752.12896729	3.09803915
752.12896729	3.09803915
752.13293457	3.09803915
752.13708496	3.09803915
752.14135742	3.07843137
752.14135742	3.07843137
752.14532471	3.07843137
752.14947510	3.07843137
752.15344238	3.07843137
752.15759277	3.05882359
752.16180420	3.05882359
752.16180420	3.05882359
752.16595459	3.05882359
752.16992188	3.05882359
752.17401123	3.05882359
752.17401123	3.03921580
752.17816162	3.03921580
752.18231201	3.03921580
752.18640137	3.03921580
752.18640137	3.03921580
752.19042969	3.03921580
752.19458008	3.03921580
752.19873047	3.01960778
752.20281982	3.01960778
752.20678711	3.01960778
752.20678711	3.01960778
752.21093750	3.01960778
752.21508789	3.01960778
752.21923828	3.01960778
752.21923828	3.01960778
752.22320557	3.01960778
752.22735596	3.01960778
752.23138428	3.01960778
752.23138428	3.01960778
752.23547363	3.01960778
752.23962402	3.01960778
752.24359131	3.01960778
752.24780273	3.03921580
752.25183105	3.03921580
752.25183105	3.03921580
752.25598145	3.03921580
752.25994873	3.03921580
752.26403809	3.03921580
752.26403809	3.03921580
752.26824951	3.05882359
752.27233887	3.05882359
752.27648926	3.05882359
752.27648926	3.05882359
752.28045654	3.05882359
752.28460693	3.05882359
752.28869629	3.05882359
752.28869629	3.07843137
752.29272461	3.07843137
752.29693604	3.07843137
752.29693604	3.07843137
752.30102539	3.07843137
752.30511475	3.07843137
752.30926514	3.07843137
752.30926514	3.07843137
752.31341553	3.07843137
752.31738281	3.07843137
752.32147217	3.09803915
752.32147217	3.09803915
752.32562256	3.09803915
752.32958984	3.09803915
752.33374023	3.09803915
752.33374023	3.09803915
752.33782959	3.09803915
752.34197998	3.09803915
752.34197998	3.09803915
752.34606934	3.11764717
752.35015869	3.11764717
752.35443115	3.11764717
752.35443115	3.11764717
752.35845947	3.11764717
752.36254883	3.11764717
752.36669922	3.11764717
752.36669922	3.11764717
752.37066650	3.11764717
752.37487793	3.11764717
752.37884521	3.11764717
752.37884521	3.11764717
752.38287354	3.11764717
752.38702393	3.11764717
752.38702393	3.11764717
752.39111328	3.11764717
752.39520264	3.11764717
752.39935303	3.11764717
752.39935303	3.11764717
752.40332031	3.11764717
752.40747070	3.11764717
752.41162109	3.11764717
752.41162109	3.11764717
752.41577148	3.11764717
752.41979980	3.11764717
752.42388916	3.11764717
752.42388916	3.11764717
752.42803955	3.09803915
752.43218994	3.09803915
752.43218994	3.09803915
752.43615723	3.09803915
752.44042969	3.09803915
752.44439697	3.09803915
752.44439697	3.09803915
752.44848633	3.09803915
752.45257568	3.07843137
752.45660400	3.07843137
752.45660400	3.07843137
752.46069336	3.07843137
752.46484375	3.07843137
752.46893311	3.07843137
752.46893311	3.05882359
752.47296143	3.05882359
752.47705078	3.05882359
752.48132324	3.05882359
752.48541260	3.03921580
752.48956299	3.03921580
752.48956299	3.03921580
752.49353027	3.03921580
752.49761963	3.03921580
752.50170898	3.01960778
752.50170898	3.01960778
752.50585938	3.01960778
752.50982666	3.01960778
752.51403809	3.01960778
752.51403809	3.01960778
752.51806641	3.01960778
752.52221680	3.01960778
752.52630615	3.01960778
752.53033447	3.01960778
752.53448486	3.01960778
752.53448486	3.01960778
752.53863525	3.01960778
752.54278564	3.01960778
752.54675293	3.01960778
752.54675293	3.01960778
752.55090332	3.01960778
752.55505371	3.01960778
752.55920410	3.01960778
752.55920410	3.01960778
752.56317139	3.01960778
752.56732178	3.01960778
752.57135010	3.01960778
752.57543945	3.01960778
752.57958984	3.01960778
752.57958984	3.01960778
752.58361816	3.03921580
752.58770752	3.03921580
752.59185791	3.03921580
752.59185791	3.03921580
752.59594727	3.03921580
752.59997559	3.03921580
752.60412598	3.03921580
752.60412598	3.03921580
752.60827637	3.03921580
752.61236572	3.05882359
752.61639404	3.05882359
752.62048340	3.05882359
752.62463379	3.05882359
752.62463379	3.07843137
752.62872314	3.07843137
752.63269043	3.07843137
752.63684082	3.07843137
752.63684082	3.07843137
752.64093018	3.07843137
752.64508057	3.07843137
752.64923096	3.09803915
752.64923096	3.09803915
752.65338135	3.09803915
752.65734863	3.09803915
752.66149902	3.09803915
752.66564941	3.09803915
752.66979980	3.09803915
752.66979980	3.11764717
752.67376709	3.11764717
752.67791748	3.11764717
752.68206787	3.11764717
752.68206787	3.11764717
752.68597412	3.11764717
752.69006348	3.11764717
752.69433594	3.11764717
752.69433594	3.11764717
752.69836426	3.13725495
752.70245361	3.13725495
752.70648193	3.13725495
752.71057129	3.13725495
752.71472168	3.13725495
752.71472168	3.13725495
752.71887207	3.13725495
752.72290039	3.15686274
752.72705078	3.15686274
752.72705078	3.15686274
752.73114014	3.15686274
752.73522949	3.15686274
752.73944092	3.15686274
752.73944092	3.15686274
752.74340820	3.15686274
752.74749756	3.15686274
752.75164795	3.15686274
752.75573730	3.15686274
752.75988770	3.15686274
752.75988770	3.15686274
752.76379395	3.15686274
752.76800537	3.15686274
752.77209473	3.15686274
752.77209473	3.15686274
752.77612305	3.15686274
752.78033447	3.15686274
752.78436279	3.15686274
752.78436279	3.15686274
752.78845215	3.15686274
752.79260254	3.15686274
752.79669189	3.15686274
752.80078125	3.17647052
752.80487061	3.17647052
752.80487061	3.17647052
752.80902100	3.17647052
752.81304932	3.17647052
752.81713867	3.17647052
752.81713867	3.17647052
752.82122803	3.17647052
752.82537842	3.17647052
752.82946777	3.17647052
752.82946777	3.17647052
752.83349609	3.17647052
752.83758545	3.17647052
752.84173584	3.17647052
752.84173584	3.17647052
752.84594727	3.17647052
752.84997559	3.17647052
752.84997559	3.17647052
752.85406494	3.17647052
752.85815430	3.17647052
752.86230469	3.17647052
752.86230469	3.17647052
752.86639404	3.17647052
752.87042236	3.17647052
752.87451172	3.17647052
752.87451172	3.17647052
752.87866211	3.17647052
752.88281250	3.17647052
752.88677979	3.17647052
752.88677979	3.17647052
752.89080811	3.17647052
752.89501953	3.17647052
752.89501953	3.17647052
752.89910889	3.17647052
752.90313721	3.17647052
752.90734863	3.17647052
752.90734863	3.17647052
752.91137695	3.17647052
752.91552734	3.17647052
752.91961670	3.17647052
752.91961670	3.17647052
752.92364502	3.17647052
752.92773438	3.17647052
752.93188477	3.17647052
752.93188477	3.17647052
752.93597412	3.19607854
752.93994141	3.19607854
752.93994141	3.19607854
752.94403076	3.19607854
752.94824219	3.19607854
752.95233154	3.19607854
752.95233154	3.19607854
752.95635986	3.19607854
752.96044922	3.19607854
752.96472168	3.19607854
752.96472168	3.19607854
752.96875000	3.19607854
752.97290039	3.19607854
752.97692871	3.19607854
752.97692871	3.19607854
752.98095703	3.19607854
752.98516846	3.19607854
752.98516846	3.19607854
752.98919678	3.19607854
752.99340820	3.19607854
752.99743652	3.19607854
752.99743652	3.19607854
753.00152588	3.19607854
753.00592041	3.19607854
753.00982666	3.17647052
753.00982666	3.17647052
753.01385498	3.17647052
753.01794434	3.17647052
753.02203369	3.17647052
753.02203369	3.17647052
753.02618408	3.17647052
753.03021240	3.15686274
753.03442383	3.15686274
753.03833008	3.15686274
753.04248047	3.15686274
753.04248047	3.15686274
753.04644775	3.15686274
753.05059814	3.15686274
753.05468750	3.15686274
753.05468750	3.15686274
753.05883789	3.13725495
753.06292725	3.13725495
753.06701660	3.13725495
753.06701660	3.13725495
753.07110596	3.13725495
753.07519531	3.13725495
753.07934570	3.13725495
753.08337402	3.13725495
753.08746338	3.13725495
753.08746338	3.13725495
753.09161377	3.11764717
753.09570313	3.11764717
753.09991455	3.11764717
753.09991455	3.11764717
753.10388184	3.11764717
753.10803223	3.11764717
753.11218262	3.11764717
753.11218262	3.11764717
753.11614990	3.11764717
753.12042236	3.11764717
753.12438965	3.11764717
753.12847900	3.11764717
753.13256836	3.11764717
753.13256836	3.11764717
753.13659668	3.11764717
753.14068604	3.11764717
753.14483643	3.09803915
753.14483643	3.09803915
753.14898682	3.09803915
753.15295410	3.09803915
753.15710449	3.09803915
753.15710449	3.09803915
753.16125488	3.09803915
753.16540527	3.09803915
753.16955566	3.09803915
753.17352295	3.09803915
753.17767334	3.09803915
753.17767334	3.09803915
753.18182373	3.09803915
753.18585205	3.09803915
753.19000244	3.07843137
753.19000244	3.07843137
753.19396973	3.07843137
753.19812012	3.07843137
753.20220947	3.07843137
753.20220947	3.07843137
753.20635986	3.07843137
753.21032715	3.07843137
753.21459961	3.07843137
753.21856689	3.05882359
753.22271729	3.05882359
753.22271729	3.05882359
753.22674561	3.05882359
753.23089600	3.05882359
753.23504639	3.05882359
753.23504639	3.05882359
753.23913574	3.05882359
753.24316406	3.05882359
753.24743652	3.05882359
753.24743652	3.05882359
753.25140381	3.03921580
753.25555420	3.03921580
753.25964355	3.03921580
753.26354980	3.03921580
753.26770020	3.03921580
753.26770020	3.03921580
753.27178955	3.03921580
753.27600098	3.03921580
753.27996826	3.03921580
753.27996826	3.03921580
753.28411865	3.01960778
753.28820801	3.01960778
753.29241943	3.01960778
753.29241943	3.01960778
753.29638672	3.01960778
753.30053711	3.01960778
753.30462646	3.01960778
753.30877686	3.01960778
753.31292725	3.01960778
753.31292725	3.01960778
753.31683350	3.01960778
753.32098389	3.01960778
753.32507324	3.01960778
753.32507324	3.01960778
753.32922363	3.01960778
753.33331299	3.01960778
753.33734131	3.01960778
753.33734131	3.01960778
753.34149170	3.01960778
753.34558105	3.01960778
753.34973145	3.01960778
753.34973145	3.01960778
753.35369873	3.01960778
753.35791016	3.01960778
753.35791016	3.01960778
753.36206055	3.01960778
753.36614990	3.01960778
753.37011719	3.01960778
753.37011719	3.01960778
753.37426758	3.01960778
753.37835693	3.01960778
753.38244629	3.01960778
753.38244629	3.03921580
753.38647461	3.03921580
753.39056396	3.03921580
753.39471436	3.03921580
753.39471436	3.03921580
753.39880371	3.03921580
753.40295410	3.03921580
753.40295410	3.03921580
753.40692139	3.03921580
753.41113281	3.03921580
753.41528320	3.03921580
753.41528320	3.03921580
753.41937256	3.03921580
753.42340088	3.03921580
753.42749023	3.05882359
753.42749023	3.05882359
753.43164063	3.05882359
753.43579102	3.05882359
753.43988037	3.05882359
753.43988037	3.05882359
753.44378662	3.05882359
753.44799805	3.05882359
753.44799805	3.05882359
753.45208740	3.05882359
753.45623779	3.05882359
753.46032715	3.05882359
753.46032715	3.05882359
753.46435547	3.05882359
753.46844482	3.05882359
753.47259521	3.03921580
753.47259521	3.03921580
753.47662354	3.03921580
753.48077393	3.03921580
753.48486328	3.03921580
753.48486328	3.03921580
753.48901367	3.03921580
753.49316406	3.03921580
753.49316406	3.03921580
753.49719238	3.01960778
753.50128174	3.01960778
753.50543213	3.01960778
753.50543213	3.01960778
753.50952148	3.01960778
753.51342773	3.01960778
753.51763916	3.01960778
753.51763916	3.01960778
753.52166748	3.00000000
753.52587891	3.00000000
753.52996826	3.00000000
753.52996826	3.00000000
753.53399658	3.00000000
753.53808594	3.00000000
753.54223633	3.00000000
753.54638672	3.00000000
753.55041504	3.00000000
753.55041504	3.00000000
753.55450439	3.00000000
753.55865479	3.00000000
753.56280518	3.00000000
753.56280518	2.98039222
753.56671143	2.98039222
753.57086182	2.98039222
753.57495117	2.98039222
753.57495117	2.98039222
753.57910156	2.98039222
753.58319092	2.98039222
753.58734131	2.98039222
753.59130859	2.98039222
753.59545898	2.98039222
753.59545898	2.98039222
753.59942627	2.98039222
753.60363770	2.98039222
753.60778809	2.98039222
753.60778809	2.98039222
753.61193848	2.98039222
753.61596680	2.98039222
753.62005615	2.98039222
753.62005615	2.98039222
753.62414551	3.00000000
753.62823486	3.00000000
753.63232422	3.00000000
753.63641357	2.98039222
753.64044189	2.98039222
753.64044189	2.98039222
753.64459229	2.98039222
753.64874268	2.98039222
753.65283203	2.98039222
753.65283203	2.98039222
753.65679932	2.98039222
753.66101074	2.98039222
753.66516113	3.00000000
753.66516113	3.00000000
753.66931152	3.00000000
753.67340088	3.00000000
753.67736816	3.00000000
753.68151855	3.00000000
753.68566895	3.00000000
753.68566895	3.00000000
753.68957520	3.00000000
753.69366455	3.00000000
753.69787598	3.00000000
753.69787598	3.00000000
753.70196533	3.00000000
753.70611572	3.00000000
753.71008301	3.00000000
753.71008301	3.00000000
753.71429443	3.00000000
753.71832275	3.00000000
753.72247314	3.00000000
753.72650146	3.00000000
753.73071289	3.00000000
753.73071289	3.00000000
753.73474121	3.00000000
753.73889160	3.00000000
753.74304199	3.00000000
753.74304199	3.00000000
753.74700928	3.00000000
753.75115967	3.00000000
753.75524902	3.01960778
753.75524902	3.01960778
753.75933838	3.01960778
753.76330566	3.01960778
753.76745605	3.01960778
753.77154541	3.01960778
753.77569580	3.01960778
753.77569580	3.01960778
753.77972412	3.01960778
753.78381348	3.01960778
753.78796387	3.01960778
753.78796387	3.01960778
753.79211426	3.01960778
753.79626465	3.01960778
753.80041504	3.01960778
753.80041504	3.01960778
753.80438232	3.03921580
753.80853271	3.03921580
753.81268311	3.03921580
753.81658936	3.03921580
753.82073975	3.03921580
753.82073975	3.03921580
753.82482910	3.03921580
753.82897949	3.03921580
753.83306885	3.03921580
753.83306885	3.03921580
753.83709717	3.03921580
753.84118652	3.03921580
753.84533691	3.03921580
753.84533691	3.03921580
753.84942627	3.03921580
753.85351563	3.03921580
753.85760498	3.03921580
753.86169434	3.03921580
753.86590576	3.03921580
753.86590576	3.03921580
753.86987305	3.03921580
753.87402344	3.03921580
753.87811279	3.03921580
753.87811279	3.03921580
753.88220215	3.03921580
753.88635254	3.03921580
753.89031982	3.03921580
753.89031982	3.03921580
753.89447021	3.03921580
753.89862061	3.03921580
753.90270996	3.03921580
753.90270996	3.03921580
753.90667725	3.03921580
753.91082764	3.03921580
753.91082764	3.03921580
753.91497803	3.01960778
753.91912842	3.01960778
753.92327881	3.01960778
753.92327881	3.01960778
753.92742920	3.01960778
753.93139648	3.01960778
753.93554688	3.01960778
753.93554688	3.01960778
753.93945313	3.01960778
753.94354248	3.01960778
753.94769287	3.01960778
753.94769287	3.01960778
753.95184326	3.01960778
753.95593262	3.01960778
753.95593262	3.01960778
753.95996094	3.01960778
753.96405029	3.01960778
753.96820068	3.00000000
753.96820068	3.00000000
753.97235107	3.00000000
753.97637939	3.00000000
753.98052979	3.00000000
753.98052979	3.00000000
753.98461914	3.00000000
753.98876953	3.00000000
753.99291992	3.00000000
753.99291992	2.98039222
753.99694824	2.98039222
754.00103760	2.98039222
754.00103760	2.98039222
754.00518799	2.98039222
754.00933838	2.98039222
754.01342773	2.98039222
754.01342773	2.98039222
754.01745605	2.96078420
754.02154541	2.96078420
754.02563477	2.96078420
754.02563477	2.96078420
754.02966309	2.96078420
754.03381348	2.96078420
754.03790283	2.96078420
754.03790283	2.96078420
754.04199219	2.96078420
754.04614258	2.94117641
754.04614258	2.94117641
754.05023193	2.94117641
754.05438232	2.94117641
754.05834961	2.94117641
754.05834961	2.94117641
754.06250000	2.94117641
754.06646729	2.94117641
754.07061768	2.94117641
754.07061768	2.94117641
754.07476807	2.94117641
754.07891846	2.94117641
754.08306885	2.94117641
754.08306885	2.94117641
754.08697510	2.94117641
754.09112549	2.94117641
754.09527588	2.94117641
754.09936523	2.94117641
754.10339355	2.96078420
754.10339355	2.96078420
754.10754395	2.96078420
754.11163330	2.96078420
754.11578369	2.96078420
754.11578369	2.96078420
754.11981201	2.96078420
754.12390137	2.96078420
754.12805176	2.96078420
754.12805176	2.96078420
754.13220215	2.96078420
754.13629150	2.96078420
754.14038086	2.98039222
754.14440918	2.98039222
754.14849854	2.98039222
754.14849854	2.98039222
754.15258789	2.98039222
754.15655518	2.98039222
754.16070557	2.98039222
754.16070557	3.00000000
754.16485596	3.00000000
754.16894531	3.00000000
754.17309570	3.00000000
754.17309570	3.00000000
754.17712402	3.00000000
754.18121338	3.00000000
754.18542480	3.00000000
754.18945313	3.00000000
754.19342041	3.01960778
754.19342041	3.01960778
754.19757080	3.01960778
754.20172119	3.01960778
754.20581055	3.01960778
754.20581055	3.01960778
754.20983887	3.01960778
754.21398926	3.01960778
754.21807861	3.01960778
754.21807861	3.01960778
754.22222900	3.03921580
754.22637939	3.03921580
754.23040771	3.03921580
754.23449707	3.03921580
754.23864746	3.03921580
754.23864746	3.03921580
754.24279785	3.03921580
754.24676514	3.03921580
754.25085449	3.03921580
754.25085449	3.03921580
754.25500488	3.03921580
754.25909424	3.03921580
754.26318359	3.03921580
754.26318359	3.03921580
754.26733398	3.03921580
754.27130127	3.03921580
754.27545166	3.03921580
754.27941895	3.03921580
754.28356934	3.03921580
754.28356934	3.03921580
754.28771973	3.03921580
754.29187012	3.03921580
754.29602051	3.03921580
754.29602051	3.03921580
754.29998779	3.03921580
754.30413818	3.03921580
754.30828857	3.03921580
754.30828857	3.03921580
754.31237793	3.03921580
754.31640625	3.03921580
754.32049561	3.03921580
754.32452393	3.03921580
754.32873535	3.03921580
754.32873535	3.03921580
754.33282471	3.03921580
754.33685303	3.03921580
754.34094238	3.03921580
754.34094238	3.03921580
754.34509277	3.03921580
754.34918213	3.03921580
754.35333252	3.03921580
754.35333252	3.03921580
754.35729980	3.03921580
754.36151123	3.03921580
754.36566162	3.03921580
754.36956787	3.03921580
754.37371826	3.05882359
754.37371826	3.05882359
754.37786865	3.05882359
754.38195801	3.05882359
754.38610840	3.05882359
754.38610840	3.05882359
754.39007568	3.05882359
754.39428711	3.05882359
754.39831543	3.05882359
754.39831543	3.07843137
754.40246582	3.07843137
754.40643311	3.07843137
754.41058350	3.07843137
754.41058350	3.07843137
754.41473389	3.07843137
754.41888428	3.07843137
754.41888428	3.07843137
754.42303467	3.07843137
754.42700195	3.07843137
754.43109131	3.07843137
754.43109131	3.09803915
754.43530273	3.09803915
754.43933105	3.09803915
754.44329834	3.09803915
754.44329834	3.09803915
754.44744873	3.09803915
754.45153809	3.09803915
754.45568848	3.09803915
754.45568848	3.09803915
754.45971680	3.09803915
754.46380615	3.11764717
754.46380615	3.11764717
754.46795654	3.11764717
754.47210693	3.11764717
754.47625732	3.11764717
754.47625732	3.11764717
754.48040771	3.11764717
754.48437500	3.11764717
754.48852539	3.11764717
754.48852539	3.11764717
754.49267578	3.11764717
754.49664307	3.11764717
754.50073242	3.11764717
754.50073242	3.09803915
754.50482178	3.11764717
754.50897217	3.09803915
754.50897217	3.09803915
754.51293945	3.09803915
754.51708984	3.09803915
754.52130127	3.09803915
754.52130127	3.09803915
754.52532959	3.09803915
754.52941895	3.09803915
754.53350830	3.09803915
754.53350830	3.09803915
754.53759766	3.09803915
754.54180908	3.09803915
754.54589844	3.09803915
754.54589844	3.11764717
754.54986572	3.11764717
754.55401611	3.11764717
754.55401611	3.09803915
754.55816650	3.09803915
754.56225586	3.09803915
754.56640625	3.09803915
754.56640625	3.09803915
754.57043457	3.09803915
754.57458496	3.09803915
754.57867432	3.09803915
754.57867432	3.09803915
754.58276367	3.09803915
754.58679199	3.09803915
754.59094238	3.09803915
754.59094238	3.09803915
754.59503174	3.09803915
754.59906006	3.09803915
754.60308838	3.09803915
754.60729980	3.09803915
754.61132813	3.09803915
754.61132813	3.09803915
754.61541748	3.09803915
754.61950684	3.09803915
754.62365723	3.09803915
754.62365723	3.09803915
754.62768555	3.09803915
754.63183594	3.09803915
754.63592529	3.09803915
754.63592529	3.09803915
754.63995361	3.09803915
754.64404297	3.07843137
754.64819336	3.07843137
754.65234375	3.07843137
754.65643311	3.07843137
754.65643311	3.07843137
754.66046143	3.07843137
754.66461182	3.07843137
754.66876221	3.07843137
754.66876221	3.07843137
754.67285156	3.07843137
754.67681885	3.07843137
754.68090820	3.07843137
754.68090820	3.07843137
754.68505859	3.07843137
754.68920898	3.07843137
754.69329834	3.07843137
754.69744873	3.07843137
754.70141602	3.07843137
754.70141602	3.07843137
754.70556641	3.07843137
754.70953369	3.07843137
754.71368408	3.07843137
754.71368408	3.07843137
754.71783447	3.07843137
754.72198486	3.07843137
754.72613525	3.07843137
754.72613525	3.07843137
754.73010254	3.07843137
754.73437500	3.07843137
754.73840332	3.07843137
754.74255371	3.07843137
754.74664307	3.07843137
754.74664307	3.07843137
754.75061035	3.07843137
754.75469971	3.07843137
754.75885010	3.07843137
754.75885010	3.07843137
754.76281738	3.07843137
754.76696777	3.07843137
754.77105713	3.09803915
754.77105713	3.09803915
754.77520752	3.09803915
754.77929688	3.09803915
754.78338623	3.09803915
754.78753662	3.09803915
754.79168701	3.09803915
754.79168701	3.09803915
754.79577637	3.09803915
754.79974365	3.09803915
754.80389404	3.09803915
754.80389404	3.09803915
754.80804443	3.09803915
754.81219482	3.11764717
754.81634521	3.11764717
754.81634521	3.11764717
754.82043457	3.11764717
754.82446289	3.11764717
754.82855225	3.11764717
754.83264160	3.11764717
754.83666992	3.11764717
754.83666992	3.11764717
754.84082031	3.11764717
754.84490967	3.13725495
754.84906006	3.13725495
754.84906006	3.13725495
754.85302734	3.13725495
754.85717773	3.13725495
754.86138916	3.13725495
754.86138916	3.13725495
754.86535645	3.13725495
754.86944580	3.15686274
754.87347412	3.15686274
754.87756348	3.15686274
754.88177490	3.15686274
754.88177490	3.15686274
754.88592529	3.15686274
754.88989258	3.15686274
754.89398193	3.15686274
754.89398193	3.15686274
754.89807129	3.15686274
754.90228271	3.15686274
754.90637207	3.15686274
754.90637207	3.15686274
754.91040039	3.15686274
754.91448975	3.15686274
754.91864014	3.15686274
754.92279053	3.15686274
754.92675781	3.15686274
754.92675781	3.15686274
754.93090820	3.15686274
754.93505859	3.15686274
754.93920898	3.15686274
754.93920898	3.15686274
754.94317627	3.15686274
754.94750977	3.15686274
754.95141602	3.15686274
754.95141602	3.15686274
754.95550537	3.13725495
754.95965576	3.13725495
754.96368408	3.13725495
754.96368408	3.13725495
754.96777344	3.13725495
754.97186279	3.13725495
754.97186279	3.13725495
754.97601318	3.13725495
754.98004150	3.13725495
754.98413086	3.13725495
754.98413086	3.13725495
754.98815918	3.13725495
754.99237061	3.11764717
754.99645996	3.11764717
754.99645996	3.11764717
755.00048828	3.11764717
755.00463867	3.11764717
755.00872803	3.11764717
755.00872803	3.11764717
755.01275635	3.11764717
755.01690674	3.11764717
755.01690674	3.11764717
755.02099609	3.11764717
755.02514648	3.09803915
755.02929688	3.09803915
755.02929688	3.09803915
755.03338623	3.09803915
755.03741455	3.09803915
755.04150391	3.09803915
755.04150391	3.09803915
755.04565430	3.09803915
755.04968262	3.09803915
755.05377197	3.09803915
755.05377197	3.09803915
755.05792236	3.09803915
755.06207275	3.09803915
755.06207275	3.09803915
755.06622314	3.09803915
755.07019043	3.09803915
755.07446289	3.09803915
755.07446289	3.09803915
755.07836914	3.09803915
755.08251953	3.09803915
755.08666992	3.09803915
755.08666992	3.09803915
755.09069824	3.09803915
755.09478760	3.09803915
755.09887695	3.09803915
755.09887695	3.09803915
755.10290527	3.09803915
755.10699463	3.09803915
755.10699463	3.09803915
755.11108398	3.09803915
755.11517334	3.09803915
755.11932373	3.09803915
755.11932373	3.09803915
755.12329102	3.09803915
755.12744141	3.09803915
755.13159180	3.09803915
755.13159180	3.09803915
755.13568115	3.09803915
755.13970947	3.09803915
755.14379883	3.09803915
755.14379883	3.09803915
755.14801025	3.09803915
755.15203857	3.09803915
755.15618896	3.09803915
755.16027832	3.11764717
755.16436768	3.11764717
755.16436768	3.11764717
755.16851807	3.11764717
755.17260742	3.11764717
755.17675781	3.11764717
755.17675781	3.11764717
755.18072510	3.11764717
755.18481445	3.11764717
755.18896484	3.11764717
755.18896484	3.11764717
755.19293213	3.11764717
755.19708252	3.11764717
755.20117188	3.11764717
755.20532227	3.11764717
755.20947266	3.11764717
755.20947266	3.11764717
755.21343994	3.11764717
755.21759033	3.11764717
755.22174072	3.11764717
755.22174072	3.11764717
755.22589111	3.11764717
755.22985840	3.11764717
755.23400879	3.11764717
755.23400879	3.11764717
755.23809814	3.11764717
755.24224854	3.11764717
755.24633789	3.11764717
755.25030518	3.11764717
755.25445557	3.11764717
755.25445557	3.11764717
755.25866699	3.11764717
755.26275635	3.11764717
755.26678467	3.11764717
755.26678467	3.11764717
755.27087402	3.11764717
755.27502441	3.11764717
755.27917480	3.11764717
755.27917480	3.11764717
755.28314209	3.11764717
755.28741455	3.11764717
755.29138184	3.11764717
755.29553223	3.11764717
755.29968262	3.09803915
755.29968262	3.09803915
755.30364990	3.09803915
755.30773926	3.09803915
755.31188965	3.09803915
755.31188965	3.09803915
755.31604004	3.09803915
755.31994629	3.09803915
755.32409668	3.09803915
755.32409668	3.09803915
755.32818604	3.09803915
755.33233643	3.09803915
755.33630371	3.09803915
755.34045410	3.07843137
755.34460449	3.07843137
755.34460449	3.07843137
755.34869385	3.07843137
755.35284424	3.07843137
755.35681152	3.07843137
755.35681152	3.07843137
755.36096191	3.07843137
755.36511230	3.07843137
755.36926270	3.07843137
755.36926270	3.07843137
755.37335205	3.07843137
755.37738037	3.07843137
755.38146973	3.05882359
755.38555908	3.05882359
755.38970947	3.05882359
755.38970947	3.05882359
755.39367676	3.05882359
755.39794922	3.05882359
755.40191650	3.05882359
755.40191650	3.05882359
755.40606689	3.05882359
755.41003418	3.05882359
755.41430664	3.05882359
755.41430664	3.05882359
755.41839600	3.05882359
755.42248535	3.05882359
755.42651367	3.05882359
755.43060303	3.05882359
755.43475342	3.05882359
755.43475342	3.05882359
755.43884277	3.05882359
755.44287109	3.03921580
755.44689941	3.03921580
755.44689941	3.03921580
755.45104980	3.03921580
755.45520020	3.03921580
755.45928955	3.03921580
755.45928955	3.03921580
755.46331787	3.03921580
755.46746826	3.03921580
755.47161865	3.03921580
755.47161865	3.03921580
755.47576904	3.03921580
755.47991943	3.03921580
755.47991943	3.05882359
755.48388672	3.05882359
755.48797607	3.05882359
755.49212646	3.05882359
755.49212646	3.05882359
755.49615479	3.05882359
755.50030518	3.05882359
755.50433350	3.05882359
755.50433350	3.05882359
755.50842285	3.05882359
755.51257324	3.05882359
755.51654053	3.05882359
755.51654053	3.05882359
755.52069092	3.05882359
755.52478027	3.05882359
755.52478027	3.05882359
755.52893066	3.05882359
755.53295898	3.07843137
755.53710938	3.07843137
755.53710938	3.07843137
755.54125977	3.07843137
755.54541016	3.07843137
755.54949951	3.07843137
755.54949951	3.07843137
755.55346680	3.07843137
755.55761719	3.07843137
755.56176758	3.07843137
755.56176758	3.07843137
755.56591797	3.07843137
755.56994629	3.07843137
755.56994629	3.07843137
755.57391357	3.07843137
755.57806396	3.07843137
755.58215332	3.07843137
755.58215332	3.07843137
755.58630371	3.09803915
755.59027100	3.09803915
755.59442139	3.09803915
755.59442139	3.09803915
755.59857178	3.09803915
755.60272217	3.09803915
755.60675049	3.09803915
755.60675049	3.09803915
755.61090088	3.09803915
755.61499023	3.09803915
755.61499023	3.09803915
755.61914063	3.09803915
755.62310791	3.09803915
755.62738037	3.09803915
755.62738037	3.09803915
755.63134766	3.09803915
755.63543701	3.09803915
755.63958740	3.11764717
755.63958740	3.11764717
755.64355469	3.11764717
755.64770508	3.11764717
755.65179443	3.11764717
755.65179443	3.11764717
755.65594482	3.11764717
755.65991211	3.11764717
755.65991211	3.11764717
755.66412354	3.11764717
755.66827393	3.11764717
755.67236328	3.11764717
755.67236328	3.11764717
755.67639160	3.11764717
755.68048096	3.11764717
755.68463135	3.11764717
755.68463135	3.11764717
755.68865967	3.11764717
755.69281006	3.11764717
755.69677734	3.11764717
755.69677734	3.11764717
755.70092773	3.11764717
755.70501709	3.11764717
755.70922852	3.11764717
755.71331787	3.11764717
755.71734619	3.11764717
755.71734619	3.09803915
755.72143555	3.09803915
755.72558594	3.09803915
755.72979736	3.09803915
755.72979736	3.09803915
755.73376465	3.09803915
755.73785400	3.09803915
755.74200439	3.09803915
755.74200439	3.09803915
755.74615479	3.09803915
755.75006104	3.09803915
755.75433350	3.07843137
755.75830078	3.07843137
755.76245117	3.07843137
755.76245117	3.07843137
755.76641846	3.07843137
755.77056885	3.07843137
755.77465820	3.07843137
755.77465820	3.07843137
755.77880859	3.07843137
755.78283691	3.07843137
755.78698730	3.07843137
755.78698730	3.07843137
755.79113770	3.07843137
755.79522705	3.07843137
755.79937744	3.07843137
755.80334473	3.07843137
755.80749512	3.07843137
755.80749512	3.07843137
755.81158447	3.07843137
755.81573486	3.07843137
755.81982422	3.07843137
755.81982422	3.05882359
755.82379150	3.05882359
755.82794189	3.05882359
755.83209229	3.05882359
755.83209229	3.05882359
755.83605957	3.05882359
755.84033203	3.05882359
755.84429932	3.07843137
755.84844971	3.07843137
755.85260010	3.07843137
755.85260010	3.07843137
755.85662842	3.07843137
755.86077881	3.07843137
755.86480713	3.07843137
755.86480713	3.07843137
755.86895752	3.07843137
755.87298584	3.07843137
755.87713623	3.07843137
755.87713623	3.07843137
755.88122559	3.07843137
755.88531494	3.07843137
755.88940430	3.07843137
755.89343262	3.07843137
755.89758301	3.07843137
755.89758301	3.07843137
755.90167236	3.07843137
755.90582275	3.07843137
755.90997314	3.07843137
755.90997314	3.07843137
755.91394043	3.07843137
755.91815186	3.05882359
755.92224121	3.05882359
755.92224121	3.05882359
755.92639160	3.05882359
755.93035889	3.05882359
755.93450928	3.05882359
755.93865967	3.05882359
755.94274902	3.05882359
755.94274902	3.05882359
755.94665527	3.05882359
755.95080566	3.05882359
755.95489502	3.05882359
755.95489502	3.05882359
755.95904541	3.03921580
755.96307373	3.03921580
755.96734619	3.03921580
755.96734619	3.03921580
755.97131348	3.03921580
755.97552490	3.03921580
755.97961426	3.03921580
755.98358154	3.03921580
755.98773193	3.03921580
755.98773193	3.03921580
755.99188232	3.03921580
755.99603271	3.03921580
755.99993896	3.03921580
755.99993896	3.03921580
756.00402832	3.03921580
756.00817871	3.03921580
756.01226807	3.03921580
756.01226807	3.03921580
756.01629639	3.03921580
756.02044678	3.03921580
756.02453613	3.03921580
756.02453613	3.03921580
756.02868652	3.03921580
756.03283691	3.03921580
756.03283691	3.03921580
756.03686523	3.03921580
756.04101563	3.03921580
756.04516602	3.03921580
756.04516602	3.03921580
756.04925537	3.03921580
756.05340576	3.03921580
756.05737305	3.03921580
756.05737305	3.03921580
756.06152344	3.03921580
756.06561279	3.03921580
756.06982422	3.03921580
756.06982422	3.03921580
756.07379150	3.03921580
756.07788086	3.03921580
756.07788086	3.03921580
756.08197021	3.03921580
756.08612061	3.03921580
756.09014893	3.03921580
756.09014893	3.03921580
756.09442139	3.03921580
756.09838867	3.03921580
756.10241699	3.03921580
756.10241699	3.03921580
756.10644531	3.03921580
756.11053467	3.03921580
756.11474609	3.03921580
756.11474609	3.03921580
756.11877441	3.03921580
756.12292480	3.03921580
756.12292480	3.03921580
756.12695313	3.03921580
756.13110352	3.03921580
756.13519287	3.03921580
756.13519287	3.03921580
756.13928223	3.03921580
756.14331055	3.03921580
756.14752197	3.03921580
756.14752197	3.03921580
756.15155029	3.03921580
756.15570068	3.03921580
756.15979004	3.03921580
756.15979004	3.03921580
756.16381836	3.03921580
756.16796875	3.03921580
756.16796875	3.03921580
756.17211914	3.03921580
756.17626953	3.03921580
756.18035889	3.03921580
756.18035889	3.03921580
756.18438721	3.03921580
756.18853760	3.03921580
756.19256592	3.03921580
756.19256592	3.03921580
756.19653320	3.03921580
756.20074463	3.03921580
756.20477295	3.03921580
756.20477295	3.03921580
756.20892334	3.03921580
756.21301270	3.03921580
756.21704102	3.03921580
756.22119141	3.03921580
756.22534180	3.03921580
756.22534180	3.03921580
756.22949219	3.03921580
756.23345947	3.03921580
756.23760986	3.03921580
756.23760986	3.03921580
756.24176025	3.03921580
756.24591064	3.03921580
756.24993896	3.03921580
756.24993896	3.03921580
756.25396729	3.03921580
756.25805664	3.03921580
756.26214600	3.03921580
756.26629639	3.03921580
756.27026367	3.03921580
756.27026367	3.03921580
756.27441406	3.03921580
756.27856445	3.03921580
756.28271484	3.03921580
756.28271484	3.03921580
756.28674316	3.03921580
756.29089355	3.03921580
756.29498291	3.03921580
756.29498291	3.03921580
756.29913330	3.03921580
756.30328369	3.03921580
756.30737305	3.05882359
756.31140137	3.05882359
756.31549072	3.05882359
756.31549072	3.05882359
756.31958008	3.05882359
756.32360840	3.05882359
756.32763672	3.05882359
756.32763672	3.05882359
756.33184814	3.05882359
756.33593750	3.05882359
756.33996582	3.05882359
756.33996582	3.05882359
756.34405518	3.05882359
756.34820557	3.05882359
756.35229492	3.05882359
756.35632324	3.05882359
756.36047363	3.05882359
756.36047363	3.05882359
756.36462402	3.05882359
756.36877441	3.05882359
756.37286377	3.05882359
756.37286377	3.05882359
756.37683105	3.05882359
756.38092041	3.05882359
756.38507080	3.05882359
756.38507080	3.05882359
756.38916016	3.05882359
756.39331055	3.05882359
756.39727783	3.05882359
756.40142822	3.03921580
756.40551758	3.03921580
756.40551758	3.03921580
756.40954590	3.03921580
756.41369629	3.03921580
756.41784668	3.03921580
756.41784668	3.03921580
756.42193604	3.03921580
756.42596436	3.01960778
756.43011475	3.01960778
756.43011475	3.01960778
756.43438721	3.01960778
756.43835449	3.01960778
756.44244385	3.01960778
756.44641113	3.01960778
756.45056152	3.00000000
756.45056152	3.00000000
756.45465088	3.00000000
756.45880127	3.00000000
756.46289063	3.00000000
756.46289063	3.00000000
756.46691895	3.00000000
756.47100830	3.00000000
756.47521973	3.00000000
756.47521973	3.00000000
756.47937012	3.00000000
756.48339844	3.00000000
756.48748779	3.00000000
756.49163818	3.00000000
756.49578857	3.00000000
756.49578857	3.00000000
756.49987793	2.98039222
756.50384521	2.98039222
756.50793457	2.98039222
756.50793457	2.98039222
756.51208496	2.98039222
756.51605225	2.98039222
756.52032471	2.98039222
756.52032471	2.98039222
756.52429199	2.98039222
756.52844238	2.98039222
756.53253174	2.98039222
756.53656006	2.98039222
756.54071045	2.98039222
756.54071045	2.98039222
756.54486084	2.98039222
756.54901123	2.98039222
756.55310059	2.98039222
756.55310059	2.98039222
756.55712891	2.98039222
756.56127930	2.98039222
756.56536865	2.98039222
756.56536865	3.00000000
756.56939697	3.00000000
756.57342529	3.00000000
756.57751465	3.00000000
756.57751465	3.00000000
756.58166504	3.00000000
756.58575439	3.00000000
756.58575439	3.00000000
756.58984375	3.00000000
756.59393311	3.00000000
756.59808350	3.00000000
756.59808350	3.00000000
756.60217285	3.00000000
756.60632324	3.00000000
756.61035156	3.00000000
756.61035156	3.00000000
756.61444092	3.01960778
756.61865234	3.01960778
756.62274170	3.01960778
756.62274170	3.01960778
756.62670898	3.01960778
756.63085938	3.01960778
756.63085938	3.01960778
756.63494873	3.01960778
756.63903809	3.03921580
756.64318848	3.03921580
756.64318848	3.03921580
756.64727783	3.03921580
756.65130615	3.03921580
756.65539551	3.03921580
756.65539551	3.03921580
756.65942383	3.03921580
756.66357422	3.03921580
756.66772461	3.03921580
756.66772461	3.03921580
756.67187500	3.05882359
756.67602539	3.05882359
756.67602539	3.05882359
756.67999268	3.05882359
756.68408203	3.05882359
756.68823242	3.05882359
756.68823242	3.05882359
756.69232178	3.05882359
756.69628906	3.05882359
756.70050049	3.05882359
756.70050049	3.05882359
756.70465088	3.05882359
756.70874023	3.05882359
756.71289063	3.07843137
756.71289063	3.07843137
756.71685791	3.07843137
756.72100830	3.07843137
756.72100830	3.07843137
756.72515869	3.07843137
756.72924805	3.07843137
756.73339844	3.07843137
756.73339844	3.07843137
756.73736572	3.07843137
756.74151611	3.07843137
756.74566650	3.07843137
756.74566650	3.07843137
756.74963379	3.07843137
756.75378418	3.07843137
756.75793457	3.07843137
756.75793457	3.07843137
756.76202393	3.07843137
756.76611328	3.07843137
756.77008057	3.07843137
756.77429199	3.07843137
756.77838135	3.07843137
756.77838135	3.07843137
756.78253174	3.07843137
756.78649902	3.07843137
756.79064941	3.07843137
756.79064941	3.07843137
756.79479980	3.07843137
756.79895020	3.07843137
756.80303955	3.07843137
756.80303955	3.07843137
756.80700684	3.07843137
756.81115723	3.07843137
756.81530762	3.07843137
756.81939697	3.07843137
756.82336426	3.05882359
756.82336426	3.05882359
756.82751465	3.05882359
756.83166504	3.05882359
756.83581543	3.05882359
756.83581543	3.05882359
756.83972168	3.05882359
756.84387207	3.05882359
756.84820557	3.05882359
756.84820557	3.05882359
756.85205078	3.05882359
756.85620117	3.05882359
756.86029053	3.05882359
756.86431885	3.05882359
756.86846924	3.03921580
756.86846924	3.03921580
756.87255859	3.03921580
756.87658691	3.03921580
756.88073730	3.03921580
756.88073730	3.03921580
756.88482666	3.03921580
756.88891602	3.03921580
756.89306641	3.01960778
756.89306641	3.01960778
756.89703369	3.01960778
756.90118408	3.01960778
756.90527344	3.01960778
756.90942383	3.01960778
756.91345215	3.00000000
756.91345215	3.00000000
756.91760254	3.00000000
756.92175293	3.00000000
756.92590332	3.00000000
756.92590332	3.00000000
756.92987061	3.00000000
756.93395996	3.00000000
756.93811035	3.00000000
756.93811035	3.00000000
756.94219971	3.00000000
756.94635010	2.98039222
756.95031738	2.98039222
756.95440674	2.98039222
756.95855713	2.98039222
756.95855713	2.98039222
756.96264648	2.98039222
756.96667480	2.98039222
756.97076416	2.98039222
756.97076416	2.98039222
756.97497559	2.98039222
756.97912598	3.00000000
756.98327637	3.00000000
756.98327637	3.00000000
756.98736572	3.00000000
756.99139404	3.00000000
756.99548340	3.00000000
756.99951172	3.00000000
757.00354004	3.00000000
757.00354004	3.00000000
757.00762939	3.00000000
757.01177979	3.00000000
757.01593018	3.01960778
757.01593018	3.01960778
757.01995850	3.01960778
757.02404785	3.01960778
757.02819824	3.01960778
757.02819824	3.01960778
757.03228760	3.01960778
757.03631592	3.03921580
757.04052734	3.03921580
757.04461670	3.03921580
757.04876709	3.03921580
757.04876709	3.03921580
757.05273438	3.03921580
757.05688477	3.05882359
757.06091309	3.05882359
757.06091309	3.05882359
757.06500244	3.05882359
757.06909180	3.05882359
757.07330322	3.05882359
757.07330322	3.05882359
757.07727051	3.05882359
757.08142090	3.07843137
757.08551025	3.07843137
757.08551025	3.07843137
757.08953857	3.07843137
757.09362793	3.07843137
757.09362793	3.07843137
757.09783936	3.07843137
757.10198975	3.07843137
757.10614014	3.07843137
757.10614014	3.07843137
757.11010742	3.07843137
757.11431885	3.07843137
757.11834717	3.07843137
757.11834717	3.07843137
757.12249756	3.07843137
757.12646484	3.07843137
757.13061523	3.07843137
757.13061523	3.09803915
757.13470459	3.09803915
757.13879395	3.09803915
757.13879395	3.09803915
757.14282227	3.09803915
757.14691162	3.09803915
757.15106201	3.09803915
757.15106201	3.09803915
757.15515137	3.09803915
757.15930176	3.09803915
757.16326904	3.09803915
757.16326904	3.09803915
757.16748047	3.09803915
757.17163086	3.09803915
757.17578125	3.07843137
757.17578125	3.07843137
757.17974854	3.07843137
757.18383789	3.07843137
757.18383789	3.07843137
757.18798828	3.07843137
757.19201660	3.07843137
757.19616699	3.07843137
757.19616699	3.07843137
757.20031738	3.07843137
757.20428467	3.07843137
757.20843506	3.07843137
757.20843506	3.07843137
757.21252441	3.05882359
757.21655273	3.05882359
757.22064209	3.05882359
757.22064209	3.05882359
757.22485352	3.05882359
757.22900391	3.05882359
757.22900391	3.05882359
757.23297119	3.05882359
757.23712158	3.05882359
757.24139404	3.05882359
757.24139404	3.03921580
757.24536133	3.03921580
757.24938965	3.03921580
757.25354004	3.03921580
757.25354004	3.03921580
757.25750732	3.03921580
757.26165771	3.03921580
757.26580811	3.03921580
757.26580811	3.03921580
757.26977539	3.03921580
757.27392578	3.03921580
757.27807617	3.03921580
757.28216553	3.03921580
757.28631592	3.03921580
757.28631592	3.03921580
757.29034424	3.03921580
757.29449463	3.03921580
757.29864502	3.03921580
757.29864502	3.03921580
757.30273438	3.03921580
757.30670166	3.03921580
757.31079102	3.03921580
757.31079102	3.03921580
757.31494141	3.05882359
757.31903076	3.05882359
757.32305908	3.05882359
757.32727051	3.05882359
757.33148193	3.05882359
757.33148193	3.05882359
757.33538818	3.05882359
757.33953857	3.05882359
757.34350586	3.07843137
757.34350586	3.07843137
757.34771729	3.07843137
757.35186768	3.07843137
757.35601807	3.07843137
757.35601807	3.07843137
757.35998535	3.07843137
757.36413574	3.07843137
757.36822510	3.07843137
757.37237549	3.07843137
757.37646484	3.07843137
757.37646484	3.07843137
757.38049316	3.07843137
757.38452148	3.07843137
757.38861084	3.07843137
757.38861084	3.07843137
757.39288330	3.07843137
757.39685059	3.07843137
757.40093994	3.07843137
757.40093994	3.07843137
757.40502930	3.07843137
757.40924072	3.07843137
757.41339111	3.07843137
757.41735840	3.07843137
757.42150879	3.07843137
757.42150879	3.07843137
757.42565918	3.07843137
757.42962646	3.07843137
757.43377686	3.07843137
757.43377686	3.07843137
757.43780518	3.05882359
757.44201660	3.05882359
757.44610596	3.05882359
757.44610596	3.05882359
757.45019531	3.05882359
757.45440674	3.05882359
757.45837402	3.05882359
757.46252441	3.05882359
757.46661377	3.05882359
757.46661377	3.05882359
757.47070313	3.05882359
757.47479248	3.05882359
757.47894287	3.05882359
757.47894287	3.05882359
757.48297119	3.05882359
757.48699951	3.05882359
757.49108887	3.05882359
757.49108887	3.05882359
757.49523926	3.05882359
757.49938965	3.05882359
757.50335693	3.05882359
757.50744629	3.05882359
757.51159668	3.05882359
757.51159668	3.05882359
757.51574707	3.05882359
757.51977539	3.05882359
757.52386475	3.05882359
757.52386475	3.05882359
757.52801514	3.05882359
757.53216553	3.05882359
757.53625488	3.05882359
757.53625488	3.05882359
757.54040527	3.05882359
757.54425049	3.05882359
757.54846191	3.05882359
757.55255127	3.05882359
757.55657959	3.05882359
757.55657959	3.05882359
757.56072998	3.05882359
757.56481934	3.05882359
757.56890869	3.05882359
757.56890869	3.05882359
757.57293701	3.05882359
757.57702637	3.05882359
757.58129883	3.05882359
757.58129883	3.05882359
757.58532715	3.05882359
757.58941650	3.05882359
757.59344482	3.05882359
757.59753418	3.05882359
757.60168457	3.05882359
757.60168457	3.03921580
757.60589600	3.03921580
757.60986328	3.03921580
757.61401367	3.03921580
757.61401367	3.03921580
757.61810303	3.03921580
757.62225342	3.03921580
757.62634277	3.03921580
757.62634277	3.03921580
757.63037109	3.03921580
757.63452148	3.03921580
757.63861084	3.03921580
757.63861084	3.03921580
757.64276123	3.03921580
757.64672852	3.03921580
757.64672852	3.03921580
757.65087891	3.03921580
757.65502930	3.03921580
757.65911865	3.03921580
757.65911865	3.03921580
757.66302490	3.03921580
757.66729736	3.03921580
757.67126465	3.03921580
757.67126465	3.03921580
757.67541504	3.03921580
757.67938232	3.03921580
757.68359375	3.03921580
757.68359375	3.03921580
757.68774414	3.03921580
757.69177246	3.03921580
757.69177246	3.03921580
757.69592285	3.03921580
757.69989014	3.03921580
757.70404053	3.03921580
757.70404053	3.03921580
757.70812988	3.03921580
757.71228027	3.03921580
757.71643066	3.03921580
757.71643066	3.03921580
757.72039795	3.03921580
757.72454834	3.03921580
757.72875977	3.03921580
757.72875977	3.05882359
757.73284912	3.05882359
757.73687744	3.05882359
757.73687744	3.05882359
757.74096680	3.05882359
757.74511719	3.05882359
757.74920654	3.05882359
757.74920654	3.05882359
757.75329590	3.05882359
757.75726318	3.05882359
757.76141357	3.07843137
757.76141357	3.07843137
757.76556396	3.07843137
757.76953125	3.07843137
757.77368164	3.07843137
757.77368164	3.07843137
757.77777100	3.07843137
757.78192139	3.07843137
757.78192139	3.07843137
757.78607178	3.07843137
757.79010010	3.07843137
757.79437256	3.07843137
757.79437256	3.09803915
757.79833984	3.09803915
757.80242920	3.09803915
757.80664063	3.09803915
757.80664063	3.09803915
757.81060791	3.09803915
757.81475830	3.09803915
757.81878662	3.09803915
757.81878662	3.09803915
757.82281494	3.09803915
757.82690430	3.09803915
757.83111572	3.09803915
757.83514404	3.09803915
757.83929443	3.09803915
757.83929443	3.11764717
757.84326172	3.09803915
757.84747314	3.11764717
757.85162354	3.09803915
757.85162354	3.09803915
757.85571289	3.09803915
757.85974121	3.09803915
757.86383057	3.09803915
757.86383057	3.09803915
757.86798096	3.09803915
757.87213135	3.09803915
757.87622070	3.09803915
757.88037109	3.07843137
757.88433838	3.07843137
757.88433838	3.07843137
757.88836670	3.07843137
757.89251709	3.07843137
757.89654541	3.07843137
757.89654541	3.07843137
757.90069580	3.05882359
757.90478516	3.05882359
757.90893555	3.05882359
757.90893555	3.05882359
757.91290283	3.05882359
757.91711426	3.05882359
757.92120361	3.03921580
757.92535400	3.03921580
757.92950439	3.03921580
757.92950439	3.03921580
757.93347168	3.03921580
757.93762207	3.01960778
757.94165039	3.01960778
757.94165039	3.01960778
757.94580078	3.01960778
757.94976807	3.01960778
757.95391846	3.01960778
757.95391846	3.00000000
757.95800781	3.00000000
757.96215820	3.00000000
757.96624756	3.00000000
757.97027588	3.00000000
757.97448730	3.00000000
757.97448730	3.00000000
757.97863770	3.00000000
757.98272705	3.00000000
757.98675537	2.98039222
757.98675537	2.98039222
757.99084473	2.98039222
757.99493408	2.98039222
757.99914551	2.98039222
757.99914551	2.98039222
758.00305176	3.00000000
758.00726318	3.00000000
758.01129150	3.00000000
758.01538086	3.00000000
758.01953125	3.00000000
758.01953125	3.00000000
758.02349854	3.00000000
758.02764893	3.00000000
758.03179932	3.00000000
758.03179932	3.01960778
758.03594971	3.01960778
758.03997803	3.01960778
758.04406738	3.01960778
758.04406738	3.01960778
758.04815674	3.01960778
758.05236816	3.01960778
758.05645752	3.01960778
758.06048584	3.01960778
758.06457520	3.03921580
758.06457520	3.03921580
758.06866455	3.03921580
758.07281494	3.03921580
758.07678223	3.03921580
758.07678223	3.03921580
758.08093262	3.05882359
758.08502197	3.05882359
758.08917236	3.05882359
758.08917236	3.05882359
758.09326172	3.05882359
758.09729004	3.05882359
758.10144043	3.05882359
758.10559082	3.07843137
758.10974121	3.07843137
758.10974121	3.07843137
758.11370850	3.07843137
758.11785889	3.07843137
758.12200928	3.07843137
758.12200928	3.07843137
758.12609863	3.09803915
758.13006592	3.07843137
758.13427734	3.07843137
758.13427734	3.09803915
758.13824463	3.09803915
758.14245605	3.09803915
758.14660645	3.09803915
758.14660645	3.09803915
758.15063477	3.09803915
758.15472412	3.09803915
758.15472412	3.09803915
758.15887451	3.09803915
758.16290283	3.09803915
758.16699219	3.09803915
758.16699219	3.09803915
758.17108154	3.09803915
758.17517090	3.09803915
758.17926025	3.09803915
758.17926025	3.09803915
758.18328857	3.09803915
758.18743896	3.09803915
758.19158936	3.09803915
758.19158936	3.09803915
758.19567871	3.09803915
758.19976807	3.09803915
758.19976807	3.09803915
758.20385742	3.09803915
758.20794678	3.09803915
758.21203613	3.09803915
758.21203613	3.09803915
758.21606445	3.09803915
758.22027588	3.09803915
758.22430420	3.09803915
758.22430420	3.09803915
758.22839355	3.09803915
758.23254395	3.07843137
758.23669434	3.07843137
758.23669434	3.07843137
758.24072266	3.07843137
758.24481201	3.07843137
758.24481201	3.07843137
758.24896240	3.07843137
758.25292969	3.07843137
758.25701904	3.07843137
758.25701904	3.07843137
758.26116943	3.07843137
758.26531982	3.07843137
758.26940918	3.07843137
758.26940918	3.07843137
758.27337646	3.07843137
758.27752686	3.07843137
758.28161621	3.07843137
758.28161621	3.07843137
758.28582764	3.07843137
758.28997803	3.07843137
758.28997803	3.07843137
758.29400635	3.05882359
758.29803467	3.05882359
758.30224609	3.05882359
758.30224609	3.05882359
758.30633545	3.05882359
758.31036377	3.05882359
758.31445313	3.05882359
758.31445313	3.05882359
758.31854248	3.05882359
758.32269287	3.05882359
758.32666016	3.05882359
758.32666016	3.05882359
758.33087158	3.05882359
758.33489990	3.05882359
758.33905029	3.03921580
758.34301758	3.03921580
758.34729004	3.03921580
758.34729004	3.03921580
758.35131836	3.03921580
758.35546875	3.03921580
758.35955811	3.03921580
758.35955811	3.03921580
758.36352539	3.03921580
758.36767578	3.03921580
758.37176514	3.03921580
758.37176514	3.03921580
758.37597656	3.03921580
758.38012695	3.03921580
758.38409424	3.03921580
758.38824463	3.03921580
758.39239502	3.03921580
758.39239502	3.03921580
758.39636230	3.03921580
758.40051270	3.03921580
758.40460205	3.03921580
758.40460205	3.03921580
758.40875244	3.03921580
758.41278076	3.01960778
758.41674805	3.01960778
758.41674805	3.03921580
758.42089844	3.03921580
758.42504883	3.03921580
758.42913818	3.03921580
758.43328857	3.03921580
758.43731689	3.03921580
758.43731689	3.03921580
758.44152832	3.03921580
758.44555664	3.03921580
758.44964600	3.03921580
758.44964600	3.03921580
758.45367432	3.03921580
758.45776367	3.03921580
758.46191406	3.03921580
758.46191406	3.03921580
758.46600342	3.03921580
758.47003174	3.03921580
758.47424316	3.05882359
758.47833252	3.05882359
758.48242188	3.05882359
758.48242188	3.05882359
758.48645020	3.05882359
758.49060059	3.05882359
758.49468994	3.05882359
758.49468994	3.07843137
758.49884033	3.07843137
758.50280762	3.07843137
758.50689697	3.07843137
758.50689697	3.09803915
758.51104736	3.09803915
758.51513672	3.09803915
758.51928711	3.11764717
758.52325439	3.11764717
758.52740479	3.11764717
758.52740479	3.11764717
758.53155518	3.13725495
758.53570557	3.13725495
758.53985596	3.13725495
758.53985596	3.13725495
758.54382324	3.13725495
758.54791260	3.15686274
758.55206299	3.15686274
758.55206299	3.15686274
758.55621338	3.15686274
758.56036377	3.13725495
758.56433105	3.13725495
758.56842041	3.11764717
758.57250977	3.11764717
758.57250977	3.11764717
758.57653809	3.11764717
758.58062744	3.11764717
758.58477783	3.11764717
758.58477783	3.11764717
758.58892822	3.11764717
758.59289551	3.11764717
758.59704590	3.11764717
758.59704590	3.11764717
758.60125732	3.11764717
758.60534668	3.11764717
758.60949707	3.11764717
758.61346436	3.11764717
758.61761475	3.09803915
758.61761475	3.09803915
758.62176514	3.09803915
758.62585449	3.09803915
758.63000488	3.09803915
758.63000488	3.09803915
758.63391113	3.09803915
758.63800049	3.09803915
758.64215088	3.09803915
758.64215088	3.09803915
758.64624023	3.09803915
758.65026855	3.09803915
758.65441895	3.09803915
758.65850830	3.07843137
758.66265869	3.07843137
758.66265869	3.07843137
758.66668701	3.07843137
758.67083740	3.07843137
758.67498779	3.07843137
758.67498779	3.07843137
758.67913818	3.07843137
758.68310547	3.05882359
758.68731689	3.05882359
758.68731689	3.05882359
758.69134521	3.05882359
758.69549561	3.05882359
758.69952393	3.05882359
758.69952393	3.05882359
758.70355225	3.05882359
758.70764160	3.05882359
758.70764160	3.05882359
758.71179199	3.05882359
758.71588135	3.05882359
758.71990967	3.05882359
758.71990967	3.05882359
758.72399902	3.05882359
758.72814941	3.05882359
758.73236084	3.05882359
758.73236084	3.05882359
758.73632813	3.05882359
758.74047852	3.05882359
758.74456787	3.05882359
758.74456787	3.05882359
758.74871826	3.05882359
758.75280762	3.05882359
758.75280762	3.05882359
758.75677490	3.05882359
758.76086426	3.05882359
758.76501465	3.07843137
758.76501465	3.07843137
758.76916504	3.07843137
758.77325439	3.07843137
758.77728271	3.07843137
758.77728271	3.07843137
758.78143311	3.07843137
758.78558350	3.07843137
758.78973389	3.07843137
758.78973389	3.07843137
758.79370117	3.07843137
758.79779053	3.07843137
758.79779053	3.07843137
758.80200195	3.07843137
758.80609131	3.07843137
758.81011963	3.07843137
758.81011963	3.07843137
758.81427002	3.07843137
758.81829834	3.07843137
758.82238770	3.09803915
758.82238770	3.09803915
758.82641602	3.09803915
758.83050537	3.09803915
758.83465576	3.09803915
758.83465576	3.09803915
758.83874512	3.09803915
758.84289551	3.09803915
758.84289551	3.09803915
758.84692383	3.09803915
758.85107422	3.09803915
758.85522461	3.09803915
758.85522461	3.09803915
758.85937500	3.09803915
758.86334229	3.09803915
758.86743164	3.09803915
758.86743164	3.09803915
758.87158203	3.09803915
758.87567139	3.09803915
758.87976074	3.09803915
758.87976074	3.09803915
758.88378906	3.09803915
758.88787842	3.09803915
758.89202881	3.09803915
758.89611816	3.09803915
758.90026855	3.07843137
758.90026855	3.07843137
758.90423584	3.07843137
758.90844727	3.07843137
758.91259766	3.07843137
758.91259766	3.07843137
758.91656494	3.07843137
758.92071533	3.07843137
758.92486572	3.05882359
758.92486572	3.05882359
758.92895508	3.05882359
758.93310547	3.05882359
758.93707275	3.05882359
758.94122314	3.03921580
758.94525146	3.03921580
758.94525146	3.03921580
758.94940186	3.03921580
758.95349121	3.03921580
758.95764160	3.01960778
758.95764160	3.01960778
758.96173096	3.01960778
758.96582031	3.01960778
758.96997070	3.01960778
758.96997070	3.01960778
758.97399902	3.01960778
758.97808838	3.00000000
758.98223877	3.00000000
758.98632813	3.00000000
758.99035645	3.00000000
758.99035645	3.00000000
758.99450684	3.00000000
758.99865723	3.00000000
759.00268555	3.00000000
759.00268555	2.98039222
759.00677490	2.98039222
759.01086426	2.98039222
759.01495361	2.98039222
759.01495361	2.98039222
759.01910400	2.98039222
759.02325439	2.98039222
759.02734375	2.98039222
759.03131104	2.98039222
759.03546143	2.98039222
759.03546143	2.98039222
759.03948975	2.98039222
759.04357910	2.98039222
759.04766846	2.98039222
759.04766846	2.98039222
759.05187988	2.96078420
759.05596924	2.96078420
759.05999756	2.96078420
759.05999756	2.96078420
759.06408691	2.96078420
759.06817627	2.96078420
759.07226563	2.96078420
759.07635498	2.96078420
759.08050537	2.96078420
759.08050537	2.96078420
759.08459473	2.96078420
759.08874512	2.96078420
759.09283447	2.96078420
759.09283447	2.96078420
759.09686279	2.96078420
759.10101318	2.96078420
759.10504150	2.96078420
759.10504150	2.96078420
759.10919189	2.96078420
759.11328125	2.96078420
759.11730957	2.96078420
759.12145996	2.96078420
759.12554932	2.96078420
759.12554932	2.96078420
759.12951660	2.96078420
759.13366699	2.98039222
759.13775635	2.98039222
759.13775635	2.98039222
759.14190674	2.98039222
759.14605713	2.98039222
759.15002441	2.98039222
759.15002441	2.98039222
759.15429688	2.98039222
759.15826416	2.98039222
759.16241455	2.98039222
759.16644287	3.00000000
759.17059326	3.00000000
759.17059326	3.00000000
759.17474365	3.00000000
759.17883301	3.00000000
759.18292236	3.00000000
759.18292236	3.00000000
759.18695068	3.01960778
759.19110107	3.01960778
759.19525146	3.01960778
759.19525146	3.01960778
759.19940186	3.01960778
759.20336914	3.01960778
759.20745850	3.01960778
759.20745850	3.03921580
759.21160889	3.03921580
759.21575928	3.03921580
759.21575928	3.03921580
759.21978760	3.03921580
759.22375488	3.03921580
759.22790527	3.03921580
759.22790527	3.03921580
759.23205566	3.03921580
759.23602295	3.03921580
759.24029541	3.05882359
759.24029541	3.05882359
759.24426270	3.05882359
759.24847412	3.05882359
759.25256348	3.05882359
759.25256348	3.05882359
759.25653076	3.05882359
759.26062012	3.05882359
759.26062012	3.05882359
759.26483154	3.05882359
759.26892090	3.05882359
759.27301025	3.05882359
759.27301025	3.05882359
759.27703857	3.05882359
759.28112793	3.05882359
759.28527832	3.05882359
759.28527832	3.05882359
759.28942871	3.05882359
759.29345703	3.05882359
759.29760742	3.05882359
759.29760742	3.05882359
759.30169678	3.05882359
759.30584717	3.05882359
759.30584717	3.05882359
759.30981445	3.05882359
759.31390381	3.05882359
759.31805420	3.05882359
759.31805420	3.03921580
759.32214355	3.03921580
759.32623291	3.03921580
759.33026123	3.03921580
759.33026123	3.03921580
759.33441162	3.03921580
759.33850098	3.03921580
759.34265137	3.03921580
759.34265137	3.03921580
759.34667969	3.03921580
759.35083008	3.03921580
759.35083008	3.01960778
759.35498047	3.01960778
759.35913086	3.01960778
759.36322021	3.01960778
759.36322021	3.01960778
759.36737061	3.01960778
759.37133789	3.00000000
759.37542725	3.00000000
759.37542725	3.00000000
759.37951660	3.00000000
759.38354492	3.00000000
759.38763428	3.00000000
759.38763428	2.98039222
759.39178467	2.98039222
759.39587402	2.98039222
759.39587402	2.98039222
759.39990234	2.98039222
759.40399170	2.96078420
759.40814209	2.96078420
759.40814209	2.96078420
759.41235352	2.96078420
759.41632080	2.96078420
759.42047119	2.94117641
759.42047119	2.94117641
759.42456055	2.94117641
759.42871094	2.94117641
759.43286133	2.94117641
759.43286133	2.94117641
759.43682861	2.94117641
759.44091797	2.94117641
759.44500732	2.94117641
759.44915771	2.94117641
759.45324707	2.94117641
759.45324707	2.94117641
759.45727539	2.94117641
759.46136475	2.94117641
759.46551514	2.92156863
759.46551514	2.92156863
759.46954346	2.94117641
759.47363281	2.94117641
759.47778320	2.94117641
759.47778320	2.94117641
759.48193359	2.94117641
759.48608398	2.94117641
759.49005127	2.94117641
759.49432373	2.94117641
759.49835205	2.94117641
759.49835205	2.94117641
759.50238037	2.94117641
759.50640869	2.94117641
759.51049805	2.96078420
759.51049805	2.96078420
759.51464844	2.96078420
759.51873779	2.96078420
759.52288818	2.96078420
759.52288818	2.96078420
759.52685547	2.98039222
759.53112793	2.98039222
759.53515625	2.98039222
759.53930664	2.98039222
759.54345703	2.98039222
759.54345703	3.00000000
759.54754639	3.00000000
759.55157471	3.00000000
759.55572510	3.00000000
759.55572510	3.00000000
759.55969238	3.00000000
759.56378174	3.00000000
759.56793213	3.01960778
759.56793213	3.01960778
759.57202148	3.01960778
759.57617188	3.01960778
759.58026123	3.01960778
759.58428955	3.01960778
759.58837891	3.01960778
759.58837891	3.03921580
759.59252930	3.03921580
759.59655762	3.03921580
759.60064697	3.03921580
759.60064697	3.03921580
759.60485840	3.03921580
759.60894775	3.03921580
759.61309814	3.03921580
759.61309814	3.03921580
759.61706543	3.05882359
759.62133789	3.05882359
759.62530518	3.05882359
759.62939453	3.05882359
759.63342285	3.05882359
759.63342285	3.05882359
759.63751221	3.05882359
759.64166260	3.05882359
759.64575195	3.05882359
759.64575195	3.05882359
759.64978027	3.05882359
759.65386963	3.07843137
759.65802002	3.07843137
759.65802002	3.07843137
759.66223145	3.07843137
759.66638184	3.07843137
759.67034912	3.07843137
759.67443848	3.07843137
759.67858887	3.07843137
759.67858887	3.07843137
759.68273926	3.07843137
759.68670654	3.07843137
759.69079590	3.05882359
759.69079590	3.05882359
759.69494629	3.05882359
759.69909668	3.05882359
759.70324707	3.05882359
759.70324707	3.05882359
759.70733643	3.05882359
759.71136475	3.05882359
759.71545410	3.05882359
759.71948242	3.05882359
759.72363281	3.05882359
759.72363281	3.03921580
759.72766113	3.03921580
759.73181152	3.03921580
759.73590088	3.03921580
759.73590088	3.03921580
759.73986816	3.03921580
759.74401855	3.03921580
759.74816895	3.03921580
759.74816895	3.03921580
759.75231934	3.03921580
759.75628662	3.03921580
759.76037598	3.01960778
759.76037598	3.01960778
759.76452637	3.01960778
759.76867676	3.01960778
759.76867676	3.01960778
759.77276611	3.01960778
759.77673340	3.01960778
759.78088379	3.01960778
759.78088379	3.01960778
759.78503418	3.01960778
759.78918457	3.01960778
759.79333496	3.01960778
759.79333496	3.01960778
759.79730225	3.01960778
759.80145264	3.01960778
759.80554199	3.01960778
759.80554199	3.01960778
759.80957031	3.01960778
759.81372070	3.01960778
759.81372070	3.01960778
759.81781006	3.01960778
759.82189941	3.01960778
759.82604980	3.00000000
759.82604980	3.00000000
759.83001709	3.00000000
759.83416748	3.01960778
759.83825684	3.00000000
759.83825684	3.01960778
759.84240723	3.01960778
759.84637451	3.01960778
759.85058594	3.01960778
759.85058594	3.01960778
759.85467529	3.01960778
759.85882568	3.01960778
759.85882568	3.01960778
759.86297607	3.01960778
759.86694336	3.01960778
759.87109375	3.01960778
759.87109375	3.01960778
759.87512207	3.01960778
759.87927246	3.01960778
759.88323975	3.01960778
759.88323975	3.01960778
759.88739014	3.01960778
759.89147949	3.01960778
759.89562988	3.01960778
759.89562988	3.00000000
759.89965820	3.00000000
759.90374756	3.00000000
759.90374756	3.00000000
759.90789795	3.00000000
759.91210938	3.00000000
759.91619873	3.00000000
759.91619873	3.00000000
759.92034912	3.00000000
759.92437744	3.00000000
759.92846680	3.00000000
759.92846680	3.00000000
759.93261719	3.00000000
759.93658447	3.00000000
759.94067383	3.00000000
759.94067383	3.00000000
759.94476318	3.00000000
759.94891357	3.00000000
759.95288086	3.00000000
759.95703125	3.00000000
759.96130371	3.00000000
759.96130371	3.00000000
759.96527100	3.00000000
759.96936035	3.00000000
759.97338867	3.00000000
759.97338867	3.00000000
759.97753906	3.00000000
759.98168945	3.00000000
759.98583984	3.00000000
759.98583984	3.00000000
759.98980713	3.00000000
759.99395752	3.00000000
759.99804688	3.00000000
760.00219727	3.00000000
760.00628662	3.00000000
760.00628662	3.00000000
760.01025391	3.00000000
760.01440430	3.00000000
760.01849365	3.01960778
760.01849365	3.01960778
760.02264404	3.01960778
760.02661133	3.01960778
760.03076172	3.01960778
760.03076172	3.01960778
760.03491211	3.01960778
760.03900146	3.01960778
760.04302979	3.01960778
760.04730225	3.01960778
760.05133057	3.01960778
760.05133057	3.01960778
760.05548096	3.01960778
760.05944824	3.01960778
760.06359863	3.01960778
760.06359863	3.01960778
760.06768799	3.01960778
760.07177734	3.01960778
760.07586670	3.01960778
760.07586670	3.01960778
760.07989502	3.01960778
760.08404541	3.01960778
760.08813477	3.01960778
760.09228516	3.01960778
760.09637451	3.01960778
760.09637451	3.01960778
760.10046387	3.01960778
760.10461426	3.01960778
760.10870361	3.00000000
760.10870361	3.00000000
760.11285400	3.00000000
760.11682129	3.00000000
760.12091064	3.00000000
760.12091064	3.00000000
760.12500000	3.00000000
760.12915039	3.00000000
760.13330078	3.00000000
760.13726807	3.00000000
760.14135742	3.00000000
760.14135742	3.00000000
760.14550781	3.00000000
760.14953613	3.00000000
760.15362549	3.00000000
760.15362549	3.00000000
760.15777588	3.00000000
760.16198730	3.00000000
760.16607666	3.00000000
760.16607666	3.00000000
760.17004395	3.00000000
760.17425537	3.00000000
760.17834473	3.00000000
760.18243408	3.00000000
760.18658447	3.00000000
760.18658447	3.01960778
760.19061279	3.01960778
760.19464111	3.01960778
760.19879150	3.01960778
760.19879150	3.01960778
760.20275879	3.01960778
760.20690918	3.01960778
760.21099854	3.01960778
760.21099854	3.01960778
760.21514893	3.01960778
760.21923828	3.01960778
760.22326660	3.03921580
760.22735596	3.03921580
760.23156738	3.03921580
760.23156738	3.03921580
760.23571777	3.03921580
760.23968506	3.03921580
760.24383545	3.03921580
760.24383545	3.03921580
760.24792480	3.03921580
760.25207520	3.03921580
760.25616455	3.05882359
760.25616455	3.05882359
760.26025391	3.05882359
760.26428223	3.05882359
760.26849365	3.05882359
760.26849365	3.05882359
760.27258301	3.05882359
760.27673340	3.05882359
760.27673340	3.05882359
760.28070068	3.05882359
760.28491211	3.07843137
760.28894043	3.07843137
760.28894043	3.07843137
760.29296875	3.07843137
760.29699707	3.07843137
760.30126953	3.07843137
760.30126953	3.07843137
760.30523682	3.07843137
760.30938721	3.07843137
760.31347656	3.07843137
760.31347656	3.07843137
760.31756592	3.07843137
760.32165527	3.07843137
760.32165527	3.07843137
760.32580566	3.07843137
760.32977295	3.09803915
760.33398438	3.09803915
760.33398438	3.09803915
760.33801270	3.09803915
760.34216309	3.09803915
760.34631348	3.09803915
760.34631348	3.09803915
760.35028076	3.09803915
760.35443115	3.09803915
760.35858154	3.09803915
760.35858154	3.09803915
760.36273193	3.09803915
760.36682129	3.09803915
760.36682129	3.09803915
760.37078857	3.09803915
760.37487793	3.09803915
760.37902832	3.07843137
760.37902832	3.07843137
760.38299561	3.07843137
760.38726807	3.07843137
760.39123535	3.07843137
760.39123535	3.07843137
760.39538574	3.05882359
760.39953613	3.05882359
760.40350342	3.05882359
760.40350342	3.05882359
760.40765381	3.03921580
760.41180420	3.03921580
760.41180420	3.03921580
760.41595459	3.03921580
760.41992188	3.03921580
760.42401123	3.01960778
760.42401123	3.01960778
760.42816162	3.01960778
760.43231201	3.01960778
760.43646240	3.01960778
760.43646240	3.01960778
760.44042969	3.00000000
760.44464111	3.00000000
760.44873047	3.00000000
760.44873047	3.00000000
760.45288086	3.00000000
760.45684814	3.00000000
760.46093750	3.00000000
760.46520996	3.00000000
760.46923828	2.98039222
760.46923828	2.98039222
760.47332764	2.98039222
760.47729492	2.98039222
760.48150635	2.98039222
760.48150635	2.98039222
760.48553467	2.98039222
760.48950195	2.98039222
760.49371338	2.98039222
760.49371338	2.98039222
760.49780273	2.98039222
760.50189209	2.98039222
760.50604248	2.98039222
760.51000977	2.98039222
760.51434326	2.98039222
760.51434326	2.98039222
760.51824951	2.98039222
760.52239990	2.98039222
760.52648926	2.98039222
760.52648926	2.98039222
760.53051758	2.98039222
760.53466797	2.98039222
760.53881836	2.98039222
760.53881836	2.98039222
760.54284668	3.00000000
760.54693604	3.00000000
760.55108643	3.00000000
760.55511475	3.00000000
760.55926514	3.00000000
760.55926514	3.00000000
760.56329346	3.00000000
760.56750488	3.00000000
760.57159424	3.00000000
760.57159424	3.01960778
760.57568359	3.01960778
760.57971191	3.01960778
760.58386230	3.01960778
760.58386230	3.01960778
760.58801270	3.01960778
760.59210205	3.01960778
760.59613037	3.03921580
760.60028076	3.03921580
760.60424805	3.03921580
760.60424805	3.03921580
760.60839844	3.03921580
760.61254883	3.03921580
760.61669922	3.03921580
760.61669922	3.05882359
760.62066650	3.05882359
760.62475586	3.05882359
760.62890625	3.05882359
760.62890625	3.05882359
760.63293457	3.05882359
760.63702393	3.05882359
760.64111328	3.05882359
760.64526367	3.05882359
760.64941406	3.07843137
760.64941406	3.07843137
760.65338135	3.07843137
760.65753174	3.07843137
760.66168213	3.07843137
760.66168213	3.07843137
760.66583252	3.07843137
760.66979980	3.07843137
760.67395020	3.07843137
760.67395020	3.07843137
760.67803955	3.07843137
760.68212891	3.07843137
760.68627930	3.07843137
760.69030762	3.09803915
760.69433594	3.09803915
760.69433594	3.09803915
760.69848633	3.09803915
760.70263672	3.09803915
760.70678711	3.09803915
760.70678711	3.09803915
760.71075439	3.09803915
760.71490479	3.09803915
760.71899414	3.09803915
760.71899414	3.09803915
760.72302246	3.09803915
760.72729492	3.09803915
760.73126221	3.07843137
760.73541260	3.07843137
760.73956299	3.07843137
760.73956299	3.07843137
760.74353027	3.07843137
760.74761963	3.07843137
760.75177002	3.07843137
760.75177002	3.07843137
760.75592041	3.07843137
760.75988770	3.07843137
760.76397705	3.07843137
760.76397705	3.07843137
760.76812744	3.07843137
760.77227783	3.07843137
760.77636719	3.05882359
760.78039551	3.05882359
760.78448486	3.05882359
760.78448486	3.05882359
760.78869629	3.05882359
760.79284668	3.05882359
760.79681396	3.05882359
760.79681396	3.03921580
760.80096436	3.03921580
760.80499268	3.03921580
760.80920410	3.03921580
760.80920410	3.03921580
760.81335449	3.03921580
760.81732178	3.03921580
760.82135010	3.03921580
760.82135010	3.03921580
760.82550049	3.01960778
760.82958984	3.01960778
760.82958984	3.01960778
760.83361816	3.01960778
760.83776855	3.01960778
760.84191895	3.01960778
760.84191895	3.01960778
760.84600830	3.01960778
760.85003662	3.01960778
760.85430908	3.01960778
760.85430908	3.01960778
760.85833740	3.01960778
760.86248779	3.01960778
760.86657715	3.01960778
760.86657715	3.01960778
760.87054443	3.01960778
760.87463379	3.01960778
760.87463379	3.01960778
760.87878418	3.01960778
760.88287354	3.01960778
760.88690186	3.01960778
760.88690186	3.01960778
760.89099121	3.01960778
760.89514160	3.01960778
760.89923096	3.01960778
760.89923096	3.01960778
760.90325928	3.01960778
760.90734863	3.01960778
760.91156006	3.01960778
760.91156006	3.01960778
760.91571045	3.01960778
760.91986084	3.01960778
760.91986084	3.01960778
760.92382813	3.01960778
760.92791748	3.01960778
760.93206787	3.01960778
760.93206787	3.01960778
760.93621826	3.01960778
760.94036865	3.01960778
760.94427490	3.00000000
760.94427490	3.00000000
760.94842529	3.00000000
760.95251465	3.00000000
760.95666504	3.00000000
760.95666504	3.00000000
760.96063232	3.00000000
760.96478271	3.00000000
760.96478271	3.00000000
760.96887207	3.00000000
760.97290039	3.00000000
760.97698975	3.00000000
760.97698975	3.00000000
760.98120117	3.00000000
760.98535156	3.00000000
760.98944092	3.00000000
760.98944092	3.00000000
760.99340820	3.00000000
760.99768066	3.00000000
761.00170898	3.00000000
761.00170898	3.00000000
761.00579834	3.01960778
761.00976563	3.01960778
761.01385498	3.01960778
761.01800537	3.01960778
761.02215576	3.01960778
761.02215576	3.01960778
761.02624512	3.01960778
761.03027344	3.01960778
761.03436279	3.01960778
761.03436279	3.01960778
761.03851318	3.01960778
761.04272461	3.03921580
761.04669189	3.03921580
761.04669189	3.03921580
761.05078125	3.03921580
761.05493164	3.03921580
761.05908203	3.03921580
761.06304932	3.03921580
761.06732178	3.03921580
761.06732178	3.03921580
761.07122803	3.05882359
761.07537842	3.05882359
761.07946777	3.05882359
761.07946777	3.05882359
761.08349609	3.05882359
761.08764648	3.05882359
761.09173584	3.05882359
761.09173584	3.05882359
761.09588623	3.05882359
761.09991455	3.05882359
761.10406494	3.07843137
761.10821533	3.07843137
761.11236572	3.07843137
761.11236572	3.07843137
761.11633301	3.07843137
761.12042236	3.07843137
761.12457275	3.07843137
761.12457275	3.07843137
761.12866211	3.07843137
761.13275146	3.07843137
761.13677979	3.07843137
761.13677979	3.07843137
761.14086914	3.07843137
761.14501953	3.07843137
761.14910889	3.07843137
761.15325928	3.07843137
761.15722656	3.05882359
761.15722656	3.05882359
761.16143799	3.05882359
761.16552734	3.05882359
761.16967773	3.05882359
761.16967773	3.05882359
761.17370605	3.05882359
761.17779541	3.05882359
761.18194580	3.05882359
761.18194580	3.05882359
761.18597412	3.05882359
761.19000244	3.05882359
761.19421387	3.03921580
761.19836426	3.03921580
761.20245361	3.03921580
761.20245361	3.03921580
761.20642090	3.03921580
761.21057129	3.03921580
761.21478271	3.03921580
761.21478271	3.03921580
761.21887207	3.03921580
761.22296143	3.03921580
761.22686768	3.03921580
761.22686768	3.03921580
761.23107910	3.03921580
761.23516846	3.03921580
761.23925781	3.03921580
761.24328613	3.01960778
761.24743652	3.01960778
761.24743652	3.01960778
761.25158691	3.01960778
761.25561523	3.01960778
761.25976563	3.01960778
761.25976563	3.01960778
761.26373291	3.01960778
761.26788330	3.01960778
761.27197266	3.01960778
761.27197266	3.01960778
761.27612305	3.01960778
761.28021240	3.01960778
761.28424072	3.01960778
761.28839111	3.03921580
761.29260254	3.03921580
761.29260254	3.03921580
761.29656982	3.03921580
761.30072021	3.03921580
761.30480957	3.03921580
761.30480957	3.03921580
761.30895996	3.03921580
761.31292725	3.03921580
761.31701660	3.03921580
761.31701660	3.03921580
761.32110596	3.03921580
761.32525635	3.03921580
761.32934570	3.05882359
761.33337402	3.05882359
761.33746338	3.05882359
761.33746338	3.05882359
761.34161377	3.05882359
761.34576416	3.05882359
761.34991455	3.05882359
761.34991455	3.05882359
761.35394287	3.05882359
761.35809326	3.05882359
761.36218262	3.05882359
761.36218262	3.05882359
761.36633301	3.05882359
761.37030029	3.07843137
761.37445068	3.07843137
761.37445068	3.07843137
761.37847900	3.07843137
761.38256836	3.07843137
761.38256836	3.07843137
761.38659668	3.07843137
761.39074707	3.07843137
761.39489746	3.07843137
761.39489746	3.07843137
761.39898682	3.07843137
761.40301514	3.09803915
761.40722656	3.09803915
761.40722656	3.09803915
761.41125488	3.09803915
761.41546631	3.09803915
761.41955566	3.09803915
761.41955566	3.09803915
761.42352295	3.09803915
761.42767334	3.09803915
761.42767334	3.09803915
761.43182373	3.09803915
761.43585205	3.09803915
761.43994141	3.09803915
761.43994141	3.09803915
761.44390869	3.09803915
761.44812012	3.09803915
761.45220947	3.09803915
761.45220947	3.09803915
761.45623779	3.07843137
761.46038818	3.07843137
761.46447754	3.07843137
761.46447754	3.07843137
761.46862793	3.05882359
761.47277832	3.05882359
761.47277832	3.05882359
761.47680664	3.05882359
761.48095703	3.05882359
761.48510742	3.03921580
761.48510742	3.03921580
761.48919678	3.03921580
761.49334717	3.03921580
761.49731445	3.01960778
761.49731445	3.01960778
761.50146484	3.01960778
761.50549316	3.01960778
761.50964355	3.01960778
761.50964355	3.00000000
761.51361084	3.00000000
761.51776123	3.00000000
761.51776123	3.00000000
761.52185059	3.00000000
761.52600098	3.00000000
761.52996826	3.00000000
761.52996826	2.98039222
761.53430176	2.98039222
761.53820801	2.98039222
761.54241943	2.98039222
761.54241943	2.98039222
761.54644775	2.98039222
761.55059814	2.98039222
761.55468750	2.98039222
761.55468750	2.98039222
761.55883789	2.98039222
761.56292725	2.96078420
761.56689453	2.96078420
761.57098389	2.96078420
761.57513428	2.96078420
761.57513428	2.96078420
761.57922363	2.96078420
761.58325195	2.96078420
761.58740234	2.96078420
761.58740234	2.96078420
761.59155273	2.96078420
761.59564209	2.96078420
761.59979248	2.96078420
761.59979248	2.96078420
761.60375977	2.96078420
761.60791016	2.96078420
761.61206055	2.96078420
761.61621094	2.96078420
761.62030029	2.96078420
761.62030029	2.96078420
761.62432861	2.96078420
761.62841797	2.96078420
761.63250732	2.96078420
761.63250732	2.96078420
761.63647461	2.96078420
761.64062500	2.98039222
761.64477539	2.98039222
761.64477539	2.98039222
761.64886475	2.98039222
761.65301514	2.98039222
761.65698242	2.98039222
761.66113281	2.98039222
761.66528320	2.98039222
761.66528320	2.98039222
761.66943359	3.00000000
761.67340088	3.00000000
761.67755127	3.00000000
761.67755127	3.00000000
761.68164063	3.00000000
761.68579102	3.00000000
761.68988037	3.00000000
761.68988037	3.01960778
761.69384766	3.01960778
761.69799805	3.01960778
761.70208740	3.01960778
761.70623779	3.01960778
761.71020508	3.01960778
761.71020508	3.03921580
761.71435547	3.03921580
761.71850586	3.03921580
761.72265625	3.03921580
761.72265625	3.03921580
761.72668457	3.03921580
761.73083496	3.03921580
761.73492432	3.03921580
761.73492432	3.05882359
761.73907471	3.05882359
761.74322510	3.05882359
761.74731445	3.05882359
761.75134277	3.05882359
761.75543213	3.05882359
761.75543213	3.07843137
761.75946045	3.07843137
761.76348877	3.07843137
761.76763916	3.07843137
761.76763916	3.07843137
761.77172852	3.07843137
761.77593994	3.07843137
761.77996826	3.07843137
761.77996826	3.07843137
761.78399658	3.07843137
761.78808594	3.07843137
761.79229736	3.07843137
761.79632568	3.09803915
761.80041504	3.09803915
761.80041504	3.09803915
761.80456543	3.09803915
761.80871582	3.09803915
761.81280518	3.09803915
761.81280518	3.09803915
761.81677246	3.09803915
761.82086182	3.09803915
761.82501221	3.09803915
761.82501221	3.09803915
761.82910156	3.09803915
761.83325195	3.09803915
761.83721924	3.09803915
761.84136963	3.09803915
761.84552002	3.09803915
761.84552002	3.09803915
761.84954834	3.09803915
761.85363770	3.09803915
761.85784912	3.09803915
761.85784912	3.07843137
761.86193848	3.07843137
761.86608887	3.07843137
761.87005615	3.07843137
761.87005615	3.07843137
761.87432861	3.07843137
761.87829590	3.07843137
761.88238525	3.07843137
761.88238525	3.05882359
761.88647461	3.05882359
761.89062500	3.05882359
761.89062500	3.05882359
761.89471436	3.05882359
761.89880371	3.05882359
761.90295410	3.05882359
761.90295410	3.05882359
761.90692139	3.05882359
761.91113281	3.03921580
761.91516113	3.03921580
761.91516113	3.03921580
761.91931152	3.03921580
761.92333984	3.03921580
761.92749023	3.03921580
761.92749023	3.03921580
761.93157959	3.03921580
761.93560791	3.03921580
761.93560791	3.03921580
761.93969727	3.03921580
761.94384766	3.03921580
761.94793701	3.03921580
761.94793701	3.03921580
761.95208740	3.03921580
761.95605469	3.01960778
761.96032715	3.01960778
761.96032715	3.01960778
761.96435547	3.01960778
761.96844482	3.01960778
761.97253418	3.01960778
761.97253418	3.01960778
761.97662354	3.01960778
761.98071289	3.01960778
761.98071289	3.00000000
761.98486328	3.00000000
761.98901367	3.00000000
761.99316406	3.00000000
761.99316406	3.00000000
761.99713135	3.00000000
762.00128174	2.98039222
762.00531006	2.98039222
762.00531006	2.98039222
762.00952148	2.98039222
762.01342773	2.98039222
762.01757813	2.98039222
762.01757813	2.98039222
762.02166748	2.98039222
762.02581787	2.98039222
762.02581787	2.96078420
762.02978516	2.96078420
762.03393555	2.96078420
762.03796387	2.96078420
762.03796387	2.96078420
762.04211426	2.96078420
762.04620361	2.96078420
762.05029297	2.96078420
762.05029297	2.96078420
762.05438232	2.96078420
762.05847168	2.96078420
762.06262207	2.96078420
762.06262207	2.96078420
762.06665039	2.96078420
762.07073975	2.96078420
762.07482910	2.96078420
762.07897949	2.96078420
762.08306885	2.96078420
762.08306885	2.96078420
762.08728027	2.98039222
762.09124756	2.98039222
762.09539795	2.98039222
762.09539795	2.98039222
762.09936523	2.98039222
762.10357666	2.98039222
762.10766602	2.98039222
762.10766602	2.98039222
762.11181641	3.00000000
762.11584473	3.00000000
762.11993408	3.00000000
762.12408447	3.00000000
762.12811279	3.00000000
762.12811279	3.00000000
762.13226318	3.00000000
762.13623047	3.00000000
762.14038086	3.01960778
762.14038086	3.01960778
762.14447021	3.01960778
762.14862061	3.01960778
762.15277100	3.01960778
762.15277100	3.01960778
762.15673828	3.01960778
762.16094971	3.01960778
762.16503906	3.01960778
762.16918945	3.01960778
762.17333984	3.03921580
762.17333984	3.03921580
762.17730713	3.03921580
762.18139648	3.03921580
762.18554688	3.03921580
762.18554688	3.03921580
762.18951416	3.03921580
762.19360352	3.03921580
762.19775391	3.03921580
762.19775391	3.05882359
762.20184326	3.05882359
762.20605469	3.05882359
762.20996094	3.05882359
762.21429443	3.05882359
762.21826172	3.05882359
762.21826172	3.05882359
762.22241211	3.05882359
762.22644043	3.05882359
762.23052979	3.05882359
762.23052979	3.05882359
762.23468018	3.05882359
762.23883057	3.05882359
762.24291992	3.05882359
762.24291992	3.05882359
762.24694824	3.05882359
762.25103760	3.05882359
762.25518799	3.05882359
762.25921631	3.05882359
762.26324463	3.05882359
762.26324463	3.05882359
762.26739502	3.05882359
762.27148438	3.05882359
762.27563477	3.05882359
762.27563477	3.05882359
762.27960205	3.03921580
762.28375244	3.03921580
762.28784180	3.03921580
762.28784180	3.03921580
762.29199219	3.03921580
762.29614258	3.03921580
762.30029297	3.03921580
762.30426025	3.03921580
762.30841064	3.03921580
762.30841064	3.03921580
762.31256104	3.03921580
762.31658936	3.03921580
762.32061768	3.03921580
762.32061768	3.03921580
762.32470703	3.03921580
762.32885742	3.03921580
762.33300781	3.03921580
762.33300781	3.03921580
762.33697510	3.03921580
762.34112549	3.03921580
762.34521484	3.03921580
762.34936523	3.03921580
762.35339355	3.03921580
762.35339355	3.03921580
762.35754395	3.03921580
762.36169434	3.03921580
762.36584473	3.03921580
762.36584473	3.03921580
762.36981201	3.03921580
762.37396240	3.03921580
762.37799072	3.03921580
762.37799072	3.03921580
762.38214111	3.03921580
762.38623047	3.03921580
762.39025879	3.05882359
762.39434814	3.05882359
762.39849854	3.05882359
762.39849854	3.05882359
762.40258789	3.05882359
762.40661621	3.05882359
762.41076660	3.05882359
762.41076660	3.07843137
762.41491699	3.07843137
762.41906738	3.07843137
762.42321777	3.07843137
762.42321777	3.07843137
762.42730713	3.07843137
762.43127441	3.07843137
762.43542480	3.07843137
762.43542480	3.07843137
762.43939209	3.09803915
762.44348145	3.09803915
762.44348145	3.09803915
762.44763184	3.09803915
762.45172119	3.09803915
762.45587158	3.09803915
762.45587158	3.09803915
762.45983887	3.09803915
762.46398926	3.09803915
762.46813965	3.09803915
762.46813965	3.09803915
762.47229004	3.09803915
762.47631836	3.11764717
762.48040771	3.11764717
762.48040771	3.11764717
762.48455811	3.11764717
762.48870850	3.11764717
762.48870850	3.11764717
762.49279785	3.11764717
762.49676514	3.11764717
762.50091553	3.11764717
762.50091553	3.11764717
762.50506592	3.11764717
762.50909424	3.11764717
762.51324463	3.11764717
762.51324463	3.11764717
762.51721191	3.11764717
762.52136230	3.11764717
762.52545166	3.11764717
762.52545166	3.11764717
762.52947998	3.11764717
762.53363037	3.11764717
762.53363037	3.09803915
762.53771973	3.09803915
762.54193115	3.09803915
762.54608154	3.09803915
762.54608154	3.09803915
762.55004883	3.07843137
762.55432129	3.07843137
762.55828857	3.07843137
762.55828857	3.07843137
762.56243896	3.05882359
762.56640625	3.05882359
762.57049561	3.05882359
762.57049561	3.05882359
762.57458496	3.03921580
762.57873535	3.03921580
762.57873535	3.03921580
762.58270264	3.03921580
762.58691406	3.03921580
762.59094238	3.01960778
762.59094238	3.01960778
762.59509277	3.01960778
762.59924316	3.01960778
762.60327148	3.01960778
762.60327148	3.01960778
762.60736084	3.00000000
762.61151123	3.00000000
762.61572266	3.00000000
762.61572266	3.00000000
762.61962891	3.00000000
762.62377930	3.00000000
762.62786865	3.00000000
762.63201904	3.00000000
762.63610840	3.00000000
762.63610840	3.00000000
762.64025879	3.00000000
762.64422607	3.00000000
762.64837646	3.00000000
762.64837646	3.00000000
762.65246582	3.00000000
762.65649414	3.00000000
762.66064453	3.00000000
762.66064453	3.00000000
762.66473389	3.00000000
762.66894531	3.00000000
762.67303467	3.00000000
762.67706299	3.00000000
762.68127441	3.00000000
762.68127441	3.00000000
762.68530273	3.00000000
762.68939209	3.00000000
762.69335938	3.01960778
762.69335938	3.01960778
762.69750977	3.01960778
762.70159912	3.01960778
762.70574951	3.01960778
762.70574951	3.01960778
762.70971680	3.01960778
762.71386719	3.01960778
762.71801758	3.01960778
762.72216797	3.03921580
762.72631836	3.03921580
762.72631836	3.03921580
762.73028564	3.03921580
762.73443604	3.03921580
762.73852539	3.03921580
762.73852539	3.03921580
762.74267578	3.03921580
762.74670410	3.03921580
762.75079346	3.03921580
762.75079346	3.03921580
762.75494385	3.03921580
762.75909424	3.03921580
762.76306152	3.05882359
762.76733398	3.05882359
762.77130127	3.05882359
762.77130127	3.05882359
762.77545166	3.05882359
762.77954102	3.05882359
762.78356934	3.05882359
762.78356934	3.05882359
762.78759766	3.05882359
762.79174805	3.05882359
762.79583740	3.05882359
762.79583740	3.05882359
762.79986572	3.05882359
762.80395508	3.05882359
762.80816650	3.05882359
762.81231689	3.05882359
762.81646729	3.05882359
762.81646729	3.05882359
762.82037354	3.07843137
762.82446289	3.07843137
762.82861328	3.07843137
762.82861328	3.07843137
762.83264160	3.07843137
762.83673096	3.07843137
762.84082031	3.07843137
762.84082031	3.07843137
762.84503174	3.07843137
762.84912109	3.07843137
762.85327148	3.07843137
762.85723877	3.07843137
762.86145020	3.07843137
762.86145020	3.07843137
762.86553955	3.07843137
762.86968994	3.07843137
762.87365723	3.07843137
762.87365723	3.07843137
762.87774658	3.07843137
762.88189697	3.07843137
762.88598633	3.07843137
762.88598633	3.07843137
762.89001465	3.07843137
762.89428711	3.07843137
762.89825439	3.07843137
762.90234375	3.07843137
762.90649414	3.07843137
762.90649414	3.07843137
762.91052246	3.07843137
762.91461182	3.07843137
762.91882324	3.07843137
762.91882324	3.07843137
762.92291260	3.07843137
762.92687988	3.07843137
762.93103027	3.07843137
762.93103027	3.07843137
762.93518066	3.07843137
762.93927002	3.05882359
762.94335938	3.05882359
762.94335938	3.05882359
762.94738770	3.05882359
762.95147705	3.05882359
762.95147705	3.05882359
762.95562744	3.05882359
762.95959473	3.05882359
762.96374512	3.05882359
762.96374512	3.03921580
762.96789551	3.03921580
762.97198486	3.03921580
762.97619629	3.03921580
762.97619629	3.03921580
762.98034668	3.03921580
762.98431396	3.03921580
762.98840332	3.03921580
762.98840332	3.03921580
762.99255371	3.03921580
762.99670410	3.01960778
762.99670410	3.01960778
763.00061035	3.01960778
763.00469971	3.01960778
763.00885010	3.01960778
763.00885010	3.01960778
763.01287842	3.01960778
763.01696777	3.01960778
763.02124023	3.01960778
763.02124023	3.01960778
763.02526855	3.01960778
763.02935791	3.01960778
763.03338623	3.01960778
763.03338623	3.01960778
763.03753662	3.00000000
763.04168701	3.00000000
763.04168701	3.00000000
763.04577637	3.00000000
763.04986572	3.00000000
763.05389404	3.00000000
763.05389404	3.00000000
763.05804443	3.00000000
763.06219482	3.00000000
763.06628418	3.00000000
763.06628418	3.00000000
763.07025146	3.00000000
763.07434082	3.00000000
763.07849121	3.00000000
763.07849121	3.00000000
763.08258057	2.98039222
763.08660889	2.98039222
763.08660889	2.98039222
763.09075928	2.98039222
763.09484863	2.98039222
763.09899902	2.98039222
763.09899902	2.98039222
763.10302734	2.98039222
763.10729980	2.98039222
763.11132813	2.98039222
763.11132813	2.98039222
763.11541748	2.98039222
763.11956787	2.98039222
763.12353516	2.98039222
763.12353516	2.98039222
763.12768555	2.98039222
763.13177490	2.98039222
763.13177490	2.98039222
763.13586426	2.98039222
763.13989258	2.98039222
763.14398193	2.98039222
763.14398193	2.98039222
763.14819336	2.98039222
763.15222168	2.98039222
763.15637207	2.98039222
763.15637207	2.98039222
763.16033936	2.98039222
763.16455078	2.98039222
763.16870117	2.98039222
763.16870117	2.98039222
763.17279053	2.98039222
763.17681885	2.98039222
763.18103027	2.98039222
763.18505859	2.98039222
763.18908691	2.98039222
763.18908691	3.00000000
763.19323730	3.00000000
763.19720459	3.00000000
763.20135498	3.00000000
763.20135498	3.00000000
763.20550537	3.00000000
763.20947266	3.00000000
763.21356201	3.00000000
763.21356201	3.00000000
763.21777344	3.00000000
763.22186279	3.00000000
763.22601318	3.01960778
763.23004150	3.01960778
763.23431396	3.01960778
763.23431396	3.01960778
763.23828125	3.01960778
763.24243164	3.01960778
763.24658203	3.01960778
763.24658203	3.01960778
763.25048828	3.01960778
763.25457764	3.01960778
763.25872803	3.01960778
763.25872803	3.01960778
763.26269531	3.01960778
763.26684570	3.03921580
763.27099609	3.03921580
763.27508545	3.03921580
763.27923584	3.03921580
763.27923584	3.03921580
763.28326416	3.03921580
763.28741455	3.03921580
763.29150391	3.03921580
763.29150391	3.03921580
763.29565430	3.03921580
763.29968262	3.03921580
763.30377197	3.03921580
763.30377197	3.03921580
763.30792236	3.03921580
763.31207275	3.03921580
763.31616211	3.03921580
763.32025146	3.03921580
763.32421875	3.03921580
763.32421875	3.03921580
763.32836914	3.03921580
763.33245850	3.03921580
763.33660889	3.03921580
763.33660889	3.03921580
763.34057617	3.03921580
763.34472656	3.03921580
763.34887695	3.03921580
763.34887695	3.03921580
763.35290527	3.03921580
763.35705566	3.03921580
763.36132813	3.03921580
763.36529541	3.03921580
763.36944580	3.03921580
763.36944580	3.03921580
763.37341309	3.03921580
763.37756348	3.03921580
763.38165283	3.03921580
763.38165283	3.01960778
763.38574219	3.01960778
763.38977051	3.01960778
763.39385986	3.01960778
763.39385986	3.01960778
763.39801025	3.01960778
763.40209961	3.01960778
763.40625000	3.01960778
763.41021729	3.01960778
763.41442871	3.01960778
763.41442871	3.01960778
763.41857910	3.01960778
763.42266846	3.01960778
763.42669678	3.01960778
763.42669678	3.01960778
763.43078613	3.01960778
763.43493652	3.01960778
763.43902588	3.01960778
763.43902588	3.01960778
763.44299316	3.01960778
763.44720459	3.01960778
763.45123291	3.01960778
763.45532227	3.01960778
763.45947266	3.01960778
763.45947266	3.01960778
763.46343994	3.01960778
763.46759033	3.01960778
763.47174072	3.01960778
763.47174072	3.01960778
763.47595215	3.01960778
763.47991943	3.01960778
763.48400879	3.01960778
763.48400879	3.01960778
763.48815918	3.01960778
763.49230957	3.01960778
763.49639893	3.01960778
763.49639893	3.03921580
763.50036621	3.03921580
763.50445557	3.03921580
763.50445557	3.03921580
763.50860596	3.03921580
763.51269531	3.03921580
763.51672363	3.03921580
763.51672363	3.03921580
763.52087402	3.03921580
763.52496338	3.03921580
763.52911377	3.03921580
763.52911377	3.03921580
763.53326416	3.05882359
763.53729248	3.05882359
763.54144287	3.05882359
763.54144287	3.05882359
763.54553223	3.05882359
763.54968262	3.05882359
763.54968262	3.05882359
763.55364990	3.05882359
763.55780029	3.05882359
763.56188965	3.05882359
763.56188965	3.05882359
763.56604004	3.07843137
763.57006836	3.07843137
763.57434082	3.07843137
763.57434082	3.07843137
763.57830811	3.07843137
763.58239746	3.07843137
763.58660889	3.07843137
763.58660889	3.07843137
763.59057617	3.07843137
763.59472656	3.07843137
763.59472656	3.07843137
763.59875488	3.07843137
763.60272217	3.07843137
763.60687256	3.07843137
763.60687256	3.07843137
763.61096191	3.07843137
763.61511230	3.07843137
763.61926270	3.05882359
763.61926270	3.05882359
763.62322998	3.05882359
763.62744141	3.05882359
763.63153076	3.05882359
763.63153076	3.05882359
763.63562012	3.03921580
763.63970947	3.03921580
763.63970947	3.03921580
763.64373779	3.03921580
763.64782715	3.03921580
763.65197754	3.03921580
763.65197754	3.03921580
763.65612793	3.03921580
763.66021729	3.01960778
763.66430664	3.01960778
763.66430664	3.01960778
763.66839600	3.01960778
763.67254639	3.01960778
763.67663574	3.01960778
763.67663574	3.01960778
763.68060303	3.01960778
763.68475342	3.01960778
763.68890381	3.00000000
763.69287109	3.00000000
763.69696045	3.00000000
763.69696045	3.00000000
763.70111084	3.00000000
763.70520020	3.00000000
763.70935059	3.00000000
763.70935059	3.00000000
763.71331787	3.00000000
763.71752930	3.00000000
763.72161865	3.00000000
763.72161865	3.00000000
763.72576904	3.00000000
763.72979736	3.00000000
763.73394775	3.00000000
763.73803711	3.00000000
763.74212646	3.00000000
763.74212646	3.00000000
763.74621582	3.00000000
763.75018311	3.00000000
763.75433350	3.00000000
763.75433350	3.00000000
763.75848389	3.00000000
763.76257324	3.00000000
763.76660156	3.00000000
763.76660156	3.00000000
763.77069092	3.00000000
763.77484131	3.00000000
763.77899170	3.00000000
763.78302002	3.00000000
763.78729248	3.00000000
763.78729248	3.00000000
763.79132080	3.00000000
763.79541016	3.00000000
763.79956055	3.00000000
763.79956055	3.00000000
763.80352783	3.00000000
763.80767822	3.00000000
763.81176758	3.00000000
763.81176758	3.00000000
763.81591797	3.00000000
763.82000732	3.00000000
763.82397461	3.00000000
763.82806396	3.00000000
763.83221436	3.01960778
763.83221436	3.01960778
763.83624268	3.01960778
763.84033203	3.01960778
763.84448242	3.01960778
763.84448242	3.01960778
763.84863281	3.01960778
763.85278320	3.01960778
763.85681152	3.01960778
763.85681152	3.01960778
763.86090088	3.03921580
763.86499023	3.03921580
763.86914063	3.03921580
763.87329102	3.03921580
763.87725830	3.03921580
763.87725830	3.03921580
763.88140869	3.03921580
763.88549805	3.03921580
763.88958740	3.03921580
763.88958740	3.05882359
763.89361572	3.05882359
763.89770508	3.05882359
763.90185547	3.05882359
763.90185547	3.05882359
763.90594482	3.05882359
763.90997314	3.05882359
763.91430664	3.05882359
763.91827393	3.05882359
763.92242432	3.05882359
763.92242432	3.05882359
763.92639160	3.05882359
763.93054199	3.05882359
763.93469238	3.05882359
763.93469238	3.05882359
763.93878174	3.05882359
763.94287109	3.05882359
763.94683838	3.05882359
763.94683838	3.05882359
763.95098877	3.05882359
763.95507813	3.05882359
763.95922852	3.05882359
763.96319580	3.05882359
763.96734619	3.05882359
763.96734619	3.05882359
763.97143555	3.05882359
763.97564697	3.05882359
763.97979736	3.05882359
763.97979736	3.05882359
763.98376465	3.05882359
763.98791504	3.05882359
763.99206543	3.05882359
763.99206543	3.05882359
763.99603271	3.05882359
764.00024414	3.05882359
764.00421143	3.05882359
764.00836182	3.05882359
764.01245117	3.05882359
764.01245117	3.03921580
764.01647949	3.03921580
764.02056885	3.03921580
764.02471924	3.03921580
764.02471924	3.03921580
764.02880859	3.03921580
764.03289795	3.03921580
764.03698730	3.03921580
764.03698730	3.03921580
764.04119873	3.03921580
764.04528809	3.03921580
764.04943848	3.03921580
764.04943848	3.03921580
764.05334473	3.03921580
764.05755615	3.01960778
764.05755615	3.01960778
764.06164551	3.01960778
764.06579590	3.01960778
764.06988525	3.01960778
764.06988525	3.01960778
764.07385254	3.01960778
764.07794189	3.01960778
764.08209229	3.01960778
764.08209229	3.01960778
764.08624268	3.01960778
764.09020996	3.01960778
764.09436035	3.01960778
764.09436035	3.01960778
764.09844971	3.01960778
764.10260010	3.01960778
764.10260010	3.01960778
764.10662842	3.01960778
764.11077881	3.01960778
764.11486816	3.01960778
764.11486816	3.01960778
764.11907959	3.01960778
764.12304688	3.01960778
764.12731934	3.01960778
764.12731934	3.01960778
764.13122559	3.03921580
764.13537598	3.03921580
764.13946533	3.03921580
764.13946533	3.03921580
764.14343262	3.03921580
764.14770508	3.03921580
764.14770508	3.03921580
764.15173340	3.03921580
764.15582275	3.03921580
764.15997314	3.03921580
764.15997314	3.03921580
764.16400146	3.03921580
764.16815186	3.03921580
764.17224121	3.05882359
764.17224121	3.05882359
764.17645264	3.05882359
764.18041992	3.05882359
764.18457031	3.05882359
764.18457031	3.05882359
764.18865967	3.05882359
764.19274902	3.07843137
764.19274902	3.07843137
764.19671631	3.07843137
764.20086670	3.07843137
764.20495605	3.07843137
764.20495605	3.07843137
764.20910645	3.09803915
764.21325684	3.09803915
764.21722412	3.09803915
764.21722412	3.09803915
764.22131348	3.09803915
764.22552490	3.09803915
764.22961426	3.09803915
764.22961426	3.09803915
764.23364258	3.09803915
764.23779297	3.09803915
764.24194336	3.11764717
764.24603271	3.11764717
764.25006104	3.11764717
764.25006104	3.11764717
764.25421143	3.11764717
764.25817871	3.11764717
764.26232910	3.11764717
764.26232910	3.11764717
764.26635742	3.11764717
764.27050781	3.11764717
764.27459717	3.11764717
764.27459717	3.11764717
764.27874756	3.11764717
764.28289795	3.11764717
764.28686523	3.11764717
764.29101563	3.11764717
764.29516602	3.11764717
764.29516602	3.11764717
764.29931641	3.09803915
764.30328369	3.09803915
764.30743408	3.09803915
764.30743408	3.09803915
764.31152344	3.09803915
764.31567383	3.09803915
764.31982422	3.09803915
764.31982422	3.09803915
764.32379150	3.09803915
764.32794189	3.09803915
764.33203125	3.09803915
764.33618164	3.09803915
764.34033203	3.09803915
764.34033203	3.09803915
764.34436035	3.09803915
764.34844971	3.09803915
764.35247803	3.09803915
764.35247803	3.09803915
764.35650635	3.09803915
764.36059570	3.09803915
764.36480713	3.09803915
764.36480713	3.09803915
764.36883545	3.09803915
764.37298584	3.09803915
764.37701416	3.07843137
764.38110352	3.07843137
764.38525391	3.07843137
764.38525391	3.07843137
764.38934326	3.07843137
764.39337158	3.07843137
764.39746094	3.07843137
764.39746094	3.07843137
764.40161133	3.07843137
764.40570068	3.07843137
764.40985107	3.07843137
764.40985107	3.07843137
764.41381836	3.07843137
764.41802979	3.07843137
764.42218018	3.07843137
764.42626953	3.07843137
764.43029785	3.07843137
764.43029785	3.07843137
764.43444824	3.07843137
764.43853760	3.07843137
764.44262695	3.07843137
764.44262695	3.05882359
764.44659424	3.07843137
764.45074463	3.05882359
764.45483398	3.05882359
764.45483398	3.05882359
764.45898438	3.07843137
764.46295166	3.07843137
764.46722412	3.07843137
764.47119141	3.07843137
764.47540283	3.07843137
764.47540283	3.07843137
764.47955322	3.07843137
764.48352051	3.07843137
764.48760986	3.07843137
764.48760986	3.07843137
764.49182129	3.07843137
764.49591064	3.07843137
764.50012207	3.07843137
764.50012207	3.07843137
764.50402832	3.07843137
764.50817871	3.07843137
764.51226807	3.07843137
764.51629639	3.07843137
764.52038574	3.07843137
764.52038574	3.09803915
764.52459717	3.09803915
764.52868652	3.09803915
764.53271484	3.09803915
764.53271484	3.09803915
764.53674316	3.09803915
764.54083252	3.09803915
764.54498291	3.09803915
764.54498291	3.09803915
764.54907227	3.09803915
764.55322266	3.09803915
764.55725098	3.09803915
764.55725098	3.09803915
764.56134033	3.11764717
764.56549072	3.11764717
764.56549072	3.11764717
764.56945801	3.11764717
764.57360840	3.11764717
764.57769775	3.11764717
764.57769775	3.11764717
764.58190918	3.11764717
764.58593750	3.11764717
764.58996582	3.11764717
764.58996582	3.11764717
764.59417725	3.11764717
764.59826660	3.11764717
764.60241699	3.11764717
764.60241699	3.11764717
764.60638428	3.11764717
764.61053467	3.11764717
764.61053467	3.13725495
764.61456299	3.13725495
764.61871338	3.13725495
764.62286377	3.13725495
764.62286377	3.13725495
764.62689209	3.13725495
764.63098145	3.13725495
764.63507080	3.11764717
764.63507080	3.11764717
764.63922119	3.11764717
764.64318848	3.11764717
764.64733887	3.11764717
764.64733887	3.11764717
764.65148926	3.11764717
764.65557861	3.11764717
764.65557861	3.11764717
764.65960693	3.11764717
764.66375732	3.11764717
764.66790771	3.11764717
764.66790771	3.09803915
764.67205811	3.09803915
764.67614746	3.09803915
764.68023682	3.09803915
764.68023682	3.09803915
764.68426514	3.09803915
764.68841553	3.09803915
764.69250488	3.07843137
764.69250488	3.07843137
764.69647217	3.07843137
764.70056152	3.07843137
764.70056152	3.07843137
764.70471191	3.07843137
764.70886230	3.07843137
764.71295166	3.05882359
764.71295166	3.05882359
764.71704102	3.05882359
764.72106934	3.05882359
764.72528076	3.05882359
764.72528076	3.05882359
764.72943115	3.05882359
764.73339844	3.05882359
764.73748779	3.03921580
764.73748779	3.03921580
764.74169922	3.03921580
764.74578857	3.03921580
764.74975586	3.03921580
764.75384521	3.03921580
764.75793457	3.03921580
764.75793457	3.03921580
764.76208496	3.03921580
764.76617432	3.03921580
764.77020264	3.03921580
764.77020264	3.03921580
764.77435303	3.03921580
764.77844238	3.03921580
764.78259277	3.03921580
764.78259277	3.03921580
764.78662109	3.03921580
764.79077148	3.03921580
764.79492188	3.03921580
764.79901123	3.03921580
764.80316162	3.03921580
764.80316162	3.03921580
764.80731201	3.03921580
764.81121826	3.03921580
764.81536865	3.03921580
764.81536865	3.03921580
764.81945801	3.03921580
764.82348633	3.03921580
764.82757568	3.03921580
764.82757568	3.03921580
764.83172607	3.03921580
764.83581543	3.03921580
764.83984375	3.03921580
764.84393311	3.05882359
764.84814453	3.05882359
764.84814453	3.05882359
764.85229492	3.05882359
764.85626221	3.05882359
764.86035156	3.05882359
764.86035156	3.05882359
764.86450195	3.05882359
764.86865234	3.05882359
764.87280273	3.05882359
764.87280273	3.05882359
764.87677002	3.07843137
764.88085938	3.07843137
764.88500977	3.07843137
764.88909912	3.07843137
764.89318848	3.07843137
764.89318848	3.07843137
764.89721680	3.07843137
764.90130615	3.07843137
764.90545654	3.07843137
764.90545654	3.09803915
764.90942383	3.09803915
764.91363525	3.09803915
764.91778564	3.09803915
764.91778564	3.09803915
764.92193604	3.09803915
764.92602539	3.09803915
764.93005371	3.09803915
764.93426514	3.09803915
764.93829346	3.09803915
764.93829346	3.11764717
764.94232178	3.11764717
764.94635010	3.11764717
764.95043945	3.11764717
764.95043945	3.11764717
764.95458984	3.11764717
764.95867920	3.11764717
764.96282959	3.11764717
764.96282959	3.11764717
764.96685791	3.11764717
764.97094727	3.11764717
764.97515869	3.11764717
764.97930908	3.11764717
764.98327637	3.11764717
764.98327637	3.11764717
764.98742676	3.11764717
764.99151611	3.11764717
764.99566650	3.11764717
764.99566650	3.11764717
764.99963379	3.11764717
765.00372314	3.09803915
765.00781250	3.09803915
765.00781250	3.09803915
765.01196289	3.09803915
765.01605225	3.09803915
765.02026367	3.09803915
765.02416992	3.09803915
765.02838135	3.09803915
765.02838135	3.09803915
765.03247070	3.09803915
765.03649902	3.09803915
765.04064941	3.09803915
765.04064941	3.09803915
765.04473877	3.09803915
765.04888916	3.09803915
765.05303955	3.09803915
765.05303955	3.09803915
765.05700684	3.07843137
765.06121826	3.07843137
765.06524658	3.07843137
765.06933594	3.07843137
765.07336426	3.07843137
765.07336426	3.07843137
765.07745361	3.07843137
765.08160400	3.07843137
765.08569336	3.07843137
765.08569336	3.05882359
765.08972168	3.05882359
765.09381104	3.05882359
765.09796143	3.05882359
765.09796143	3.05882359
765.10217285	3.05882359
765.10626221	3.05882359
765.11029053	3.05882359
765.11029053	3.05882359
765.11437988	3.03921580
765.11853027	3.03921580
765.11853027	3.03921580
765.12268066	3.03921580
765.12664795	3.03921580
765.13079834	3.03921580
765.13079834	3.03921580
765.13494873	3.03921580
765.13903809	3.03921580
765.14318848	3.03921580
765.14318848	3.03921580
765.14727783	3.03921580
765.15130615	3.01960778
765.15545654	3.01960778
765.15545654	3.01960778
765.15954590	3.01960778
765.16345215	3.01960778
765.16345215	3.01960778
765.16766357	3.01960778
765.17175293	3.01960778
765.17584229	3.01960778
765.17584229	3.01960778
765.17987061	3.01960778
765.18395996	3.01960778
765.18811035	3.01960778
765.18811035	3.01960778
765.19226074	3.01960778
765.19622803	3.01960778
765.20037842	3.01960778
765.20037842	3.01960778
765.20446777	3.01960778
765.20861816	3.01960778
765.20861816	3.01960778
765.21270752	3.01960778
765.21679688	3.01960778
765.22082520	3.01960778
765.22082520	3.01960778
765.22497559	3.01960778
765.22906494	3.03921580
765.23327637	3.03921580
765.23327637	3.03921580
765.23724365	3.03921580
765.24139404	3.03921580
765.24548340	3.03921580
765.24548340	3.03921580
765.24951172	3.03921580
765.25360107	3.03921580
765.25360107	3.03921580
765.25769043	3.03921580
765.26184082	3.03921580
765.26599121	3.03921580
765.26599121	3.03921580
765.26995850	3.03921580
765.27416992	3.05882359
765.27819824	3.05882359
765.27819824	3.05882359
765.28234863	3.05882359
765.28637695	3.05882359
765.29052734	3.05882359
765.29052734	3.05882359
765.29461670	3.05882359
765.29870605	3.05882359
765.30285645	3.05882359
765.30688477	3.05882359
765.31097412	3.05882359
765.31097412	3.07843137
765.31512451	3.07843137
765.31921387	3.07843137
765.32324219	3.07843137
765.32324219	3.07843137
765.32733154	3.07843137
765.33142090	3.07843137
765.33557129	3.07843137
765.33557129	3.07843137
765.33959961	3.07843137
765.34375000	3.07843137
765.34783936	3.07843137
765.35198975	3.07843137
765.35614014	3.07843137
765.35614014	3.07843137
765.36022949	3.07843137
765.36419678	3.07843137
765.36834717	3.07843137
765.36834717	3.07843137
765.37249756	3.07843137
765.37652588	3.07843137
765.38061523	3.07843137
765.38061523	3.07843137
765.38470459	3.07843137
765.38879395	3.07843137
765.39294434	3.07843137
765.39697266	3.07843137
765.40118408	3.07843137
765.40118408	3.07843137
765.40521240	3.07843137
765.40930176	3.07843137
765.41339111	3.07843137
765.41339111	3.07843137
765.41748047	3.09803915
765.42163086	3.09803915
765.42578125	3.09803915
765.42578125	3.07843137
765.42974854	3.07843137
765.43389893	3.07843137
765.43804932	3.07843137
765.44207764	3.07843137
765.44622803	3.07843137
765.44622803	3.07843137
765.45019531	3.07843137
765.45434570	3.07843137
765.45843506	3.07843137
765.45843506	3.07843137
765.46258545	3.05882359
765.46655273	3.05882359
765.47070313	3.05882359
765.47070313	3.05882359
765.47485352	3.05882359
765.47906494	3.05882359
765.48315430	3.05882359
765.48730469	3.05882359
765.49127197	3.05882359
765.49127197	3.05882359
765.49542236	3.05882359
765.49938965	3.05882359
765.50341797	3.05882359
765.50341797	3.05882359
765.50756836	3.05882359
765.51171875	3.05882359
765.51580811	3.05882359
765.51580811	3.05882359
765.51983643	3.05882359
765.52392578	3.05882359
765.52807617	3.05882359
765.53222656	3.07843137
765.53637695	3.07843137
765.53637695	3.07843137
765.54040527	3.07843137
765.54449463	3.07843137
765.54864502	3.07843137
765.54864502	3.07843137
765.55279541	3.07843137
765.55676270	3.07843137
765.56091309	3.09803915
765.56091309	3.09803915
765.56500244	3.09803915
765.56909180	3.09803915
765.57324219	3.09803915
765.57720947	3.09803915
765.58135986	3.11764717
765.58135986	3.11764717
765.58544922	3.11764717
765.58947754	3.11764717
765.59356689	3.11764717
765.59356689	3.11764717
765.59777832	3.13725495
765.60192871	3.13725495
765.60601807	3.13725495
765.60601807	3.13725495
765.60998535	3.13725495
765.61431885	3.13725495
765.61828613	3.13725495
765.61828613	3.13725495
765.62243652	3.13725495
765.62652588	3.15686274
765.62652588	3.15686274
765.63055420	3.15686274
765.63458252	3.15686274
765.63867188	3.15686274
765.63867188	3.15686274
765.64270020	3.15686274
765.64678955	3.15686274
765.65100098	3.15686274
765.65100098	3.15686274
765.65509033	3.15686274
765.65924072	3.15686274
765.66333008	3.13725495
765.66333008	3.13725495
765.66735840	3.13725495
765.67150879	3.13725495
765.67150879	3.13725495
765.67565918	3.13725495
765.67962646	3.11764717
765.68377686	3.11764717
765.68377686	3.11764717
765.68786621	3.11764717
765.69195557	3.11764717
765.69610596	3.11764717
765.69610596	3.09803915
765.70019531	3.09803915
765.70422363	3.09803915
765.70831299	3.09803915
765.70831299	3.09803915
765.71246338	3.09803915
765.71661377	3.07843137
765.71661377	3.07843137
765.72058105	3.07843137
765.72473145	3.07843137
765.72894287	3.07843137
765.72894287	3.07843137
765.73303223	3.07843137
765.73699951	3.07843137
765.74127197	3.07843137
765.74127197	3.07843137
765.74530029	3.05882359
765.74938965	3.05882359
765.75335693	3.05882359
765.75335693	3.05882359
765.75744629	3.05882359
765.76159668	3.03921580
765.76159668	3.03921580
765.76568604	3.03921580
765.76971436	3.03921580
765.77380371	3.03921580
765.77380371	3.03921580
765.77795410	3.03921580
765.78210449	3.03921580
765.78625488	3.01960778
765.78625488	3.01960778
765.79028320	3.01960778
765.79437256	3.01960778
765.79846191	3.01960778
765.79846191	3.01960778
765.80261230	3.01960778
765.80664063	3.01960778
765.81079102	3.01960778
765.81494141	3.01960778
765.81890869	3.01960778
765.81890869	3.01960778
765.82299805	3.01960778
765.82720947	3.01960778
765.83129883	3.01960778
765.83129883	3.01960778
765.83532715	3.01960778
765.83947754	3.01960778
765.84344482	3.01960778
765.84344482	3.03921580
765.84759521	3.03921580
765.85180664	3.03921580
765.85589600	3.03921580
765.85992432	3.03921580
765.86401367	3.03921580
765.86401367	3.03921580
765.86816406	3.03921580
765.87225342	3.03921580
765.87640381	3.03921580
765.87640381	3.03921580
765.88037109	3.03921580
765.88458252	3.03921580
765.88867188	3.03921580
765.88867188	3.03921580
765.89276123	3.03921580
765.89678955	3.05882359
765.90093994	3.05882359
765.90509033	3.05882359
765.90917969	3.05882359
765.90917969	3.05882359
765.91320801	3.05882359
765.91723633	3.05882359
765.92132568	3.05882359
765.92132568	3.05882359
765.92547607	3.05882359
765.92962646	3.05882359
765.93359375	3.05882359
765.93359375	3.05882359
765.93768311	3.07843137
765.94183350	3.07843137
765.94598389	3.07843137
765.94995117	3.07843137
765.95422363	3.07843137
765.95422363	3.07843137
765.95819092	3.07843137
765.96234131	3.07843137
765.96643066	3.07843137
765.96643066	3.07843137
765.97045898	3.07843137
765.97454834	3.07843137
765.97875977	3.07843137
765.97875977	3.07843137
765.98278809	3.07843137
765.98687744	3.07843137
765.99102783	3.07843137
765.99517822	3.07843137
765.99926758	3.09803915
765.99926758	3.07843137
766.00317383	3.07843137
766.00732422	3.07843137
766.01141357	3.09803915
766.01141357	3.09803915
766.01556396	3.09803915
766.01959229	3.09803915
766.02368164	3.09803915
766.02368164	3.09803915
766.02783203	3.09803915
766.03198242	3.09803915
766.03613281	3.09803915
766.04028320	3.09803915
766.04425049	3.09803915
766.04425049	3.09803915
766.04833984	3.09803915
766.05255127	3.09803915
766.05664063	3.09803915
766.05664063	3.09803915
766.06060791	3.09803915
766.06475830	3.09803915
766.06884766	3.09803915
766.06884766	3.09803915
766.07281494	3.09803915
766.07696533	3.09803915
766.08123779	3.09803915
766.08520508	3.09803915
766.08935547	3.09803915
766.08935547	3.09803915
766.09332275	3.09803915
766.09753418	3.09803915
766.10168457	3.09803915
766.10168457	3.09803915
766.10577393	3.07843137
766.10974121	3.07843137
766.11389160	3.07843137
766.11389160	3.07843137
766.11804199	3.07843137
766.12213135	3.07843137
766.12628174	3.07843137
766.13024902	3.07843137
766.13433838	3.07843137
766.13433838	3.07843137
766.13842773	3.05882359
766.14257813	3.05882359
766.14666748	3.05882359
766.14666748	3.05882359
766.15069580	3.05882359
766.15478516	3.05882359
766.15893555	3.05882359
766.15893555	3.03921580
766.16296387	3.03921580
766.16729736	3.03921580
766.17126465	3.03921580
766.17126465	3.03921580
766.17541504	3.03921580
766.17950439	3.03921580
766.17950439	3.03921580
766.18341064	3.01960778
766.18762207	3.01960778
766.19171143	3.01960778
766.19171143	3.01960778
766.19580078	3.01960778
766.19982910	3.01960778
766.20397949	3.01960778
766.20397949	3.01960778
766.20806885	3.01960778
766.21221924	3.01960778
766.21630859	3.01960778
766.21630859	3.01960778
766.22033691	3.01960778
766.22442627	3.01960778
766.22442627	3.01960778
766.22857666	3.01960778
766.23272705	3.01960778
766.23669434	3.01960778
766.23669434	3.01960778
766.24090576	3.01960778
766.24505615	3.01960778
766.24914551	3.01960778
766.24914551	3.01960778
766.25317383	3.03921580
766.25720215	3.03921580
766.26129150	3.03921580
766.26129150	3.03921580
766.26544189	3.03921580
766.26959229	3.03921580
766.26959229	3.03921580
766.27355957	3.03921580
766.27770996	3.03921580
766.28186035	3.03921580
766.28186035	3.03921580
766.28594971	3.03921580
766.28997803	3.05882359
766.29425049	3.05882359
766.29425049	3.05882359
766.29821777	3.05882359
766.30236816	3.05882359
766.30651855	3.05882359
766.30651855	3.05882359
766.31054688	3.05882359
766.31457520	3.05882359
766.31457520	3.05882359
766.31872559	3.05882359
766.32281494	3.07843137
766.32678223	3.07843137
766.32678223	3.07843137
766.33093262	3.07843137
766.33508301	3.07843137
766.33917236	3.07843137
766.33917236	3.07843137
766.34320068	3.07843137
766.34735107	3.07843137
766.35156250	3.07843137
766.35156250	3.07843137
766.35565186	3.07843137
766.35980225	3.07843137
766.36376953	3.07843137
766.36791992	3.07843137
766.37200928	3.07843137
766.37200928	3.09803915
766.37615967	3.09803915
766.38031006	3.09803915
766.38421631	3.09803915
766.38421631	3.09803915
766.38830566	3.09803915
766.39245605	3.09803915
766.39654541	3.09803915
766.39654541	3.09803915
766.40057373	3.09803915
766.40466309	3.09803915
766.40881348	3.09803915
766.41278076	3.07843137
766.41699219	3.07843137
766.41699219	3.07843137
766.42114258	3.07843137
766.42529297	3.07843137
766.42938232	3.07843137
766.42938232	3.07843137
766.43334961	3.07843137
766.43750000	3.07843137
766.44165039	3.07843137
766.44165039	3.07843137
766.44567871	3.07843137
766.44982910	3.07843137
766.45379639	3.07843137
766.45794678	3.07843137
766.46209717	3.07843137
766.46209717	3.05882359
766.46618652	3.05882359
766.47021484	3.05882359
766.47430420	3.05882359
766.47430420	3.05882359
766.47845459	3.05882359
766.48266602	3.05882359
766.48663330	3.05882359
766.48663330	3.05882359
766.49078369	3.05882359
766.49487305	3.05882359
766.49902344	3.03921580
766.50305176	3.03921580
766.50720215	3.03921580
766.50720215	3.03921580
766.51116943	3.03921580
766.51531982	3.03921580
766.51940918	3.03921580
766.51940918	3.03921580
766.52343750	3.03921580
766.52758789	3.03921580
766.53179932	3.03921580
766.53179932	3.03921580
766.53582764	3.03921580
766.53991699	3.03921580
766.54400635	3.03921580
766.54809570	3.03921580
766.55224609	3.03921580
766.55224609	3.03921580
766.55621338	3.03921580
766.56036377	3.03921580
766.56451416	3.03921580
766.56451416	3.03921580
766.56860352	3.03921580
766.57269287	3.03921580
766.57666016	3.03921580
766.57666016	3.03921580
766.58081055	3.03921580
766.58496094	3.03921580
766.58905029	3.03921580
766.59320068	3.03921580
766.59722900	3.03921580
766.59722900	3.03921580
766.60137939	3.03921580
766.60552979	3.03921580
766.60968018	3.03921580
766.60968018	3.03921580
766.61364746	3.05882359
766.61779785	3.03921580
766.62188721	3.03921580
766.62188721	3.03921580
766.62603760	3.03921580
766.63000488	3.03921580
766.63433838	3.03921580
766.63830566	3.03921580
766.64239502	3.03921580
766.64239502	3.03921580
766.64636230	3.03921580
766.65057373	3.03921580
766.65466309	3.03921580
766.65466309	3.03921580
766.65881348	3.01960778
766.66284180	3.01960778
766.66680908	3.01960778
766.66680908	3.01960778
766.67095947	3.01960778
766.67504883	3.01960778
766.67919922	3.01960778
766.67919922	3.01960778
766.68322754	3.01960778
766.68731689	3.00000000
766.68731689	3.00000000
766.69152832	3.00000000
766.69561768	3.00000000
766.69970703	3.00000000
766.69970703	3.00000000
766.70367432	3.00000000
766.70782471	3.00000000
766.71197510	2.98039222
766.71197510	2.98039222
766.71606445	2.98039222
766.72021484	2.98039222
766.72418213	2.98039222
766.72418213	2.98039222
766.72833252	2.98039222
766.73248291	2.98039222
766.73248291	2.98039222
766.73651123	2.98039222
766.74060059	2.98039222
766.74475098	2.98039222
766.74475098	2.98039222
766.74890137	2.98039222
766.75280762	2.98039222
766.75701904	2.98039222
766.75701904	2.98039222
766.76104736	2.98039222
766.76525879	2.98039222
766.76928711	2.98039222
766.76928711	2.98039222
766.77331543	2.98039222
766.77740479	2.98039222
766.77740479	2.98039222
766.78161621	2.98039222
766.78570557	2.98039222
766.78985596	2.98039222
766.78985596	2.98039222
766.79388428	2.98039222
766.79797363	2.98039222
766.80212402	2.98039222
766.80212402	2.98039222
766.80627441	2.98039222
766.81024170	2.98039222
766.81439209	2.98039222
766.81439209	2.98039222
766.81848145	2.98039222
766.82257080	2.98039222
766.82257080	2.98039222
766.82653809	2.98039222
766.83068848	2.98039222
766.83483887	2.98039222
766.83483887	2.98039222
766.83892822	2.98039222
766.84295654	2.98039222
766.84722900	2.98039222
766.84722900	2.98039222
766.85119629	2.98039222
766.85540771	2.98039222
766.85949707	2.98039222
766.85949707	2.98039222
766.86352539	2.98039222
766.86761475	2.98039222
766.87176514	2.98039222
766.87585449	2.98039222
766.87994385	3.00000000
766.87994385	3.00000000
766.88397217	3.00000000
766.88806152	3.00000000
766.89221191	3.00000000
766.89221191	3.00000000
766.89617920	3.00000000
766.90039063	3.00000000
766.90441895	3.00000000
766.90441895	3.00000000
766.90863037	3.00000000
766.91265869	3.00000000
766.91674805	3.00000000
766.92089844	3.00000000
766.92504883	3.00000000
766.92504883	3.00000000
766.92913818	3.00000000
766.93328857	3.00000000
766.93725586	3.01960778
766.93725586	3.01960778
766.94140625	3.01960778
766.94543457	3.01960778
766.94958496	3.01960778
766.94958496	3.01960778
766.95355225	3.01960778
766.95770264	3.01960778
766.96179199	3.01960778
766.96594238	3.01960778
766.97009277	3.01960778
766.97009277	3.03921580
766.97418213	3.03921580
766.97821045	3.03921580
766.98236084	3.03921580
766.98236084	3.03921580
766.98638916	3.03921580
766.99053955	3.03921580
766.99462891	3.03921580
766.99462891	3.03921580
766.99877930	3.03921580
767.00292969	3.03921580
767.00683594	3.03921580
767.01092529	3.03921580
767.01507568	3.03921580
767.01507568	3.05882359
767.01916504	3.05882359
767.02319336	3.05882359
767.02728271	3.05882359
767.02728271	3.05882359
767.03143311	3.05882359
767.03564453	3.05882359
767.03979492	3.05882359
767.03979492	3.05882359
767.04376221	3.05882359
767.04785156	3.05882359
767.05200195	3.05882359
767.05615234	3.05882359
767.06024170	3.05882359
767.06024170	3.03921580
767.06420898	3.03921580
767.06829834	3.03921580
767.07244873	3.03921580
767.07244873	3.03921580
767.07641602	3.03921580
767.08056641	3.03921580
767.08471680	3.03921580
767.08471680	3.03921580
767.08880615	3.03921580
767.09289551	3.03921580
767.09698486	3.01960778
767.10107422	3.01960778
767.10528564	3.01960778
767.10528564	3.01960778
767.10937500	3.00000000
767.11340332	3.00000000
767.11749268	3.00000000
767.11749268	3.00000000
767.12164307	3.00000000
767.12567139	2.98039222
767.12982178	2.98039222
767.12982178	2.98039222
767.13378906	2.98039222
767.13793945	2.98039222
767.14208984	2.96078420
767.14617920	2.96078420
767.15020752	2.96078420
767.15020752	2.96078420
767.15429688	2.94117641
767.15844727	2.94117641
767.16265869	2.94117641
767.16265869	2.94117641
767.16662598	2.94117641
767.17077637	2.94117641
767.17486572	2.94117641
767.17486572	2.94117641
767.17901611	2.94117641
767.18316650	2.94117641
767.18725586	2.92156863
767.19128418	2.92156863
767.19543457	2.92156863
767.19543457	2.92156863
767.19958496	2.92156863
767.20355225	2.92156863
767.20764160	2.92156863
767.20764160	2.92156863
767.21179199	2.92156863
767.21588135	2.92156863
767.22003174	2.92156863
767.22003174	2.94117641
767.22393799	2.94117641
767.22808838	2.94117641
767.23217773	2.94117641
767.23217773	2.94117641
767.23620605	2.94117641
767.24035645	2.94117641
767.24035645	2.94117641
767.24444580	2.94117641
767.24853516	2.94117641
767.25274658	2.96078420
767.25274658	2.96078420
767.25671387	2.96078420
767.26080322	2.96078420
767.26495361	2.96078420
767.26495361	2.96078420
767.26904297	2.96078420
767.27319336	2.96078420
767.27722168	2.98039222
767.27722168	2.98039222
767.28131104	2.98039222
767.28546143	2.98039222
767.28546143	2.98039222
767.28948975	2.98039222
767.29364014	2.98039222
767.29785156	2.98039222
767.29785156	3.00000000
767.30187988	3.00000000
767.30603027	3.00000000
767.30999756	3.00000000
767.30999756	3.00000000
767.31420898	3.00000000
767.31817627	3.00000000
767.32232666	3.00000000
767.32232666	3.00000000
767.32629395	3.01960778
767.33044434	3.01960778
767.33044434	3.01960778
767.33453369	3.01960778
767.33868408	3.01960778
767.34283447	3.01960778
767.34283447	3.01960778
767.34686279	3.01960778
767.35101318	3.01960778
767.35510254	3.01960778
767.35510254	3.01960778
767.35925293	3.03921580
767.36328125	3.03921580
767.36737061	3.03921580
767.36737061	3.03921580
767.37152100	3.03921580
767.37561035	3.03921580
767.37561035	3.03921580
767.37957764	3.03921580
767.38366699	3.03921580
767.38781738	3.03921580
767.38781738	3.03921580
767.39190674	3.03921580
767.39605713	3.03921580
767.40020752	3.03921580
767.40020752	3.03921580
767.40417480	3.03921580
767.40832520	3.03921580
767.41253662	3.01960778
767.41253662	3.01960778
767.41650391	3.01960778
767.42059326	3.01960778
767.42474365	3.01960778
767.42889404	3.01960778
767.43304443	3.01960778
767.43304443	3.01960778
767.43701172	3.01960778
767.44116211	3.01960778
767.44519043	3.01960778
767.44519043	3.00000000
767.44927979	3.00000000
767.45330811	3.00000000
767.45739746	3.00000000
767.45739746	3.00000000
767.46154785	3.00000000
767.46569824	3.00000000
767.46966553	3.00000000
767.47381592	3.00000000
767.47796631	3.00000000
767.47796631	2.98039222
767.48211670	2.98039222
767.48626709	2.98039222
767.49023438	2.98039222
767.49023438	2.98039222
767.49438477	2.98039222
767.49847412	2.98039222
767.50262451	2.98039222
767.50262451	2.98039222
767.50659180	2.98039222
767.51068115	2.98039222
767.51483154	2.98039222
767.51892090	2.98039222
767.52307129	2.98039222
767.52307129	2.98039222
767.52716064	2.96078420
767.53118896	2.96078420
767.53527832	2.96078420
767.53527832	2.96078420
767.53948975	2.96078420
767.54345703	2.96078420
767.54760742	2.96078420
767.54760742	2.96078420
767.55175781	2.96078420
767.55590820	2.96078420
767.55987549	2.96078420
767.56396484	2.96078420
767.56805420	2.96078420
767.56805420	2.96078420
767.57214355	2.96078420
767.57623291	2.96078420
767.58026123	2.96078420
767.58026123	2.96078420
767.58447266	2.96078420
767.58856201	2.96078420
767.59265137	2.96078420
767.59265137	2.96078420
767.59667969	2.96078420
767.60083008	2.96078420
767.60504150	2.96078420
767.60913086	2.96078420
767.61328125	2.96078420
767.61328125	2.96078420
767.61724854	2.96078420
767.62139893	2.98039222
767.62542725	2.98039222
767.62542725	2.96078420
767.62945557	2.98039222
767.63360596	2.98039222
767.63769531	2.96078420
767.63769531	2.96078420
767.64178467	2.96078420
767.64593506	2.96078420
767.64990234	2.96078420
767.65417480	2.96078420
767.65820313	2.96078420
767.65820313	2.96078420
767.66241455	2.96078420
767.66638184	2.96078420
767.67047119	2.96078420
767.67047119	2.96078420
767.67462158	2.96078420
767.67877197	2.96078420
767.68286133	2.96078420
767.68286133	2.96078420
767.68688965	2.96078420
767.69097900	2.96078420
767.69506836	2.96078420
767.69915771	2.96078420
767.70318604	2.96078420
767.70318604	2.96078420
767.70739746	2.96078420
767.71154785	2.96078420
767.71563721	2.96078420
767.71563721	2.96078420
767.71960449	2.96078420
767.72375488	2.98039222
767.72790527	2.98039222
767.72790527	2.98039222
767.73199463	2.98039222
767.73608398	2.98039222
767.74023438	2.98039222
767.74023438	2.98039222
767.74420166	2.98039222
767.74835205	2.98039222
767.74835205	2.98039222
767.75250244	2.98039222
767.75646973	2.98039222
767.76055908	2.98039222
767.76055908	2.98039222
767.76470947	2.96078420
767.76879883	2.96078420
767.77294922	2.96078420
767.77294922	2.96078420
767.77691650	2.96078420
767.78112793	2.96078420
767.78521729	2.96078420
767.78521729	2.96078420
767.78930664	2.96078420
767.79339600	2.96078420
767.79339600	2.96078420
767.79748535	2.96078420
767.80163574	2.96078420
767.80578613	2.96078420
767.80578613	2.96078420
767.80975342	2.96078420
767.81384277	2.96078420
767.81799316	2.96078420
767.81799316	2.96078420
767.82202148	2.96078420
767.82617188	2.96078420
767.83020020	2.94117641
767.83020020	2.94117641
767.83435059	2.94117641
767.83850098	2.94117641
767.83850098	2.94117641
767.84252930	2.94117641
767.84661865	2.94117641
767.85070801	2.94117641
767.85070801	2.94117641
767.85485840	2.94117641
767.85900879	2.92156863
767.86315918	2.92156863
767.86315918	2.92156863
767.86724854	2.92156863
767.87127686	2.92156863
767.87530518	2.92156863
767.87530518	2.92156863
767.87945557	2.92156863
767.88342285	2.92156863
767.88342285	2.92156863
767.88763428	2.92156863
767.89178467	2.92156863
767.89587402	2.92156863
767.89587402	2.92156863
767.89990234	2.92156863
767.90399170	2.92156863
767.90814209	2.92156863
767.90814209	2.92156863
767.91229248	2.92156863
767.91625977	2.92156863
767.92041016	2.92156863
767.92041016	2.92156863
767.92449951	2.92156863
767.92864990	2.92156863
767.93273926	2.92156863
767.93676758	2.92156863
767.94085693	2.92156863
767.94085693	2.92156863
767.94494629	2.92156863
767.94909668	2.92156863
767.95318604	2.92156863
767.95318604	2.92156863
767.95721436	2.92156863
767.96130371	2.92156863
767.96545410	2.92156863
767.96545410	2.94117641
767.96948242	2.94117641
767.97357178	2.94117641
767.97772217	2.94117641
767.98175049	2.94117641
767.98596191	2.94117641
767.98596191	2.94117641
767.98999023	2.94117641
767.99407959	2.94117641
767.99822998	2.94117641
767.99822998	2.96078420
768.00231934	2.96078420
768.00634766	2.96078420
768.01043701	2.96078420
768.01043701	2.96078420
768.01458740	2.96078420
768.01867676	2.96078420
768.02282715	2.96078420
768.02679443	2.96078420
768.03094482	2.96078420
768.03094482	2.98039222
768.03503418	2.98039222
768.03918457	2.98039222
768.04333496	2.98039222
768.04333496	2.98039222
768.04736328	2.98039222
768.05145264	2.98039222
768.05554199	2.98039222
768.05554199	2.98039222
768.05957031	2.98039222
768.06372070	2.98039222
768.06781006	2.98039222
768.07189941	2.98039222
768.07604980	2.98039222
768.07604980	2.98039222
768.08020020	2.98039222
768.08416748	2.98039222
768.08831787	2.96078420
768.08831787	2.96078420
768.09240723	2.96078420
768.09643555	2.96078420
768.10058594	2.96078420
768.10058594	2.96078420
768.10473633	2.96078420
768.10888672	2.94117641
768.11303711	2.94117641
768.11694336	2.94117641
768.12127686	2.94117641
768.12127686	2.94117641
768.12518311	2.92156863
768.12927246	2.92156863
768.13330078	2.92156863
768.13330078	2.92156863
768.13745117	2.92156863
768.14154053	2.92156863
768.14569092	2.90196085
768.14569092	2.90196085
768.14971924	2.90196085
768.15380859	2.90196085
768.15795898	2.90196085
768.16210938	2.90196085
768.16625977	2.88235283
768.16625977	2.88235283
768.17022705	2.88235283
768.17437744	2.88235283
768.17846680	2.88235283
768.17846680	2.88235283
768.18261719	2.88235283
768.18664551	2.88235283
768.19073486	2.88235283
768.19073486	2.88235283
768.19482422	2.88235283
768.19891357	2.88235283
768.20306396	2.88235283
768.20715332	2.86274505
768.21118164	2.86274505
768.21118164	2.86274505
768.21533203	2.86274505
768.21942139	2.86274505
768.22344971	2.86274505
768.22344971	2.86274505
768.22753906	2.86274505
768.23168945	2.86274505
768.23590088	2.86274505
768.23590088	2.86274505
768.23986816	2.86274505
768.24401855	2.86274505
768.24810791	2.86274505
768.25225830	2.86274505
768.25628662	2.86274505
768.25628662	2.86274505
768.26031494	2.88235283
768.26446533	2.88235283
768.26855469	2.88235283
768.26855469	2.88235283
768.27264404	2.88235283
768.27667236	2.88235283
768.28082275	2.88235283
768.28082275	2.88235283
768.28491211	2.88235283
768.28906250	2.88235283
768.29327393	2.88235283
768.29327393	2.88235283
768.29724121	2.88235283
768.30139160	2.88235283
768.30139160	2.88235283
768.30548096	2.88235283
768.30950928	2.88235283
768.31359863	2.88235283
768.31359863	2.88235283
768.31774902	2.88235283
768.32183838	2.88235283
768.32592773	2.90196085
768.32592773	2.90196085
768.32989502	2.90196085
768.33422852	2.90196085
768.33819580	2.90196085
768.33819580	2.90196085
768.34234619	2.90196085
768.34643555	2.90196085
768.34643555	2.90196085
768.35046387	2.90196085
768.35461426	2.90196085
768.35876465	2.90196085
768.35876465	2.90196085
768.36273193	2.90196085
768.36688232	2.90196085
768.37097168	2.90196085
768.37097168	2.92156863
768.37506104	2.92156863
768.37921143	2.92156863
768.38330078	2.92156863
768.38330078	2.92156863
768.38732910	2.92156863
768.39141846	2.92156863
768.39141846	2.92156863
768.39556885	2.92156863
768.39953613	2.92156863
768.40368652	2.92156863
768.40368652	2.92156863
768.40783691	2.92156863
768.41198730	2.94117641
768.41613770	2.94117641
768.41613770	2.94117641
768.42028809	2.94117641
768.42425537	2.94117641
768.42834473	2.94117641
768.42834473	2.94117641
768.43249512	2.94117641
768.43664551	2.94117641
768.43664551	2.94117641
768.44061279	2.94117641
768.44470215	2.94117641
768.44879150	2.94117641
768.44879150	2.94117641
768.45275879	2.94117641
768.45690918	2.94117641
768.46118164	2.94117641
768.46118164	2.94117641
768.46520996	2.94117641
768.46929932	2.94117641
768.47332764	2.94117641
768.47332764	2.94117641
768.47741699	2.94117641
768.48162842	2.94117641
768.48577881	2.94117641
768.48974609	2.94117641
768.49383545	2.94117641
768.49383545	2.94117641
768.49792480	2.92156863
768.50213623	2.92156863
768.50616455	2.92156863
768.50616455	2.92156863
768.51019287	2.92156863
768.51428223	2.92156863
768.51843262	2.92156863
768.51843262	2.92156863
768.52252197	2.92156863
768.52655029	2.92156863
768.53063965	2.92156863
768.53479004	2.92156863
768.53894043	2.92156863
768.53894043	2.92156863
768.54296875	2.92156863
768.54724121	2.90196085
768.55126953	2.90196085
768.55126953	2.90196085
768.55535889	2.90196085
768.55938721	2.90196085
768.56353760	2.90196085
768.56353760	2.90196085
768.56756592	2.90196085
768.57165527	2.88235283
768.57580566	2.88235283
768.57977295	2.88235283
768.58392334	2.88235283
768.58392334	2.88235283
768.58801270	2.88235283
768.59216309	2.86274505
768.59631348	2.86274505
768.59631348	2.86274505
768.60034180	2.86274505
768.60449219	2.86274505
768.60858154	2.86274505
768.60858154	2.86274505
768.61273193	2.84313726
768.61676025	2.84313726
768.62084961	2.84313726
768.62493896	2.84313726
768.62908936	2.84313726
768.62908936	2.84313726
768.63317871	2.84313726
768.63720703	2.84313726
768.64129639	2.84313726
768.64129639	2.84313726
768.64544678	2.84313726
768.64953613	2.84313726
768.65356445	2.84313726
768.65356445	2.84313726
768.65765381	2.84313726
768.66186523	2.84313726
768.66595459	2.84313726
768.66998291	2.84313726
768.67425537	2.84313726
768.67425537	2.84313726
768.67828369	2.84313726
768.68237305	2.84313726
768.68652344	2.84313726
768.68652344	2.84313726
768.69049072	2.84313726
768.69470215	2.84313726
768.69879150	2.84313726
768.69879150	2.84313726
768.70288086	2.86274505
768.70690918	2.86274505
768.71099854	2.86274505
768.71514893	2.86274505
768.71929932	2.86274505
768.71929932	2.86274505
768.72326660	2.86274505
768.72729492	2.86274505
768.73150635	2.86274505
768.73150635	2.86274505
768.73553467	2.86274505
768.73956299	2.88235283
768.74365234	2.88235283
768.74365234	2.88235283
768.74780273	2.88235283
768.75201416	2.88235283
768.75604248	2.88235283
768.76019287	2.88235283
768.76416016	2.88235283
768.76416016	2.90196085
768.76831055	2.90196085
768.77239990	2.90196085
768.77655029	2.90196085
768.77655029	2.90196085
768.78051758	2.90196085
768.78472900	2.90196085
768.78875732	2.90196085
768.78875732	2.90196085
768.79284668	2.90196085
768.79699707	2.90196085
768.80126953	2.90196085
768.80126953	2.90196085
768.80517578	2.90196085
768.80938721	2.92156863
768.80938721	2.92156863
768.81335449	2.92156863
768.81744385	2.92156863
768.82153320	2.92156863
768.82153320	2.92156863
768.82568359	2.92156863
768.82965088	2.92156863
768.83380127	2.92156863
768.83380127	2.92156863
768.83795166	2.92156863
768.84210205	2.92156863
768.84613037	2.92156863
768.84613037	2.92156863
768.85021973	2.92156863
768.85437012	2.92156863
768.85437012	2.92156863
768.85852051	2.90196085
768.86260986	2.90196085
768.86663818	2.90196085
768.86663818	2.90196085
768.87072754	2.90196085
768.87481689	2.90196085
768.87896729	2.90196085
768.87896729	2.90196085
768.88293457	2.90196085
768.88720703	2.90196085
768.89117432	2.90196085
768.89117432	2.90196085
768.89532471	2.88235283
768.89941406	2.88235283
768.89941406	2.88235283
768.90344238	2.88235283
768.90753174	2.88235283
768.91174316	2.88235283
768.91174316	2.88235283
768.91589355	2.88235283
768.91986084	2.88235283
768.92401123	2.88235283
768.92401123	2.88235283
768.92810059	2.88235283
768.93225098	2.88235283
768.93634033	2.88235283
768.93634033	2.88235283
768.94030762	2.88235283
768.94445801	2.88235283
768.94445801	2.86274505
768.94854736	2.86274505
768.95263672	2.86274505
768.95666504	2.86274505
768.95666504	2.86274505
768.96075439	2.86274505
768.96496582	2.86274505
768.96905518	2.86274505
768.96905518	2.86274505
768.97320557	2.86274505
768.97717285	2.86274505
768.98132324	2.86274505
768.98132324	2.86274505
768.98547363	2.86274505
768.98962402	2.86274505
768.98962402	2.88235283
768.99359131	2.88235283
768.99780273	2.88235283
769.00183105	2.88235283
769.00183105	2.88235283
769.00592041	2.88235283
769.00988770	2.88235283
769.01416016	2.88235283
769.01416016	2.88235283
769.01818848	2.88235283
769.02227783	2.88235283
769.02642822	2.88235283
769.02642822	2.88235283
769.03039551	2.88235283
769.03454590	2.88235283
769.03869629	2.88235283
769.04290771	2.88235283
769.04687500	2.90196085
769.04687500	2.90196085
769.05096436	2.90196085
769.05511475	2.90196085
769.05926514	2.90196085
769.05926514	2.90196085
769.06323242	2.90196085
769.06732178	2.90196085
769.07141113	2.90196085
769.07141113	2.90196085
769.07556152	2.90196085
769.07965088	2.92156863
769.08367920	2.92156863
769.08776855	2.92156863
769.09191895	2.92156863
769.09191895	2.92156863
769.09600830	2.92156863
769.10021973	2.92156863
769.10418701	2.92156863
769.10418701	2.92156863
769.10833740	2.92156863
769.11248779	2.92156863
769.11657715	2.92156863
769.11657715	2.92156863
769.12060547	2.92156863
769.12475586	2.92156863
769.12884521	2.92156863
769.13275146	2.92156863
769.13690186	2.92156863
769.13690186	2.90196085
769.14105225	2.90196085
769.14520264	2.90196085
769.14929199	2.90196085
769.14929199	2.90196085
769.15332031	2.90196085
769.15740967	2.90196085
769.16162109	2.90196085
769.16162109	2.90196085
769.16577148	2.90196085
769.16973877	2.90196085
769.17382813	2.90196085
769.17797852	2.90196085
769.18212891	2.90196085
769.18212891	2.90196085
769.18621826	2.90196085
769.19018555	2.88235283
769.19433594	2.88235283
769.19433594	2.88235283
769.19842529	2.88235283
769.20251465	2.88235283
769.20672607	2.88235283
769.20672607	2.88235283
769.21075439	2.88235283
769.21484375	2.88235283
769.21899414	2.88235283
769.22296143	2.88235283
769.22729492	2.88235283
769.22729492	2.88235283
769.23126221	2.88235283
769.23529053	2.88235283
769.23944092	2.88235283
769.23944092	2.88235283
769.24346924	2.88235283
769.24755859	2.88235283
769.25170898	2.86274505
769.25170898	2.86274505
769.25579834	2.86274505
769.25982666	2.86274505
769.26391602	2.86274505
769.26806641	2.86274505
769.27221680	2.86274505
769.27221680	2.86274505
769.27618408	2.86274505
769.28033447	2.86274505
769.28448486	2.86274505
769.28448486	2.86274505
769.28857422	2.86274505
769.29266357	2.86274505
769.29669189	2.86274505
769.29669189	2.86274505
769.30084229	2.86274505
769.30493164	2.86274505
769.30914307	2.86274505
769.31323242	2.86274505
769.31719971	2.86274505
769.31719971	2.86274505
769.32135010	2.86274505
769.32543945	2.86274505
769.32958984	2.86274505
769.32958984	2.86274505
769.33355713	2.86274505
769.33764648	2.86274505
769.34185791	2.86274505
769.34185791	2.86274505
769.34594727	2.86274505
769.34997559	2.86274505
769.35424805	2.86274505
769.35424805	2.86274505
769.35815430	2.86274505
769.36236572	2.86274505
769.36236572	2.86274505
769.36639404	2.88235283
769.37048340	2.88235283
769.37463379	2.88235283
769.37463379	2.88235283
769.37866211	2.88235283
769.38281250	2.88235283
769.38677979	2.88235283
769.38677979	2.88235283
769.39093018	2.88235283
769.39501953	2.88235283
769.39916992	2.88235283
769.39916992	2.88235283
769.40313721	2.88235283
769.40728760	2.88235283
769.40728760	2.88235283
769.41143799	2.88235283
769.41558838	2.90196085
769.41973877	2.90196085
769.41973877	2.90196085
769.42370605	2.90196085
769.42785645	2.90196085
769.43194580	2.90196085
769.43194580	2.90196085
769.43609619	2.90196085
769.44024658	2.90196085
769.44421387	2.90196085
769.44421387	2.90196085
769.44842529	2.90196085
769.45251465	2.90196085
769.45251465	2.90196085
769.45648193	2.92156863
769.46063232	2.92156863
769.46478271	2.92156863
769.46478271	2.92156863
769.46893311	2.92156863
769.47290039	2.92156863
769.47692871	2.92156863
769.47692871	2.92156863
769.48107910	2.92156863
769.48516846	2.92156863
769.48931885	2.92156863
769.48931885	2.92156863
769.49328613	2.92156863
769.49743652	2.94117641
769.49743652	2.94117641
769.50164795	2.94117641
769.50567627	2.94117641
769.50982666	2.94117641
769.50982666	2.94117641
769.51379395	2.94117641
769.51794434	2.94117641
769.52203369	2.94117641
769.52203369	2.94117641
769.52618408	2.94117641
769.53015137	2.96078420
769.53430176	2.96078420
769.53430176	2.96078420
769.53839111	2.96078420
769.54254150	2.96078420
769.54663086	2.96078420
769.55065918	2.96078420
769.55487061	2.96078420
769.55487061	2.96078420
769.55902100	2.96078420
769.56298828	2.96078420
769.56719971	2.96078420
769.56719971	2.96078420
769.57116699	2.96078420
769.57525635	2.96078420
769.57940674	2.96078420
769.57940674	2.96078420
769.58343506	2.96078420
769.58752441	2.96078420
769.59167480	2.96078420
769.59576416	2.96078420
769.59997559	2.96078420
769.59997559	2.94117641
769.60394287	2.94117641
769.60809326	2.94117641
769.61224365	2.94117641
769.61224365	2.94117641
769.61621094	2.94117641
769.62036133	2.94117641
769.62445068	2.92156863
769.62445068	2.92156863
769.62854004	2.92156863
769.63262939	2.92156863
769.63665771	2.92156863
769.64074707	2.90196085
769.64495850	2.90196085
769.64495850	2.90196085
769.64904785	2.90196085
769.65319824	2.90196085
769.65716553	2.90196085
769.65716553	2.88235283
769.66131592	2.88235283
769.66546631	2.88235283
769.66961670	2.88235283
769.66961670	2.88235283
769.67358398	2.88235283
769.67773438	2.88235283
769.68182373	2.88235283
769.68591309	2.88235283
769.68994141	2.88235283
769.68994141	2.88235283
769.69415283	2.88235283
769.69818115	2.88235283
769.70227051	2.88235283
769.70227051	2.88235283
769.70629883	2.86274505
769.71038818	2.88235283
769.71447754	2.88235283
769.71447754	2.88235283
769.71868896	2.88235283
769.72283936	2.88235283
769.72686768	2.88235283
769.73095703	2.88235283
769.73510742	2.88235283
769.73510742	2.88235283
769.73925781	2.88235283
769.74322510	2.88235283
769.74737549	2.88235283
769.74737549	2.88235283
769.75146484	2.88235283
769.75555420	2.88235283
769.75964355	2.88235283
769.75964355	2.88235283
769.76367188	2.88235283
769.76782227	2.88235283
769.77191162	2.88235283
769.77606201	2.88235283
769.78015137	2.88235283
769.78015137	2.88235283
769.78417969	2.88235283
769.78826904	2.88235283
769.79248047	2.88235283
769.79248047	2.88235283
769.79650879	2.88235283
769.80053711	2.88235283
769.80474854	2.88235283
769.80474854	2.88235283
769.80883789	2.88235283
769.81298828	2.88235283
769.81695557	2.88235283
769.82104492	2.88235283
769.82513428	2.88235283
769.82513428	2.88235283
769.82928467	2.88235283
769.83331299	2.88235283
769.83740234	2.88235283
769.83740234	2.90196085
769.84155273	2.90196085
769.84564209	2.90196085
769.84985352	2.90196085
769.84985352	2.90196085
769.85382080	2.90196085
769.85791016	2.90196085
769.86206055	2.90196085
769.86627197	2.90196085
769.87023926	2.90196085
769.87023926	2.90196085
769.87432861	2.90196085
769.87841797	2.90196085
769.88256836	2.90196085
769.88256836	2.90196085
769.88653564	2.90196085
769.89062500	2.90196085
769.89477539	2.90196085
769.89477539	2.90196085
769.89892578	2.90196085
769.90289307	2.90196085
769.90716553	2.90196085
769.90716553	2.90196085
769.91119385	2.90196085
769.91534424	2.90196085
769.91534424	2.90196085
769.91949463	2.90196085
769.92346191	2.90196085
769.92761230	2.90196085
769.92761230	2.90196085
769.93170166	2.90196085
769.93579102	2.90196085
769.93994141	2.90196085
769.93994141	2.90196085
769.94390869	2.90196085
769.94805908	2.90196085
769.95214844	2.90196085
769.95214844	2.90196085
769.95617676	2.88235283
769.96026611	2.88235283
769.96026611	2.88235283
769.96453857	2.88235283
769.96850586	2.88235283
769.97271729	2.88235283
769.97271729	2.88235283
769.97674561	2.88235283
769.98083496	2.88235283
769.98498535	2.88235283
769.98498535	2.88235283
769.98913574	2.88235283
769.99322510	2.88235283
769.99719238	2.88235283
769.99719238	2.88235283
770.00134277	2.88235283
770.00549316	2.88235283
770.00549316	2.88235283
770.00946045	2.88235283
770.01354980	2.88235283
770.01770020	2.88235283
770.01770020	2.88235283
770.02178955	2.88235283
770.02593994	2.88235283
770.02990723	2.86274505
770.02990723	2.86274505
770.03424072	2.86274505
770.03814697	2.86274505
770.04229736	2.86274505
770.04229736	2.86274505
770.04632568	2.86274505
770.05047607	2.86274505
770.05047607	2.86274505
770.05456543	2.86274505
770.05871582	2.86274505
770.06286621	2.86274505
770.06286621	2.86274505
770.06689453	2.86274505
770.07092285	2.86274505
770.07501221	2.86274505
770.07501221	2.86274505
770.07916260	2.86274505
770.08312988	2.86274505
770.08728027	2.86274505
770.08728027	2.86274505
770.09143066	2.86274505
770.09552002	2.86274505
770.09967041	2.86274505
770.10369873	2.86274505
770.10784912	2.86274505
770.10784912	2.86274505
770.11199951	2.86274505
770.11608887	2.86274505
770.12023926	2.86274505
770.12023926	2.86274505
770.12420654	2.86274505
770.12829590	2.86274505
770.13244629	2.86274505
770.13244629	2.88235283
770.13641357	2.88235283
770.14050293	2.88235283
770.14465332	2.88235283
770.14880371	2.88235283
770.15289307	2.88235283
770.15289307	2.88235283
770.15692139	2.88235283
770.16107178	2.88235283
770.16522217	2.88235283
770.16522217	2.88235283
770.16937256	2.88235283
770.17333984	2.88235283
770.17749023	2.88235283
770.17749023	2.88235283
770.18151855	2.88235283
770.18572998	2.88235283
770.18969727	2.88235283
770.19378662	2.88235283
770.19787598	2.88235283
770.19787598	2.88235283
770.20202637	2.88235283
770.20617676	2.88235283
770.21014404	2.88235283
770.21014404	2.88235283
770.21429443	2.88235283
770.21838379	2.88235283
770.22253418	2.88235283
770.22253418	2.88235283
770.22650146	2.88235283
770.23071289	2.88235283
770.23486328	2.88235283
770.23895264	2.88235283
770.24310303	2.88235283
770.24310303	2.88235283
770.24725342	2.88235283
770.25122070	2.88235283
770.25537109	2.88235283
770.25537109	2.88235283
770.25927734	2.88235283
770.26336670	2.90196085
770.26751709	2.90196085
770.26751709	2.90196085
770.27166748	2.90196085
770.27581787	2.90196085
770.27978516	2.90196085
770.28393555	2.90196085
770.28802490	2.90196085
770.28802490	2.90196085
770.29217529	2.90196085
770.29614258	2.90196085
770.30029297	2.90196085
770.30029297	2.90196085
770.30444336	2.90196085
770.30859375	2.90196085
770.31274414	2.90196085
770.31274414	2.90196085
770.31665039	2.90196085
770.32080078	2.90196085
770.32489014	2.90196085
770.32904053	2.90196085
770.33319092	2.90196085
770.33319092	2.90196085
770.33715820	2.90196085
770.34124756	2.90196085
770.34539795	2.90196085
770.34539795	2.90196085
770.34942627	2.90196085
770.35357666	2.90196085
770.35772705	2.90196085
770.35772705	2.90196085
770.36187744	2.90196085
770.36596680	2.90196085
770.36999512	2.88235283
770.37426758	2.88235283
770.37823486	2.88235283
770.37823486	2.88235283
770.38232422	2.88235283
770.38629150	2.88235283
770.39038086	2.88235283
770.39038086	2.88235283
770.39453125	2.88235283
770.39868164	2.88235283
770.40277100	2.88235283
770.40277100	2.88235283
770.40679932	2.88235283
770.41088867	2.88235283
770.41510010	2.88235283
770.41510010	2.88235283
770.41925049	2.86274505
770.42333984	2.86274505
770.42333984	2.86274505
770.42736816	2.86274505
770.43139648	2.86274505
770.43560791	2.86274505
770.43560791	2.86274505
770.43957520	2.86274505
770.44366455	2.86274505
770.44787598	2.86274505
770.44787598	2.86274505
770.45190430	2.86274505
770.45593262	2.86274505
770.46014404	2.86274505
770.46014404	2.86274505
770.46417236	2.86274505
770.46826172	2.86274505
770.46826172	2.86274505
770.47241211	2.86274505
770.47650146	2.86274505
770.48059082	2.86274505
770.48059082	2.86274505
770.48474121	2.86274505
770.48883057	2.86274505
770.49298096	2.86274505
770.49298096	2.86274505
770.49694824	2.86274505
770.50109863	2.86274505
770.50524902	2.86274505
770.50524902	2.88235283
770.50927734	2.88235283
770.51336670	2.88235283
770.51336670	2.88235283
770.51745605	2.88235283
770.52154541	2.88235283
770.52563477	2.88235283
770.52563477	2.88235283
770.52966309	2.88235283
770.53375244	2.88235283
770.53790283	2.88235283
770.53790283	2.88235283
770.54205322	2.90196085
770.54626465	2.90196085
770.55023193	2.90196085
770.55023193	2.90196085
770.55432129	2.90196085
770.55847168	2.90196085
770.55847168	2.90196085
770.56262207	2.90196085
770.56658936	2.90196085
770.57067871	2.92156863
770.57067871	2.92156863
770.57476807	2.92156863
770.57891846	2.92156863
770.58300781	2.92156863
770.58300781	2.92156863
770.58715820	2.92156863
770.59112549	2.92156863
770.59527588	2.92156863
770.59527588	2.92156863
770.59936523	2.92156863
770.60345459	2.92156863
770.60760498	2.94117641
770.61175537	2.94117641
770.61584473	2.94117641
770.61584473	2.94117641
770.61981201	2.94117641
770.62396240	2.94117641
770.62805176	2.94117641
770.62805176	2.94117641
770.63214111	2.94117641
770.63616943	2.94117641
770.64025879	2.94117641
770.64025879	2.94117641
770.64440918	2.94117641
770.64849854	2.94117641
770.65264893	2.94117641
770.65667725	2.94117641
770.66082764	2.94117641
770.66082764	2.94117641
770.66491699	2.94117641
770.66906738	2.94117641
770.67321777	2.94117641
770.67321777	2.92156863
770.67724609	2.92156863
770.68127441	2.92156863
770.68548584	2.92156863
770.68548584	2.92156863
770.68939209	2.92156863
770.69354248	2.92156863
770.69763184	2.90196085
770.70178223	2.90196085
770.70593262	2.90196085
770.70593262	2.90196085
770.70989990	2.90196085
770.71417236	2.90196085
770.71813965	2.90196085
770.71813965	2.90196085
770.72229004	2.88235283
770.72631836	2.88235283
770.73046875	2.88235283
770.73046875	2.88235283
770.73455811	2.88235283
770.73870850	2.88235283
770.74285889	2.88235283
770.74682617	2.86274505
770.75097656	2.86274505
770.75097656	2.86274505
770.75506592	2.86274505
770.75915527	2.86274505
770.76324463	2.86274505
770.76324463	2.86274505
770.76727295	2.86274505
770.77142334	2.86274505
770.77551270	2.86274505
770.77551270	2.86274505
770.77954102	2.86274505
770.78363037	2.86274505
770.78778076	2.84313726
770.79193115	2.84313726
770.79608154	2.84313726
770.79608154	2.84313726
770.80023193	2.84313726
770.80419922	2.84313726
770.80834961	2.84313726
770.80834961	2.84313726
770.81250000	2.84313726
770.81646729	2.84313726
770.82055664	2.84313726
770.82055664	2.84313726
770.82464600	2.84313726
770.82879639	2.84313726
770.83288574	2.86274505
770.83691406	2.86274505
770.84112549	2.86274505
770.84112549	2.86274505
770.84515381	2.86274505
770.84924316	2.86274505
770.85333252	2.86274505
770.85333252	2.86274505
770.85742188	2.86274505
770.86163330	2.86274505
770.86572266	2.86274505
770.86572266	2.86274505
770.86968994	2.86274505
770.87384033	2.86274505
770.87792969	2.86274505
770.88201904	2.86274505
770.88610840	2.86274505
770.88610840	2.88235283
770.89019775	2.88235283
770.89428711	2.88235283
770.89843750	2.88235283
770.89843750	2.88235283
770.90252686	2.88235283
770.90655518	2.88235283
770.91064453	2.88235283
770.91064453	2.88235283
770.91479492	2.88235283
770.91900635	2.88235283
770.92309570	2.88235283
770.92724609	2.90196085
770.93121338	2.90196085
770.93121338	2.90196085
770.93536377	2.90196085
770.93939209	2.90196085
770.94342041	2.90196085
770.94342041	2.90196085
770.94750977	2.90196085
770.95166016	2.90196085
770.95574951	2.90196085
770.95574951	2.90196085
770.95977783	2.90196085
770.96386719	2.90196085
770.96801758	2.92156863
770.96801758	2.92156863
770.97216797	2.92156863
770.97637939	2.92156863
770.97637939	2.92156863
770.98034668	2.92156863
770.98449707	2.92156863
770.98858643	2.92156863
770.98858643	2.92156863
770.99273682	2.92156863
770.99670410	2.92156863
771.00079346	2.92156863
771.00079346	2.92156863
771.00482178	2.92156863
771.00903320	2.92156863
771.01312256	2.92156863
771.01312256	2.92156863
771.01715088	2.92156863
771.02124023	2.92156863
771.02124023	2.92156863
771.02539063	2.92156863
771.02935791	2.92156863
771.03356934	2.92156863
771.03356934	2.92156863
771.03771973	2.92156863
771.04187012	2.92156863
771.04595947	2.92156863
771.04595947	2.92156863
771.04992676	2.92156863
771.05413818	2.92156863
771.05822754	2.92156863
771.05822754	2.92156863
771.06237793	2.92156863
771.06646729	2.92156863
771.06646729	2.92156863
771.07049561	2.92156863
771.07464600	2.92156863
771.07873535	2.90196085
771.07873535	2.90196085
771.08282471	2.90196085
771.08685303	2.90196085
771.09100342	2.90196085
771.09100342	2.90196085
771.09509277	2.90196085
771.09912109	2.90196085
771.10327148	2.90196085
771.10327148	2.90196085
771.10723877	2.90196085
771.11138916	2.90196085
771.11138916	2.90196085
771.11553955	2.90196085
771.11956787	2.90196085
771.12371826	2.90196085
771.12371826	2.90196085
771.12780762	2.90196085
771.13208008	2.90196085
771.13598633	2.88235283
771.13598633	2.88235283
771.14013672	2.88235283
771.14410400	2.88235283
771.14837646	2.88235283
771.14837646	2.88235283
771.15240479	2.88235283
771.15655518	2.88235283
771.16052246	2.88235283
771.16467285	2.88235283
771.16882324	2.88235283
771.16882324	2.88235283
771.17285156	2.88235283
771.17700195	2.88235283
771.18127441	2.88235283
771.18127441	2.88235283
771.18518066	2.88235283
771.18927002	2.88235283
771.19323730	2.86274505
771.19323730	2.86274505
771.19738770	2.86274505
771.20153809	2.86274505
771.20562744	2.86274505
771.20965576	2.86274505
771.21374512	2.86274505
771.21374512	2.86274505
771.21795654	2.86274505
771.22204590	2.86274505
771.22625732	2.86274505
771.22625732	2.86274505
771.23022461	2.86274505
771.23425293	2.84313726
771.23846436	2.84313726
771.23846436	2.84313726
771.24261475	2.84313726
771.24658203	2.84313726
771.25067139	2.84313726
771.25476074	2.84313726
771.25891113	2.84313726
771.25891113	2.84313726
771.26287842	2.84313726
771.26715088	2.86274505
771.27111816	2.86274505
771.27111816	2.86274505
771.27532959	2.86274505
771.27935791	2.86274505
771.28344727	2.86274505
771.28344727	2.86274505
771.28759766	2.86274505
771.29168701	2.86274505
771.29583740	2.86274505
771.29980469	2.86274505
771.30395508	2.86274505
771.30395508	2.86274505
771.30810547	2.88235283
771.31219482	2.88235283
771.31634521	2.88235283
771.31634521	2.88235283
771.32025146	2.88235283
771.32440186	2.88235283
771.32849121	2.88235283
771.32849121	2.88235283
771.33264160	2.90196085
771.33660889	2.90196085
771.34075928	2.90196085
771.34490967	2.90196085
771.34899902	2.90196085
771.34899902	2.90196085
771.35314941	2.92156863
771.35723877	2.92156863
771.36132813	2.92156863
771.36132813	2.92156863
771.36547852	2.92156863
771.36962891	2.92156863
771.37359619	2.92156863
771.37359619	2.92156863
771.37768555	2.92156863
771.38189697	2.92156863
771.38586426	2.92156863
771.38989258	2.92156863
771.39410400	2.94117641
771.39410400	2.94117641
771.39819336	2.94117641
771.40228271	2.94117641
771.40643311	2.94117641
771.40643311	2.94117641
771.41040039	2.94117641
771.41455078	2.94117641
771.41864014	2.94117641
771.41864014	2.94117641
771.42279053	2.94117641
771.42681885	2.94117641
771.43096924	2.94117641
771.43511963	2.94117641
771.43914795	2.94117641
771.43914795	2.94117641
771.44317627	2.94117641
771.44726563	2.94117641
771.45141602	2.94117641
771.45141602	2.94117641
771.45550537	2.94117641
771.45953369	2.94117641
771.46362305	2.94117641
771.46362305	2.92156863
771.46777344	2.92156863
771.47192383	2.92156863
771.47607422	2.92156863
771.47607422	2.92156863
771.48022461	2.92156863
771.48419189	2.92156863
771.48419189	2.92156863
771.48834229	2.92156863
771.49249268	2.92156863
771.49658203	2.90196085
771.49658203	2.90196085
771.50048828	2.90196085
771.50457764	2.90196085
771.50878906	2.90196085
771.50878906	2.90196085
771.51275635	2.90196085
771.51690674	2.90196085
771.52111816	2.90196085
771.52111816	2.90196085
771.52514648	2.90196085
771.52923584	2.90196085
771.52923584	2.90196085
771.53332520	2.90196085
771.53747559	2.90196085
771.54156494	2.90196085
771.54156494	2.90196085
771.54571533	2.90196085
771.54968262	2.90196085
771.55383301	2.90196085
771.55383301	2.90196085
771.55798340	2.90196085
771.56207275	2.90196085
771.56622314	2.90196085
771.56622314	2.90196085
771.57012939	2.90196085
771.57427979	2.90196085
771.57427979	2.90196085
771.57836914	2.90196085
771.58251953	2.90196085
771.58660889	2.90196085
771.58660889	2.90196085
771.59063721	2.90196085
771.59472656	2.90196085
771.59893799	2.90196085
771.59893799	2.92156863
771.60296631	2.92156863
771.60723877	2.92156863
771.61120605	2.92156863
771.61120605	2.92156863
771.61529541	2.92156863
771.61944580	2.92156863
771.61944580	2.92156863
771.62341309	2.92156863
771.62756348	2.94117641
771.63171387	2.94117641
771.63171387	2.94117641
771.63574219	2.94117641
771.63977051	2.94117641
771.64385986	2.94117641
771.64385986	2.94117641
771.64807129	2.94117641
771.65216064	2.96078420
771.65625000	2.96078420
771.65625000	2.96078420
771.66027832	2.96078420
771.66442871	2.96078420
771.66857910	2.96078420
771.67272949	2.96078420
771.67669678	2.96078420
771.67669678	2.96078420
771.68084717	2.98039222
771.68493652	2.98039222
771.68902588	2.98039222
771.68902588	2.98039222
771.69323730	2.98039222
771.69708252	2.98039222
771.70129395	2.98039222
771.70129395	2.98039222
771.70538330	2.98039222
771.70953369	2.98039222
771.71350098	2.98039222
771.71765137	2.98039222
771.72174072	2.98039222
771.72174072	2.98039222
771.72595215	2.98039222
771.72991943	2.98039222
771.73419189	2.98039222
771.73419189	2.98039222
771.73822021	2.98039222
771.74237061	2.98039222
771.74645996	2.98039222
771.74645996	2.98039222
771.75042725	2.98039222
771.75445557	2.98039222
771.75866699	2.98039222
771.76275635	2.96078420
771.76678467	2.96078420
771.76678467	2.96078420
771.77087402	2.96078420
771.77502441	2.96078420
771.77911377	2.96078420
771.77911377	2.96078420
771.78320313	2.96078420
771.78729248	2.94117641
771.79144287	2.94117641
771.79144287	2.94117641
771.79559326	2.94117641
771.79974365	2.94117641
771.80371094	2.94117641
771.80780029	2.94117641
771.81195068	2.94117641
771.81195068	2.94117641
771.81610107	2.94117641
771.82012939	2.94117641
771.82415771	2.94117641
771.82415771	2.94117641
771.82824707	2.94117641
771.83239746	2.94117641
771.83648682	2.94117641
771.83648682	2.94117641
771.84051514	2.92156863
771.84460449	2.92156863
771.84875488	2.92156863
771.85278320	2.92156863
771.85693359	2.92156863
771.85693359	2.92156863
771.86108398	2.92156863
771.86517334	2.92156863
771.86926270	2.92156863
771.86926270	2.92156863
771.87329102	2.94117641
771.87744141	2.94117641
771.88153076	2.96078420
771.88153076	2.98039222
771.88562012	3.00000000
771.88964844	3.01960778
771.89373779	3.03921580
771.89788818	3.03921580
771.90203857	3.05882359
771.90203857	3.05882359
771.90612793	3.05882359
771.91015625	3.07843137
771.91430664	3.07843137
771.91430664	3.07843137
771.91845703	3.07843137
771.92260742	3.09803915
771.92669678	3.09803915
771.92669678	3.09803915
771.93066406	3.09803915
771.93481445	3.09803915
771.93896484	3.09803915
771.94293213	3.09803915
771.94714355	3.09803915
771.94714355	3.09803915
771.95117188	3.09803915
771.95526123	3.09803915
771.95941162	3.09803915
771.95941162	3.09803915
771.96337891	3.09803915
771.96752930	3.09803915
771.97161865	3.09803915
771.97161865	3.09803915
771.97583008	3.09803915
771.97985840	3.09803915
771.98394775	3.07843137
771.98809814	3.07843137
771.99218750	3.07843137
771.99218750	3.07843137
771.99621582	3.07843137
772.00030518	3.07843137
772.00439453	3.07843137
772.00439453	3.07843137
772.00848389	3.07843137
772.01263428	3.07843137
772.01666260	3.07843137
772.01666260	3.07843137
772.02075195	3.07843137
772.02490234	3.07843137
772.02899170	3.07843137
772.02899170	3.07843137
772.03320313	3.05882359
772.03717041	3.05882359
772.03717041	3.05882359
772.04132080	3.05882359
772.04547119	3.05882359
772.04962158	3.05882359
772.04962158	3.05882359
772.05352783	3.05882359
772.05767822	3.05882359
772.06182861	3.05882359
772.06182861	3.05882359
772.06597900	3.05882359
772.06988525	3.05882359
772.07415771	3.05882359
772.07415771	3.05882359
772.07812500	3.05882359
772.08227539	3.05882359
772.08227539	3.03921580
772.08624268	3.03921580
772.09039307	3.03921580
772.09448242	3.03921580
772.09448242	3.03921580
772.09869385	3.03921580
772.10260010	3.03921580
772.10681152	3.03921580
772.10681152	3.03921580
772.11096191	3.03921580
772.11505127	3.03921580
772.11920166	3.03921580
772.11920166	3.03921580
772.12322998	3.03921580
772.12731934	3.03921580
772.12731934	3.01960778
772.13140869	3.01960778
772.13549805	3.01960778
772.13964844	3.01960778
772.13964844	3.01960778
772.14361572	3.01960778
772.14776611	3.01960778
772.15185547	3.01960778
772.15185547	3.01960778
772.15600586	3.01960778
772.16015625	3.00000000
772.16418457	3.00000000
772.16418457	3.00000000
772.16833496	3.00000000
772.17242432	3.00000000
772.17242432	3.00000000
772.17645264	3.00000000
772.18060303	3.00000000
772.18469238	3.00000000
772.18469238	3.00000000
772.18884277	3.00000000
772.19281006	3.00000000
772.19683838	3.00000000
772.19683838	2.98039222
772.20104980	2.98039222
772.20513916	2.98039222
772.20928955	2.98039222
772.20928955	2.98039222
772.21325684	2.96078420
772.21740723	2.96078420
772.22149658	2.94117641
772.22564697	2.94117641
772.22979736	2.94117641
772.22979736	2.92156863
772.23382568	2.92156863
772.23797607	2.92156863
772.24212646	2.90196085
772.24212646	2.90196085
772.24621582	2.90196085
772.25018311	2.88235283
772.25427246	2.88235283
772.25427246	2.88235283
772.25836182	2.86274505
772.26251221	2.86274505
772.26647949	2.84313726
772.27062988	2.84313726
772.27478027	2.84313726
772.27478027	2.84313726
772.27886963	2.82352948
772.28289795	2.82352948
772.28723145	2.82352948
772.28723145	2.82352948
772.29119873	2.80392146
772.29534912	2.80392146
772.29949951	2.80392146
772.29949951	2.80392146
772.30340576	2.80392146
772.30755615	2.80392146
772.31164551	2.80392146
772.31579590	2.80392146
772.31988525	2.80392146
772.31988525	2.80392146
772.32385254	2.80392146
772.32800293	2.80392146
772.33215332	2.80392146
772.33215332	2.80392146
772.33612061	2.80392146
772.34027100	2.80392146
772.34442139	2.80392146
772.34442139	2.80392146
772.34857178	2.80392146
772.35272217	2.80392146
772.35668945	2.82352948
772.36083984	2.82352948
772.36492920	2.82352948
772.36492920	2.82352948
772.36907959	2.82352948
772.37322998	2.82352948
772.37719727	2.84313726
772.37719727	2.84313726
772.38128662	2.84313726
772.38537598	2.84313726
772.38952637	2.84313726
772.38952637	2.86274505
772.39349365	2.86274505
772.39764404	2.86274505
772.40173340	2.86274505
772.40588379	2.88235283
772.40985107	2.88235283
772.40985107	2.88235283
772.41418457	2.88235283
772.41821289	2.88235283
772.42236328	2.88235283
772.42236328	2.90196085
772.42633057	2.90196085
772.43041992	2.90196085
772.43457031	2.90196085
772.43457031	2.90196085
772.43872070	2.90196085
772.44274902	2.92156863
772.44677734	2.92156863
772.45086670	2.92156863
772.45501709	2.92156863
772.45501709	2.92156863
772.45910645	2.92156863
772.46313477	2.92156863
772.46728516	2.94117641
772.46728516	2.94117641
772.47137451	2.94117641
772.47552490	2.94117641
772.47973633	2.94117641
772.47973633	2.94117641
772.48370361	2.94117641
772.48779297	2.94117641
772.49194336	2.94117641
772.49609375	2.94117641
772.50018311	2.94117641
772.50018311	2.94117641
772.50415039	2.94117641
772.50823975	2.94117641
772.51239014	2.94117641
772.51239014	2.94117641
772.51635742	2.94117641
772.52050781	2.94117641
772.52459717	2.94117641
772.52459717	2.94117641
772.52874756	2.94117641
772.53289795	2.94117641
772.53692627	2.94117641
772.53692627	2.94117641
772.54107666	2.94117641
772.54522705	2.94117641
772.54522705	2.94117641
772.54931641	2.94117641
772.55328369	2.94117641
772.55743408	2.94117641
772.55743408	2.94117641
772.56152344	2.94117641
772.56567383	2.94117641
772.56976318	2.94117641
772.56976318	2.92156863
772.57373047	2.92156863
772.57788086	2.92156863
772.58203125	2.92156863
772.58203125	2.92156863
772.58612061	2.92156863
772.59014893	2.90196085
772.59014893	2.90196085
772.59429932	2.90196085
772.59838867	2.90196085
772.60260010	2.90196085
772.60260010	2.90196085
772.60656738	2.88235283
772.61065674	2.88235283
772.61474609	2.88235283
772.61474609	2.88235283
772.61895752	2.88235283
772.62292480	2.88235283
772.62719727	2.88235283
772.62719727	2.86274505
772.63134766	2.86274505
772.63537598	2.86274505
772.63537598	2.86274505
772.63952637	2.86274505
772.64343262	2.86274505
772.64758301	2.86274505
772.64758301	2.86274505
772.65173340	2.86274505
772.65588379	2.86274505
772.65997314	2.86274505
772.65997314	2.84313726
772.66387939	2.84313726
772.66802979	2.84313726
772.67211914	2.84313726
772.67211914	2.84313726
772.67614746	2.84313726
772.68029785	2.84313726
772.68029785	2.84313726
772.68438721	2.84313726
772.68853760	2.84313726
772.69262695	2.84313726
772.69262695	2.84313726
772.69659424	2.84313726
772.70080566	2.84313726
772.70489502	2.84313726
772.70489502	2.84313726
772.70898438	2.84313726
772.71313477	2.86274505
772.71716309	2.86274505
772.71716309	2.86274505
772.72125244	2.86274505
772.72540283	2.86274505
772.72540283	2.86274505
772.72943115	2.86274505
772.73358154	2.86274505
772.73767090	2.86274505
772.73767090	2.86274505
772.74182129	2.86274505
772.74597168	2.86274505
772.74993896	2.88235283
772.74993896	2.88235283
772.75415039	2.88235283
772.75811768	2.88235283
772.76226807	2.88235283
772.76226807	2.88235283
772.76623535	2.88235283
772.77038574	2.88235283
772.77447510	2.88235283
772.77862549	2.88235283
772.78277588	2.88235283
772.78277588	2.88235283
772.78680420	2.88235283
772.79089355	2.88235283
772.79510498	2.88235283
772.79510498	2.88235283
772.79919434	2.88235283
772.80316162	2.88235283
772.80731201	2.88235283
772.80731201	2.88235283
772.81140137	2.88235283
772.81555176	2.88235283
772.81951904	2.88235283
772.82360840	2.88235283
772.82775879	2.88235283
772.82775879	2.88235283
772.83190918	2.88235283
772.83599854	2.88235283
772.84014893	2.88235283
772.84014893	2.88235283
772.84417725	2.88235283
772.84826660	2.88235283
772.85241699	2.88235283
772.85241699	2.88235283
772.85644531	2.88235283
772.86053467	2.88235283
772.86462402	2.88235283
772.86883545	2.88235283
772.87292480	2.88235283
772.87292480	2.88235283
772.87695313	2.88235283
772.88098145	2.88235283
772.88513184	2.88235283
772.88513184	2.88235283
772.88922119	2.88235283
772.89324951	2.88235283
772.89739990	2.88235283
772.89739990	2.88235283
772.90148926	2.88235283
772.90563965	2.88235283
772.90960693	2.88235283
772.91375732	2.88235283
772.91796875	2.88235283
772.91796875	2.88235283
772.92205811	2.88235283
772.92620850	2.88235283
772.93017578	2.88235283
772.93017578	2.88235283
772.93432617	2.88235283
772.93847656	2.88235283
772.94250488	2.88235283
772.94250488	2.88235283
772.94647217	2.88235283
772.95062256	2.88235283
772.95477295	2.88235283
772.95886230	2.88235283
772.96301270	2.88235283
772.96301270	2.88235283
772.96710205	2.88235283
772.97113037	2.88235283
772.97528076	2.88235283
772.97528076	2.88235283
772.97943115	2.88235283
772.98339844	2.88235283
772.98748779	2.88235283
772.98748779	2.88235283
772.99169922	2.88235283
772.99584961	2.88235283
772.99993896	2.88235283
773.00390625	2.88235283
773.00799561	2.88235283
773.00799561	2.88235283
773.01214600	2.88235283
773.01611328	2.88235283
773.02026367	2.88235283
773.02026367	2.88235283
773.02435303	2.88235283
773.02850342	2.88235283
773.03265381	2.88235283
773.03265381	2.88235283
773.03668213	2.88235283
773.04083252	2.88235283
773.04498291	2.88235283
773.04907227	2.88235283
773.05316162	2.88235283
773.05316162	2.88235283
773.05718994	2.88235283
773.06121826	2.88235283
773.06542969	2.88235283
773.06542969	2.88235283
773.06933594	2.88235283
773.07354736	2.88235283
773.07763672	2.88235283
773.07763672	2.88235283
773.08178711	2.90196085
773.08587646	2.90196085
773.08990479	2.90196085
773.08990479	2.90196085
773.09411621	2.90196085
773.09820557	2.90196085
773.09820557	2.90196085
773.10235596	2.90196085
773.10632324	2.90196085
773.11041260	2.90196085
773.11041260	2.90196085
773.11462402	2.92156863
773.11871338	2.92156863
773.12286377	2.92156863
773.12286377	2.92156863
773.12683105	2.92156863
773.13092041	2.92156863
773.13500977	2.92156863
773.13500977	2.92156863
773.13909912	2.92156863
773.14324951	2.94117641
773.14324951	2.94117641
773.14721680	2.94117641
773.15136719	2.94117641
773.15551758	2.94117641
773.15551758	2.94117641
773.15954590	2.94117641
773.16363525	2.94117641
773.16784668	2.94117641
773.16784668	2.94117641
773.17193604	2.94117641
773.17608643	2.94117641
773.18023682	2.94117641
773.18023682	2.94117641
773.18420410	2.94117641
773.18829346	2.94117641
773.18829346	2.94117641
773.19238281	2.94117641
773.19635010	2.94117641
773.20050049	2.94117641
773.20050049	2.94117641
773.20465088	2.94117641
773.20874023	2.94117641
773.21289063	2.94117641
773.21289063	2.94117641
773.21685791	2.94117641
773.22100830	2.94117641
773.22515869	2.94117641
773.22515869	2.94117641
773.22930908	2.94117641
773.23345947	2.94117641
773.23345947	2.94117641
773.23742676	2.94117641
773.24157715	2.96078420
773.24572754	2.94117641
773.24572754	2.96078420
773.24969482	2.94117641
773.25378418	2.94117641
773.25787354	2.94117641
773.25787354	2.94117641
773.26202393	2.94117641
773.26611328	2.94117641
773.27014160	2.94117641
773.27014160	2.94117641
773.27423096	2.94117641
773.27838135	2.94117641
773.28253174	2.94117641
773.28649902	2.94117641
773.29071045	2.94117641
773.29071045	2.94117641
773.29479980	2.94117641
773.29888916	2.94117641
773.30310059	2.94117641
773.30310059	2.92156863
773.30718994	2.92156863
773.31121826	2.92156863
773.31530762	2.92156863
773.31530762	2.92156863
773.31933594	2.90196085
773.32342529	2.90196085
773.32751465	2.88235283
773.33166504	2.88235283
773.33575439	2.88235283
773.33575439	2.88235283
773.33978271	2.86274505
773.34387207	2.86274505
773.34820557	2.86274505
773.34820557	2.86274505
773.35217285	2.86274505
773.35632324	2.84313726
773.36029053	2.84313726
773.36029053	2.84313726
773.36444092	2.84313726
773.36853027	2.84313726
773.37268066	2.84313726
773.37670898	2.84313726
773.38079834	2.84313726
773.38079834	2.84313726
773.38500977	2.84313726
773.38909912	2.84313726
773.39318848	2.84313726
773.39318848	2.84313726
773.39721680	2.84313726
773.40136719	2.84313726
773.40545654	2.84313726
773.40545654	2.84313726
773.40948486	2.84313726
773.41351318	2.84313726
773.41766357	2.84313726
773.42175293	2.84313726
773.42590332	2.84313726
773.42590332	2.84313726
773.42993164	2.84313726
773.43414307	2.84313726
773.43811035	2.84313726
773.43811035	2.84313726
773.44226074	2.84313726
773.44628906	2.84313726
773.45037842	2.84313726
773.45037842	2.84313726
773.45452881	2.86274505
773.45861816	2.86274505
773.46276855	2.86274505
773.46673584	2.86274505
773.47088623	2.86274505
773.47088623	2.86274505
773.47497559	2.86274505
773.47918701	2.88235283
773.48333740	2.88235283
773.48333740	2.88235283
773.48730469	2.88235283
773.49145508	2.88235283
773.49554443	2.88235283
773.49554443	2.90196085
773.49957275	2.90196085
773.50372314	2.90196085
773.50787354	2.90196085
773.51196289	2.92156863
773.51605225	2.92156863
773.51605225	2.92156863
773.52020264	2.92156863
773.52423096	2.92156863
773.52832031	2.92156863
773.52832031	2.92156863
773.53234863	2.94117641
773.53637695	2.94117641
773.54052734	2.94117641
773.54052734	2.94117641
773.54461670	2.94117641
773.54876709	2.94117641
773.55291748	2.94117641
773.55688477	2.96078420
773.56115723	2.96078420
773.56115723	2.96078420
773.56512451	2.96078420
773.56921387	2.96078420
773.57324219	2.96078420
773.57324219	2.96078420
773.57733154	2.96078420
773.58148193	2.96078420
773.58563232	2.96078420
773.58563232	2.96078420
773.58966064	2.96078420
773.59375000	2.96078420
773.59796143	2.98039222
773.59796143	2.98039222
773.60205078	2.98039222
773.60620117	2.98039222
773.60620117	2.98039222
773.61016846	2.96078420
773.61431885	2.96078420
773.61840820	2.96078420
773.61840820	2.96078420
773.62255859	2.96078420
773.62658691	2.96078420
773.63067627	2.96078420
773.63067627	2.96078420
773.63476563	2.96078420
773.63885498	2.96078420
773.64300537	2.96078420
773.64300537	2.96078420
773.64709473	2.96078420
773.65112305	2.96078420
773.65112305	2.96078420
773.65521240	2.96078420
773.65936279	2.96078420
773.66333008	2.96078420
773.66333008	2.96078420
773.66754150	2.96078420
773.67163086	2.96078420
773.67584229	2.96078420
773.67584229	2.94117641
773.67980957	2.94117641
773.68389893	2.94117641
773.68817139	2.94117641
773.68817139	2.94117641
773.69213867	2.94117641
773.69622803	2.94117641
773.69622803	2.94117641
773.70025635	2.94117641
773.70440674	2.92156863
773.70849609	2.92156863
773.70849609	2.92156863
773.71264648	2.92156863
773.71661377	2.92156863
773.72076416	2.92156863
773.72076416	2.92156863
773.72485352	2.90196085
773.72900391	2.90196085
773.73321533	2.90196085
773.73321533	2.90196085
773.73718262	2.90196085
773.74133301	2.90196085
773.74133301	2.90196085
773.74542236	2.88235283
773.74945068	2.88235283
773.75354004	2.88235283
773.75354004	2.88235283
773.75762939	2.88235283
773.76171875	2.88235283
773.76586914	2.88235283
773.76586914	2.88235283
773.76983643	2.88235283
773.77410889	2.88235283
773.77813721	2.88235283
773.77813721	2.88235283
773.78222656	2.88235283
773.78637695	2.88235283
773.78637695	2.86274505
773.79046631	2.86274505
773.79455566	2.86274505
773.79864502	2.86274505
773.79864502	2.86274505
773.80279541	2.88235283
773.80682373	2.88235283
773.81091309	2.86274505
773.81091309	2.88235283
773.81500244	2.88235283
773.81909180	2.88235283
773.82330322	2.86274505
773.82330322	2.86274505
773.82720947	2.86274505
773.83135986	2.86274505
773.83551025	2.86274505
773.83947754	2.86274505
773.84362793	2.86274505
773.84362793	2.86274505
773.84777832	2.86274505
773.85192871	2.86274505
773.85607910	2.86274505
773.85607910	2.86274505
773.86022949	2.86274505
773.86419678	2.86274505
773.86828613	2.86274505
773.86828613	2.86274505
773.87243652	2.86274505
773.87658691	2.86274505
773.88055420	2.86274505
773.88458252	2.86274505
773.88867188	2.86274505
773.88867188	2.86274505
773.89276123	2.86274505
773.89685059	2.86274505
773.90118408	2.86274505
773.90118408	2.86274505
773.90509033	2.86274505
773.90924072	2.86274505
773.91320801	2.86274505
773.91320801	2.86274505
773.91741943	2.86274505
773.92156982	2.86274505
773.92572021	2.86274505
773.92968750	2.86274505
773.93377686	2.86274505
773.93377686	2.86274505
773.93792725	2.86274505
773.94207764	2.86274505
773.94616699	2.86274505
773.94616699	2.84313726
773.95013428	2.84313726
773.95428467	2.84313726
773.95837402	2.84313726
773.95837402	2.84313726
773.96252441	2.84313726
773.96649170	2.84313726
773.97064209	2.84313726
773.97473145	2.84313726
773.97888184	2.84313726
773.97888184	2.86274505
773.98297119	2.84313726
773.98718262	2.86274505
773.99121094	2.84313726
773.99121094	2.86274505
773.99536133	2.86274505
773.99938965	2.86274505
774.00341797	2.86274505
774.00341797	2.86274505
774.00750732	2.86274505
774.01165771	2.86274505
774.01574707	2.86274505
774.01971436	2.86274505
774.02386475	2.86274505
774.02386475	2.86274505
774.02801514	2.86274505
774.03210449	2.86274505
774.03625488	2.86274505
774.03625488	2.86274505
774.04028320	2.86274505
774.04443359	2.86274505
774.04852295	2.86274505
774.04852295	2.86274505
774.05267334	2.86274505
774.05670166	2.86274505
774.06079102	2.86274505
774.06488037	2.86274505
774.06896973	2.86274505
774.06896973	2.86274505
774.07312012	2.86274505
774.07708740	2.86274505
774.08129883	2.86274505
774.08129883	2.86274505
774.08538818	2.86274505
774.08947754	2.86274505
774.09350586	2.86274505
774.09350586	2.86274505
774.09765625	2.86274505
774.10180664	2.86274505
774.10595703	2.86274505
774.10992432	2.88235283
774.11419678	2.88235283
774.11419678	2.88235283
774.11822510	2.88235283
774.12231445	2.88235283
774.12646484	2.88235283
774.12646484	2.88235283
774.13043213	2.88235283
774.13458252	2.88235283
774.13873291	2.88235283
774.13873291	2.88235283
774.14282227	2.88235283
774.14678955	2.88235283
774.15093994	2.88235283
774.15093994	2.88235283
774.15509033	2.90196085
774.15917969	2.90196085
774.15917969	2.90196085
774.16308594	2.90196085
774.16723633	2.90196085
774.17132568	2.90196085
774.17132568	2.90196085
774.17547607	2.90196085
774.17944336	2.90196085
774.18365479	2.90196085
774.18365479	2.90196085
774.18780518	2.90196085
774.19195557	2.90196085
774.19598389	2.90196085
774.19598389	2.92156863
774.20013428	2.92156863
774.20410156	2.92156863
774.20410156	2.92156863
774.20825195	2.92156863
774.21240234	2.92156863
774.21649170	2.92156863
774.21649170	2.92156863
774.22052002	2.92156863
774.22460938	2.94117641
774.22875977	2.94117641
774.22875977	2.94117641
774.23278809	2.94117641
774.23693848	2.94117641
774.24121094	2.94117641
774.24121094	2.94117641
774.24517822	2.94117641
774.24932861	2.94117641
774.24932861	2.96078420
774.25323486	2.96078420
774.25738525	2.96078420
774.26147461	2.96078420
774.26147461	2.96078420
774.26562500	2.96078420
774.26959229	2.96078420
774.27374268	2.96078420
774.27374268	2.96078420
774.27783203	2.96078420
774.28198242	2.96078420
774.28613281	2.96078420
774.28613281	2.98039222
774.29016113	2.98039222
774.29431152	2.98039222
774.29431152	2.98039222
774.29840088	2.98039222
774.30249023	2.98039222
774.30670166	2.98039222
774.30670166	2.98039222
774.31066895	2.98039222
774.31469727	2.98039222
774.31884766	2.98039222
774.31884766	2.98039222
774.32287598	2.98039222
774.32708740	2.98039222
774.33111572	2.98039222
774.33111572	2.98039222
774.33520508	2.98039222
774.33941650	2.98039222
774.34332275	2.98039222
774.34753418	2.96078420
774.35168457	2.96078420
774.35168457	2.96078420
774.35583496	2.96078420
774.35980225	2.96078420
774.36389160	2.94117641
774.36389160	2.94117641
774.36804199	2.94117641
774.37219238	2.94117641
774.37634277	2.92156863
774.37634277	2.92156863
774.38031006	2.92156863
774.38439941	2.92156863
774.38848877	2.90196085
774.39257813	2.90196085
774.39660645	2.90196085
774.39660645	2.90196085
774.40075684	2.90196085
774.40484619	2.90196085
774.40899658	2.88235283
774.40899658	2.88235283
774.41308594	2.88235283
774.41717529	2.88235283
774.42132568	2.88235283
774.42132568	2.88235283
774.42541504	2.88235283
774.42956543	2.88235283
774.43353271	2.86274505
774.43768311	2.86274505
774.44177246	2.86274505
774.44177246	2.86274505
774.44586182	2.86274505
774.44982910	2.86274505
774.45410156	2.86274505
774.45410156	2.86274505
774.45806885	2.86274505
774.46228027	2.86274505
774.46636963	2.86274505
774.46636963	2.86274505
774.47039795	2.86274505
774.47448730	2.86274505
774.47863770	2.86274505
774.48278809	2.86274505
774.48681641	2.86274505
774.48681641	2.86274505
774.49096680	2.86274505
774.49505615	2.86274505
774.49920654	2.86274505
774.49920654	2.86274505
774.50311279	2.86274505
774.50726318	2.86274505
774.51135254	2.86274505
774.51135254	2.86274505
774.51550293	2.86274505
774.51959229	2.86274505
774.52362061	2.86274505
774.52777100	2.88235283
774.53192139	2.88235283
774.53192139	2.88235283
774.53594971	2.88235283
774.54016113	2.88235283
774.54418945	2.88235283
774.54418945	2.88235283
774.54827881	2.88235283
774.55249023	2.88235283
774.55657959	2.88235283
774.55657959	2.90196085
774.56054688	2.90196085
774.56469727	2.90196085
774.56872559	2.90196085
774.57287598	2.90196085
774.57684326	2.90196085
774.57684326	2.90196085
774.58099365	2.90196085
774.58514404	2.92156863
774.58923340	2.92156863
774.58923340	2.92156863
774.59320068	2.92156863
774.59741211	2.92156863
774.60156250	2.92156863
774.60156250	2.92156863
774.60571289	2.92156863
774.60980225	2.94117641
774.61376953	2.94117641
774.61791992	2.94117641
774.62207031	2.94117641
774.62207031	2.94117641
774.62615967	2.94117641
774.63012695	2.94117641
774.63427734	2.94117641
774.63427734	2.96078420
774.63836670	2.96078420
774.64251709	2.96078420
774.64660645	2.96078420
774.64660645	2.96078420
774.65063477	2.96078420
774.65472412	2.96078420
774.65893555	2.96078420
774.66284180	2.96078420
774.66717529	2.96078420
774.66717529	2.96078420
774.67120361	2.96078420
774.67529297	2.98039222
774.67944336	2.98039222
774.67944336	2.98039222
774.68341064	2.98039222
774.68756104	2.98039222
774.69165039	2.98039222
774.69165039	2.98039222
774.69573975	2.98039222
774.69970703	2.98039222
774.70385742	2.98039222
774.70385742	2.98039222
774.70800781	2.98039222
774.71209717	2.98039222
774.71209717	2.98039222
774.71612549	2.98039222
774.72021484	2.98039222
774.72436523	2.98039222
774.72436523	2.98039222
774.72851563	2.98039222
774.73272705	2.98039222
774.73669434	2.98039222
774.73669434	2.98039222
774.74078369	2.98039222
774.74493408	2.98039222
774.74908447	2.98039222
774.74908447	2.98039222
774.75311279	2.98039222
774.75714111	2.98039222
774.75714111	2.98039222
774.76123047	2.98039222
774.76544189	2.98039222
774.76947021	2.98039222
774.76947021	2.98039222
774.77349854	2.98039222
774.77758789	2.98039222
774.78173828	2.98039222
774.78173828	2.98039222
774.78582764	2.98039222
774.78991699	2.98039222
774.79418945	2.98039222
774.79418945	2.98039222
774.79815674	2.96078420
774.80230713	2.96078420
774.80230713	2.96078420
774.80627441	2.96078420
774.81042480	2.96078420
774.81451416	2.96078420
774.81451416	2.96078420
774.81860352	2.94117641
774.82275391	2.94117641
774.82672119	2.94117641
774.82672119	2.94117641
774.83087158	2.94117641
774.83496094	2.94117641
774.83911133	2.92156863
774.83911133	2.92156863
774.84307861	2.92156863
774.84729004	2.92156863
774.84729004	2.90196085
774.85144043	2.90196085
774.85559082	2.90196085
774.85968018	2.90196085
774.85968018	2.90196085
774.86364746	2.90196085
774.86779785	2.88235283
774.87188721	2.88235283
774.87188721	2.88235283
774.87597656	2.88235283
774.88012695	2.88235283
774.88409424	2.88235283
774.88409424	2.86274505
774.88824463	2.86274505
774.89233398	2.86274505
774.89636230	2.86274505
774.90051270	2.86274505
774.90460205	2.86274505
774.90460205	2.86274505
774.90875244	2.86274505
774.91296387	2.86274505
774.91693115	2.86274505
774.91693115	2.86274505
774.92108154	2.86274505
774.92517090	2.86274505
774.92932129	2.86274505
774.92932129	2.86274505
774.93328857	2.86274505
774.93743896	2.86274505
774.94152832	2.86274505
774.94573975	2.86274505
774.94982910	2.86274505
774.94982910	2.86274505
774.95385742	2.86274505
774.95794678	2.86274505
774.96203613	2.86274505
774.96203613	2.86274505
774.96612549	2.86274505
774.97009277	2.86274505
774.97424316	2.88235283
774.97424316	2.88235283
774.97833252	2.88235283
774.98254395	2.88235283
774.98645020	2.88235283
774.99066162	2.88235283
774.99481201	2.88235283
774.99481201	2.88235283
774.99890137	2.90196085
775.00292969	2.90196085
775.00714111	2.90196085
775.00714111	2.90196085
775.01110840	2.90196085
775.01525879	2.90196085
775.01934814	2.90196085
775.01934814	2.92156863
775.02337646	2.92156863
775.02746582	2.92156863
775.03161621	2.92156863
775.03570557	2.92156863
775.03985596	2.94117641
775.03985596	2.94117641
775.04388428	2.94117641
775.04803467	2.94117641
775.05218506	2.94117641
775.05218506	2.94117641
775.05621338	2.96078420
775.06030273	2.96078420
775.06433105	2.96078420
775.06433105	2.96078420
775.06854248	2.96078420
775.07257080	2.96078420
775.07659912	2.96078420
775.08068848	2.96078420
775.08489990	2.98039222
775.08489990	2.98039222
775.08898926	2.98039222
775.09313965	2.98039222
775.09710693	2.98039222
775.09710693	2.98039222
775.10125732	2.98039222
775.10540771	2.98039222
775.10955811	2.98039222
775.10955811	2.98039222
775.11364746	2.98039222
775.11773682	2.98039222
775.12182617	2.98039222
775.12597656	2.98039222
775.13006592	2.98039222
775.13006592	2.98039222
775.13421631	2.98039222
775.13818359	2.98039222
775.14233398	2.98039222
775.14233398	2.98039222
775.14630127	2.98039222
775.15045166	2.96078420
775.15454102	2.96078420
775.15454102	2.96078420
775.15869141	2.96078420
775.16278076	2.96078420
775.16687012	2.96078420
775.17089844	2.96078420
775.17498779	2.94117641
775.17498779	2.94117641
775.17913818	2.94117641
775.18310547	2.94117641
775.18725586	2.94117641
775.18725586	2.94117641
775.19140625	2.94117641
775.19549561	2.92156863
775.19964600	2.92156863
775.19964600	2.92156863
775.20361328	2.92156863
775.20770264	2.92156863
775.21185303	2.92156863
775.21185303	2.90196085
775.21600342	2.90196085
775.22009277	2.90196085
775.22009277	2.90196085
775.22412109	2.90196085
775.22821045	2.90196085
775.23242188	2.90196085
775.23242188	2.90196085
775.23638916	2.90196085
775.24053955	2.90196085
775.24462891	2.90196085
775.24462891	2.90196085
775.24877930	2.90196085
775.25280762	2.90196085
775.25689697	2.90196085
775.25689697	2.90196085
775.26098633	2.90196085
775.26513672	2.90196085
775.26513672	2.90196085
775.26922607	2.88235283
775.27325439	2.88235283
775.27734375	2.88235283
775.27734375	2.88235283
775.28149414	2.88235283
775.28558350	2.88235283
775.28973389	2.88235283
775.28973389	2.90196085
775.29382324	2.90196085
775.29797363	2.90196085
775.30200195	2.90196085
775.30200195	2.90196085
775.30615234	2.90196085
775.31018066	2.90196085
775.31018066	2.90196085
775.31420898	2.90196085
775.31835938	2.90196085
775.32244873	2.90196085
775.32244873	2.92156863
775.32659912	2.92156863
775.33068848	2.92156863
775.33477783	2.92156863
775.33477783	2.92156863
775.33892822	2.92156863
775.34295654	2.92156863
775.34722900	2.92156863
775.34722900	2.92156863
775.35119629	2.92156863
775.35528564	2.92156863
775.35528564	2.92156863
775.35943604	2.92156863
775.36346436	2.92156863
775.36755371	2.92156863
775.36755371	2.92156863
775.37164307	2.92156863
775.37579346	2.92156863
775.38000488	2.92156863
775.38000488	2.90196085
775.38391113	2.90196085
775.38806152	2.90196085
775.39221191	2.90196085
775.39221191	2.90196085
775.39624023	2.90196085
775.40032959	2.90196085
775.40447998	2.90196085
775.40850830	2.90196085
775.41265869	2.90196085
775.41265869	2.88235283
775.41662598	2.88235283
775.42077637	2.88235283
775.42486572	2.88235283
775.42486572	2.88235283
775.42901611	2.88235283
775.43310547	2.88235283
775.43719482	2.88235283
775.43719482	2.88235283
775.44134521	2.88235283
775.44543457	2.88235283
775.44958496	2.86274505
775.45355225	2.86274505
775.45770264	2.86274505
775.45770264	2.86274505
775.46179199	2.86274505
775.46594238	2.86274505
775.46997070	2.86274505
775.46997070	2.86274505
775.47412109	2.86274505
775.47808838	2.86274505
775.48223877	2.86274505
775.48223877	2.86274505
775.48620605	2.88235283
775.49035645	2.88235283
775.49450684	2.88235283
775.49859619	2.88235283
775.50274658	2.88235283
775.50274658	2.88235283
775.50677490	2.88235283
775.51086426	2.88235283
775.51507568	2.88235283
775.51507568	2.88235283
775.51910400	2.88235283
775.52313232	2.88235283
775.52722168	2.90196085
775.52722168	2.90196085
775.53137207	2.90196085
775.53546143	2.90196085
775.53961182	2.90196085
775.54364014	2.90196085
775.54779053	2.90196085
775.54779053	2.90196085
775.55187988	2.90196085
775.55603027	2.90196085
775.56011963	2.90196085
775.56011963	2.90196085
775.56408691	2.92156863
775.56823730	2.92156863
775.57232666	2.92156863
775.57232666	2.92156863
775.57635498	2.92156863
775.58044434	2.92156863
775.58459473	2.92156863
775.58874512	2.92156863
775.59283447	2.92156863
775.59283447	2.92156863
775.59686279	2.92156863
775.60107422	2.92156863
775.60516357	2.92156863
775.60516357	2.92156863
775.60931396	2.92156863
775.61328125	2.92156863
775.61737061	2.92156863
775.61737061	2.92156863
775.62158203	2.94117641
775.62561035	2.92156863
775.62969971	2.94117641
775.63372803	2.94117641
775.63781738	2.94117641
775.63781738	2.94117641
775.64196777	2.94117641
775.64605713	2.94117641
775.65008545	2.94117641
775.65008545	2.94117641
775.65423584	2.94117641
775.65838623	2.94117641
775.66253662	2.94117641
775.66253662	2.94117641
775.66650391	2.94117641
775.67065430	2.94117641
775.67480469	2.94117641
775.67895508	2.94117641
775.68304443	2.94117641
775.68304443	2.94117641
775.68719482	2.94117641
775.69116211	2.94117641
775.69525146	2.94117641
775.69525146	2.96078420
775.69934082	2.96078420
775.70336914	2.96078420
775.70745850	2.96078420
775.70745850	2.96078420
775.71160889	2.96078420
775.71575928	2.96078420
775.71984863	2.96078420
775.71984863	2.96078420
775.72381592	2.96078420
775.72802734	2.96078420
775.72802734	2.96078420
775.73211670	2.96078420
775.73632813	2.96078420
775.74029541	2.96078420
775.74029541	2.96078420
775.74438477	2.98039222
775.74847412	2.98039222
775.75268555	2.98039222
775.75268555	2.98039222
775.75659180	2.98039222
775.76074219	2.98039222
775.76483154	2.98039222
775.76483154	2.98039222
775.76898193	2.98039222
775.77307129	2.98039222
775.77307129	2.98039222
775.77709961	2.98039222
775.78125000	2.98039222
775.78533936	3.00000000
775.78533936	3.00000000
775.78948975	3.00000000
775.79351807	3.00000000
775.79766846	3.00000000
775.79766846	3.00000000
775.80181885	3.00000000
775.80584717	3.00000000
775.81005859	3.00000000
775.81005859	3.00000000
775.81420898	3.00000000
775.81811523	3.00000000
775.81811523	3.00000000
775.82220459	3.00000000
775.82623291	3.00000000
775.83032227	3.00000000
775.83032227	3.00000000
775.83453369	3.00000000
775.83856201	3.00000000
775.84271240	3.00000000
775.84271240	3.00000000
775.84667969	3.00000000
775.85089111	3.00000000
775.85504150	3.00000000
775.85504150	3.00000000
775.85919189	3.00000000
775.86328125	3.00000000
775.86328125	3.00000000
775.86737061	3.00000000
775.87145996	2.98039222
775.87554932	2.98039222
775.87554932	2.98039222
775.87957764	2.98039222
775.88366699	2.98039222
775.88781738	2.96078420
775.88781738	2.96078420
775.89190674	2.96078420
775.89599609	2.96078420
775.90008545	2.94117641
775.90008545	2.94117641
775.90411377	2.94117641
775.90820313	2.92156863
775.90820313	2.92156863
775.91235352	2.92156863
775.91638184	2.92156863
775.92047119	2.92156863
775.92047119	2.90196085
775.92468262	2.90196085
775.92877197	2.90196085
775.93292236	2.90196085
775.93292236	2.88235283
775.93688965	2.88235283
775.94104004	2.88235283
775.94512939	2.88235283
775.94512939	2.88235283
775.94927979	2.88235283
775.95318604	2.86274505
775.95745850	2.86274505
775.96160889	2.86274505
775.96563721	2.86274505
775.96563721	2.86274505
775.96966553	2.86274505
775.97381592	2.86274505
775.97796631	2.86274505
775.97796631	2.86274505
775.98211670	2.86274505
775.98608398	2.86274505
775.99023438	2.86274505
775.99023438	2.86274505
775.99420166	2.86274505
775.99841309	2.86274505
776.00250244	2.86274505
776.00653076	2.86274505
776.01062012	2.86274505
776.01062012	2.86274505
776.01470947	2.86274505
776.01885986	2.86274505
776.02294922	2.86274505
776.02294922	2.86274505
776.02709961	2.86274505
776.03106689	2.86274505
776.03521729	2.86274505
776.03521729	2.86274505
776.03936768	2.86274505
776.04339600	2.86274505
776.04754639	2.86274505
776.05163574	2.86274505
776.05578613	2.88235283
776.05578613	2.88235283
776.05975342	2.88235283
776.06384277	2.88235283
776.06811523	2.88235283
776.06811523	2.88235283
776.07214355	2.88235283
776.07629395	2.88235283
776.08032227	2.90196085
776.08032227	2.90196085
776.08441162	2.90196085
776.08856201	2.90196085
776.09265137	2.90196085
776.09674072	2.90196085
776.10076904	2.90196085
776.10076904	2.92156863
776.10485840	2.92156863
776.10900879	2.92156863
776.11309814	2.92156863
776.11309814	2.92156863
776.11712646	2.92156863
776.12127686	2.92156863
776.12536621	2.94117641
776.12536621	2.94117641
776.12945557	2.94117641
776.13354492	2.94117641
776.13757324	2.94117641
776.14172363	2.94117641
776.14587402	2.94117641
776.14587402	2.94117641
776.14984131	2.96078420
776.15411377	2.96078420
776.15808105	2.96078420
776.15808105	2.96078420
776.16223145	2.96078420
776.16625977	2.96078420
776.17041016	2.96078420
776.17041016	2.96078420
776.17449951	2.96078420
776.17864990	2.98039222
776.18273926	2.98039222
776.18676758	2.98039222
776.19091797	2.98039222
776.19091797	2.98039222
776.19506836	2.98039222
776.19921875	2.98039222
776.20330811	2.98039222
776.20330811	2.98039222
776.20727539	2.98039222
776.21142578	2.98039222
776.21563721	2.98039222
776.21563721	2.98039222
776.21954346	2.98039222
776.22369385	2.98039222
776.22772217	2.98039222
776.23193359	2.98039222
776.23602295	2.98039222
776.23602295	2.98039222
776.24011230	2.98039222
776.24414063	2.98039222
776.24822998	2.98039222
776.24822998	2.98039222
776.25238037	2.98039222
776.25628662	2.98039222
776.26043701	2.98039222
776.26043701	2.98039222
776.26464844	2.98039222
776.26873779	2.98039222
776.27282715	2.98039222
776.27282715	2.96078420
776.27685547	2.96078420
776.28112793	2.96078420
776.28112793	2.96078420
776.28509521	2.96078420
776.28924561	2.96078420
776.29327393	2.96078420
776.29327393	2.96078420
776.29736328	2.96078420
776.30151367	2.94117641
776.30566406	2.94117641
776.30566406	2.94117641
776.30963135	2.94117641
776.31378174	2.94117641
776.31787109	2.94117641
776.31787109	2.94117641
776.32196045	2.92156863
776.32611084	2.92156863
776.32611084	2.92156863
776.33007813	2.92156863
776.33422852	2.92156863
776.33831787	2.92156863
776.33831787	2.92156863
776.34246826	2.92156863
776.34643555	2.92156863
776.35064697	2.92156863
776.35064697	2.90196085
776.35479736	2.90196085
776.35894775	2.90196085
776.36303711	2.90196085
776.36303711	2.90196085
776.36718750	2.90196085
776.37115479	2.90196085
776.37115479	2.90196085
776.37524414	2.88235283
776.37933350	2.88235283
776.38330078	2.88235283
776.38330078	2.88235283
776.38745117	2.88235283
776.39160156	2.88235283
776.39569092	2.88235283
776.39569092	2.88235283
776.39971924	2.86274505
776.40380859	2.86274505
776.40814209	2.86274505
776.40814209	2.86274505
776.41217041	2.86274505
776.41625977	2.86274505
776.41625977	2.86274505
776.42028809	2.86274505
776.42437744	2.86274505
776.42852783	2.86274505
776.42852783	2.86274505
776.43267822	2.86274505
776.43658447	2.86274505
776.44073486	2.86274505
776.44073486	2.86274505
776.44482422	2.86274505
776.44897461	2.86274505
776.45306396	2.86274505
776.45306396	2.86274505
776.45709229	2.86274505
776.46118164	2.86274505
776.46533203	2.86274505
776.46936035	2.86274505
776.47357178	2.86274505
776.47357178	2.86274505
776.47766113	2.86274505
776.48175049	2.86274505
776.48590088	2.86274505
776.48590088	2.86274505
776.48986816	2.88235283
776.49414063	2.88235283
776.49810791	2.88235283
776.49810791	2.88235283
776.50225830	2.88235283
776.50634766	2.88235283
776.51031494	2.88235283
776.51446533	2.88235283
776.51861572	2.90196085
776.51861572	2.90196085
776.52270508	2.90196085
776.52673340	2.90196085
776.53082275	2.90196085
776.53082275	2.90196085
776.53497314	2.90196085
776.53912354	2.92156863
776.54327393	2.92156863
776.54327393	2.92156863
776.54724121	2.92156863
776.55139160	2.92156863
776.55554199	2.92156863
776.55950928	2.92156863
776.56365967	2.94117641
776.56365967	2.94117641
776.56768799	2.94117641
776.57183838	2.94117641
776.57598877	2.94117641
776.57598877	2.94117641
776.58007813	2.94117641
776.58410645	2.94117641
776.58825684	2.94117641
776.58825684	2.94117641
776.59234619	2.96078420
776.59643555	2.96078420
776.60052490	2.96078420
776.60467529	2.96078420
776.60876465	2.96078420
776.60876465	2.96078420
776.61279297	2.96078420
776.61688232	2.96078420
776.62115479	2.96078420
776.62115479	2.96078420
776.62518311	2.96078420
776.62927246	2.96078420
776.63336182	2.96078420
776.63336182	2.96078420
776.63732910	2.96078420
776.64141846	2.96078420
776.64556885	2.96078420
776.64959717	2.96078420
776.65374756	2.96078420
776.65374756	2.96078420
776.65783691	2.94117641
776.66198730	2.94117641
776.66613770	2.94117641
776.66613770	2.94117641
776.67010498	2.94117641
776.67425537	2.94117641
776.67840576	2.94117641
776.67840576	2.94117641
776.68255615	2.94117641
776.68646240	2.94117641
776.69061279	2.92156863
776.69470215	2.92156863
776.69885254	2.92156863
776.69885254	2.92156863
776.70281982	2.92156863
776.70709229	2.92156863
776.71112061	2.92156863
776.71112061	2.92156863
776.71520996	2.92156863
776.71936035	2.92156863
776.72344971	2.90196085
776.72344971	2.90196085
776.72753906	2.90196085
776.73162842	2.90196085
776.73577881	2.90196085
776.73980713	2.90196085
776.74389648	2.90196085
776.74389648	2.90196085
776.74810791	2.90196085
776.75219727	2.90196085
776.75622559	2.90196085
776.75622559	2.90196085
776.76025391	2.90196085
776.76434326	2.90196085
776.76849365	2.90196085
776.76849365	2.90196085
776.77258301	2.90196085
776.77661133	2.90196085
776.78070068	2.90196085
776.78485107	2.90196085
776.78900146	2.90196085
776.78900146	2.90196085
776.79315186	2.90196085
776.79718018	2.90196085
776.80126953	2.90196085
776.80126953	2.90196085
776.80541992	2.90196085
776.80950928	2.90196085
776.81353760	2.92156863
776.81353760	2.92156863
776.81762695	2.92156863
776.82171631	2.92156863
776.82580566	2.92156863
776.82580566	2.92156863
776.82983398	2.92156863
776.83410645	2.92156863
776.83410645	2.92156863
776.83807373	2.94117641
776.84222412	2.94117641
776.84631348	2.94117641
776.84631348	2.94117641
776.85040283	2.94117641
776.85455322	2.94117641
776.85864258	2.94117641
776.85864258	2.94117641
776.86279297	2.94117641
776.86676025	2.94117641
776.87091064	2.94117641
776.87091064	2.94117641
776.87506104	2.94117641
776.87915039	2.94117641
776.87915039	2.94117641
776.88305664	2.94117641
776.88720703	2.94117641
776.89129639	2.94117641
776.89129639	2.94117641
776.89550781	2.94117641
776.89947510	2.94117641
776.90362549	2.94117641
776.90362549	2.94117641
776.90771484	2.94117641
776.91186523	2.94117641
776.91601563	2.94117641
776.91601563	2.94117641
776.92016602	2.94117641
776.92413330	2.94117641
776.92413330	2.94117641
776.92828369	2.94117641
776.93243408	2.94117641
776.93646240	2.94117641
776.93646240	2.94117641
776.94049072	2.94117641
776.94458008	2.94117641
776.94873047	2.94117641
776.94873047	2.94117641
776.95269775	2.94117641
776.95684814	2.94117641
776.96105957	2.94117641
776.96105957	2.94117641
776.96508789	2.94117641
776.96923828	2.94117641
776.96923828	2.94117641
776.97326660	2.94117641
776.97741699	2.94117641
776.98144531	2.94117641
776.98144531	2.94117641
776.98559570	2.94117641
776.98962402	2.94117641
776.99377441	2.94117641
776.99377441	2.94117641
776.99792480	2.94117641
777.00201416	2.94117641
777.00622559	2.94117641
777.00622559	2.94117641
777.01019287	2.94117641
777.01434326	2.94117641
777.01843262	2.94117641
777.02252197	2.94117641
777.02667236	2.94117641
777.02667236	2.94117641
777.03070068	2.94117641
777.03479004	2.94117641
777.03881836	2.94117641
777.03881836	2.94117641
777.04284668	2.94117641
777.04705811	2.94117641
777.05108643	2.94117641
777.05108643	2.94117641
777.05523682	2.94117641
777.05938721	2.94117641
777.06341553	2.94117641
777.06756592	2.94117641
777.07159424	2.94117641
777.07159424	2.94117641
777.07568359	2.94117641
777.07971191	2.94117641
777.08380127	2.94117641
777.08380127	2.94117641
777.08795166	2.94117641
777.09204102	2.94117641
777.09625244	2.94117641
777.09625244	2.94117641
777.10021973	2.94117641
777.10437012	2.94117641
777.10845947	2.94117641
777.11267090	2.94117641
777.11676025	2.94117641
777.11676025	2.94117641
777.12078857	2.94117641
777.12493896	2.94117641
777.12896729	2.94117641
777.12896729	2.94117641
777.13305664	2.94117641
777.13708496	2.94117641
777.14117432	2.94117641
777.14117432	2.94117641
777.14532471	2.96078420
777.14947510	2.96078420
777.15350342	2.96078420
777.15759277	2.96078420
777.16174316	2.96078420
777.16174316	2.96078420
777.16595459	2.96078420
777.16986084	2.96078420
777.17413330	2.96078420
777.17413330	2.98039222
777.17816162	2.98039222
777.18231201	2.98039222
777.18634033	2.98039222
777.18634033	2.98039222
777.19036865	2.98039222
777.19445801	2.98039222
777.19860840	3.00000000
777.20269775	3.00000000
777.20672607	3.00000000
777.20672607	3.00000000
777.21081543	3.00000000
777.21490479	3.01960778
777.21911621	3.01960778
777.21911621	3.01960778
777.22314453	3.01960778
777.22729492	3.01960778
777.23144531	3.03921580
777.23144531	3.03921580
777.23553467	3.03921580
777.23968506	3.03921580
777.24365234	3.03921580
777.24774170	3.03921580
777.25189209	3.05882359
777.25189209	3.05882359
777.25604248	3.05882359
777.26013184	3.05882359
777.26409912	3.05882359
777.26409912	3.05882359
777.26824951	3.05882359
777.27233887	3.05882359
777.27648926	3.05882359
777.27648926	3.07843137
777.28045654	3.07843137
777.28460693	3.07843137
777.28869629	3.07843137
777.29290771	3.07843137
777.29687500	3.07843137
777.29687500	3.07843137
777.30102539	3.07843137
777.30517578	3.07843137
777.30926514	3.07843137
777.30926514	3.07843137
777.31323242	3.07843137
777.31732178	3.07843137
777.32141113	3.07843137
777.32141113	3.07843137
777.32556152	3.05882359
777.32958984	3.05882359
777.33374023	3.05882359
777.33374023	3.05882359
777.33782959	3.05882359
777.34197998	3.05882359
777.34197998	3.05882359
777.34606934	3.05882359
777.35009766	3.03921580
777.35424805	3.03921580
777.35424805	3.03921580
777.35839844	3.01960778
777.36254883	3.01960778
777.36663818	3.01960778
777.36663818	3.01960778
777.37066650	3.00000000
777.37475586	3.00000000
777.37884521	3.00000000
777.37884521	2.98039222
777.38281250	2.98039222
777.38708496	2.98039222
777.38708496	2.98039222
777.39105225	2.96078420
777.39520264	2.96078420
777.39929199	2.96078420
777.39929199	2.96078420
777.40332031	2.94117641
777.40747070	2.94117641
777.41162109	2.94117641
777.41162109	2.94117641
777.41577148	2.94117641
777.41973877	2.92156863
777.42388916	2.92156863
777.42388916	2.92156863
777.42803955	2.92156863
777.43212891	2.92156863
777.43212891	2.92156863
777.43615723	2.92156863
777.44024658	2.90196085
777.44433594	2.90196085
777.44433594	2.90196085
777.44848633	2.90196085
777.45257568	2.90196085
777.45660400	2.90196085
777.45660400	2.90196085
777.46069336	2.90196085
777.46484375	2.90196085
777.46893311	2.90196085
777.46893311	2.90196085
777.47314453	2.90196085
777.47711182	2.90196085
777.47711182	2.90196085
777.48132324	2.90196085
777.48541260	2.90196085
777.48956299	2.90196085
777.48956299	2.90196085
777.49353027	2.90196085
777.49761963	2.90196085
777.50177002	2.90196085
777.50177002	2.90196085
777.50592041	2.90196085
777.50982666	2.90196085
777.51403809	2.90196085
777.51403809	2.90196085
777.51806641	2.90196085
777.52221680	2.90196085
777.52624512	2.90196085
777.53033447	2.90196085
777.53448486	2.92156863
777.53448486	2.92156863
777.53857422	2.92156863
777.54278564	2.92156863
777.54675293	2.92156863
777.54675293	2.92156863
777.55090332	2.92156863
777.55499268	2.94117641
777.55914307	2.94117641
777.55914307	2.94117641
777.56317139	2.94117641
777.56719971	2.94117641
777.57135010	2.94117641
777.57543945	2.96078420
777.57971191	2.96078420
777.57971191	2.96078420
777.58367920	2.96078420
777.58776855	2.96078420
777.59191895	2.96078420
777.59191895	2.98039222
777.59606934	2.98039222
777.60015869	2.98039222
777.60418701	2.98039222
777.60418701	2.98039222
777.60821533	2.98039222
777.61236572	2.98039222
777.61633301	3.00000000
777.62048340	3.00000000
777.62463379	3.00000000
777.62463379	3.00000000
777.62872314	3.00000000
777.63275146	3.00000000
777.63684082	3.00000000
777.63684082	3.00000000
777.64099121	3.00000000
777.64508057	3.00000000
777.64923096	3.00000000
777.64923096	3.01960778
777.65319824	3.01960778
777.65734863	3.01960778
777.66149902	3.00000000
777.66558838	3.01960778
777.66973877	3.01960778
777.66973877	3.01960778
777.67376709	3.01960778
777.67791748	3.01960778
777.68200684	3.01960778
777.68200684	3.01960778
777.68615723	3.01960778
777.69012451	3.01960778
777.69421387	3.01960778
777.69421387	3.01960778
777.69836426	3.01960778
777.70245361	3.01960778
777.70648193	3.01960778
777.71057129	3.01960778
777.71478271	3.01960778
777.71478271	3.01960778
777.71881104	3.01960778
777.72283936	3.01960778
777.72717285	3.01960778
777.72717285	3.01960778
777.73114014	3.00000000
777.73529053	3.00000000
777.73937988	3.00000000
777.73937988	3.00000000
777.74340820	3.00000000
777.74755859	3.00000000
777.75164795	3.00000000
777.75579834	3.00000000
777.75994873	3.00000000
777.75994873	3.00000000
777.76391602	3.00000000
777.76800537	3.00000000
777.77215576	3.00000000
777.77215576	3.00000000
777.77618408	2.98039222
777.78033447	2.98039222
777.78442383	2.98039222
777.78442383	2.98039222
777.78845215	2.98039222
777.79260254	2.98039222
777.79656982	2.98039222
777.80072021	2.98039222
777.80487061	2.98039222
777.80487061	2.96078420
777.80895996	2.96078420
777.81311035	2.96078420
777.81713867	2.96078420
777.81713867	2.96078420
777.82122803	2.96078420
777.82531738	2.96078420
777.82946777	2.94117641
777.82946777	2.94117641
777.83343506	2.94117641
777.83758545	2.94117641
777.84167480	2.94117641
777.84582520	2.94117641
777.84997559	2.92156863
777.84997559	2.92156863
777.85412598	2.92156863
777.85815430	2.92156863
777.86230469	2.92156863
777.86230469	2.92156863
777.86627197	2.92156863
777.87042236	2.92156863
777.87451172	2.92156863
777.87451172	2.92156863
777.87860107	2.92156863
777.88269043	2.92156863
777.88671875	2.92156863
777.88671875	2.92156863
777.89080811	2.92156863
777.89495850	2.92156863
777.89495850	2.92156863
777.89910889	2.92156863
777.90307617	2.92156863
777.90716553	2.92156863
777.90716553	2.92156863
777.91137695	2.92156863
777.91546631	2.92156863
777.91967773	2.92156863
777.91967773	2.92156863
777.92364502	2.92156863
777.92779541	2.92156863
777.93188477	2.92156863
777.93188477	2.92156863
777.93603516	2.92156863
777.94012451	2.92156863
777.94012451	2.92156863
777.94403076	2.92156863
777.94818115	2.92156863
777.95233154	2.92156863
777.95233154	2.92156863
777.95629883	2.92156863
777.96044922	2.92156863
777.96459961	2.92156863
777.96459961	2.94117641
777.96868896	2.94117641
777.97283936	2.94117641
777.97686768	2.94117641
777.97686768	2.94117641
777.98101807	2.94117641
777.98516846	2.94117641
777.98516846	2.96078420
777.98925781	2.96078420
777.99328613	2.96078420
777.99737549	2.96078420
777.99737549	2.96078420
778.00152588	2.96078420
778.00567627	2.96078420
778.00970459	2.96078420
778.00970459	2.98039222
778.01367188	2.98039222
778.01782227	2.98039222
778.02191162	2.98039222
778.02191162	2.98039222
778.02612305	2.98039222
778.03009033	2.98039222
778.03009033	2.98039222
778.03417969	3.00000000
778.03833008	3.00000000
778.04248047	3.00000000
778.04248047	3.00000000
778.04650879	3.00000000
778.05072021	3.00000000
778.05474854	3.00000000
778.05474854	3.00000000
778.05889893	3.00000000
778.06304932	3.01960778
778.06726074	3.01960778
778.06726074	3.01960778
778.07104492	3.01960778
778.07513428	3.01960778
778.07934570	3.01960778
778.08331299	3.01960778
778.08746338	3.01960778
778.08746338	3.01960778
778.09155273	3.01960778
778.09570313	3.03921580
778.09979248	3.03921580
778.09979248	3.03921580
778.10388184	3.03921580
778.10803223	3.03921580
778.11212158	3.03921580
778.11212158	3.03921580
778.11614990	3.03921580
778.12023926	3.03921580
778.12438965	3.03921580
778.12847900	3.03921580
778.13256836	3.03921580
778.13256836	3.03921580
778.13659668	3.03921580
778.14068604	3.03921580
778.14483643	3.01960778
778.14483643	3.01960778
778.14898682	3.01960778
778.15307617	3.01960778
778.15710449	3.01960778
778.15710449	3.01960778
778.16125488	3.01960778
778.16534424	3.00000000
778.16955566	3.00000000
778.17352295	3.00000000
778.17761230	3.00000000
778.17761230	3.00000000
778.18170166	3.00000000
778.18591309	2.98039222
778.18981934	2.98039222
778.18981934	2.98039222
778.19409180	2.98039222
778.19812012	2.98039222
778.20220947	2.98039222
778.20220947	2.98039222
778.20617676	2.98039222
778.21032715	2.98039222
778.21447754	2.96078420
778.21856689	2.96078420
778.22271729	2.96078420
778.22271729	2.96078420
778.22674561	2.96078420
778.23089600	2.96078420
778.23498535	2.96078420
778.23498535	2.96078420
778.23913574	2.96078420
778.24316406	2.96078420
778.24725342	2.96078420
778.24725342	2.96078420
778.25134277	2.96078420
778.25537109	2.96078420
778.25958252	2.96078420
778.26354980	2.96078420
778.26770020	2.96078420
778.26770020	2.96078420
778.27178955	2.98039222
778.27593994	2.98039222
778.28009033	2.98039222
778.28009033	2.98039222
778.28411865	2.98039222
778.28826904	2.98039222
778.29235840	2.98039222
778.29235840	2.98039222
778.29638672	2.98039222
778.30047607	2.98039222
778.30462646	3.00000000
778.30877686	3.00000000
778.31292725	3.00000000
778.31292725	3.00000000
778.31689453	3.00000000
778.32098389	3.00000000
778.32507324	3.01960778
778.32507324	3.01960778
778.32922363	3.01960778
778.33319092	3.01960778
778.33734131	3.01960778
778.33734131	3.01960778
778.34143066	3.01960778
778.34558105	3.01960778
778.34967041	3.03921580
778.35375977	3.03921580
778.35791016	3.03921580
778.35791016	3.03921580
778.36199951	3.03921580
778.36614990	3.03921580
778.37011719	3.03921580
778.37011719	3.03921580
778.37426758	3.01960778
778.37835693	3.01960778
778.38244629	3.01960778
778.38244629	3.01960778
778.38641357	3.01960778
778.39056396	3.01960778
778.39465332	3.01960778
778.39886475	3.01960778
778.40295410	3.01960778
778.40295410	3.01960778
778.40704346	3.01960778
778.41107178	3.01960778
778.41522217	3.01960778
778.41522217	3.01960778
778.41937256	3.01960778
778.42340088	3.01960778
778.42749023	3.01960778
778.42749023	3.01960778
778.43157959	3.01960778
778.43579102	3.01960778
778.43981934	3.01960778
778.43981934	3.01960778
778.44378662	3.01960778
778.44812012	3.00000000
778.44812012	3.00000000
778.45208740	3.00000000
778.45617676	3.00000000
778.46020508	3.00000000
778.46020508	3.00000000
778.46429443	3.00000000
778.46844482	3.00000000
778.47259521	3.00000000
778.47259521	3.00000000
778.47662354	3.00000000
778.48077393	3.00000000
778.48492432	3.00000000
778.48492432	3.00000000
778.48901367	2.98039222
778.49316406	2.98039222
778.49316406	2.98039222
778.49713135	2.98039222
778.50122070	2.98039222
778.50531006	2.98039222
778.50531006	2.98039222
778.50946045	2.98039222
778.51342773	2.98039222
778.51757813	2.98039222
778.51757813	2.98039222
778.52166748	2.98039222
778.52581787	2.98039222
778.52990723	2.98039222
778.52990723	2.98039222
778.53411865	2.98039222
778.53808594	2.96078420
778.53808594	2.96078420
778.54229736	2.96078420
778.54626465	2.96078420
778.55029297	2.96078420
778.55029297	2.96078420
778.55450439	2.94117641
778.55865479	2.94117641
778.56274414	2.94117641
778.56274414	2.94117641
778.56677246	2.94117641
778.57092285	2.94117641
778.57501221	2.94117641
778.57501221	2.92156863
778.57916260	2.92156863
778.58312988	2.92156863
778.58728027	2.92156863
778.59143066	2.92156863
778.59552002	2.92156863
778.59552002	2.92156863
778.59942627	2.92156863
778.60357666	2.90196085
778.60766602	2.90196085
778.60766602	2.92156863
778.61181641	2.90196085
778.61596680	2.92156863
778.62011719	2.92156863
778.62011719	2.92156863
778.62414551	2.92156863
778.62829590	2.94117641
778.63232422	2.94117641
778.63629150	2.94117641
778.64044189	2.96078420
778.64044189	2.96078420
778.64453125	2.96078420
778.64874268	2.96078420
778.65283203	2.98039222
778.65283203	2.98039222
778.65686035	2.98039222
778.66094971	2.98039222
778.66516113	2.98039222
778.66516113	2.98039222
778.66925049	3.00000000
778.67327881	3.00000000
778.67736816	3.00000000
778.68145752	3.00000000
778.68560791	3.00000000
778.68560791	3.01960778
778.68957520	3.01960778
778.69372559	3.01960778
778.69781494	3.01960778
778.69781494	3.01960778
778.70196533	3.01960778
778.70605469	3.03921580
778.71020508	3.03921580
778.71020508	3.03921580
778.71417236	3.03921580
778.71832275	3.03921580
778.72247314	3.03921580
778.72650146	3.03921580
778.73059082	3.05882359
778.73059082	3.05882359
778.73480225	3.05882359
778.73883057	3.05882359
778.74304199	3.05882359
778.74304199	3.05882359
778.74713135	3.05882359
778.75115967	3.05882359
778.75531006	3.07843137
778.75531006	3.07843137
778.75939941	3.07843137
778.76336670	3.07843137
778.76757813	3.07843137
778.77166748	3.07843137
778.77575684	3.07843137
778.77575684	3.07843137
778.77966309	3.07843137
778.78381348	3.07843137
778.78808594	3.07843137
778.78808594	3.07843137
778.79205322	3.07843137
778.79620361	3.09803915
778.80023193	3.09803915
778.80023193	3.09803915
778.80438232	3.09803915
778.80847168	3.09803915
778.81262207	3.09803915
778.81658936	3.09803915
778.82067871	3.09803915
778.82067871	3.09803915
778.82482910	3.09803915
778.82891846	3.09803915
778.83306885	3.09803915
778.83306885	3.09803915
778.83703613	3.09803915
778.84118652	3.07843137
778.84533691	3.07843137
778.84533691	3.05882359
778.84942627	3.05882359
778.85345459	3.05882359
778.85766602	3.03921580
778.86175537	3.03921580
778.86590576	3.01960778
778.86590576	3.01960778
778.86987305	3.00000000
778.87414551	3.00000000
778.87811279	2.98039222
778.87811279	2.98039222
778.88226318	2.96078420
778.88616943	2.96078420
778.89031982	2.94117641
778.89031982	2.94117641
778.89440918	2.94117641
778.89862061	2.92156863
778.90270996	2.90196085
778.90673828	2.90196085
778.91082764	2.88235283
778.91082764	2.88235283
778.91497803	2.88235283
778.91912842	2.86274505
778.92327881	2.86274505
778.92327881	2.86274505
778.92724609	2.84313726
778.93145752	2.84313726
778.93548584	2.84313726
778.93548584	2.82352948
778.93945313	2.82352948
778.94354248	2.82352948
778.94769287	2.82352948
778.94769287	2.82352948
778.95184326	2.80392146
778.95593262	2.80392146
778.95593262	2.80392146
778.96008301	2.80392146
778.96405029	2.80392146
778.96820068	2.80392146
778.96820068	2.80392146
778.97235107	2.78431368
778.97637939	2.78431368
778.98052979	2.78431368
778.98052979	2.78431368
778.98461914	2.78431368
778.98876953	2.78431368
778.99291992	2.78431368
778.99291992	2.78431368
778.99688721	2.78431368
779.00109863	2.78431368
779.00109863	2.78431368
779.00506592	2.80392146
779.00915527	2.80392146
779.01318359	2.80392146
779.01318359	2.80392146
779.01733398	2.80392146
779.02142334	2.80392146
779.02557373	2.82352948
779.02557373	2.82352948
779.02954102	2.82352948
779.03375244	2.82352948
779.03790283	2.82352948
779.03790283	2.84313726
779.04199219	2.84313726
779.04614258	2.84313726
779.04614258	2.84313726
779.05010986	2.84313726
779.05426025	2.86274505
779.05834961	2.86274505
779.05834961	2.86274505
779.06250000	2.88235283
779.06652832	2.88235283
779.07055664	2.90196085
779.07055664	2.90196085
779.07464600	2.90196085
779.07879639	2.92156863
779.08294678	2.92156863
779.08294678	2.92156863
779.08703613	2.94117641
779.09106445	2.94117641
779.09106445	2.94117641
779.09515381	2.94117641
779.09930420	2.96078420
779.10333252	2.96078420
779.10333252	2.96078420
779.10754395	2.96078420
779.11163330	2.96078420
779.11572266	2.98039222
779.11572266	2.98039222
779.11975098	2.98039222
779.12384033	2.98039222
779.12817383	2.98039222
779.12817383	2.98039222
779.13208008	3.00000000
779.13616943	3.00000000
779.14019775	3.00000000
779.14428711	3.00000000
779.14843750	3.00000000
779.14843750	3.00000000
779.15258789	3.00000000
779.15655518	3.01960778
779.16070557	3.01960778
779.16070557	3.01960778
779.16485596	3.01960778
779.16906738	3.01960778
779.17309570	3.01960778
779.17309570	3.01960778
779.17712402	3.01960778
779.18127441	3.01960778
779.18542480	3.01960778
779.18945313	3.03921580
779.19342041	3.03921580
779.19342041	3.03921580
779.19757080	3.03921580
779.20172119	3.03921580
779.20581055	3.03921580
779.20581055	3.03921580
779.20983887	3.03921580
779.21405029	3.03921580
779.21807861	3.03921580
779.21807861	3.03921580
779.22216797	3.03921580
779.22637939	3.01960778
779.23034668	3.01960778
779.23449707	3.01960778
779.23864746	3.00000000
779.23864746	3.00000000
779.24273682	3.00000000
779.24676514	3.00000000
779.25085449	3.00000000
779.25085449	3.00000000
779.25494385	2.98039222
779.25903320	2.98039222
779.26318359	2.98039222
779.26318359	2.98039222
779.26721191	2.98039222
779.27130127	2.96078420
779.27545166	2.96078420
779.27941895	2.96078420
779.28363037	2.96078420
779.28363037	2.96078420
779.28778076	2.96078420
779.29187012	2.94117641
779.29602051	2.94117641
779.29602051	2.94117641
779.30017090	2.94117641
779.30413818	2.94117641
779.30822754	2.92156863
779.30822754	2.92156863
779.31237793	2.92156863
779.31652832	2.92156863
779.32049561	2.90196085
779.32464600	2.90196085
779.32879639	2.88235283
779.32879639	2.88235283
779.33288574	2.88235283
779.33691406	2.86274505
779.34118652	2.86274505
779.34118652	2.86274505
779.34515381	2.84313726
779.34924316	2.84313726
779.35339355	2.84313726
779.35339355	2.82352948
779.35742188	2.82352948
779.36157227	2.82352948
779.36566162	2.80392146
779.36962891	2.80392146
779.37377930	2.80392146
779.37377930	2.80392146
779.37786865	2.78431368
779.38195801	2.78431368
779.38604736	2.78431368
779.38604736	2.78431368
779.39013672	2.78431368
779.39422607	2.78431368
779.39831543	2.78431368
779.39831543	2.78431368
779.40252686	2.78431368
779.40649414	2.76470590
779.41058350	2.76470590
779.41479492	2.76470590
779.41888428	2.76470590
779.41888428	2.76470590
779.42303467	2.76470590
779.42712402	2.76470590
779.43109131	2.76470590
779.43109131	2.76470590
779.43524170	2.76470590
779.43939209	2.76470590
779.44342041	2.76470590
779.44342041	2.78431368
779.44757080	2.78431368
779.45159912	2.78431368
779.45574951	2.78431368
779.45574951	2.78431368
779.45971680	2.78431368
779.46386719	2.78431368
779.46386719	2.80392146
779.46795654	2.80392146
779.47198486	2.80392146
779.47619629	2.80392146
779.47619629	2.80392146
779.48016357	2.80392146
779.48437500	2.82352948
779.48840332	2.82352948
779.48840332	2.82352948
779.49255371	2.82352948
779.49664307	2.82352948
779.50073242	2.84313726
779.50073242	2.84313726
779.50482178	2.84313726
779.50885010	2.84313726
779.50885010	2.84313726
779.51306152	2.86274505
779.51702881	2.86274505
779.52124023	2.86274505
779.52124023	2.86274505
779.52532959	2.88235283
779.52941895	2.88235283
779.53344727	2.88235283
779.53344727	2.88235283
779.53759766	2.88235283
779.54174805	2.88235283
779.54589844	2.90196085
779.54589844	2.90196085
779.54986572	2.90196085
779.55413818	2.90196085
779.55413818	2.90196085
779.55816650	2.90196085
779.56225586	2.90196085
779.56640625	2.90196085
779.56640625	2.90196085
779.57031250	2.90196085
779.57446289	2.90196085
779.57855225	2.90196085
779.57855225	2.90196085
779.58270264	2.90196085
779.58666992	2.90196085
779.59082031	2.90196085
779.59082031	2.88235283
779.59490967	2.88235283
779.59906006	2.88235283
779.59906006	2.88235283
779.60302734	2.88235283
779.60723877	2.88235283
779.61138916	2.88235283
779.61138916	2.88235283
779.61541748	2.88235283
779.61950684	2.88235283
779.62365723	2.88235283
779.62365723	2.88235283
779.62774658	2.86274505
779.63183594	2.86274505
779.63592529	2.86274505
779.63592529	2.86274505
779.64007568	2.86274505
779.64404297	2.86274505
779.64404297	2.86274505
779.64813232	2.86274505
779.65228271	2.84313726
779.65643311	2.84313726
779.65643311	2.84313726
779.66040039	2.84313726
779.66461182	2.84313726
779.66876221	2.84313726
779.66876221	2.82352948
779.67291260	2.82352948
779.67687988	2.82352948
779.68109131	2.82352948
779.68109131	2.82352948
779.68511963	2.82352948
779.68927002	2.80392146
779.69317627	2.80392146
779.69726563	2.80392146
779.70147705	2.78431368
779.70147705	2.78431368
779.70556641	2.78431368
779.70953369	2.78431368
779.71368408	2.78431368
779.71368408	2.78431368
779.71783447	2.76470590
779.72192383	2.76470590
779.72607422	2.76470590
779.72607422	2.76470590
779.73010254	2.76470590
779.73425293	2.76470590
779.73840332	2.76470590
779.74249268	2.76470590
779.74664307	2.74509811
779.74664307	2.74509811
779.75054932	2.74509811
779.75469971	2.74509811
779.75878906	2.74509811
779.75878906	2.74509811
779.76281738	2.74509811
779.76702881	2.74509811
779.77105713	2.74509811
779.77105713	2.74509811
779.77514648	2.74509811
779.77929688	2.74509811
779.78332520	2.74509811
779.78747559	2.74509811
779.79162598	2.74509811
779.79162598	2.74509811
779.79577637	2.74509811
779.79974365	2.74509811
779.80383301	2.74509811
779.80383301	2.74509811
779.80798340	2.76470590
779.81207275	2.76470590
779.81616211	2.76470590
779.81616211	2.76470590
779.82019043	2.76470590
779.82427979	2.76470590
779.82843018	2.76470590
779.83258057	2.76470590
779.83654785	2.76470590
779.83654785	2.76470590
779.84069824	2.78431368
779.84484863	2.78431368
779.84899902	2.78431368
779.84899902	2.80392146
779.85308838	2.80392146
779.85711670	2.80392146
779.86126709	2.80392146
779.86126709	2.80392146
779.86529541	2.80392146
779.86950684	2.80392146
779.87347412	2.80392146
779.87762451	2.82352948
779.88171387	2.82352948
779.88171387	2.82352948
779.88580322	2.82352948
779.88977051	2.82352948
779.89416504	2.82352948
779.89416504	2.82352948
779.89825439	2.82352948
779.90228271	2.82352948
779.90637207	2.82352948
779.90637207	2.82352948
779.91040039	2.82352948
779.91455078	2.80392146
779.91864014	2.80392146
779.92266846	2.80392146
779.92669678	2.80392146
779.92669678	2.80392146
779.93078613	2.80392146
779.93493652	2.80392146
779.93914795	2.80392146
779.93914795	2.80392146
779.94305420	2.80392146
779.94720459	2.80392146
779.95135498	2.80392146
779.95135498	2.80392146
779.95544434	2.80392146
779.95953369	2.80392146
779.96356201	2.80392146
779.96771240	2.80392146
779.97180176	2.80392146
779.97180176	2.80392146
779.97595215	2.80392146
779.98010254	2.80392146
779.98419189	2.80392146
779.98419189	2.80392146
779.98828125	2.80392146
779.99237061	2.80392146
779.99652100	2.80392146
779.99652100	2.80392146
780.00054932	2.80392146
780.00457764	2.80392146
780.00866699	2.80392146
780.00866699	2.80392146
780.01281738	2.80392146
780.01678467	2.80392146
780.01678467	2.80392146
780.02093506	2.80392146
780.02502441	2.80392146
780.02917480	2.80392146
780.02917480	2.78431368
780.03320313	2.78431368
780.03735352	2.78431368
780.04150391	2.78431368
780.04150391	2.78431368
780.04565430	2.78431368
780.04962158	2.78431368
780.05371094	2.78431368
780.05371094	2.78431368
780.05786133	2.78431368
780.06195068	2.76470590
780.06195068	2.76470590
780.06604004	2.76470590
780.07006836	2.76470590
780.07415771	2.74509811
780.07415771	2.74509811
780.07830811	2.74509811
780.08245850	2.74509811
780.08654785	2.74509811
780.08654785	2.74509811
780.09057617	2.72549009
780.09472656	2.72549009
780.09881592	2.72549009
780.09881592	2.72549009
780.10284424	2.72549009
780.10711670	2.72549009
780.10711670	2.72549009
780.11108398	2.72549009
780.11523438	2.72549009
780.11938477	2.72549009
780.11938477	2.70588231
780.12335205	2.70588231
780.12750244	2.70588231
780.13165283	2.70588231
780.13165283	2.70588231
780.13574219	2.70588231
780.13977051	2.70588231
780.14385986	2.70588231
780.14385986	2.70588231
780.14801025	2.72549009
780.15209961	2.72549009
780.15209961	2.72549009
780.15612793	2.72549009
780.16027832	2.72549009
780.16430664	2.72549009
780.16430664	2.72549009
780.16845703	2.72549009
780.17254639	2.72549009
780.17669678	2.72549009
780.17669678	2.72549009
780.18072510	2.72549009
780.18481445	2.72549009
780.18896484	2.74509811
780.18896484	2.74509811
780.19311523	2.74509811
780.19708252	2.74509811
780.20123291	2.74509811
780.20532227	2.74509811
780.20941162	2.76470590
780.20941162	2.76470590
780.21343994	2.76470590
780.21759033	2.76470590
780.22167969	2.76470590
780.22167969	2.76470590
780.22583008	2.78431368
780.22985840	2.78431368
780.23413086	2.78431368
780.23413086	2.78431368
780.23815918	2.78431368
780.24218750	2.78431368
780.24621582	2.80392146
780.25036621	2.80392146
780.25445557	2.80392146
780.25445557	2.80392146
780.25854492	2.80392146
780.26269531	2.82352948
780.26666260	2.82352948
780.26666260	2.82352948
780.27087402	2.82352948
780.27490234	2.82352948
780.27905273	2.82352948
780.27905273	2.82352948
780.28302002	2.84313726
780.28723145	2.84313726
780.29138184	2.84313726
780.29553223	2.84313726
780.29962158	2.84313726
780.29962158	2.84313726
780.30358887	2.84313726
780.30773926	2.86274505
780.31182861	2.86274505
780.31182861	2.86274505
780.31591797	2.86274505
780.32006836	2.86274505
780.32403564	2.86274505
780.32403564	2.86274505
780.32818604	2.86274505
780.33233643	2.86274505
780.33630371	2.86274505
780.34039307	2.86274505
780.34460449	2.86274505
780.34460449	2.86274505
780.34869385	2.86274505
780.35284424	2.84313726
780.35687256	2.84313726
780.35687256	2.84313726
780.36102295	2.82352948
780.36505127	2.82352948
780.36926270	2.82352948
780.36926270	2.82352948
780.37322998	2.80392146
780.37738037	2.80392146
780.38146973	2.80392146
780.38555908	2.80392146
780.38964844	2.80392146
780.38964844	2.78431368
780.39367676	2.78431368
780.39776611	2.78431368
780.40191650	2.78431368
780.40191650	2.78431368
780.40606689	2.78431368
780.41003418	2.78431368
780.41418457	2.76470590
780.41418457	2.76470590
780.41839600	2.76470590
780.42248535	2.76470590
780.42651367	2.76470590
780.43060303	2.74509811
780.43475342	2.74509811
780.43475342	2.74509811
780.43884277	2.72549009
780.44299316	2.72549009
780.44702148	2.72549009
780.44702148	2.72549009
780.45104980	2.72549009
780.45513916	2.72549009
780.45935059	2.72549009
780.45935059	2.72549009
780.46331787	2.70588231
780.46746826	2.70588231
780.47155762	2.72549009
780.47570801	2.72549009
780.47985840	2.72549009
780.47985840	2.70588231
780.48388672	2.72549009
780.48797607	2.72549009
780.49212646	2.72549009
780.49212646	2.72549009
780.49627686	2.72549009
780.50024414	2.72549009
780.50433350	2.72549009
780.50433350	2.72549009
780.50842285	2.72549009
780.51257324	2.72549009
780.51654053	2.72549009
780.52069092	2.72549009
780.52478027	2.72549009
780.52478027	2.72549009
780.52893066	2.74509811
780.53302002	2.74509811
780.53704834	2.74509811
780.53704834	2.74509811
780.54125977	2.74509811
780.54534912	2.74509811
780.54949951	2.74509811
780.54949951	2.74509811
780.55346680	2.74509811
780.55761719	2.74509811
780.56170654	2.74509811
780.56170654	2.74509811
780.56585693	2.76470590
780.56988525	2.76470590
780.56988525	2.76470590
780.57403564	2.76470590
780.57800293	2.76470590
780.58221436	2.76470590
780.58221436	2.76470590
780.58618164	2.78431368
780.59033203	2.78431368
780.59442139	2.78431368
780.59442139	2.78431368
780.59869385	2.78431368
780.60278320	2.78431368
780.60675049	2.80392146
780.60675049	2.80392146
780.61083984	2.80392146
780.61492920	2.80392146
780.61492920	2.80392146
780.61914063	2.80392146
780.62310791	2.80392146
780.62725830	2.82352948
780.62725830	2.82352948
780.63140869	2.82352948
780.63543701	2.82352948
780.63952637	2.82352948
780.63952637	2.82352948
780.64361572	2.82352948
780.64776611	2.82352948
780.65185547	2.82352948
780.65185547	2.82352948
780.65600586	2.82352948
780.66009521	2.82352948
780.66009521	2.82352948
780.66418457	2.82352948
780.66827393	2.82352948
780.67230225	2.82352948
780.67230225	2.84313726
780.67633057	2.84313726
780.68041992	2.84313726
780.68457031	2.84313726
780.68457031	2.84313726
780.68878174	2.84313726
780.69281006	2.84313726
780.69677734	2.84313726
780.69677734	2.84313726
780.70092773	2.84313726
780.70507813	2.82352948
780.70507813	2.82352948
780.70916748	2.82352948
780.71325684	2.82352948
780.71734619	2.82352948
780.71734619	2.80392146
780.72143555	2.80392146
780.72558594	2.80392146
780.72967529	2.80392146
780.72967529	2.80392146
780.73370361	2.80392146
780.73785400	2.80392146
780.74200439	2.80392146
780.74200439	2.78431368
780.74609375	2.78431368
780.75012207	2.78431368
780.75415039	2.78431368
780.75830078	2.78431368
780.76239014	2.78431368
780.76239014	2.78431368
780.76641846	2.78431368
780.77056885	2.78431368
780.77465820	2.78431368
780.77465820	2.76470590
780.77880859	2.76470590
780.78277588	2.76470590
780.78710938	2.76470590
780.78710938	2.76470590
780.79113770	2.76470590
780.79522705	2.76470590
780.79937744	2.76470590
780.80334473	2.74509811
780.80749512	2.74509811
780.80749512	2.74509811
780.81164551	2.74509811
780.81573486	2.74509811
780.81976318	2.74509811
780.81976318	2.74509811
780.82379150	2.72549009
780.82788086	2.72549009
780.83209229	2.72549009
780.83209229	2.72549009
780.83599854	2.72549009
780.84020996	2.70588231
780.84429932	2.70588231
780.84844971	2.70588231
780.85260010	2.70588231
780.85260010	2.70588231
780.85662842	2.68627453
780.86071777	2.68627453
780.86486816	2.68627453
780.86486816	2.68627453
780.86901855	2.68627453
780.87310791	2.68627453
780.87701416	2.68627453
780.87701416	2.66666675
780.88122559	2.66666675
780.88537598	2.66666675
780.88952637	2.66666675
780.89349365	2.66666675
780.89764404	2.66666675
780.89764404	2.66666675
780.90179443	2.66666675
780.90594482	2.66666675
780.90997314	2.66666675
780.90997314	2.66666675
780.91406250	2.66666675
780.91809082	2.66666675
780.92218018	2.66666675
780.92218018	2.66666675
780.92620850	2.66666675
780.93035889	2.66666675
780.93450928	2.66666675
780.93853760	2.66666675
780.94268799	2.66666675
780.94268799	2.66666675
780.94665527	2.68627453
780.95080566	2.68627453
780.95495605	2.68627453
780.95495605	2.68627453
780.95904541	2.68627453
780.96301270	2.70588231
780.96716309	2.70588231
780.96716309	2.70588231
780.97131348	2.70588231
780.97546387	2.72549009
780.97961426	2.72549009
780.98358154	2.72549009
780.98773193	2.72549009
780.98773193	2.74509811
780.99182129	2.74509811
780.99597168	2.74509811
781.00012207	2.74509811
781.00012207	2.74509811
781.00408936	2.74509811
781.00817871	2.76470590
781.01226807	2.76470590
781.01226807	2.76470590
781.01629639	2.76470590
781.02038574	2.76470590
781.02453613	2.76470590
781.02868652	2.76470590
781.03277588	2.78431368
781.03277588	2.78431368
781.03680420	2.78431368
781.04113770	2.78431368
781.04504395	2.78431368
781.04504395	2.78431368
781.04925537	2.80392146
781.05322266	2.80392146
781.05737305	2.80392146
781.05737305	2.80392146
781.06152344	2.80392146
781.06561279	2.80392146
781.06964111	2.80392146
781.06964111	2.80392146
781.07366943	2.80392146
781.07775879	2.80392146
781.07775879	2.80392146
781.08197021	2.80392146
781.08599854	2.80392146
781.09008789	2.80392146
781.09008789	2.80392146
781.09417725	2.78431368
781.09832764	2.78431368
781.10247803	2.78431368
781.10247803	2.78431368
781.10644531	2.78431368
781.11059570	2.78431368
781.11474609	2.78431368
781.11474609	2.78431368
781.11883545	2.78431368
781.12298584	2.78431368
781.12298584	2.78431368
781.12713623	2.78431368
781.13110352	2.78431368
781.13519287	2.78431368
781.13519287	2.76470590
781.13928223	2.76470590
781.14331055	2.76470590
781.14739990	2.76470590
781.14739990	2.76470590
781.15155029	2.76470590
781.15563965	2.76470590
781.15979004	2.76470590
781.15979004	2.76470590
781.16375732	2.74509811
781.16802979	2.74509811
781.16802979	2.74509811
781.17211914	2.74509811
781.17614746	2.74509811
781.18023682	2.74509811
781.18023682	2.74509811
781.18432617	2.72549009
781.18847656	2.72549009
781.19256592	2.72549009
781.19256592	2.72549009
781.19659424	2.70588231
781.20068359	2.70588231
781.20477295	2.70588231
781.20477295	2.70588231
781.20892334	2.70588231
781.21307373	2.70588231
781.21307373	2.68627453
781.21704102	2.68627453
781.22119141	2.68627453
781.22528076	2.68627453
781.22528076	2.68627453
781.22943115	2.68627453
781.23345947	2.68627453
781.23754883	2.66666675
781.23754883	2.66666675
781.24176025	2.66666675
781.24584961	2.66666675
781.25000000	2.66666675
781.25000000	2.64705873
781.25402832	2.66666675
781.25805664	2.66666675
781.26214600	2.66666675
781.26617432	2.66666675
781.27026367	2.66666675
781.27026367	2.66666675
781.27441406	2.66666675
781.27856445	2.66666675
781.28265381	2.68627453
781.28265381	2.68627453
781.28668213	2.68627453
781.29083252	2.68627453
781.29498291	2.68627453
781.29498291	2.68627453
781.29907227	2.68627453
781.30322266	2.68627453
781.30725098	2.68627453
781.31134033	2.70588231
781.31549072	2.70588231
781.31549072	2.70588231
781.31939697	2.70588231
781.32354736	2.70588231
781.32763672	2.70588231
781.32763672	2.70588231
781.33178711	2.70588231
781.33587646	2.70588231
781.34008789	2.72549009
781.34008789	2.72549009
781.34399414	2.72549009
781.34820557	2.72549009
781.35229492	2.72549009
781.35632324	2.72549009
781.36047363	2.72549009
781.36047363	2.72549009
781.36462402	2.72549009
781.36871338	2.72549009
781.37286377	2.72549009
781.37286377	2.72549009
781.37683105	2.72549009
781.38098145	2.70588231
781.38507080	2.70588231
781.38507080	2.70588231
781.38916016	2.70588231
781.39318848	2.70588231
781.39727783	2.70588231
781.40142822	2.70588231
781.40551758	2.70588231
781.40551758	2.70588231
781.40966797	2.70588231
781.41363525	2.70588231
781.41784668	2.70588231
781.41784668	2.70588231
781.42199707	2.68627453
781.42614746	2.68627453
781.43011475	2.68627453
781.43011475	2.68627453
781.43426514	2.68627453
781.43835449	2.68627453
781.44244385	2.68627453
781.44647217	2.68627453
781.45056152	2.68627453
781.45056152	2.68627453
781.45465088	2.68627453
781.45880127	2.68627453
781.46295166	2.68627453
781.46295166	2.68627453
781.46704102	2.68627453
781.47106934	2.68627453
781.47515869	2.68627453
781.47515869	2.68627453
781.47930908	2.68627453
781.48333740	2.68627453
781.48748779	2.68627453
781.49157715	2.68627453
781.49572754	2.68627453
781.49572754	2.68627453
781.49975586	2.68627453
781.50378418	2.68627453
781.50805664	2.68627453
781.50805664	2.68627453
781.51202393	2.68627453
781.51617432	2.68627453
781.52014160	2.68627453
781.52014160	2.68627453
781.52429199	2.68627453
781.52838135	2.68627453
781.53253174	2.68627453
781.53656006	2.68627453
781.54071045	2.68627453
781.54071045	2.68627453
781.54486084	2.68627453
781.54888916	2.68627453
781.55310059	2.68627453
781.55310059	2.68627453
781.55712891	2.68627453
781.56121826	2.68627453
781.56536865	2.68627453
781.56536865	2.68627453
781.56939697	2.68627453
781.57342529	2.68627453
781.57751465	2.68627453
781.58172607	2.68627453
781.58575439	2.68627453
781.58575439	2.68627453
781.58978271	2.68627453
781.59405518	2.68627453
781.59808350	2.68627453
781.59808350	2.68627453
781.60223389	2.68627453
781.60626221	2.68627453
781.61035156	2.66666675
781.61035156	2.66666675
781.61450195	2.66666675
781.61865234	2.66666675
781.62268066	2.66666675
781.62268066	2.66666675
781.62664795	2.66666675
781.63079834	2.66666675
781.63079834	2.66666675
781.63494873	2.66666675
781.63903809	2.66666675
781.64318848	2.66666675
781.64318848	2.66666675
781.64715576	2.66666675
781.65130615	2.66666675
781.65539551	2.66666675
781.65539551	2.66666675
781.65942383	2.66666675
781.66357422	2.66666675
781.66772461	2.66666675
781.66772461	2.66666675
781.67187500	2.66666675
781.67596436	2.66666675
781.67596436	2.68627453
781.68011475	2.68627453
781.68408203	2.68627453
781.68823242	2.68627453
781.68823242	2.68627453
781.69238281	2.68627453
781.69635010	2.68627453
781.70050049	2.68627453
781.70050049	2.68627453
781.70465088	2.70588231
781.70874023	2.70588231
781.71282959	2.70588231
781.71282959	2.70588231
781.71685791	2.70588231
781.72113037	2.70588231
781.72113037	2.70588231
781.72503662	2.70588231
781.72918701	2.70588231
781.73327637	2.72549009
781.73327637	2.72549009
781.73730469	2.72549009
781.74139404	2.72549009
781.74554443	2.72549009
781.74554443	2.72549009
781.74957275	2.72549009
781.75366211	2.72549009
781.75781250	2.72549009
781.75781250	2.72549009
781.76190186	2.72549009
781.76605225	2.72549009
781.76605225	2.74509811
781.77001953	2.74509811
781.77416992	2.74509811
781.77825928	2.74509811
781.77825928	2.74509811
781.78247070	2.74509811
781.78637695	2.74509811
781.79058838	2.74509811
781.79058838	2.74509811
781.79473877	2.74509811
781.79882813	2.74509811
781.80297852	2.74509811
781.80297852	2.74509811
781.80712891	2.74509811
781.81109619	2.74509811
781.81518555	2.76470590
781.81927490	2.76470590
781.82330322	2.76470590
781.82330322	2.76470590
781.82739258	2.76470590
781.83154297	2.76470590
781.83569336	2.76470590
781.83569336	2.74509811
781.83966064	2.74509811
781.84375000	2.74509811
781.84808350	2.74509811
781.84808350	2.74509811
781.85211182	2.74509811
781.85626221	2.72549009
781.86022949	2.72549009
781.86431885	2.72549009
781.86846924	2.70588231
781.86846924	2.70588231
781.87261963	2.70588231
781.87652588	2.70588231
781.88067627	2.70588231
781.88067627	2.68627453
781.88476563	2.68627453
781.88891602	2.68627453
781.89306641	2.68627453
781.89306641	2.66666675
781.89703369	2.66666675
781.90118408	2.66666675
781.90527344	2.66666675
781.90942383	2.64705873
781.91345215	2.64705873
781.91345215	2.64705873
781.91754150	2.64705873
781.92175293	2.64705873
781.92584229	2.64705873
781.92584229	2.64705873
781.92987061	2.64705873
781.93408203	2.62745094
781.93811035	2.62745094
781.93811035	2.62745094
781.94226074	2.62745094
781.94628906	2.62745094
781.95025635	2.62745094
781.95440674	2.62745094
781.95849609	2.62745094
781.95849609	2.62745094
781.96264648	2.62745094
781.96667480	2.62745094
781.97082520	2.62745094
781.97082520	2.62745094
781.97491455	2.62745094
781.97906494	2.62745094
781.98327637	2.62745094
781.98327637	2.62745094
781.98718262	2.62745094
781.99139404	2.62745094
781.99548340	2.62745094
781.99945068	2.62745094
782.00354004	2.62745094
782.00354004	2.62745094
782.00769043	2.62745094
782.01177979	2.62745094
782.01593018	2.62745094
782.01593018	2.62745094
782.02001953	2.62745094
782.02404785	2.62745094
782.02813721	2.64705873
782.02813721	2.64705873
782.03234863	2.64705873
782.03625488	2.64705873
782.04046631	2.64705873
782.04461670	2.66666675
782.04870605	2.66666675
782.04870605	2.66666675
782.05285645	2.68627453
782.05682373	2.66666675
782.06109619	2.68627453
782.06109619	2.70588231
782.06500244	2.70588231
782.06915283	2.72549009
782.07330322	2.72549009
782.07330322	2.72549009
782.07727051	2.74509811
782.08142090	2.74509811
782.08557129	2.76470590
782.08953857	2.78431368
782.09362793	2.78431368
782.09362793	2.80392146
782.09783936	2.80392146
782.10198975	2.80392146
782.10607910	2.82352948
782.10607910	2.82352948
782.11010742	2.82352948
782.11425781	2.82352948
782.11834717	2.84313726
782.11834717	2.84313726
782.12249756	2.84313726
782.12652588	2.84313726
782.13049316	2.86274505
782.13464355	2.86274505
782.13879395	2.86274505
782.13879395	2.86274505
782.14276123	2.86274505
782.14703369	2.88235283
782.15106201	2.88235283
782.15106201	2.88235283
782.15515137	2.88235283
782.15930176	2.88235283
782.16339111	2.88235283
782.16339111	2.86274505
782.16748047	2.84313726
782.17156982	2.84313726
782.17572021	2.84313726
782.17572021	2.84313726
782.17974854	2.84313726
782.18383789	2.84313726
782.18383789	2.82352948
782.18798828	2.82352948
782.19213867	2.82352948
782.19622803	2.80392146
782.19622803	2.80392146
782.20025635	2.80392146
782.20434570	2.80392146
782.20849609	2.80392146
782.20849609	2.80392146
782.21258545	2.80392146
782.21661377	2.80392146
782.22076416	2.78431368
782.22076416	2.78431368
782.22479248	2.78431368
782.22894287	2.78431368
782.22894287	2.78431368
782.23309326	2.78431368
782.23706055	2.76470590
782.24114990	2.76470590
782.24114990	2.76470590
782.24530029	2.76470590
782.24945068	2.76470590
782.25341797	2.76470590
782.25341797	2.76470590
782.25756836	2.76470590
782.26165771	2.76470590
782.26580811	2.74509811
782.26580811	2.74509811
782.26977539	2.74509811
782.27404785	2.74509811
782.27404785	2.74509811
782.27801514	2.74509811
782.28216553	2.74509811
782.28625488	2.72549009
782.28625488	2.72549009
782.29034424	2.72549009
782.29449463	2.72549009
782.29852295	2.72549009
782.29852295	2.70588231
782.30273438	2.70588231
782.30670166	2.70588231
782.31085205	2.70588231
782.31085205	2.70588231
782.31494141	2.68627453
782.31903076	2.68627453
782.31903076	2.68627453
782.32299805	2.68627453
782.32714844	2.68627453
782.33129883	2.68627453
782.33129883	2.66666675
782.33538818	2.66666675
782.33953857	2.66666675
782.34350586	2.66666675
782.34350586	2.66666675
782.34765625	2.66666675
782.35186768	2.64705873
782.35595703	2.64705873
782.35595703	2.64705873
782.36010742	2.64705873
782.36407471	2.64705873
782.36822510	2.64705873
782.37237549	2.64705873
782.37646484	2.64705873
782.37646484	2.64705873
782.38037109	2.64705873
782.38452148	2.64705873
782.38867188	2.64705873
782.38867188	2.64705873
782.39276123	2.64705873
782.39678955	2.64705873
782.40106201	2.64705873
782.40106201	2.64705873
782.40502930	2.64705873
782.40917969	2.64705873
782.41320801	2.64705873
782.41735840	2.64705873
782.42144775	2.64705873
782.42144775	2.64705873
782.42559814	2.64705873
782.42962646	2.64705873
782.43371582	2.64705873
782.43371582	2.64705873
782.43786621	2.64705873
782.44195557	2.64705873
782.44604492	2.64705873
782.44604492	2.64705873
782.45001221	2.66666675
782.45416260	2.66666675
782.45825195	2.66666675
782.46240234	2.66666675
782.46655273	2.66666675
782.46655273	2.66666675
782.47052002	2.66666675
782.47467041	2.68627453
782.47882080	2.68627453
782.47882080	2.68627453
782.48291016	2.68627453
782.48712158	2.70588231
782.49108887	2.70588231
782.49108887	2.70588231
782.49523926	2.70588231
782.49932861	2.72549009
782.50335693	2.72549009
782.50744629	2.72549009
782.51153564	2.72549009
782.51153564	2.72549009
782.51568604	2.74509811
782.51965332	2.74509811
782.52380371	2.74509811
782.52380371	2.74509811
782.52789307	2.74509811
782.53204346	2.74509811
782.53613281	2.74509811
782.53613281	2.76470590
782.54016113	2.76470590
782.54431152	2.76470590
782.54840088	2.76470590
782.55261230	2.76470590
782.55676270	2.76470590
782.55676270	2.76470590
782.56072998	2.76470590
782.56488037	2.76470590
782.56890869	2.76470590
782.56890869	2.76470590
782.57299805	2.78431368
782.57702637	2.78431368
782.58111572	2.78431368
782.58111572	2.78431368
782.58532715	2.78431368
782.58941650	2.78431368
782.59338379	2.78431368
782.59753418	2.78431368
782.60168457	2.78431368
782.60168457	2.76470590
782.60583496	2.74509811
782.60986328	2.76470590
782.61413574	2.74509811
782.61413574	2.74509811
782.61810303	2.74509811
782.62225342	2.74509811
782.62628174	2.74509811
782.62628174	2.74509811
782.63024902	2.74509811
782.63439941	2.72549009
782.63848877	2.72549009
782.64263916	2.72549009
782.64666748	2.72549009
782.64666748	2.72549009
782.65075684	2.72549009
782.65490723	2.72549009
782.65905762	2.72549009
782.65905762	2.72549009
782.66308594	2.70588231
782.66723633	2.70588231
782.67138672	2.70588231
782.67138672	2.70588231
782.67547607	2.70588231
782.67962646	2.70588231
782.68359375	2.70588231
782.68359375	2.70588231
782.68768311	2.70588231
782.69183350	2.70588231
782.69183350	2.70588231
782.69592285	2.70588231
782.70001221	2.68627453
782.70404053	2.68627453
782.70404053	2.68627453
782.70812988	2.68627453
782.71228027	2.68627453
782.71643066	2.68627453
782.71643066	2.68627453
782.72039795	2.66666675
782.72454834	2.66666675
782.72869873	2.66666675
782.72869873	2.66666675
782.73291016	2.66666675
782.73681641	2.66666675
782.73681641	2.66666675
782.74096680	2.66666675
782.74511719	2.66666675
782.74920654	2.66666675
782.74920654	2.66666675
782.75317383	2.66666675
782.75726318	2.66666675
782.76141357	2.66666675
782.76141357	2.66666675
782.76550293	2.66666675
782.76953125	2.66666675
782.77368164	2.66666675
782.77368164	2.66666675
782.77777100	2.66666675
782.78198242	2.66666675
782.78198242	2.66666675
782.78607178	2.66666675
782.79003906	2.68627453
782.79425049	2.68627453
782.79425049	2.68627453
782.79827881	2.68627453
782.80249023	2.68627453
782.80651855	2.68627453
782.80651855	2.68627453
782.81060791	2.70588231
782.81469727	2.70588231
782.81884766	2.70588231
782.81884766	2.70588231
782.82275391	2.70588231
782.82708740	2.70588231
782.82708740	2.72549009
782.83111572	2.72549009
782.83526611	2.72549009
782.83935547	2.72549009
782.83935547	2.72549009
782.84338379	2.72549009
782.84747314	2.72549009
782.85162354	2.74509811
782.85162354	2.72549009
782.85565186	2.72549009
782.85968018	2.74509811
782.86376953	2.74509811
782.86376953	2.74509811
782.86791992	2.74509811
782.87213135	2.74509811
782.87615967	2.74509811
782.88012695	2.74509811
782.88427734	2.72549009
782.88427734	2.72549009
782.88836670	2.72549009
782.89251709	2.72549009
782.89666748	2.72549009
782.89666748	2.72549009
782.90069580	2.72549009
782.90478516	2.72549009
782.90893555	2.72549009
782.90893555	2.72549009
782.91314697	2.72549009
782.91705322	2.72549009
782.92120361	2.72549009
782.92535400	2.72549009
782.92950439	2.72549009
782.92950439	2.72549009
782.93347168	2.72549009
782.93750000	2.72549009
782.94165039	2.72549009
782.94165039	2.72549009
782.94586182	2.72549009
782.94989014	2.72549009
782.95410156	2.72549009
782.95410156	2.72549009
782.95806885	2.72549009
782.96221924	2.72549009
782.96643066	2.72549009
782.97039795	2.72549009
782.97448730	2.72549009
782.97448730	2.70588231
782.97851563	2.70588231
782.98266602	2.70588231
782.98669434	2.70588231
782.98669434	2.70588231
782.99084473	2.70588231
782.99493408	2.70588231
782.99914551	2.70588231
782.99914551	2.70588231
783.00311279	2.70588231
783.00714111	2.70588231
783.01129150	2.70588231
783.01544189	2.70588231
783.01953125	2.70588231
783.01953125	2.70588231
783.02349854	2.70588231
783.02764893	2.70588231
783.03173828	2.70588231
783.03173828	2.70588231
783.03588867	2.70588231
783.04003906	2.70588231
783.04406738	2.68627453
783.04406738	2.68627453
783.04827881	2.68627453
783.05236816	2.68627453
783.05645752	2.68627453
783.06048584	2.68627453
783.06457520	2.68627453
783.06457520	2.68627453
783.06866455	2.68627453
783.07275391	2.68627453
783.07678223	2.68627453
783.07678223	2.68627453
783.08087158	2.68627453
783.08508301	2.68627453
783.08911133	2.68627453
783.08911133	2.68627453
783.09313965	2.68627453
783.09729004	2.68627453
783.10144043	2.68627453
783.10559082	2.68627453
783.10974121	2.68627453
783.10974121	2.68627453
783.11370850	2.68627453
783.11785889	2.68627453
783.12200928	2.68627453
783.12200928	2.68627453
783.12603760	2.68627453
783.13000488	2.68627453
783.13415527	2.68627453
783.13415527	2.68627453
783.13830566	2.68627453
783.14239502	2.68627453
783.14642334	2.68627453
783.15051270	2.68627453
783.15466309	2.70588231
783.15466309	2.70588231
783.15881348	2.70588231
783.16296387	2.70588231
783.16711426	2.70588231
783.16711426	2.70588231
783.17108154	2.70588231
783.17523193	2.70588231
783.17932129	2.70588231
783.17932129	2.70588231
783.18334961	2.70588231
783.18743896	2.70588231
783.19152832	2.70588231
783.19152832	2.70588231
783.19561768	2.70588231
783.19976807	2.70588231
783.19976807	2.70588231
783.20373535	2.72549009
783.20788574	2.74509811
783.21203613	2.74509811
783.21203613	2.74509811
783.21618652	2.74509811
783.22015381	2.74509811
783.22430420	2.76470590
783.22430420	2.76470590
783.22845459	2.78431368
783.23254395	2.78431368
783.23651123	2.78431368
783.23651123	2.80392146
783.24072266	2.80392146
783.24487305	2.80392146
783.24487305	2.84313726
783.24890137	2.86274505
783.25311279	2.86274505
783.25701904	2.88235283
783.25701904	2.88235283
783.26116943	2.90196085
783.26525879	2.90196085
783.26940918	2.92156863
783.26940918	2.92156863
783.27337646	2.92156863
783.27752686	2.94117641
783.28167725	2.94117641
783.28167725	2.96078420
783.28576660	2.96078420
783.28991699	2.96078420
783.28991699	2.96078420
783.29412842	2.98039222
783.29803467	2.98039222
783.30218506	2.98039222
783.30218506	3.00000000
783.30621338	3.00000000
783.31030273	3.00000000
783.31445313	3.00000000
783.31445313	3.00000000
783.31854248	3.01960778
783.32263184	3.01960778
783.32666016	3.01960778
783.32666016	3.01960778
783.33074951	3.01960778
783.33489990	3.01960778
783.33489990	3.01960778
783.33898926	3.01960778
783.34301758	3.01960778
783.34710693	3.01960778
783.34710693	3.01960778
783.35131836	3.01960778
783.35552979	3.01960778
783.35961914	3.01960778
783.35961914	2.92156863
783.36358643	2.90196085
783.36773682	2.90196085
783.37182617	2.88235283
783.37182617	2.86274505
783.37591553	2.86274505
783.38006592	2.84313726
783.38006592	2.84313726
783.38403320	2.82352948
783.38818359	2.82352948
783.39227295	2.80392146
783.39227295	2.80392146
783.39630127	2.78431368
783.40039063	2.78431368
783.40454102	2.76470590
783.40454102	2.76470590
783.40863037	2.76470590
783.41284180	2.74509811
783.41680908	2.74509811
783.41680908	2.74509811
783.42108154	2.72549009
783.42510986	2.72549009
783.42919922	2.70588231
783.43316650	2.70588231
783.43725586	2.70588231
783.43725586	2.70588231
783.44140625	2.68627453
783.44549561	2.68627453
783.44964600	2.68627453
783.44964600	2.68627453
783.45361328	2.68627453
783.45776367	2.66666675
783.46191406	2.66666675
783.46191406	2.66666675
783.46600342	2.66666675
783.47003174	2.66666675
783.47424316	2.66666675
783.47833252	2.66666675
783.48248291	2.64705873
783.48248291	2.64705873
783.48645020	2.64705873
783.49060059	2.64705873
783.49468994	2.64705873
783.49468994	2.64705873
783.49877930	2.64705873
783.50299072	2.68627453
783.50701904	2.68627453
783.50701904	2.68627453
783.51098633	2.68627453
783.51513672	2.70588231
783.51928711	2.70588231
783.52325439	2.70588231
783.52740479	2.74509811
783.52740479	2.76470590
783.53155518	2.76470590
783.53564453	2.78431368
783.53979492	2.78431368
783.53979492	2.80392146
783.54382324	2.80392146
783.54797363	2.80392146
783.55212402	2.82352948
783.55212402	2.82352948
783.55603027	2.82352948
783.56018066	2.84313726
783.56433105	2.86274505
783.56842041	2.86274505
783.57250977	2.86274505
783.57250977	2.88235283
783.57647705	2.88235283
783.58062744	2.88235283
783.58477783	2.90196085
783.58477783	2.90196085
783.58886719	2.90196085
783.59301758	2.90196085
783.59698486	2.92156863
783.59698486	2.92156863
783.60119629	2.92156863
783.60534668	2.94117641
783.60949707	2.94117641
783.61346436	2.94117641
783.61761475	2.96078420
783.61761475	2.96078420
783.62170410	2.96078420
783.62585449	2.98039222
783.62994385	2.98039222
783.62994385	2.98039222
783.63403320	2.98039222
783.63800049	2.98039222
783.64215088	3.00000000
783.64215088	3.00000000
783.64617920	3.00000000
783.65026855	3.00000000
783.65441895	3.00000000
783.65850830	3.01960778
783.66265869	3.01960778
783.66265869	3.01960778
783.66668701	3.01960778
783.67083740	3.01960778
783.67492676	3.01960778
783.67492676	3.01960778
783.67907715	3.01960778
783.68310547	3.01960778
783.68713379	3.01960778
783.68713379	3.01960778
783.69128418	3.01960778
783.69537354	3.01960778
783.69952393	3.01960778
783.70349121	3.01960778
783.70764160	3.01960778
783.70764160	3.01960778
783.71173096	3.01960778
783.71588135	3.01960778
783.72003174	3.01960778
783.72003174	3.01960778
783.72406006	3.01960778
783.72821045	3.01960778
783.73229980	3.01960778
783.73229980	3.01960778
783.73632813	3.01960778
783.74041748	3.01960778
783.74456787	3.01960778
783.74456787	3.01960778
783.74865723	3.00000000
783.75286865	3.00000000
783.75286865	3.00000000
783.75689697	3.00000000
783.76098633	3.00000000
783.76519775	3.00000000
783.76519775	3.00000000
783.76922607	3.00000000
783.77319336	3.00000000
783.77740479	2.98039222
783.77740479	2.98039222
783.78149414	2.98039222
783.78558350	2.98039222
783.78961182	2.98039222
783.78961182	2.98039222
783.79364014	2.98039222
783.79779053	2.96078420
783.79779053	2.96078420
783.80200195	2.96078420
783.80603027	2.96078420
783.81018066	2.96078420
783.81018066	2.94117641
783.81420898	2.88235283
783.81829834	2.86274505
783.82244873	2.86274505
783.82244873	2.84313726
783.82641602	2.82352948
783.83050537	2.82352948
783.83465576	2.80392146
783.83465576	2.80392146
783.83880615	2.78431368
783.84289551	2.78431368
783.84289551	2.76470590
783.84698486	2.76470590
783.85101318	2.76470590
783.85516357	2.76470590
783.85516357	2.76470590
783.85931396	2.76470590
783.86334229	2.76470590
783.86743164	2.76470590
783.86743164	2.76470590
783.87158203	2.76470590
783.87573242	2.76470590
783.87982178	2.76470590
783.87982178	2.76470590
783.88372803	2.76470590
783.88806152	2.76470590
783.88806152	2.76470590
783.89196777	2.78431368
783.89617920	2.78431368
783.90014648	2.80392146
783.90014648	2.80392146
783.90429688	2.80392146
783.90838623	2.80392146
783.91253662	2.80392146
783.91253662	2.82352948
783.91656494	2.82352948
783.92071533	2.82352948
783.92486572	2.82352948
783.92486572	2.82352948
783.92895508	2.84313726
783.93310547	2.84313726
783.93701172	2.86274505
783.94116211	2.86274505
783.94525146	2.86274505
783.94525146	2.88235283
783.94940186	2.88235283
783.95336914	2.88235283
783.95751953	2.90196085
783.95751953	2.90196085
783.96160889	2.90196085
783.96582031	2.92156863
783.96984863	2.92156863
783.96984863	2.92156863
783.97412109	2.92156863
783.97808838	2.94117641
783.98217773	2.94117641
783.98632813	2.96078420
783.99029541	2.96078420
783.99029541	2.96078420
783.99444580	2.96078420
783.99853516	2.98039222
784.00274658	2.98039222
784.00274658	2.98039222
784.00671387	2.98039222
784.01080322	3.00000000
784.01489258	3.00000000
784.01489258	3.00000000
784.01904297	3.00000000
784.02313232	3.00000000
784.02716064	3.01960778
784.03125000	3.01960778
784.03540039	3.01960778
784.03540039	3.01960778
784.03936768	3.03921580
784.04351807	3.03921580
784.04766846	3.03921580
784.04766846	3.03921580
784.05181885	3.03921580
784.05596924	3.03921580
784.06011963	3.03921580
784.06011963	3.01960778
784.06408691	3.01960778
784.06817627	3.01960778
784.07226563	3.01960778
784.07623291	3.01960778
784.08038330	3.01960778
784.08038330	3.01960778
784.08453369	3.01960778
784.08868408	3.01960778
784.09277344	3.01960778
784.09277344	3.01960778
784.09680176	3.00000000
784.10101318	3.00000000
784.10504150	3.00000000
784.10504150	2.98039222
784.10919189	2.98039222
784.11322021	2.98039222
784.11737061	2.96078420
784.12145996	2.96078420
784.12561035	2.96078420
784.12561035	2.96078420
784.12951660	2.96078420
784.13366699	2.94117641
784.13775635	2.94117641
784.13775635	2.94117641
784.14190674	2.94117641
784.14599609	2.94117641
784.15002441	2.94117641
784.15002441	2.94117641
784.15411377	2.94117641
784.15826416	2.94117641
784.16241455	2.92156863
784.16644287	2.92156863
784.17059326	2.92156863
784.17059326	2.92156863
784.17468262	2.90196085
784.17883301	2.90196085
784.18292236	2.90196085
784.18292236	2.90196085
784.18713379	2.88235283
784.19104004	2.86274505
784.19512939	2.84313726
784.19512939	2.84313726
784.19927979	2.82352948
784.20324707	2.80392146
784.20739746	2.80392146
784.21148682	2.78431368
784.21569824	2.78431368
784.21569824	2.76470590
784.21960449	2.76470590
784.22381592	2.76470590
784.22808838	2.76470590
784.22808838	2.76470590
784.23205566	2.76470590
784.23620605	2.76470590
784.24023438	2.76470590
784.24023438	2.78431368
784.24432373	2.78431368
784.24841309	2.78431368
784.25256348	2.80392146
784.25659180	2.80392146
784.26068115	2.80392146
784.26068115	2.80392146
784.26477051	2.80392146
784.26892090	2.80392146
784.27301025	2.80392146
784.27301025	2.80392146
784.27703857	2.80392146
784.28112793	2.80392146
784.28527832	2.82352948
784.28527832	2.84313726
784.28936768	2.84313726
784.29339600	2.84313726
784.29754639	2.86274505
784.29754639	2.86274505
784.30169678	2.86274505
784.30584717	2.86274505
784.30584717	2.88235283
784.30981445	2.88235283
784.31408691	2.88235283
784.31799316	2.88235283
784.31799316	2.88235283
784.32214355	2.88235283
784.32611084	2.88235283
784.33032227	2.88235283
784.33032227	2.88235283
784.33447266	2.90196085
784.33856201	2.90196085
784.34265137	2.90196085
784.34265137	2.90196085
784.34674072	2.90196085
784.35089111	2.92156863
784.35089111	2.92156863
784.35498047	2.92156863
784.35900879	2.92156863
784.36315918	2.92156863
784.36315918	2.92156863
784.36718750	2.92156863
784.37127686	2.94117641
784.37542725	2.94117641
784.37542725	2.94117641
784.37945557	2.94117641
784.38354492	2.94117641
784.38763428	2.94117641
784.38763428	2.94117641
784.39178467	2.94117641
784.39587402	2.96078420
784.39587402	2.96078420
784.40002441	2.96078420
784.40399170	2.96078420
784.40814209	2.96078420
784.40814209	2.96078420
784.41223145	2.96078420
784.41632080	2.96078420
784.42047119	2.96078420
784.42047119	2.98039222
784.42456055	2.98039222
784.42871094	2.98039222
784.43286133	2.98039222
784.43286133	2.98039222
784.43682861	2.96078420
784.44104004	2.96078420
784.44104004	2.96078420
784.44500732	2.96078420
784.44915771	2.96078420
784.45324707	2.96078420
784.45324707	2.96078420
784.45727539	2.96078420
784.46136475	2.96078420
784.46557617	2.96078420
784.46557617	2.98039222
784.46948242	2.98039222
784.47369385	2.98039222
784.47784424	2.98039222
784.47784424	2.98039222
784.48187256	2.96078420
784.48608398	2.96078420
784.49005127	2.96078420
784.49414063	2.96078420
784.49829102	2.96078420
784.49829102	2.96078420
784.50238037	2.96078420
784.50634766	2.96078420
784.51049805	2.96078420
784.51049805	2.96078420
784.51464844	2.96078420
784.51873779	2.96078420
784.52288818	2.96078420
784.52288818	2.94117641
784.52697754	2.94117641
784.53106689	2.94117641
784.53515625	2.94117641
784.53930664	2.92156863
784.54333496	2.92156863
784.54333496	2.92156863
784.54742432	2.92156863
784.55157471	2.92156863
784.55572510	2.92156863
784.55572510	2.92156863
784.55969238	2.90196085
784.56378174	2.90196085
784.56811523	2.90196085
784.56811523	2.90196085
784.57214355	2.90196085
784.57623291	2.88235283
784.58020020	2.88235283
784.58435059	2.88235283
784.58850098	2.88235283
784.58850098	2.88235283
784.59259033	2.88235283
784.59661865	2.88235283
784.60064697	2.88235283
784.60064697	2.86274505
784.60473633	2.86274505
784.60888672	2.86274505
784.61297607	2.86274505
784.61297607	2.86274505
784.61700439	2.86274505
784.62121582	2.86274505
784.62536621	2.86274505
784.62939453	2.86274505
784.63342285	2.86274505
784.63342285	2.86274505
784.63751221	2.86274505
784.64160156	2.88235283
784.64575195	2.88235283
784.64575195	2.88235283
784.64978027	2.88235283
784.65399170	2.88235283
784.65802002	2.88235283
784.65802002	2.88235283
784.66217041	2.90196085
784.66625977	2.90196085
784.67028809	2.90196085
784.67443848	2.90196085
784.67858887	2.92156863
784.67858887	2.92156863
784.68267822	2.92156863
784.68664551	2.92156863
784.69079590	2.92156863
784.69079590	2.92156863
784.69488525	2.92156863
784.69903564	2.94117641
784.70312500	2.94117641
784.70312500	2.94117641
784.70715332	2.94117641
784.71124268	2.94117641
784.71545410	2.96078420
784.71936035	2.96078420
784.72351074	2.96078420
784.72351074	2.96078420
784.72772217	2.98039222
784.73175049	2.98039222
784.73596191	2.98039222
784.73596191	2.98039222
784.74005127	3.00000000
784.74401855	3.00000000
784.74810791	3.00000000
784.74810791	3.00000000
784.75225830	3.00000000
784.75634766	3.00000000
784.76037598	3.01960778
784.76446533	3.01960778
784.76861572	3.01960778
784.76861572	3.01960778
784.77276611	3.01960778
784.77673340	3.01960778
784.78100586	3.03921580
784.78100586	3.03921580
784.78503418	3.03921580
784.78918457	3.03921580
784.79333496	3.03921580
784.79333496	3.03921580
784.79730225	3.03921580
784.80145264	3.03921580
784.80560303	3.03921580
784.80560303	3.03921580
784.80950928	3.03921580
784.81365967	3.03921580
784.81365967	3.03921580
784.81787109	3.03921580
784.82189941	3.03921580
784.82598877	3.01960778
784.82598877	3.01960778
784.83001709	3.01960778
784.83410645	3.01960778
784.83825684	3.01960778
784.83825684	3.01960778
784.84234619	3.01960778
784.84637451	3.01960778
784.85052490	3.01960778
784.85052490	3.01960778
784.85467529	3.00000000
784.85876465	3.00000000
784.85876465	3.00000000
784.86279297	3.00000000
784.86706543	3.00000000
784.87109375	3.00000000
784.87109375	3.00000000
784.87518311	3.00000000
784.87927246	3.00000000
784.88342285	2.98039222
784.88342285	2.98039222
784.88739014	2.98039222
784.89147949	2.98039222
784.89562988	2.98039222
784.89562988	2.98039222
784.89965820	2.98039222
784.90374756	2.98039222
784.90374756	2.98039222
784.90789795	2.98039222
784.91204834	2.98039222
784.91625977	2.98039222
784.91625977	2.98039222
784.92016602	2.98039222
784.92431641	2.98039222
784.92846680	2.98039222
784.92846680	2.98039222
784.93255615	2.98039222
784.93658447	2.98039222
784.94061279	2.98039222
784.94061279	2.98039222
784.94476318	2.98039222
784.94885254	2.98039222
784.94885254	2.98039222
784.95300293	2.98039222
784.95697021	2.98039222
784.96112061	2.98039222
784.96112061	2.98039222
784.96533203	2.98039222
784.96936035	2.98039222
784.97344971	2.98039222
784.97344971	2.98039222
784.97753906	2.98039222
784.98168945	2.98039222
784.98583984	2.98039222
784.98583984	2.98039222
784.98980713	2.98039222
784.99407959	2.98039222
784.99804688	2.96078420
785.00213623	2.96078420
785.00622559	2.96078420
785.00622559	2.96078420
785.01025391	2.96078420
785.01434326	2.96078420
785.01849365	2.96078420
785.01849365	2.96078420
785.02258301	2.96078420
785.02667236	2.96078420
785.03076172	2.96078420
785.03076172	2.96078420
785.03491211	2.96078420
785.03906250	2.96078420
785.04309082	2.96078420
785.04718018	2.96078420
785.05133057	2.96078420
785.05133057	2.96078420
785.05548096	2.96078420
785.05944824	2.96078420
785.06353760	2.98039222
785.06353760	2.98039222
785.06768799	2.98039222
785.07177734	2.98039222
785.07586670	2.98039222
785.07586670	2.98039222
785.08001709	2.98039222
785.08398438	2.98039222
785.08813477	2.98039222
785.09222412	3.00000000
785.09637451	3.00000000
785.09637451	3.00000000
785.10040283	3.00000000
785.10455322	3.00000000
785.10870361	3.00000000
785.10870361	3.00000000
785.11285400	3.00000000
785.11682129	3.00000000
785.12109375	3.00000000
785.12109375	3.01960778
785.12506104	3.01960778
785.12915039	3.01960778
785.13317871	3.01960778
785.13726807	3.01960778
785.14141846	3.01960778
785.14141846	3.01960778
785.14550781	3.01960778
785.14959717	3.01960778
785.15362549	3.01960778
785.15362549	3.01960778
785.15777588	3.01960778
785.16186523	3.01960778
785.16613770	3.01960778
785.16613770	3.01960778
785.17004395	3.01960778
785.17419434	3.01960778
785.17828369	3.01960778
785.18243408	3.01960778
785.18658447	3.01960778
785.18658447	3.01960778
785.19049072	3.01960778
785.19464111	3.01960778
785.19885254	3.03921580
785.19885254	3.03921580
785.20281982	3.03921580
785.20709229	3.03921580
785.21105957	3.03921580
785.21105957	3.03921580
785.21514893	3.03921580
785.21942139	3.03921580
785.22338867	3.03921580
785.22747803	3.03921580
785.23162842	3.03921580
785.23162842	3.03921580
785.23571777	3.03921580
785.23968506	3.03921580
785.24383545	3.05882359
785.24383545	3.05882359
785.24792480	3.05882359
785.25207520	3.05882359
785.25622559	3.05882359
785.25622559	3.07843137
785.26025391	3.07843137
785.26440430	3.07843137
785.26849365	3.07843137
785.27264404	3.07843137
785.27673340	3.07843137
785.27673340	3.07843137
785.28070068	3.07843137
785.28491211	3.07843137
785.28900146	3.07843137
785.28900146	3.05882359
785.29315186	3.05882359
785.29711914	3.05882359
785.30126953	3.05882359
785.30126953	3.05882359
785.30535889	3.03921580
785.30950928	3.03921580
785.31347656	3.03921580
785.31762695	3.01960778
785.32171631	3.01960778
785.32171631	3.01960778
785.32586670	3.01960778
785.32983398	3.01960778
785.33404541	3.00000000
785.33404541	3.00000000
785.33807373	3.00000000
785.34222412	3.00000000
785.34631348	3.00000000
785.34631348	2.98039222
785.35028076	2.98039222
785.35437012	2.98039222
785.35852051	2.98039222
785.35852051	2.98039222
785.36267090	2.98039222
785.36663818	2.96078420
785.36663818	2.96078420
785.37078857	2.94117641
785.37487793	2.94117641
785.37902832	2.92156863
785.37902832	2.92156863
785.38299561	2.92156863
785.38708496	2.92156863
785.39123535	2.90196085
785.39123535	2.90196085
785.39538574	2.90196085
785.39959717	2.90196085
785.40350342	2.90196085
785.40350342	2.90196085
785.40765381	2.90196085
785.41174316	2.88235283
785.41174316	2.88235283
785.41595459	2.88235283
785.42010498	2.88235283
785.42407227	2.88235283
785.42407227	2.88235283
785.42816162	2.88235283
785.43231201	2.88235283
785.43646240	2.88235283
785.43646240	2.88235283
785.44036865	2.88235283
785.44451904	2.88235283
785.44860840	2.90196085
785.44860840	2.90196085
785.45275879	2.90196085
785.45672607	2.90196085
785.45672607	2.90196085
785.46087646	2.92156863
785.46496582	2.92156863
785.46911621	2.92156863
785.46911621	2.92156863
785.47314453	2.92156863
785.47729492	2.92156863
785.48144531	2.92156863
785.48144531	2.92156863
785.48559570	2.92156863
785.48968506	2.94117641
785.49371338	2.94117641
785.49371338	2.94117641
785.49786377	2.94117641
785.50189209	2.94117641
785.50189209	2.94117641
785.50598145	2.94117641
785.51000977	2.94117641
785.51409912	2.96078420
785.51409912	2.96078420
785.51824951	2.96078420
785.52233887	2.96078420
785.52648926	2.96078420
785.52648926	2.96078420
785.53045654	2.96078420
785.53466797	2.96078420
785.53881836	2.98039222
785.53881836	2.98039222
785.54278564	2.98039222
785.54705811	2.98039222
785.55108643	2.98039222
785.55517578	2.98039222
785.55932617	2.98039222
785.55932617	2.98039222
785.56329346	3.00000000
785.56744385	3.00000000
785.57153320	3.00000000
785.57153320	3.00000000
785.57562256	3.00000000
785.57958984	3.00000000
785.58374023	3.00000000
785.58374023	3.00000000
785.58789063	3.00000000
785.59197998	3.01960778
785.59613037	3.01960778
785.60009766	3.01960778
785.60430908	3.01960778
785.60430908	3.01960778
785.60845947	3.01960778
785.61254883	3.01960778
785.61669922	3.03921580
785.61669922	3.03921580
785.62066650	3.03921580
785.62481689	3.03921580
785.62896729	3.03921580
785.62896729	3.03921580
785.63305664	3.03921580
785.63696289	3.03921580
785.64111328	3.03921580
785.64520264	3.03921580
785.64941406	3.05882359
785.64941406	3.07843137
785.65338135	3.09803915
785.65753174	3.11764717
785.66162109	3.11764717
785.66162109	3.13725495
785.66577148	3.15686274
785.66979980	3.15686274
785.67407227	3.17647052
785.67407227	3.17647052
785.67810059	3.17647052
785.68218994	3.19607854
785.68634033	3.19607854
785.69024658	3.19607854
785.69439697	3.19607854
785.69439697	3.19607854
785.69854736	3.19607854
785.70263672	3.19607854
785.70660400	3.21568632
785.70660400	3.19607854
785.71075439	3.19607854
785.71496582	3.19607854
785.71899414	3.19607854
785.71899414	3.19607854
785.72302246	3.19607854
785.72717285	3.19607854
785.73132324	3.19607854
785.73547363	3.17647052
785.73950195	3.17647052
785.73950195	3.17647052
785.74353027	3.15686274
785.74768066	3.15686274
785.75177002	3.13725495
785.75177002	3.13725495
785.75585938	3.11764717
785.76000977	3.11764717
785.76397705	3.11764717
785.76397705	3.09803915
785.76812744	3.09803915
785.77221680	3.07843137
785.77636719	3.07843137
785.78033447	3.05882359
785.78454590	3.05882359
785.78454590	3.03921580
785.78863525	3.03921580
785.79284668	3.03921580
785.79681396	3.01960778
785.79681396	3.01960778
785.80108643	3.00000000
785.80505371	2.98039222
785.80920410	2.98039222
785.80920410	2.98039222
785.81317139	2.98039222
785.81732178	2.98039222
785.82135010	2.98039222
785.82543945	2.98039222
785.82958984	2.96078420
785.82958984	2.96078420
785.83361816	2.96078420
785.83776855	2.96078420
785.84185791	2.96078420
785.84185791	2.96078420
785.84600830	2.96078420
785.84997559	2.96078420
785.85412598	2.96078420
785.85412598	2.96078420
785.85833740	2.96078420
785.86242676	2.96078420
785.86657715	2.96078420
785.86657715	2.96078420
785.87054443	2.96078420
785.87469482	2.96078420
785.87469482	2.96078420
785.87884521	2.96078420
785.88281250	2.96078420
785.88702393	2.96078420
785.88702393	2.96078420
785.89099121	2.96078420
785.89508057	2.96078420
785.89923096	2.96078420
785.89923096	2.96078420
785.90325928	2.96078420
785.90734863	2.98039222
785.91149902	2.98039222
785.91149902	2.98039222
785.91564941	2.98039222
785.91973877	2.98039222
785.91973877	2.98039222
785.92376709	2.98039222
785.92791748	2.98039222
785.93200684	2.98039222
785.93200684	2.98039222
785.93621826	3.00000000
785.94012451	3.00000000
785.94421387	3.00000000
785.94421387	3.00000000
785.94830322	3.00000000
785.95251465	3.00000000
785.95660400	3.00000000
785.95660400	3.00000000
785.96063232	3.00000000
785.96472168	3.00000000
785.96472168	3.00000000
785.96887207	3.00000000
785.97296143	3.00000000
785.97705078	3.00000000
785.97705078	3.00000000
785.98120117	3.00000000
785.98535156	3.00000000
785.98944092	3.00000000
785.98944092	3.00000000
785.99340820	3.00000000
785.99755859	3.00000000
786.00164795	3.00000000
786.00164795	3.00000000
786.00573730	3.00000000
786.00988770	3.00000000
786.00988770	2.98039222
786.01397705	3.00000000
786.01800537	3.00000000
786.02209473	3.00000000
786.02209473	3.00000000
786.02612305	3.00000000
786.03021240	3.00000000
786.03442383	3.00000000
786.03442383	3.00000000
786.03857422	3.00000000
786.04272461	3.00000000
786.04669189	3.00000000
786.04669189	3.00000000
786.05078125	3.00000000
786.05493164	3.00000000
786.05493164	3.00000000
786.05908203	3.00000000
786.06298828	3.00000000
786.06713867	3.00000000
786.06713867	3.00000000
786.07122803	3.00000000
786.07537842	3.00000000
786.07946777	3.00000000
786.07946777	3.00000000
786.08349609	3.00000000
786.08758545	3.00000000
786.09173584	2.98039222
786.09173584	2.98039222
786.09588623	2.98039222
786.10003662	2.98039222
786.10400391	2.98039222
786.10815430	2.98039222
786.11230469	2.98039222
786.11230469	2.98039222
786.11633301	2.98039222
786.12042236	2.98039222
786.12457275	2.96078420
786.12457275	2.96078420
786.12872314	2.96078420
786.13281250	2.96078420
786.13684082	2.96078420
786.13684082	2.96078420
786.14099121	2.96078420
786.14508057	2.94117641
786.14916992	2.94117641
786.15319824	2.94117641
786.15734863	2.94117641
786.15734863	2.94117641
786.16137695	2.92156863
786.16546631	2.92156863
786.16961670	2.92156863
786.16961670	2.92156863
786.17358398	2.92156863
786.17773438	2.92156863
786.18182373	2.92156863
786.18182373	2.92156863
786.18603516	2.92156863
786.19006348	2.92156863
786.19415283	2.90196085
786.19830322	2.90196085
786.20239258	2.90196085
786.20239258	2.90196085
786.20635986	2.90196085
786.21051025	2.90196085
786.21459961	2.90196085
786.21459961	2.90196085
786.21875000	2.90196085
786.22283936	2.90196085
786.22705078	2.90196085
786.22705078	2.90196085
786.23107910	2.90196085
786.23516846	2.90196085
786.23931885	2.90196085
786.24328613	2.90196085
786.24743652	2.90196085
786.24743652	2.90196085
786.25152588	2.90196085
786.25561523	2.90196085
786.25970459	2.90196085
786.25970459	2.90196085
786.26373291	2.90196085
786.26788330	2.90196085
786.27197266	2.90196085
786.27197266	2.90196085
786.27612305	2.90196085
786.28009033	2.90196085
786.28424072	2.90196085
786.28845215	2.90196085
786.29254150	2.90196085
786.29254150	2.90196085
786.29656982	2.90196085
786.30065918	2.90196085
786.30480957	2.90196085
786.30480957	2.90196085
786.30895996	2.90196085
786.31298828	2.90196085
786.31701660	2.90196085
786.31701660	2.90196085
786.32110596	2.90196085
786.32519531	2.92156863
786.32934570	2.92156863
786.33337402	2.92156863
786.33746338	2.92156863
786.33746338	2.92156863
786.34161377	2.92156863
786.34576416	2.92156863
786.34997559	2.94117641
786.34997559	2.94117641
786.35406494	2.94117641
786.35809326	2.94117641
786.36218262	2.94117641
786.36218262	2.94117641
786.36627197	2.94117641
786.37030029	2.96078420
786.37445068	2.96078420
786.37860107	2.96078420
786.38262939	2.96078420
786.38262939	2.96078420
786.38659668	2.96078420
786.39074707	2.96078420
786.39483643	2.96078420
786.39483643	2.96078420
786.39898682	2.96078420
786.40301514	2.96078420
786.40716553	2.96078420
786.40716553	2.96078420
786.41125488	2.96078420
786.41540527	2.96078420
786.41949463	2.96078420
786.41949463	2.96078420
786.42352295	2.96078420
786.42767334	2.96078420
786.42767334	2.96078420
786.43176270	2.96078420
786.43597412	2.96078420
786.44006348	2.94117641
786.44006348	2.94117641
786.44403076	2.94117641
786.44812012	2.94117641
786.45227051	2.94117641
786.45227051	2.94117641
786.45623779	2.94117641
786.46038818	2.94117641
786.46447754	2.94117641
786.46447754	2.94117641
786.46862793	2.92156863
786.47271729	2.92156863
786.47271729	2.92156863
786.47674561	2.92156863
786.48107910	2.92156863
786.48504639	2.90196085
786.48504639	2.88235283
786.48919678	2.86274505
786.49316406	2.86274505
786.49725342	2.84313726
786.49725342	2.84313726
786.50140381	2.82352948
786.50549316	2.82352948
786.50958252	2.80392146
786.50958252	2.80392146
786.51361084	2.80392146
786.51776123	2.78431368
786.51776123	2.78431368
786.52185059	2.78431368
786.52600098	2.76470590
786.52996826	2.76470590
786.52996826	2.76470590
786.53411865	2.74509811
786.53826904	2.74509811
786.54241943	2.74509811
786.54241943	2.72549009
786.54644775	2.72549009
786.55053711	2.72549009
786.55468750	2.72549009
786.55468750	2.70588231
786.55883789	2.70588231
786.56286621	2.70588231
786.56286621	2.70588231
786.56701660	2.70588231
786.57098389	2.70588231
786.57507324	2.70588231
786.57507324	2.68627453
786.57922363	2.70588231
786.58325195	2.70588231
786.58734131	2.70588231
786.58734131	2.72549009
786.59149170	2.74509811
786.59564209	2.74509811
786.59979248	2.74509811
786.59979248	2.74509811
786.60375977	2.76470590
786.60809326	2.76470590
786.61206055	2.78431368
786.61602783	2.78431368
786.62017822	2.78431368
786.62017822	2.78431368
786.62432861	2.80392146
786.62841797	2.80392146
786.63250732	2.80392146
786.63250732	2.80392146
786.63647461	2.82352948
786.64062500	2.82352948
786.64471436	2.82352948
786.64471436	2.82352948
786.64886475	2.84313726
786.65295410	2.84313726
786.65698242	2.84313726
786.66107178	2.84313726
786.66522217	2.84313726
786.66522217	2.86274505
786.66937256	2.86274505
786.67340088	2.86274505
786.67755127	2.86274505
786.67755127	2.86274505
786.68170166	2.88235283
786.68579102	2.88235283
786.68988037	2.88235283
786.68988037	2.88235283
786.69403076	2.88235283
786.69799805	2.88235283
786.70208740	2.90196085
786.70611572	2.90196085
786.71026611	2.90196085
786.71026611	2.90196085
786.71441650	2.90196085
786.71850586	2.90196085
786.72259521	2.90196085
786.72259521	2.90196085
786.72662354	2.90196085
786.73077393	2.90196085
786.73486328	2.90196085
786.73486328	2.90196085
786.73907471	2.90196085
786.74316406	2.90196085
786.74719238	2.90196085
786.75134277	2.90196085
786.75537109	2.90196085
786.75537109	2.92156863
786.75933838	2.92156863
786.76354980	2.92156863
786.76776123	2.92156863
786.76776123	2.92156863
786.77178955	2.92156863
786.77593994	2.92156863
786.78009033	2.92156863
786.78009033	2.92156863
786.78411865	2.92156863
786.78820801	2.92156863
786.79223633	2.92156863
786.79626465	2.84313726
786.80041504	2.84313726
786.80041504	2.84313726
786.80450439	2.82352948
786.80865479	2.82352948
786.81274414	2.82352948
786.81274414	2.82352948
786.81677246	2.82352948
786.82098389	2.82352948
786.82501221	2.82352948
786.82501221	2.80392146
786.82910156	2.80392146
786.83312988	2.80392146
786.83721924	2.80392146
786.84143066	2.80392146
786.84545898	2.80392146
786.84545898	2.78431368
786.84954834	2.78431368
786.85363770	2.78431368
786.85778809	2.78431368
786.85778809	2.78431368
786.86193848	2.78431368
786.86608887	2.76470590
786.87005615	2.76470590
786.87005615	2.76470590
786.87420654	2.76470590
786.87829590	2.76470590
786.88244629	2.74509811
786.88641357	2.74509811
786.89056396	2.74509811
786.89056396	2.74509811
786.89465332	2.74509811
786.89880371	2.74509811
786.90295410	2.74509811
786.90295410	2.72549009
786.90704346	2.72549009
786.91107178	2.72549009
786.91516113	2.72549009
786.91516113	2.72549009
786.91925049	2.72549009
786.92321777	2.72549009
786.92736816	2.72549009
786.92736816	2.74509811
786.93145752	2.74509811
786.93566895	2.74509811
786.93566895	2.74509811
786.93969727	2.72549009
786.94372559	2.74509811
786.94787598	2.76470590
786.94787598	2.76470590
786.95202637	2.78431368
786.95611572	2.78431368
786.96008301	2.80392146
786.96008301	2.82352948
786.96423340	2.82352948
786.96838379	2.82352948
786.97247314	2.84313726
786.97247314	2.84313726
786.97644043	2.84313726
786.98065186	2.84313726
786.98065186	2.86274505
786.98480225	2.86274505
786.98889160	2.86274505
786.99304199	2.86274505
786.99304199	2.86274505
786.99700928	2.86274505
787.00109863	2.88235283
787.00524902	2.88235283
787.00524902	2.88235283
787.00933838	2.88235283
787.01336670	2.88235283
787.01745605	2.90196085
787.01745605	2.90196085
787.02160645	2.90196085
787.02569580	2.90196085
787.02569580	2.90196085
787.02972412	2.90196085
787.03399658	2.92156863
787.03802490	2.92156863
787.03802490	2.92156863
787.04217529	2.92156863
787.04626465	2.92156863
787.05023193	2.92156863
787.05023193	2.92156863
787.05438232	2.94117641
787.05853271	2.94117641
787.06256104	2.94117641
787.06256104	2.94117641
787.06665039	2.94117641
787.07067871	2.96078420
787.07067871	2.96078420
787.07489014	2.96078420
787.07897949	2.96078420
787.08312988	2.96078420
787.08312988	2.96078420
787.08709717	2.96078420
787.09124756	2.96078420
787.09539795	2.96078420
787.09539795	2.96078420
787.09960938	2.98039222
787.10351563	2.98039222
787.10766602	2.98039222
787.10766602	2.98039222
787.11181641	2.98039222
787.11590576	2.98039222
787.11590576	3.00000000
787.12005615	3.00000000
787.12402344	3.00000000
787.12817383	3.00000000
787.12817383	3.00000000
787.13226318	3.00000000
787.13629150	3.00000000
787.14031982	3.00000000
787.14031982	3.00000000
787.14447021	3.00000000
787.14855957	3.00000000
787.15270996	3.00000000
787.15270996	3.00000000
787.15673828	3.00000000
787.16101074	3.00000000
787.16503906	2.98039222
787.16918945	2.98039222
787.17333984	2.98039222
787.17333984	2.98039222
787.17730713	2.98039222
787.18139648	2.96078420
787.18554688	2.96078420
787.18554688	2.96078420
787.18969727	2.96078420
787.19360352	2.96078420
787.19769287	2.94117641
787.19769287	2.94117641
787.20190430	2.94117641
787.20599365	2.94117641
787.20996094	2.92156863
787.21411133	2.92156863
787.21820068	2.92156863
787.21820068	2.92156863
787.22235107	2.92156863
787.22637939	2.92156863
787.23052979	2.90196085
787.23052979	2.90196085
787.23468018	2.90196085
787.23876953	2.90196085
787.24291992	2.90196085
787.24291992	2.88235283
787.24707031	2.88235283
787.25103760	2.88235283
787.25512695	2.88235283
787.25921631	2.88235283
787.26324463	2.86274505
787.26324463	2.86274505
787.26733398	2.86274505
787.27148438	2.86274505
787.27557373	2.86274505
787.27557373	2.86274505
787.27960205	2.86274505
787.28375244	2.86274505
787.28802490	2.86274505
787.28802490	2.86274505
787.29205322	2.86274505
787.29620361	2.86274505
787.30017090	2.86274505
787.30426025	2.86274505
787.30841064	2.86274505
787.30841064	2.86274505
787.31250000	2.88235283
787.31652832	2.88235283
787.32055664	2.88235283
787.32055664	2.88235283
787.32476807	2.88235283
787.32885742	2.88235283
787.33300781	2.88235283
787.33300781	2.88235283
787.33697510	2.88235283
787.34112549	2.90196085
787.34521484	2.90196085
787.34942627	2.90196085
787.35345459	2.90196085
787.35345459	2.90196085
787.35754395	2.90196085
787.36169434	2.90196085
787.36584473	2.92156863
787.36584473	2.92156863
787.36981201	2.92156863
787.37408447	2.92156863
787.37805176	2.92156863
787.37805176	2.92156863
787.38214111	2.94117641
787.38629150	2.94117641
787.39019775	2.94117641
787.39434814	2.94117641
787.39843750	2.96078420
787.39843750	2.96078420
787.40264893	2.96078420
787.40661621	2.96078420
787.41076660	2.96078420
787.41076660	2.96078420
787.41485596	2.98039222
787.41900635	2.98039222
787.42309570	2.98039222
787.42309570	2.98039222
787.42712402	2.98039222
787.43133545	2.98039222
787.43542480	3.00000000
787.43939209	3.00000000
787.44348145	3.00000000
787.44348145	3.00000000
787.44763184	3.00000000
787.45172119	3.00000000
787.45587158	3.00000000
787.45587158	3.00000000
787.45996094	3.00000000
787.46398926	3.00000000
787.46813965	3.00000000
787.46813965	3.01960778
787.47222900	3.01960778
787.47619629	3.01960778
787.48040771	3.01960778
787.48040771	3.01960778
787.48455811	3.01960778
787.48864746	3.01960778
787.48864746	3.01960778
787.49267578	3.01960778
787.49682617	3.01960778
787.50103760	3.01960778
787.50103760	3.01960778
787.50494385	3.01960778
787.50909424	3.00000000
787.51324463	2.94117641
787.51324463	2.92156863
787.51721191	2.90196085
787.52136230	2.90196085
787.52545166	2.90196085
787.52545166	2.88235283
787.52947998	2.88235283
787.53363037	2.88235283
787.53363037	2.88235283
787.53778076	2.88235283
787.54193115	2.88235283
787.54608154	2.88235283
787.54608154	2.86274505
787.55004883	2.86274505
787.55413818	2.86274505
787.55828857	2.86274505
787.55828857	2.86274505
787.56243896	2.86274505
787.56634521	2.86274505
787.57043457	2.84313726
787.57043457	2.84313726
787.57470703	2.84313726
787.57879639	2.82352948
787.57879639	2.82352948
787.58282471	2.82352948
787.58703613	2.82352948
787.59106445	2.80392146
787.59106445	2.80392146
787.59521484	2.80392146
787.59930420	2.78431368
787.60333252	2.78431368
787.60333252	2.78431368
787.60742188	2.76470590
787.61157227	2.76470590
787.61590576	2.76470590
787.61590576	2.76470590
787.61968994	2.74509811
787.62377930	2.74509811
787.62377930	2.74509811
787.62799072	2.74509811
787.63208008	2.74509811
787.63616943	2.72549009
787.63616943	2.72549009
787.64013672	2.72549009
787.64428711	2.72549009
787.64843750	2.70588231
787.64843750	2.70588231
787.65252686	2.70588231
787.65655518	2.70588231
787.66064453	2.70588231
787.66064453	2.70588231
787.66485596	2.70588231
787.66900635	2.70588231
787.67309570	2.74509811
787.67712402	2.74509811
787.68121338	2.76470590
787.68121338	2.74509811
787.68536377	2.74509811
787.68945313	2.74509811
787.69348145	2.74509811
787.69348145	2.74509811
787.69757080	2.74509811
787.70172119	2.74509811
787.70581055	2.72549009
787.70581055	2.72549009
787.70977783	2.72549009
787.71411133	2.72549009
787.71807861	2.74509811
787.72216797	2.74509811
787.72625732	2.74509811
787.72625732	2.74509811
787.73028564	2.74509811
787.73437500	2.76470590
787.73852539	2.76470590
787.73852539	2.76470590
787.74267578	2.76470590
787.74658203	2.78431368
787.75079346	2.78431368
787.75079346	2.80392146
787.75488281	2.84313726
787.75897217	2.86274505
787.76300049	2.88235283
787.76708984	2.90196085
787.77124023	2.92156863
787.77124023	2.94117641
787.77532959	2.94117641
787.77947998	2.96078420
787.78350830	2.96078420
787.78350830	2.98039222
787.78765869	3.00000000
787.79180908	3.00000000
787.79589844	3.01960778
787.79589844	3.01960778
787.80004883	2.98039222
787.80401611	2.96078420
787.80816650	2.96078420
787.81231689	2.96078420
787.81640625	2.96078420
787.81640625	2.96078420
787.82031250	2.96078420
787.82446289	2.96078420
787.82855225	2.98039222
787.82855225	2.98039222
787.83276367	2.98039222
787.83673096	2.98039222
787.84100342	2.98039222
787.84100342	2.98039222
787.84497070	2.98039222
787.84918213	2.98039222
787.85327148	2.98039222
787.85729980	2.96078420
787.86138916	2.90196085
787.86138916	2.94117641
787.86547852	2.96078420
787.86968994	2.96078420
787.87359619	2.96078420
787.87359619	2.98039222
787.87774658	2.98039222
787.88189697	2.98039222
787.88598633	2.98039222
787.88598633	3.00000000
787.88995361	3.00000000
787.89410400	3.00000000
787.89819336	3.01960778
787.90234375	3.01960778
787.90649414	3.01960778
787.90649414	3.01960778
787.91052246	3.01960778
787.91467285	3.01960778
787.91882324	3.01960778
787.91882324	3.01960778
787.92285156	3.00000000
787.92706299	3.00000000
787.93103027	3.00000000
787.93103027	3.00000000
787.93511963	3.00000000
787.93920898	3.00000000
787.94323730	2.98039222
787.94732666	2.98039222
787.95147705	2.98039222
787.95147705	2.96078420
787.95562744	2.96078420
787.95959473	2.96078420
787.96374512	2.96078420
787.96374512	2.96078420
787.96783447	2.96078420
787.97198486	2.94117641
787.97607422	2.94117641
787.97607422	2.94117641
787.98016357	2.86274505
787.98431396	2.86274505
787.98840332	2.84313726
787.99255371	2.82352948
787.99664307	2.82352948
787.99664307	2.82352948
788.00073242	2.80392146
788.00476074	2.80392146
788.00885010	2.80392146
788.00885010	2.80392146
788.01293945	2.80392146
788.01696777	2.80392146
788.02105713	2.80392146
788.02105713	2.80392146
788.02520752	2.80392146
788.02935791	2.80392146
788.03338623	2.80392146
788.03338623	2.80392146
788.03747559	2.80392146
788.04162598	2.80392146
788.04162598	2.80392146
788.04577637	2.80392146
788.04980469	2.80392146
788.05407715	2.80392146
788.05407715	2.80392146
788.05804443	2.80392146
788.06219482	2.80392146
788.06622314	2.80392146
788.06622314	2.80392146
788.07019043	2.80392146
788.07434082	2.80392146
788.07849121	2.80392146
788.07849121	2.80392146
788.08258057	2.80392146
788.08660889	2.80392146
788.08660889	2.80392146
788.09075928	2.80392146
788.09484863	2.80392146
788.09899902	2.80392146
788.09899902	2.80392146
788.10302734	2.80392146
788.10717773	2.80392146
788.11132813	2.80392146
788.11132813	2.80392146
788.11535645	2.80392146
788.11956787	2.82352948
788.12347412	2.82352948
788.12347412	2.82352948
788.12762451	2.82352948
788.13171387	2.82352948
788.13171387	2.82352948
788.13586426	2.82352948
788.13995361	2.82352948
788.14398193	2.82352948
788.14398193	2.84313726
788.14807129	2.84313726
788.15222168	2.84313726
788.15631104	2.84313726
788.15631104	2.84313726
788.16040039	2.84313726
788.16455078	2.84313726
788.16857910	2.84313726
788.16857910	2.84313726
788.17279053	2.84313726
788.17681885	2.82352948
788.17681885	2.82352948
788.18103027	2.82352948
788.18505859	2.82352948
788.18914795	2.82352948
788.18914795	2.82352948
788.19317627	2.82352948
788.19732666	2.82352948
788.20141602	2.82352948
788.20141602	2.82352948
788.20556641	2.82352948
788.20953369	2.82352948
788.21368408	2.82352948
788.21368408	2.82352948
788.21783447	2.82352948
788.22192383	2.80392146
788.22595215	2.80392146
788.23004150	2.80392146
788.23413086	2.80392146
788.23413086	2.78431368
788.23822021	2.78431368
788.24237061	2.76470590
788.24645996	2.76470590
788.24645996	2.76470590
788.25048828	2.76470590
788.25463867	2.74509811
788.25872803	2.74509811
788.25872803	2.74509811
788.26269531	2.74509811
788.26696777	2.74509811
788.27093506	2.72549009
788.27508545	2.72549009
788.27923584	2.72549009
788.27923584	2.72549009
788.28326416	2.70588231
788.28741455	2.70588231
788.29156494	2.70588231
788.29156494	2.70588231
788.29565430	2.70588231
788.29968262	2.68627453
788.30377197	2.68627453
788.30377197	2.68627453
788.30792236	2.68627453
788.31207275	2.68627453
788.31616211	2.66666675
788.32019043	2.66666675
788.32434082	2.66666675
788.32434082	2.66666675
788.32843018	2.66666675
788.33264160	2.66666675
788.33666992	2.64705873
788.33666992	2.64705873
788.34069824	2.64705873
788.34472656	2.64705873
788.34899902	2.64705873
788.34899902	2.64705873
788.35296631	2.62745094
788.35699463	2.62745094
788.36108398	2.62745094
788.36517334	2.62745094
788.36938477	2.62745094
788.36938477	2.62745094
788.37341309	2.62745094
788.37750244	2.62745094
788.38165283	2.62745094
788.38165283	2.62745094
788.38574219	2.62745094
788.38977051	2.62745094
788.39398193	2.62745094
788.39398193	2.62745094
788.39801025	2.62745094
788.40216064	2.62745094
788.40618896	2.62745094
788.41021729	2.62745094
788.41430664	2.62745094
788.41430664	2.62745094
788.41851807	2.62745094
788.42266846	2.62745094
788.42669678	2.62745094
788.42669678	2.62745094
788.43078613	2.62745094
788.43487549	2.62745094
788.43902588	2.62745094
788.43902588	2.62745094
788.44305420	2.62745094
788.44714355	2.62745094
788.45123291	2.64705873
788.45532227	2.64705873
788.45947266	2.64705873
788.45947266	2.64705873
788.46350098	2.64705873
788.46765137	2.64705873
788.47167969	2.64705873
788.47167969	2.64705873
788.47583008	2.64705873
788.47998047	2.66666675
788.48400879	2.66666675
788.48400879	2.66666675
788.48815918	2.66666675
788.49230957	2.68627453
788.49639893	2.72549009
788.50036621	2.72549009
788.50445557	2.74509811
788.50445557	2.74509811
788.50860596	2.74509811
788.51269531	2.76470590
788.51672363	2.76470590
788.51672363	2.76470590
788.52081299	2.78431368
788.52496338	2.78431368
788.52911377	2.78431368
788.52911377	2.78431368
788.53308105	2.78431368
788.53723145	2.78431368
788.54138184	2.78431368
788.54138184	2.76470590
788.54553223	2.76470590
788.54968262	2.74509811
788.54968262	2.74509811
788.55364990	2.74509811
788.55780029	2.74509811
788.56188965	2.74509811
788.56188965	2.74509811
788.56597900	2.74509811
788.56994629	2.72549009
788.57409668	2.72549009
788.57409668	2.72549009
788.57818604	2.72549009
788.58233643	2.70588231
788.58642578	2.70588231
788.58642578	2.70588231
788.59045410	2.68627453
788.59460449	2.68627453
788.59460449	2.68627453
788.59869385	2.66666675
788.60290527	2.66666675
788.60705566	2.66666675
788.60705566	2.64705873
788.61102295	2.64705873
788.61511230	2.64705873
788.61926270	2.64705873
788.61926270	2.62745094
788.62329102	2.62745094
788.62738037	2.62745094
788.63146973	2.62745094
788.63146973	2.62745094
788.63562012	2.62745094
788.63970947	2.60784316
788.63970947	2.60784316
788.64373779	2.60784316
788.64782715	2.60784316
788.65197754	2.60784316
788.65197754	2.58823538
788.65606689	2.58823538
788.66009521	2.58823538
788.66418457	2.58823538
788.66418457	2.58823538
788.66833496	2.58823538
788.67254639	2.58823538
788.67669678	2.58823538
788.67669678	2.58823538
788.68066406	2.58823538
788.68475342	2.58823538
788.68475342	2.56862736
788.68890381	2.58823538
788.69305420	2.56862736
788.69696045	2.56862736
788.69696045	2.56862736
788.70104980	2.58823538
788.70526123	2.58823538
788.70935059	2.58823538
788.70935059	2.58823538
788.71331787	2.58823538
788.71746826	2.58823538
788.72161865	2.58823538
788.72161865	2.58823538
788.72570801	2.58823538
788.72985840	2.58823538
788.73406982	2.58823538
788.73809814	2.60784316
788.74218750	2.60784316
788.74218750	2.60784316
788.74627686	2.60784316
788.75024414	2.60784316
788.75433350	2.60784316
788.75433350	2.60784316
788.75848389	2.60784316
788.76257324	2.60784316
788.76660156	2.60784316
788.76660156	2.60784316
788.77069092	2.62745094
788.77484131	2.62745094
788.77893066	2.62745094
788.78302002	2.62745094
788.78704834	2.62745094
788.78704834	2.62745094
788.79125977	2.62745094
788.79541016	2.64705873
788.79949951	2.64705873
788.79949951	2.64705873
788.80352783	2.64705873
788.80761719	2.64705873
788.81176758	2.66666675
788.81176758	2.66666675
788.81585693	2.66666675
788.81994629	2.66666675
788.82397461	2.68627453
788.82806396	2.68627453
788.83221436	2.68627453
788.83221436	2.70588231
788.83618164	2.70588231
788.84033203	2.70588231
788.84448242	2.70588231
788.84448242	2.70588231
788.84857178	2.70588231
788.85278320	2.70588231
788.85675049	2.70588231
788.85675049	2.70588231
788.86102295	2.72549009
788.86511230	2.72549009
788.86914063	2.72549009
788.87316895	2.72549009
788.87725830	2.72549009
788.87725830	2.72549009
788.88134766	2.72549009
788.88543701	2.72549009
788.88958740	2.72549009
788.88958740	2.72549009
788.89355469	2.72549009
788.89770508	2.72549009
788.90185547	2.72549009
788.90185547	2.72549009
788.90594482	2.72549009
788.90997314	2.72549009
788.91412354	2.72549009
788.91827393	2.72549009
788.92242432	2.72549009
788.92242432	2.72549009
788.92639160	2.72549009
788.93048096	2.72549009
788.93469238	2.72549009
788.93469238	2.72549009
788.93878174	2.72549009
788.94274902	2.72549009
788.94708252	2.72549009
788.94708252	2.72549009
788.95111084	2.72549009
788.95520020	2.70588231
788.95928955	2.70588231
788.96331787	2.68627453
788.96746826	2.68627453
788.96746826	2.68627453
788.97155762	2.68627453
788.97558594	2.68627453
788.97973633	2.68627453
788.97973633	2.66666675
788.98376465	2.66666675
788.98785400	2.66666675
788.99200439	2.66666675
788.99200439	2.66666675
788.99609375	2.66666675
789.00012207	2.64705873
789.00421143	2.64705873
789.00836182	2.64705873
789.01245117	2.64705873
789.01245117	2.62745094
789.01647949	2.62745094
789.02056885	2.62745094
789.02478027	2.60784316
789.02478027	2.60784316
789.02880859	2.60784316
789.03302002	2.58823538
789.03698730	2.58823538
789.03698730	2.58823538
789.04107666	2.58823538
789.04522705	2.56862736
789.04943848	2.56862736
789.05334473	2.56862736
789.05749512	2.56862736
789.05749512	2.54901958
789.06158447	2.54901958
789.06573486	2.54901958
789.06982422	2.54901958
789.06982422	2.54901958
789.07397461	2.52941179
789.07794189	2.52941179
789.08209229	2.52941179
789.08209229	2.52941179
789.08618164	2.52941179
789.09020996	2.52941179
789.09429932	2.52941179
789.09429932	2.52941179
789.09844971	2.52941179
789.10253906	2.52941179
789.10253906	2.52941179
789.10656738	2.50980401
789.11065674	2.50980401
789.11480713	2.50980401
789.11480713	2.50980401
789.11895752	2.50980401
789.12292480	2.50980401
789.12707520	2.52941179
789.12707520	2.52941179
789.13116455	2.52941179
789.13537598	2.52941179
789.13946533	2.52941179
789.13946533	2.52941179
789.14349365	2.52941179
789.14758301	2.52941179
789.14758301	2.52941179
789.15173340	2.52941179
789.15582275	2.52941179
789.15997314	2.52941179
789.15997314	2.52941179
789.16400146	2.52941179
789.16815186	2.52941179
789.17224121	2.52941179
789.17224121	2.52941179
789.17620850	2.52941179
789.18035889	2.52941179
789.18450928	2.52941179
789.18450928	2.52941179
789.18859863	2.52941179
789.19274902	2.52941179
789.19274902	2.52941179
789.19677734	2.52941179
789.20098877	2.52941179
789.20495605	2.52941179
789.20495605	2.52941179
789.20904541	2.52941179
789.21307373	2.52941179
789.21722412	2.52941179
789.21722412	2.52941179
789.22131348	2.52941179
789.22546387	2.54901958
789.22961426	2.54901958
789.22961426	2.54901958
789.23358154	2.54901958
789.23773193	2.54901958
789.23773193	2.54901958
789.24182129	2.54901958
789.24597168	2.54901958
789.24993896	2.54901958
789.24993896	2.56862736
789.25408936	2.56862736
789.25830078	2.56862736
789.26226807	2.56862736
789.26226807	2.56862736
789.26635742	2.56862736
789.27044678	2.58823538
789.27459717	2.58823538
789.27459717	2.58823538
789.27868652	2.58823538
789.28289795	2.58823538
789.28698730	2.58823538
789.29095459	2.58823538
789.29510498	2.58823538
789.29510498	2.58823538
789.29919434	2.58823538
789.30322266	2.58823538
789.30737305	2.58823538
789.30737305	2.58823538
789.31146240	2.58823538
789.31561279	2.58823538
789.31970215	2.58823538
789.31970215	2.58823538
789.32373047	2.58823538
789.32794189	2.58823538
789.33190918	2.58823538
789.33605957	2.58823538
789.34002686	2.58823538
789.34002686	2.58823538
789.34417725	2.58823538
789.34838867	2.56862736
789.35247803	2.56862736
789.35247803	2.56862736
789.35644531	2.56862736
789.36053467	2.56862736
789.36468506	2.56862736
789.36468506	2.56862736
789.36883545	2.56862736
789.37292480	2.56862736
789.37689209	2.56862736
789.38104248	2.56862736
789.38519287	2.54901958
789.38519287	2.54901958
789.38928223	2.54901958
789.39331055	2.54901958
789.39739990	2.54901958
789.39739990	2.54901958
789.40155029	2.54901958
789.40570068	2.54901958
789.40979004	2.54901958
789.40979004	2.52941179
789.41394043	2.52941179
789.41790771	2.52941179
789.42205811	2.52941179
789.42620850	2.52941179
789.43017578	2.52941179
789.43017578	2.50980401
789.43432617	2.50980401
789.43841553	2.50980401
789.44256592	2.50980401
789.44256592	2.49019599
789.44659424	2.49019599
789.45068359	2.49019599
789.45495605	2.49019599
789.45495605	2.49019599
789.45892334	2.47058821
789.46301270	2.47058821
789.46704102	2.45098042
789.47119141	2.45098042
789.47534180	2.45098042
789.47534180	2.45098042
789.47943115	2.43137264
789.48345947	2.43137264
789.48754883	2.43137264
789.48754883	2.43137264
789.49169922	2.43137264
789.49578857	2.43137264
789.49993896	2.43137264
789.49993896	2.41176462
789.50396729	2.41176462
789.50805664	2.41176462
789.51214600	2.41176462
789.51617432	2.41176462
789.52026367	2.41176462
789.52026367	2.41176462
789.52441406	2.41176462
789.52850342	2.41176462
789.53277588	2.39215684
789.53277588	2.39215684
789.53674316	2.39215684
789.54095459	2.39215684
789.54492188	2.39215684
789.54492188	2.39215684
789.54913330	2.39215684
789.55310059	2.39215684
789.55718994	2.39215684
789.56134033	2.39215684
789.56542969	2.41176462
789.56542969	2.41176462
789.56945801	2.41176462
789.57354736	2.41176462
789.57769775	2.41176462
789.57769775	2.41176462
789.58184814	2.41176462
789.58593750	2.41176462
789.59002686	2.43137264
789.59002686	2.43137264
789.59405518	2.43137264
789.59820557	2.43137264
789.60235596	2.43137264
789.60235596	2.43137264
789.60632324	2.45098042
789.61047363	2.45098042
789.61047363	2.45098042
789.61462402	2.45098042
789.61871338	2.45098042
789.62286377	2.45098042
789.62286377	2.45098042
789.62695313	2.45098042
789.63092041	2.47058821
789.63513184	2.47058821
789.63513184	2.47058821
789.63922119	2.47058821
789.64324951	2.47058821
789.64733887	2.47058821
789.64733887	2.47058821
789.65148926	2.47058821
789.65557861	2.47058821
789.65557861	2.47058821
789.65960693	2.49019599
789.66375732	2.49019599
789.66802979	2.49019599
789.66802979	2.49019599
789.67205811	2.49019599
789.67602539	2.49019599
789.68011475	2.49019599
789.68011475	2.49019599
789.68426514	2.49019599
789.68841553	2.49019599
789.69256592	2.49019599
789.69256592	2.49019599
789.69659424	2.49019599
789.70068359	2.49019599
789.70068359	2.49019599
789.70477295	2.49019599
789.70892334	2.49019599
789.71307373	2.49019599
789.71307373	2.49019599
789.71704102	2.49019599
789.72119141	2.49019599
789.72521973	2.49019599
789.72521973	2.49019599
789.72930908	2.49019599
789.73333740	2.49019599
789.73748779	2.49019599
789.73748779	2.49019599
789.74157715	2.49019599
789.74566650	2.49019599
789.74566650	2.47058821
789.74975586	2.47058821
789.75402832	2.47058821
789.75799561	2.47058821
789.75799561	2.47058821
789.76208496	2.47058821
789.76623535	2.47058821
789.77020264	2.47058821
789.77020264	2.47058821
789.77435303	2.47058821
789.77844238	2.45098042
789.78265381	2.45098042
789.78265381	2.45098042
789.78656006	2.45098042
789.79071045	2.45098042
789.79486084	2.45098042
789.79901123	2.45098042
789.80316162	2.43137264
789.80316162	2.43137264
789.80712891	2.43137264
789.81127930	2.43137264
789.81530762	2.43137264
789.81530762	2.43137264
789.81945801	2.43137264
789.82342529	2.43137264
789.82757568	2.43137264
789.82757568	2.43137264
789.83172607	2.43137264
789.83581543	2.43137264
789.83996582	2.43137264
789.84393311	2.43137264
789.84808350	2.43137264
789.84808350	2.43137264
789.85223389	2.43137264
789.85626221	2.43137264
789.86035156	2.43137264
789.86035156	2.43137264
789.86450195	2.43137264
789.86865234	2.43137264
789.87280273	2.43137264
789.87280273	2.43137264
789.87670898	2.43137264
789.88092041	2.43137264
789.88494873	2.43137264
789.88903809	2.43137264
789.89318848	2.43137264
789.89318848	2.43137264
789.89721680	2.43137264
789.90130615	2.43137264
789.90545654	2.43137264
789.90545654	2.43137264
789.90948486	2.43137264
789.91363525	2.43137264
789.91778564	2.43137264
789.91778564	2.43137264
789.92187500	2.45098042
789.92602539	2.45098042
789.92999268	2.45098042
789.93414307	2.45098042
789.93829346	2.45098042
789.93829346	2.45098042
789.94238281	2.45098042
789.94628906	2.45098042
789.95043945	2.45098042
789.95043945	2.45098042
789.95458984	2.45098042
789.95867920	2.45098042
789.96282959	2.45098042
789.96282959	2.45098042
789.96691895	2.45098042
789.97094727	2.45098042
789.97509766	2.45098042
789.97924805	2.45098042
789.98339844	2.45098042
789.98339844	2.45098042
789.98736572	2.45098042
789.99151611	2.45098042
789.99560547	2.45098042
789.99560547	2.45098042
789.99963379	2.45098042
790.00372314	2.45098042
790.00799561	2.45098042
790.00799561	2.45098042
790.01196289	2.45098042
790.01605225	2.45098042
790.02008057	2.45098042
790.02423096	2.45098042
790.02832031	2.45098042
790.02832031	2.45098042
790.03247070	2.45098042
790.03643799	2.45098042
790.04058838	2.45098042
790.04058838	2.45098042
790.04473877	2.45098042
790.04882813	2.45098042
790.05303955	2.45098042
790.05303955	2.45098042
790.05700684	2.45098042
790.06115723	2.45098042
790.06518555	2.45098042
790.06933594	2.45098042
790.07330322	2.45098042
790.07330322	2.45098042
790.07745361	2.45098042
790.08154297	2.45098042
790.08569336	2.45098042
790.08569336	2.45098042
790.08966064	2.45098042
790.09393311	2.45098042
790.09796143	2.45098042
790.09796143	2.45098042
790.10211182	2.45098042
790.10626221	2.45098042
790.11029053	2.45098042
790.11437988	2.45098042
790.11853027	2.45098042
790.11853027	2.45098042
790.12268066	2.45098042
790.12658691	2.45098042
790.13067627	2.45098042
790.13067627	2.45098042
790.13482666	2.45098042
790.13891602	2.45098042
790.14306641	2.45098042
790.14306641	2.45098042
790.14709473	2.45098042
790.15118408	2.45098042
790.15533447	2.45098042
790.15533447	2.45098042
790.15948486	2.45098042
790.16351318	2.45098042
790.16351318	2.45098042
790.16766357	2.45098042
790.17175293	2.45098042
790.17590332	2.45098042
790.17590332	2.45098042
790.18005371	2.45098042
790.18408203	2.45098042
790.18811035	2.45098042
790.18811035	2.45098042
790.19226074	2.45098042
790.19622803	2.45098042
790.20031738	2.45098042
790.20031738	2.45098042
790.20446777	2.45098042
790.20855713	2.45098042
790.20855713	2.45098042
790.21270752	2.45098042
790.21667480	2.43137264
790.22094727	2.43137264
790.22094727	2.43137264
790.22491455	2.43137264
790.22912598	2.43137264
790.23327637	2.43137264
790.23327637	2.43137264
790.23724365	2.43137264
790.24139404	2.43137264
790.24554443	2.43137264
790.24554443	2.43137264
790.24951172	2.43137264
790.25366211	2.43137264
790.25366211	2.45098042
790.25775146	2.45098042
790.26177979	2.45098042
790.26593018	2.45098042
790.26593018	2.45098042
790.26995850	2.45098042
790.27404785	2.45098042
790.27819824	2.45098042
790.27819824	2.45098042
790.28228760	2.45098042
790.28631592	2.47058821
790.29046631	2.47058821
790.29046631	2.47058821
790.29467773	2.47058821
790.29870605	2.47058821
790.29870605	2.47058821
790.30291748	2.49019599
790.30700684	2.49019599
790.31103516	2.49019599
790.31103516	2.49019599
790.31506348	2.49019599
790.31921387	2.49019599
790.32330322	2.49019599
790.32330322	2.49019599
790.32733154	2.50980401
790.33142090	2.50980401
790.33557129	2.50980401
790.33557129	2.50980401
790.33953857	2.50980401
790.34368896	2.50980401
790.34783936	2.50980401
790.35198975	2.50980401
790.35614014	2.50980401
790.35614014	2.50980401
790.36010742	2.50980401
790.36425781	2.50980401
790.36840820	2.50980401
790.36840820	2.50980401
790.37255859	2.52941179
790.37646484	2.52941179
790.38055420	2.52941179
790.38055420	2.52941179
790.38470459	2.52941179
790.38879395	2.52941179
790.39294434	2.52941179
790.39691162	2.50980401
790.40106201	2.50980401
790.40106201	2.50980401
790.40521240	2.50980401
790.40936279	2.50980401
790.41339111	2.50980401
790.41339111	2.50980401
790.41754150	2.50980401
790.42163086	2.49019599
790.42578125	2.49019599
790.42578125	2.49019599
790.42974854	2.49019599
790.43408203	2.49019599
790.43798828	2.47058821
790.44213867	2.47058821
790.44628906	2.47058821
790.44628906	2.47058821
790.45031738	2.45098042
790.45440674	2.45098042
790.45849609	2.45098042
790.45849609	2.45098042
790.46264648	2.45098042
790.46667480	2.45098042
790.47082520	2.43137264
790.47082520	2.43137264
790.47479248	2.43137264
790.47894287	2.43137264
790.48297119	2.43137264
790.48706055	2.43137264
790.49121094	2.43137264
790.49121094	2.41176462
790.49530029	2.41176462
790.49938965	2.41176462
790.50354004	2.41176462
790.50354004	2.41176462
790.50756836	2.41176462
790.51171875	2.41176462
790.51586914	2.41176462
790.51586914	2.41176462
790.51995850	2.41176462
790.52392578	2.41176462
790.52807617	2.41176462
790.53216553	2.41176462
790.53631592	2.41176462
790.53631592	2.41176462
790.54028320	2.41176462
790.54449463	2.41176462
790.54858398	2.41176462
790.54858398	2.41176462
790.55273438	2.41176462
790.55670166	2.41176462
790.56103516	2.41176462
790.56103516	2.41176462
790.56488037	2.41176462
790.56903076	2.41176462
790.57318115	2.41176462
790.57720947	2.41176462
790.58129883	2.41176462
790.58129883	2.41176462
790.58544922	2.41176462
790.58953857	2.43137264
790.59356689	2.43137264
790.59356689	2.43137264
790.59765625	2.43137264
790.60192871	2.43137264
790.60601807	2.43137264
790.60601807	2.43137264
790.60998535	2.43137264
790.61413574	2.43137264
790.61822510	2.43137264
790.62237549	2.43137264
790.62646484	2.43137264
790.62646484	2.43137264
790.63043213	2.43137264
790.63458252	2.43137264
790.63867188	2.45098042
790.63867188	2.45098042
790.64270020	2.45098042
790.64691162	2.45098042
790.65100098	2.45098042
790.65100098	2.45098042
790.65502930	2.45098042
790.65924072	2.45098042
790.66339111	2.45098042
790.66339111	2.45098042
790.66741943	2.45098042
790.67150879	2.45098042
790.67150879	2.45098042
790.67565918	2.45098042
790.67962646	2.47058821
790.68377686	2.47058821
790.68377686	2.47058821
790.68786621	2.47058821
790.69201660	2.47058821
790.69610596	2.47058821
790.69610596	2.47058821
790.70007324	2.47058821
790.70416260	2.47058821
790.70831299	2.47058821
790.70831299	2.49019599
790.71246338	2.49019599
790.71655273	2.49019599
790.71655273	2.49019599
790.72058105	2.49019599
790.72467041	2.49019599
790.72888184	2.49019599
790.72888184	2.49019599
790.73297119	2.49019599
790.73699951	2.49019599
790.74114990	2.50980401
790.74114990	2.50980401
790.74530029	2.50980401
790.74938965	2.50980401
790.75335693	2.50980401
790.75335693	2.50980401
790.75744629	2.50980401
790.76153564	2.50980401
790.76153564	2.50980401
790.76568604	2.50980401
790.76965332	2.50980401
790.77398682	2.52941179
790.77398682	2.52941179
790.77795410	2.52941179
790.78210449	2.52941179
790.78619385	2.52941179
790.78619385	2.52941179
790.79022217	2.52941179
790.79437256	2.52941179
790.79852295	2.52941179
790.79852295	2.52941179
790.80267334	2.52941179
790.80664063	2.52941179
790.80664063	2.52941179
790.81079102	2.52941179
790.81500244	2.52941179
790.81896973	2.52941179
790.81896973	2.52941179
790.82293701	2.50980401
790.82708740	2.50980401
790.83117676	2.50980401
790.83117676	2.50980401
790.83532715	2.50980401
790.83941650	2.50980401
790.84344482	2.50980401
790.84344482	2.50980401
790.84753418	2.50980401
790.85174561	2.50980401
790.85174561	2.50980401
790.85589600	2.49019599
790.86004639	2.49019599
790.86401367	2.49019599
790.86401367	2.49019599
790.86816406	2.49019599
790.87225342	2.49019599
790.87634277	2.47058821
790.87634277	2.47058821
790.88031006	2.47058821
790.88446045	2.47058821
790.88854980	2.45098042
790.88854980	2.45098042
790.89270020	2.45098042
790.89666748	2.45098042
790.90093994	2.45098042
790.90490723	2.43137264
790.90911865	2.43137264
790.90911865	2.43137264
790.91314697	2.43137264
790.91723633	2.43137264
790.92138672	2.43137264
790.92138672	2.41176462
790.92553711	2.41176462
790.92950439	2.41176462
790.93365479	2.41176462
790.93365479	2.41176462
790.93774414	2.41176462
790.94189453	2.41176462
790.94592285	2.39215684
790.94995117	2.39215684
790.95404053	2.39215684
790.95404053	2.39215684
790.95819092	2.39215684
790.96234131	2.39215684
790.96643066	2.39215684
790.96643066	2.39215684
790.97045898	2.39215684
790.97454834	2.39215684
790.97869873	2.39215684
790.97869873	2.39215684
790.98284912	2.39215684
790.98699951	2.39215684
790.99096680	2.39215684
790.99517822	2.39215684
790.99926758	2.39215684
790.99926758	2.39215684
791.00323486	2.39215684
791.00732422	2.41176462
791.01141357	2.41176462
791.01141357	2.41176462
791.01556396	2.41176462
791.01953125	2.41176462
791.02368164	2.41176462
791.02368164	2.41176462
791.02783203	2.41176462
791.03198242	2.43137264
791.03607178	2.43137264
791.04010010	2.43137264
791.04425049	2.43137264
791.04425049	2.43137264
791.04846191	2.43137264
791.05249023	2.45098042
791.05664063	2.45098042
791.05664063	2.45098042
791.06060791	2.45098042
791.06481934	2.45098042
791.06884766	2.45098042
791.06884766	2.47058821
791.07293701	2.47058821
791.07696533	2.47058821
791.08105469	2.47058821
791.08520508	2.47058821
791.08929443	2.47058821
791.08929443	2.47058821
791.09332275	2.49019599
791.09747314	2.49019599
791.10162354	2.49019599
791.10162354	2.49019599
791.10577393	2.49019599
791.10974121	2.49019599
791.11401367	2.49019599
791.11401367	2.49019599
791.11804199	2.49019599
791.12213135	2.50980401
791.12615967	2.50980401
791.13018799	2.50980401
791.13433838	2.50980401
791.13433838	2.50980401
791.13854980	2.50980401
791.14263916	2.50980401
791.14660645	2.50980401
791.14660645	2.50980401
791.15075684	2.50980401
791.15490723	2.50980401
791.15905762	2.50980401
791.15905762	2.50980401
791.16302490	2.50980401
791.16705322	2.50980401
791.17120361	2.50980401
791.17529297	2.50980401
791.17950439	2.50980401
791.17950439	2.50980401
791.18347168	2.50980401
791.18762207	2.50980401
791.19177246	2.50980401
791.19177246	2.50980401
791.19580078	2.50980401
791.19995117	2.50980401
791.20391846	2.50980401
791.20391846	2.50980401
791.20806885	2.49019599
791.21215820	2.49019599
791.21636963	2.49019599
791.21636963	2.49019599
791.22027588	2.49019599
791.22442627	2.49019599
791.22442627	2.49019599
791.22857666	2.49019599
791.23260498	2.49019599
791.23675537	2.49019599
791.23675537	2.49019599
791.24102783	2.49019599
791.24493408	2.49019599
791.24908447	2.47058821
791.24908447	2.47058821
791.25311279	2.47058821
791.25720215	2.47058821
791.26129150	2.47058821
791.26129150	2.47058821
791.26544189	2.47058821
791.26953125	2.47058821
791.26953125	2.47058821
791.27355957	2.47058821
791.27770996	2.47058821
791.28179932	2.47058821
791.28179932	2.45098042
791.28594971	2.45098042
791.28997803	2.45098042
791.29412842	2.45098042
791.29412842	2.45098042
791.29827881	2.45098042
791.30236816	2.45098042
791.30651855	2.45098042
791.30651855	2.45098042
791.31048584	2.45098042
791.31463623	2.45098042
791.31463623	2.45098042
791.31872559	2.45098042
791.32281494	2.45098042
791.32696533	2.45098042
791.32696533	2.43137264
791.33093262	2.43137264
791.33508301	2.43137264
791.33917236	2.43137264
791.33917236	2.43137264
791.34320068	2.43137264
791.34729004	2.43137264
791.35150146	2.43137264
791.35150146	2.43137264
791.35565186	2.43137264
791.35974121	2.43137264
791.35974121	2.43137264
791.36370850	2.43137264
791.36785889	2.43137264
791.37200928	2.43137264
791.37200928	2.43137264
791.37597656	2.43137264
791.38006592	2.43137264
791.38421631	2.43137264
791.38421631	2.43137264
791.38830566	2.43137264
791.39245605	2.43137264
791.39654541	2.43137264
791.39654541	2.43137264
791.40057373	2.43137264
791.40466309	2.43137264
791.40887451	2.43137264
791.41302490	2.43137264
791.41699219	2.43137264
791.41699219	2.43137264
791.42114258	2.43137264
791.42523193	2.43137264
791.42938232	2.43137264
791.42938232	2.43137264
791.43334961	2.43137264
791.43743896	2.43137264
791.44152832	2.43137264
791.44152832	2.43137264
791.44555664	2.45098042
791.44970703	2.45098042
791.45391846	2.45098042
791.45794678	2.45098042
791.46203613	2.45098042
791.46203613	2.45098042
791.46624756	2.45098042
791.47021484	2.45098042
791.47436523	2.47058821
791.47436523	2.47058821
791.47851563	2.47058821
791.48266602	2.47058821
791.48663330	2.47058821
791.48663330	2.47058821
791.49078369	2.47058821
791.49487305	2.47058821
791.49896240	2.47058821
791.50299072	2.47058821
791.50708008	2.47058821
791.50708008	2.47058821
791.51116943	2.47058821
791.51531982	2.47058821
791.51940918	2.47058821
791.51940918	2.47058821
791.52343750	2.47058821
791.52752686	2.49019599
791.53167725	2.49019599
791.53167725	2.49019599
791.53582764	2.49019599
791.53997803	2.49019599
791.54394531	2.49019599
791.54809570	2.49019599
791.55224609	2.49019599
791.55224609	2.49019599
791.55627441	2.49019599
791.56036377	2.49019599
791.56451416	2.47058821
791.56451416	2.47058821
791.56860352	2.47058821
791.57269287	2.47058821
791.57672119	2.47058821
791.57672119	2.47058821
791.58093262	2.47058821
791.58496094	2.47058821
791.58905029	2.47058821
791.59307861	2.47058821
791.59716797	2.47058821
791.59716797	2.47058821
791.60137939	2.47058821
791.60552979	2.47058821
791.60961914	2.47058821
791.60961914	2.45098042
791.61358643	2.45098042
791.61773682	2.45098042
791.62188721	2.45098042
791.62188721	2.45098042
791.62597656	2.45098042
791.62994385	2.45098042
791.63403320	2.45098042
791.63818359	2.45098042
791.64227295	2.45098042
791.64227295	2.45098042
791.64630127	2.45098042
791.65045166	2.45098042
791.65454102	2.45098042
791.65454102	2.45098042
791.65869141	2.45098042
791.66290283	2.45098042
791.66699219	2.43137264
791.66699219	2.43137264
791.67102051	2.43137264
791.67510986	2.43137264
791.67926025	2.43137264
791.68322754	2.43137264
791.68731689	2.43137264
791.68731689	2.43137264
791.69140625	2.43137264
791.69555664	2.43137264
791.69970703	2.43137264
791.69970703	2.43137264
791.70367432	2.43137264
791.70782471	2.43137264
791.71197510	2.43137264
791.71197510	2.43137264
791.71594238	2.43137264
791.72009277	2.43137264
791.72424316	2.43137264
791.72424316	2.43137264
791.72839355	2.43137264
791.73248291	2.43137264
791.73248291	2.43137264
791.73651123	2.43137264
791.74060059	2.45098042
791.74475098	2.45098042
791.74475098	2.45098042
791.74884033	2.45098042
791.75299072	2.45098042
791.75695801	2.45098042
791.75695801	2.45098042
791.76104736	2.45098042
791.76519775	2.45098042
791.76928711	2.45098042
791.76928711	2.45098042
791.77331543	2.45098042
791.77740479	2.45098042
791.77740479	2.45098042
791.78155518	2.47058821
791.78570557	2.47058821
791.78985596	2.47058821
791.78985596	2.47058821
791.79400635	2.47058821
791.79803467	2.47058821
791.80212402	2.47058821
791.80212402	2.47058821
791.80609131	2.47058821
791.81024170	2.47058821
791.81439209	2.47058821
791.81439209	2.49019599
791.81848145	2.49019599
791.82257080	2.49019599
791.82257080	2.49019599
791.82653809	2.49019599
791.83068848	2.49019599
791.83483887	2.49019599
791.83483887	2.49019599
791.83892822	2.49019599
791.84295654	2.49019599
791.84704590	2.49019599
791.84704590	2.49019599
791.85119629	2.49019599
791.85534668	2.47058821
791.85949707	2.47058821
791.85949707	2.47058821
791.86346436	2.47058821
791.86761475	2.47058821
791.86761475	2.47058821
791.87176514	2.47058821
791.87579346	2.47058821
791.87994385	2.47058821
791.87994385	2.47058821
791.88391113	2.45098042
791.88806152	2.45098042
791.89215088	2.45098042
791.89215088	2.45098042
791.89617920	2.45098042
791.90032959	2.45098042
791.90441895	2.45098042
791.90441895	2.45098042
791.90856934	2.45098042
791.91278076	2.45098042
791.91278076	2.45098042
791.91674805	2.45098042
791.92102051	2.45098042
791.92504883	2.45098042
791.92504883	2.45098042
791.92913818	2.45098042
791.93310547	2.45098042
791.93719482	2.45098042
791.93719482	2.45098042
791.94128418	2.45098042
791.94555664	2.45098042
791.94964600	2.45098042
791.94964600	2.45098042
791.95361328	2.45098042
791.95776367	2.45098042
791.96185303	2.45098042
791.96600342	2.45098042
791.97003174	2.45098042
791.97003174	2.45098042
791.97412109	2.45098042
791.97827148	2.45098042
791.98236084	2.45098042
791.98236084	2.45098042
791.98638916	2.45098042
791.99053955	2.45098042
791.99462891	2.45098042
791.99462891	2.45098042
791.99871826	2.45098042
792.00286865	2.45098042
792.00695801	2.45098042
792.01092529	2.45098042
792.01513672	2.45098042
792.01513672	2.45098042
792.01922607	2.45098042
792.02319336	2.45098042
792.02728271	2.45098042
792.02728271	2.45098042
792.03149414	2.45098042
792.03558350	2.45098042
792.03967285	2.45098042
792.03967285	2.45098042
792.04364014	2.45098042
792.04797363	2.45098042
792.05200195	2.45098042
792.05615234	2.45098042
792.06011963	2.45098042
792.06011963	2.45098042
792.06427002	2.45098042
792.06835938	2.45098042
792.07238770	2.43137264
792.07238770	2.43137264
792.07641602	2.43137264
792.08056641	2.43137264
792.08471680	2.43137264
792.08471680	2.43137264
792.08880615	2.43137264
792.09295654	2.43137264
792.09692383	2.43137264
792.10107422	2.43137264
792.10516357	2.43137264
792.10516357	2.43137264
792.10937500	2.43137264
792.11334229	2.43137264
792.11749268	2.45098042
792.11749268	2.45098042
792.12158203	2.45098042
792.12567139	2.45098042
792.12982178	2.45098042
792.12982178	2.45098042
792.13391113	2.45098042
792.13787842	2.45098042
792.14202881	2.45098042
792.14617920	2.45098042
792.15014648	2.45098042
792.15014648	2.45098042
792.15429688	2.45098042
792.15844727	2.45098042
792.16259766	2.47058821
792.16259766	2.47058821
792.16662598	2.47058821
792.17077637	2.47058821
792.17486572	2.47058821
792.17486572	2.47058821
792.17901611	2.47058821
792.18298340	2.47058821
792.18707275	2.47058821
792.19116211	2.47058821
792.19531250	2.47058821
792.19531250	2.49019599
792.19940186	2.49019599
792.20343018	2.49019599
792.20751953	2.49019599
792.20751953	2.49019599
792.21166992	2.49019599
792.21582031	2.49019599
792.21997070	2.49019599
792.21997070	2.49019599
792.22399902	2.49019599
792.22808838	2.49019599
792.23217773	2.49019599
792.23620605	2.49019599
792.24035645	2.49019599
792.24035645	2.49019599
792.24450684	2.49019599
792.24859619	2.50980401
792.25274658	2.50980401
792.25274658	2.50980401
792.25671387	2.50980401
792.26080322	2.50980401
792.26489258	2.50980401
792.26489258	2.50980401
792.26904297	2.50980401
792.27307129	2.50980401
792.27716064	2.50980401
792.27716064	2.50980401
792.28131104	2.50980401
792.28540039	2.50980401
792.28540039	2.50980401
792.28942871	2.50980401
792.29364014	2.50980401
792.29772949	2.50980401
792.29772949	2.50980401
792.30187988	2.50980401
792.30603027	2.49019599
792.30999756	2.49019599
792.30999756	2.49019599
792.31414795	2.49019599
792.31823730	2.49019599
792.32226563	2.49019599
792.32226563	2.47058821
792.32629395	2.47058821
792.33044434	2.47058821
792.33044434	2.47058821
792.33453369	2.45098042
792.33868408	2.45098042
792.34283447	2.45098042
792.34283447	2.45098042
792.34692383	2.45098042
792.35095215	2.43137264
792.35510254	2.43137264
792.35510254	2.43137264
792.35925293	2.43137264
792.36322021	2.43137264
792.36737061	2.43137264
792.36737061	2.43137264
792.37145996	2.41176462
792.37554932	2.41176462
792.37554932	2.41176462
792.37957764	2.41176462
792.38366699	2.41176462
792.38793945	2.41176462
792.38793945	2.41176462
792.39190674	2.41176462
792.39605713	2.41176462
792.40002441	2.41176462
792.40002441	2.41176462
792.40417480	2.41176462
792.40826416	2.41176462
792.41247559	2.41176462
792.41247559	2.41176462
792.41644287	2.39215684
792.42059326	2.39215684
792.42059326	2.39215684
792.42474365	2.39215684
792.42889404	2.39215684
792.43298340	2.39215684
792.43298340	2.39215684
792.43688965	2.39215684
792.44104004	2.39215684
792.44519043	2.39215684
792.44519043	2.39215684
792.44927979	2.39215684
792.45330811	2.39215684
792.45739746	2.39215684
792.45739746	2.39215684
792.46154785	2.41176462
792.46569824	2.41176462
792.46972656	2.41176462
792.47399902	2.41176462
792.47796631	2.41176462
792.47796631	2.41176462
792.48205566	2.41176462
792.48626709	2.41176462
792.49023438	2.41176462
792.49023438	2.41176462
792.49438477	2.41176462
792.49853516	2.41176462
792.50262451	2.41176462
792.50262451	2.43137264
792.50659180	2.43137264
792.51068115	2.43137264
792.51477051	2.43137264
792.51892090	2.43137264
792.52301025	2.43137264
792.52301025	2.43137264
792.52703857	2.43137264
792.53118896	2.45098042
792.53533936	2.45098042
792.53533936	2.45098042
792.53942871	2.45098042
792.54345703	2.45098042
792.54760742	2.45098042
792.54760742	2.45098042
792.55175781	2.45098042
792.55590820	2.47058821
792.55999756	2.47058821
792.56402588	2.47058821
792.56811523	2.47058821
792.56811523	2.47058821
792.57220459	2.47058821
792.57617188	2.47058821
792.58032227	2.47058821
792.58032227	2.49019599
792.58441162	2.49019599
792.58856201	2.49019599
792.59265137	2.49019599
792.59265137	2.49019599
792.59667969	2.49019599
792.60095215	2.49019599
792.60498047	2.49019599
792.60913086	2.49019599
792.61328125	2.49019599
792.61328125	2.49019599
792.61724854	2.49019599
792.62133789	2.49019599
792.62542725	2.49019599
792.62542725	2.49019599
792.62945557	2.49019599
792.63354492	2.49019599
792.63769531	2.49019599
792.63769531	2.49019599
792.64178467	2.49019599
792.64593506	2.49019599
792.64990234	2.49019599
792.65405273	2.49019599
792.65814209	2.49019599
792.65814209	2.49019599
792.66235352	2.49019599
792.66638184	2.49019599
792.67047119	2.49019599
792.67047119	2.49019599
792.67462158	2.49019599
792.67877197	2.49019599
792.68286133	2.49019599
792.68286133	2.49019599
792.68695068	2.47058821
792.69091797	2.47058821
792.69506836	2.47058821
792.69915771	2.47058821
792.70330811	2.47058821
792.70330811	2.47058821
792.70727539	2.47058821
792.71142578	2.47058821
792.71557617	2.47058821
792.71557617	2.47058821
792.71960449	2.47058821
792.72369385	2.47058821
792.72802734	2.47058821
792.72802734	2.47058821
792.73193359	2.47058821
792.73614502	2.47058821
792.74011230	2.47058821
792.74426270	2.47058821
792.74835205	2.47058821
792.74835205	2.45098042
792.75250244	2.45098042
792.75653076	2.45098042
792.76068115	2.45098042
792.76068115	2.45098042
792.76477051	2.43137264
792.76885986	2.43137264
792.77301025	2.43137264
792.77301025	2.43137264
792.77697754	2.43137264
792.78118896	2.41176462
792.78527832	2.41176462
792.78527832	2.41176462
792.78930664	2.41176462
792.79327393	2.41176462
792.79327393	2.39215684
792.79742432	2.39215684
792.80157471	2.39215684
792.80566406	2.39215684
792.80566406	2.39215684
792.80969238	2.39215684
792.81402588	2.39215684
792.81793213	2.39215684
792.81793213	2.39215684
792.82202148	2.37254906
792.82617188	2.37254906
792.83020020	2.37254906
792.83020020	2.37254906
792.83428955	2.37254906
792.83843994	2.37254906
792.83843994	2.37254906
792.84252930	2.37254906
792.84655762	2.37254906
792.85070801	2.37254906
792.85070801	2.37254906
792.85479736	2.37254906
792.85900879	2.37254906
792.86315918	2.37254906
792.86315918	2.37254906
792.86712646	2.37254906
792.87127686	2.37254906
792.87536621	2.37254906
792.87536621	2.39215684
792.87933350	2.39215684
792.88342285	2.39215684
792.88342285	2.39215684
792.88757324	2.39215684
792.89166260	2.39215684
792.89581299	2.39215684
792.89581299	2.39215684
792.89990234	2.41176462
792.90393066	2.41176462
792.90802002	2.41176462
792.90802002	2.41176462
792.91217041	2.41176462
792.91619873	2.41176462
792.92034912	2.41176462
792.92034912	2.41176462
792.92449951	2.43137264
792.92858887	2.43137264
792.92858887	2.43137264
792.93273926	2.43137264
792.93664551	2.43137264
792.94091797	2.43137264
792.94091797	2.43137264
792.94488525	2.43137264
792.94903564	2.45098042
792.95318604	2.45098042
792.95318604	2.45098042
792.95715332	2.45098042
792.96130371	2.45098042
792.96539307	2.45098042
792.96539307	2.45098042
792.96942139	2.45098042
792.97363281	2.45098042
792.97363281	2.47058821
792.97772217	2.47058821
792.98187256	2.47058821
792.98596191	2.47058821
792.98596191	2.47058821
792.98999023	2.47058821
792.99414063	2.47058821
792.99822998	2.47058821
792.99822998	2.47058821
793.00238037	2.47058821
793.00628662	2.45098042
793.01043701	2.45098042
793.01043701	2.45098042
793.01452637	2.45098042
793.01867676	2.45098042
793.02276611	2.45098042
793.02691650	2.45098042
793.03088379	2.45098042
793.03088379	2.45098042
793.03503418	2.45098042
793.03918457	2.45098042
793.04339600	2.45098042
793.04339600	2.45098042
793.04736328	2.45098042
793.05145264	2.45098042
793.05560303	2.45098042
793.05560303	2.45098042
793.05963135	2.45098042
793.06372070	2.45098042
793.06781006	2.45098042
793.07189941	2.45098042
793.07604980	2.45098042
793.07604980	2.45098042
793.08001709	2.45098042
793.08416748	2.45098042
793.08825684	2.45098042
793.08825684	2.45098042
793.09240723	2.45098042
793.09637451	2.45098042
793.10058594	2.45098042
793.10058594	2.45098042
793.10473633	2.45098042
793.10888672	2.45098042
793.11297607	2.45098042
793.11700439	2.45098042
793.12109375	2.45098042
793.12109375	2.45098042
793.12524414	2.45098042
793.12933350	2.45098042
793.13330078	2.45098042
793.13330078	2.45098042
793.13745117	2.45098042
793.14154053	2.45098042
793.14569092	2.43137264
793.14569092	2.43137264
793.14965820	2.43137264
793.15393066	2.43137264
793.15789795	2.43137264
793.16204834	2.43137264
793.16619873	2.43137264
793.16619873	2.43137264
793.17022705	2.43137264
793.17431641	2.43137264
793.17846680	2.43137264
793.17846680	2.43137264
793.18261719	2.43137264
793.18658447	2.43137264
793.19067383	2.43137264
793.19067383	2.43137264
793.19476318	2.41176462
793.19891357	2.41176462
793.20300293	2.41176462
793.20703125	2.41176462
793.21124268	2.41176462
793.21124268	2.41176462
793.21533203	2.41176462
793.21942139	2.41176462
793.22351074	2.41176462
793.22351074	2.41176462
793.22760010	2.41176462
793.23181152	2.41176462
793.23577881	2.41176462
793.23577881	2.41176462
793.23999023	2.41176462
793.24395752	2.41176462
793.24810791	2.41176462
793.25225830	2.41176462
793.25628662	2.41176462
793.25628662	2.41176462
793.26031494	2.41176462
793.26440430	2.41176462
793.26855469	2.41176462
793.26855469	2.41176462
793.27264404	2.41176462
793.27667236	2.41176462
793.28088379	2.41176462
793.28088379	2.41176462
793.28491211	2.41176462
793.28906250	2.41176462
793.29321289	2.41176462
793.29724121	2.41176462
793.30139160	2.41176462
793.30139160	2.41176462
793.30548096	2.41176462
793.30963135	2.41176462
793.31359863	2.41176462
793.31359863	2.41176462
793.31768799	2.41176462
793.32177734	2.41176462
793.32598877	2.41176462
793.32598877	2.43137264
793.33001709	2.43137264
793.33410645	2.43137264
793.33825684	2.43137264
793.33825684	2.43137264
793.34240723	2.43137264
793.34655762	2.43137264
793.34655762	2.43137264
793.35052490	2.43137264
793.35461426	2.43137264
793.35876465	2.43137264
793.35876465	2.43137264
793.36285400	2.43137264
793.36706543	2.43137264
793.37103271	2.43137264
793.37103271	2.43137264
793.37512207	2.43137264
793.37927246	2.43137264
793.38342285	2.43137264
793.38342285	2.43137264
793.38739014	2.43137264
793.39154053	2.43137264
793.39154053	2.43137264
793.39569092	2.43137264
793.39965820	2.43137264
793.40380859	2.45098042
793.40380859	2.45098042
793.40789795	2.45098042
793.41204834	2.45098042
793.41619873	2.45098042
793.41619873	2.45098042
793.42016602	2.45098042
793.42431641	2.45098042
793.42840576	2.45098042
793.42840576	2.45098042
793.43255615	2.45098042
793.43664551	2.45098042
793.43664551	2.45098042
793.44061279	2.45098042
793.44476318	2.45098042
793.44885254	2.45098042
793.44885254	2.45098042
793.45300293	2.45098042
793.45697021	2.43137264
793.46112061	2.43137264
793.46112061	2.43137264
793.46527100	2.43137264
793.46936035	2.43137264
793.47338867	2.43137264
793.47338867	2.43137264
793.47747803	2.43137264
793.48150635	2.43137264
793.48150635	2.43137264
793.48571777	2.43137264
793.48968506	2.43137264
793.49395752	2.43137264
793.49395752	2.43137264
793.49798584	2.43137264
793.50207520	2.43137264
793.50616455	2.43137264
793.50616455	2.43137264
793.51019287	2.43137264
793.51428223	2.41176462
793.51843262	2.41176462
793.51843262	2.41176462
793.52252197	2.41176462
793.52655029	2.41176462
793.53063965	2.41176462
793.53485107	2.41176462
793.53887939	2.41176462
793.53887939	2.41176462
793.54296875	2.41176462
793.54711914	2.41176462
793.55126953	2.41176462
793.55126953	2.41176462
793.55535889	2.41176462
793.55950928	2.41176462
793.56347656	2.41176462
793.56347656	2.41176462
793.56762695	2.41176462
793.57165527	2.41176462
793.57580566	2.41176462
793.57989502	2.41176462
793.58392334	2.41176462
793.58392334	2.41176462
793.58801270	2.41176462
793.59216309	2.41176462
793.59631348	2.41176462
793.59631348	2.41176462
793.60034180	2.41176462
793.60449219	2.41176462
793.60858154	2.41176462
793.60858154	2.41176462
793.61273193	2.41176462
793.61669922	2.41176462
793.62097168	2.41176462
793.62500000	2.41176462
793.62908936	2.41176462
793.62908936	2.43137264
793.63305664	2.43137264
793.63714600	2.43137264
793.64129639	2.43137264
793.64129639	2.43137264
793.64544678	2.43137264
793.64941406	2.43137264
793.65356445	2.43137264
793.65356445	2.43137264
793.65765381	2.43137264
793.66180420	2.43137264
793.66595459	2.45098042
793.66998291	2.45098042
793.67407227	2.45098042
793.67407227	2.45098042
793.67822266	2.45098042
793.68231201	2.45098042
793.68640137	2.45098042
793.68640137	2.47058821
793.69042969	2.47058821
793.69451904	2.47058821
793.69866943	2.47058821
793.69866943	2.47058821
793.70263672	2.47058821
793.70690918	2.47058821
793.71087646	2.47058821
793.71502686	2.47058821
793.71917725	2.47058821
793.71917725	2.47058821
793.72320557	2.49019599
793.72735596	2.49019599
793.73150635	2.49019599
793.73150635	2.49019599
793.73559570	2.49019599
793.73962402	2.49019599
793.74371338	2.49019599
793.74371338	2.47058821
793.74786377	2.47058821
793.75201416	2.47058821
793.75604248	2.47058821
793.76007080	2.47058821
793.76416016	2.47058821
793.76416016	2.47058821
793.76831055	2.45098042
793.77239990	2.45098042
793.77655029	2.45098042
793.77655029	2.45098042
793.78051758	2.45098042
793.78466797	2.45098042
793.78875732	2.43137264
793.78875732	2.43137264
793.79296875	2.43137264
793.79693604	2.43137264
793.80108643	2.43137264
793.80523682	2.43137264
793.80938721	2.43137264
793.80938721	2.41176462
793.81335449	2.41176462
793.81750488	2.41176462
793.82153320	2.41176462
793.82153320	2.41176462
793.82568359	2.41176462
793.82965088	2.41176462
793.83392334	2.41176462
793.83392334	2.41176462
793.83789063	2.41176462
793.84204102	2.41176462
793.84613037	2.41176462
793.85015869	2.41176462
793.85430908	2.41176462
793.85430908	2.39215684
793.85852051	2.39215684
793.86260986	2.39215684
793.86663818	2.39215684
793.86663818	2.39215684
793.87072754	2.39215684
793.87481689	2.39215684
793.87890625	2.39215684
793.87890625	2.39215684
793.88287354	2.39215684
793.88708496	2.39215684
793.89117432	2.39215684
793.89117432	2.39215684
793.89526367	2.39215684
793.89941406	2.39215684
793.89941406	2.39215684
793.90338135	2.39215684
793.90753174	2.39215684
793.91168213	2.39215684
793.91168213	2.39215684
793.91589355	2.39215684
793.91998291	2.39215684
793.92395020	2.39215684
793.92395020	2.39215684
793.92810059	2.39215684
793.93218994	2.39215684
793.93627930	2.39215684
793.93627930	2.39215684
793.94030762	2.39215684
793.94439697	2.39215684
793.94439697	2.39215684
793.94854736	2.41176462
793.95263672	2.41176462
793.95666504	2.41176462
793.95666504	2.41176462
793.96087646	2.41176462
793.96490479	2.41176462
793.96905518	2.41176462
793.96905518	2.41176462
793.97308350	2.41176462
793.97723389	2.41176462
793.98132324	2.41176462
793.98132324	2.41176462
793.98547363	2.41176462
793.98962402	2.41176462
793.98962402	2.41176462
793.99359131	2.41176462
793.99774170	2.41176462
794.00183105	2.41176462
794.00183105	2.43137264
794.00598145	2.43137264
794.00994873	2.43137264
794.01403809	2.43137264
794.01403809	2.43137264
794.01818848	2.43137264
794.02227783	2.43137264
794.02642822	2.43137264
794.02642822	2.43137264
794.03039551	2.43137264
794.03454590	2.43137264
794.03454590	2.43137264
794.03863525	2.43137264
794.04284668	2.43137264
794.04699707	2.45098042
794.04699707	2.45098042
794.05096436	2.45098042
794.05511475	2.45098042
794.05926514	2.45098042
794.05926514	2.45098042
794.06323242	2.45098042
794.06732178	2.45098042
794.07141113	2.45098042
794.07141113	2.45098042
794.07550049	2.45098042
794.07965088	2.45098042
794.08367920	2.45098042
794.08776855	2.45098042
794.09191895	2.45098042
794.09191895	2.45098042
794.09600830	2.45098042
794.10009766	2.47058821
794.10418701	2.47058821
794.10418701	2.47058821
794.10833740	2.47058821
794.11248779	2.47058821
794.11657715	2.47058821
794.11657715	2.47058821
794.12054443	2.47058821
794.12475586	2.47058821
794.12878418	2.47058821
794.13287354	2.47058821
794.13690186	2.47058821
794.13690186	2.47058821
794.14105225	2.47058821
794.14514160	2.47058821
794.14929199	2.47058821
794.14929199	2.47058821
794.15325928	2.47058821
794.15740967	2.47058821
794.16156006	2.47058821
794.16156006	2.47058821
794.16564941	2.47058821
794.16986084	2.47058821
794.17395020	2.47058821
794.17797852	2.47058821
794.18206787	2.47058821
794.18206787	2.45098042
794.18615723	2.45098042
794.19018555	2.45098042
794.19427490	2.45098042
794.19427490	2.45098042
794.19842529	2.45098042
794.20251465	2.45098042
794.20654297	2.45098042
794.20654297	2.45098042
794.21063232	2.45098042
794.21478271	2.45098042
794.21887207	2.43137264
794.22296143	2.43137264
794.22711182	2.43137264
794.22711182	2.43137264
794.23126221	2.41176462
794.23535156	2.41176462
794.23950195	2.41176462
794.23950195	2.41176462
794.24346924	2.41176462
794.24755859	2.41176462
794.25170898	2.39215684
794.25170898	2.39215684
794.25592041	2.39215684
794.26000977	2.39215684
794.26397705	2.39215684
794.26812744	2.39215684
794.27221680	2.39215684
794.27221680	2.37254906
794.27624512	2.37254906
794.28039551	2.37254906
794.28448486	2.37254906
794.28448486	2.37254906
794.28851318	2.37254906
794.29272461	2.37254906
794.29669189	2.37254906
794.29669189	2.37254906
794.30090332	2.37254906
794.30499268	2.37254906
794.30908203	2.37254906
794.31304932	2.37254906
794.31719971	2.37254906
794.31719971	2.37254906
794.32128906	2.37254906
794.32537842	2.37254906
794.32952881	2.37254906
794.32952881	2.37254906
794.33355713	2.37254906
794.33764648	2.37254906
794.34179688	2.37254906
794.34179688	2.37254906
794.34588623	2.37254906
794.34991455	2.37254906
794.35412598	2.37254906
794.35821533	2.39215684
794.36236572	2.39215684
794.36236572	2.39215684
794.36633301	2.39215684
794.37048340	2.39215684
794.37457275	2.39215684
794.37457275	2.39215684
794.37866211	2.39215684
794.38275146	2.39215684
794.38690186	2.39215684
794.38690186	2.41176462
794.39086914	2.41176462
794.39501953	2.41176462
794.39916992	2.41176462
794.39916992	2.41176462
794.40313721	2.41176462
794.40728760	2.41176462
794.40728760	2.41176462
794.41143799	2.41176462
794.41552734	2.43137264
794.41973877	2.43137264
794.41973877	2.43137264
794.42370605	2.43137264
794.42785645	2.43137264
794.43194580	2.43137264
794.43194580	2.43137264
794.43609619	2.43137264
794.44006348	2.43137264
794.44415283	2.43137264
794.44415283	2.43137264
794.44830322	2.43137264
794.45239258	2.43137264
794.45239258	2.45098042
794.45642090	2.45098042
794.46051025	2.45098042
794.46466064	2.45098042
794.46466064	2.45098042
794.46875000	2.45098042
794.47296143	2.45098042
794.47698975	2.45098042
794.47698975	2.45098042
794.48114014	2.45098042
794.48522949	2.45098042
794.48937988	2.45098042
794.48937988	2.45098042
794.49334717	2.45098042
794.49749756	2.45098042
794.49749756	2.45098042
794.50158691	2.45098042
794.50573730	2.45098042
794.50976563	2.45098042
794.50976563	2.45098042
794.51391602	2.45098042
794.51794434	2.45098042
794.52203369	2.45098042
794.52203369	2.45098042
794.52618408	2.45098042
794.53015137	2.45098042
794.53430176	2.45098042
794.53430176	2.45098042
794.53839111	2.45098042
794.54260254	2.45098042
794.54260254	2.45098042
794.54656982	2.45098042
794.55072021	2.45098042
794.55480957	2.45098042
794.55480957	2.45098042
794.55895996	2.45098042
794.56298828	2.45098042
794.56707764	2.45098042
794.56707764	2.45098042
794.57116699	2.45098042
794.57525635	2.45098042
794.57940674	2.45098042
794.57940674	2.45098042
794.58343506	2.45098042
794.58752441	2.45098042
794.58752441	2.45098042
794.59161377	2.43137264
794.59576416	2.43137264
794.59991455	2.43137264
794.59991455	2.43137264
794.60394287	2.43137264
794.60809326	2.43137264
794.61218262	2.43137264
794.61218262	2.43137264
794.61621094	2.43137264
794.62030029	2.43137264
794.62445068	2.43137264
794.62445068	2.43137264
794.62860107	2.43137264
794.63262939	2.43137264
794.63665771	2.43137264
794.64086914	2.41176462
794.64489746	2.41176462
794.64489746	2.41176462
794.64904785	2.41176462
794.65301514	2.41176462
794.65716553	2.41176462
794.65716553	2.41176462
794.66131592	2.41176462
794.66546631	2.41176462
794.66961670	2.39215684
794.66961670	2.39215684
794.67358398	2.39215684
794.67773438	2.39215684
794.68194580	2.39215684
794.68597412	2.39215684
794.68994141	2.39215684
794.68994141	2.37254906
794.69403076	2.37254906
794.69818115	2.37254906
794.70227051	2.37254906
794.70227051	2.37254906
794.70629883	2.37254906
794.71038818	2.37254906
794.71453857	2.37254906
794.71453857	2.37254906
794.71862793	2.37254906
794.72283936	2.37254906
794.72698975	2.37254906
794.73095703	2.37254906
794.73510742	2.37254906
794.73510742	2.37254906
794.73925781	2.37254906
794.74322510	2.37254906
794.74731445	2.37254906
794.74731445	2.37254906
794.75146484	2.37254906
794.75561523	2.37254906
794.75964355	2.37254906
794.75964355	2.37254906
794.76361084	2.37254906
794.76788330	2.37254906
794.77197266	2.37254906
794.77612305	2.37254906
794.78009033	2.37254906
794.78009033	2.37254906
794.78424072	2.37254906
794.78839111	2.39215684
794.79254150	2.39215684
794.79254150	2.39215684
794.79638672	2.39215684
794.80053711	2.39215684
794.80462646	2.39215684
794.80462646	2.39215684
794.80877686	2.39215684
794.81298828	2.39215684
794.81695557	2.41176462
794.82104492	2.41176462
794.82513428	2.41176462
794.82513428	2.41176462
794.82928467	2.41176462
794.83331299	2.41176462
794.83740234	2.41176462
794.83740234	2.43137264
794.84149170	2.43137264
794.84564209	2.43137264
794.84979248	2.43137264
794.84979248	2.43137264
794.85400391	2.43137264
794.85797119	2.43137264
794.86206055	2.45098042
794.86608887	2.45098042
794.87017822	2.45098042
794.87017822	2.45098042
794.87432861	2.45098042
794.87841797	2.45098042
794.88250732	2.45098042
794.88250732	2.45098042
794.88653564	2.45098042
794.89062500	2.45098042
794.89477539	2.45098042
794.89477539	2.45098042
794.89892578	2.45098042
794.90301514	2.45098042
794.90704346	2.45098042
794.91119385	2.45098042
794.91528320	2.45098042
794.91528320	2.45098042
794.91949463	2.45098042
794.92346191	2.45098042
794.92755127	2.45098042
794.92755127	2.45098042
794.93170166	2.45098042
794.93585205	2.45098042
794.93994141	2.45098042
794.93994141	2.45098042
794.94390869	2.45098042
794.94799805	2.45098042
794.95214844	2.45098042
794.95214844	2.45098042
794.95629883	2.45098042
794.96026611	2.45098042
794.96026611	2.45098042
794.96441650	2.45098042
794.96850586	2.45098042
794.97265625	2.45098042
794.97265625	2.45098042
794.97668457	2.45098042
794.98095703	2.45098042
794.98492432	2.43137264
794.98492432	2.43137264
794.98913574	2.43137264
794.99310303	2.43137264
794.99719238	2.43137264
794.99719238	2.43137264
795.00134277	2.43137264
795.00543213	2.43137264
795.00543213	2.43137264
795.00946045	2.43137264
795.01361084	2.43137264
795.01776123	2.43137264
795.01776123	2.43137264
795.02185059	2.43137264
795.02600098	2.43137264
795.03009033	2.41176462
795.03009033	2.41176462
795.03411865	2.41176462
795.03814697	2.41176462
795.04229736	2.41176462
795.04229736	2.41176462
795.04626465	2.41176462
795.05041504	2.41176462
795.05041504	2.41176462
795.05450439	2.41176462
795.05865479	2.41176462
795.06286621	2.41176462
795.06286621	2.41176462
795.06695557	2.41176462
795.07092285	2.41176462
795.07501221	2.39215684
795.07501221	2.39215684
795.07916260	2.39215684
795.08319092	2.39215684
795.08728027	2.39215684
795.08728027	2.39215684
795.09136963	2.39215684
795.09552002	2.39215684
795.09552002	2.39215684
795.09954834	2.39215684
795.10369873	2.39215684
795.10797119	2.39215684
795.10797119	2.39215684
795.11199951	2.39215684
795.11608887	2.39215684
795.12011719	2.39215684
795.12011719	2.39215684
795.12420654	2.39215684
795.12829590	2.39215684
795.13238525	2.39215684
795.13238525	2.39215684
795.13641357	2.39215684
795.14056396	2.39215684
795.14465332	2.39215684
795.14874268	2.39215684
795.15289307	2.39215684
795.15289307	2.39215684
795.15686035	2.39215684
795.16107178	2.39215684
795.16534424	2.39215684
795.16534424	2.39215684
795.16937256	2.39215684
795.17333984	2.39215684
795.17742920	2.39215684
795.17742920	2.39215684
795.18157959	2.39215684
795.18572998	2.39215684
795.18969727	2.39215684
795.19390869	2.39215684
795.19793701	2.37254906
795.19793701	2.37254906
795.20202637	2.37254906
795.20617676	2.37254906
795.21014404	2.37254906
795.21014404	2.37254906
795.21429443	2.37254906
795.21844482	2.37254906
795.22253418	2.37254906
795.22253418	2.37254906
795.22656250	2.37254906
795.23071289	2.37254906
795.23474121	2.37254906
795.23895264	2.37254906
795.24310303	2.37254906
795.24310303	2.37254906
795.24707031	2.39215684
795.25122070	2.39215684
795.25537109	2.39215684
795.25537109	2.39215684
795.25939941	2.39215684
795.26336670	2.39215684
795.26751709	2.39215684
795.26751709	2.39215684
795.27160645	2.39215684
795.27575684	2.39215684
795.27990723	2.39215684
795.28393555	2.39215684
795.28802490	2.39215684
795.28802490	2.39215684
795.29217529	2.39215684
795.29626465	2.39215684
795.30029297	2.39215684
795.30029297	2.39215684
795.30444336	2.39215684
795.30859375	2.39215684
795.31274414	2.39215684
795.31274414	2.39215684
795.31665039	2.39215684
795.32092285	2.39215684
795.32489014	2.39215684
795.32904053	2.39215684
795.33312988	2.39215684
795.33312988	2.39215684
795.33715820	2.39215684
795.34124756	2.39215684
795.34539795	2.39215684
795.34539795	2.39215684
795.34942627	2.39215684
795.35357666	2.39215684
795.35772705	2.39215684
795.35772705	2.39215684
795.36187744	2.39215684
795.36590576	2.39215684
795.36993408	2.39215684
795.37408447	2.39215684
795.37817383	2.39215684
795.37817383	2.39215684
795.38226318	2.39215684
795.38629150	2.39215684
795.39038086	2.39215684
795.39038086	2.39215684
795.39453125	2.39215684
795.39862061	2.39215684
795.40277100	2.39215684
795.40277100	2.39215684
795.40686035	2.39215684
795.41094971	2.39215684
795.41510010	2.39215684
795.41925049	2.39215684
795.42333984	2.37254906
795.42333984	2.35294127
795.42730713	2.37254906
795.43145752	2.37254906
795.43560791	2.37254906
795.43560791	2.37254906
795.43957520	2.37254906
795.44360352	2.37254906
795.44787598	2.37254906
795.44787598	2.37254906
795.45190430	2.37254906
795.45605469	2.37254906
795.46002197	2.37254906
795.46002197	2.37254906
795.46417236	2.37254906
795.46826172	2.37254906
795.46826172	2.37254906
795.47241211	2.37254906
795.47650146	2.39215684
795.48059082	2.39215684
795.48059082	2.39215684
795.48474121	2.39215684
795.48883057	2.39215684
795.49298096	2.39215684
795.49298096	2.39215684
795.49694824	2.39215684
795.50103760	2.39215684
795.50524902	2.39215684
795.50524902	2.39215684
795.50927734	2.39215684
795.51324463	2.41176462
795.51324463	2.41176462
795.51739502	2.41176462
795.52148438	2.41176462
795.52563477	2.41176462
795.52563477	2.41176462
795.52966309	2.41176462
795.53393555	2.41176462
795.53790283	2.41176462
795.53790283	2.43137264
795.54205322	2.43137264
795.54620361	2.43137264
795.55023193	2.43137264
795.55023193	2.43137264
795.55432129	2.43137264
795.55847168	2.43137264
795.55847168	2.43137264
795.56262207	2.43137264
795.56658936	2.43137264
795.57067871	2.43137264
795.57067871	2.43137264
795.57476807	2.43137264
795.57891846	2.43137264
795.58300781	2.43137264
795.58300781	2.45098042
795.58703613	2.45098042
795.59112549	2.45098042
795.59527588	2.45098042
795.59527588	2.43137264
795.59936523	2.43137264
795.60345459	2.43137264
795.60345459	2.43137264
795.60760498	2.43137264
795.61169434	2.43137264
795.61578369	2.43137264
795.61578369	2.43137264
795.61999512	2.43137264
795.62396240	2.43137264
795.62805176	2.43137264
795.62805176	2.43137264
795.63214111	2.43137264
795.63616943	2.41176462
795.64025879	2.41176462
795.64025879	2.41176462
795.64440918	2.41176462
795.64855957	2.41176462
795.65264893	2.39215684
795.65661621	2.39215684
795.66088867	2.39215684
795.66088867	2.39215684
795.66497803	2.39215684
795.66912842	2.37254906
795.67321777	2.37254906
795.67321777	2.37254906
795.67718506	2.37254906
795.68133545	2.37254906
795.68548584	2.37254906
795.68548584	2.37254906
795.68939209	2.37254906
795.69348145	2.35294127
795.69763184	2.35294127
795.70178223	2.35294127
795.70593262	2.35294127
795.70593262	2.35294127
795.70989990	2.35294127
795.71405029	2.35294127
795.71813965	2.35294127
795.71813965	2.35294127
795.72229004	2.35294127
795.72631836	2.35294127
795.73046875	2.35294127
795.73046875	2.35294127
795.73455811	2.35294127
795.73870850	2.35294127
795.74285889	2.35294127
795.74694824	2.35294127
795.75097656	2.35294127
795.75097656	2.35294127
795.75506592	2.35294127
795.75927734	2.35294127
795.76336670	2.35294127
795.76336670	2.35294127
795.76733398	2.35294127
795.77148438	2.35294127
795.77557373	2.35294127
795.77557373	2.35294127
795.77960205	2.35294127
795.78375244	2.35294127
795.78778076	2.35294127
795.79187012	2.35294127
795.79602051	2.35294127
795.79602051	2.35294127
795.80004883	2.37254906
795.80413818	2.37254906
795.80828857	2.37254906
795.80828857	2.37254906
795.81243896	2.37254906
795.81646729	2.37254906
795.82055664	2.37254906
795.82055664	2.37254906
795.82464600	2.37254906
795.82879639	2.37254906
795.83288574	2.37254906
795.83691406	2.37254906
795.84100342	2.37254906
795.84100342	2.37254906
795.84515381	2.37254906
795.84930420	2.37254906
795.85327148	2.39215684
795.85327148	2.39215684
795.85742188	2.39215684
795.86157227	2.39215684
795.86566162	2.39215684
795.86566162	2.39215684
795.86962891	2.39215684
795.87396240	2.39215684
795.87792969	2.39215684
795.88201904	2.39215684
795.88616943	2.39215684
795.88616943	2.39215684
795.89013672	2.39215684
795.89428711	2.39215684
795.89837646	2.39215684
795.89837646	2.39215684
795.90252686	2.39215684
795.90649414	2.39215684
795.91064453	2.41176462
795.91064453	2.41176462
795.91479492	2.41176462
795.91894531	2.41176462
795.92303467	2.41176462
795.92700195	2.41176462
795.93115234	2.41176462
795.93115234	2.41176462
795.93524170	2.41176462
795.93939209	2.41176462
795.94335938	2.43137264
795.94335938	2.43137264
795.94750977	2.43137264
795.95159912	2.43137264
795.95581055	2.43137264
795.95581055	2.43137264
795.95989990	2.43137264
795.96392822	2.43137264
795.96801758	2.43137264
795.97216797	2.45098042
795.97631836	2.45098042
795.97631836	2.45098042
795.98028564	2.45098042
795.98443604	2.45098042
795.98858643	2.45098042
795.98858643	2.45098042
795.99273682	2.45098042
795.99664307	2.45098042
796.00091553	2.47058821
796.00091553	2.47058821
796.00494385	2.47058821
796.00903320	2.47058821
796.01312256	2.47058821
796.01312256	2.47058821
796.01715088	2.47058821
796.02124023	2.47058821
796.02124023	2.47058821
796.02539063	2.47058821
796.02947998	2.47058821
796.03350830	2.47058821
796.03350830	2.47058821
796.03759766	2.47058821
796.04180908	2.47058821
796.04595947	2.47058821
796.04595947	2.47058821
796.04992676	2.47058821
796.05407715	2.47058821
796.05822754	2.47058821
796.05822754	2.47058821
796.06231689	2.47058821
796.06646729	2.47058821
796.06646729	2.47058821
796.07043457	2.47058821
796.07446289	2.47058821
796.07867432	2.47058821
796.07867432	2.47058821
796.08276367	2.45098042
796.08691406	2.45098042
796.09088135	2.45098042
796.09088135	2.45098042
796.09503174	2.45098042
796.09912109	2.43137264
796.10327148	2.43137264
796.10327148	2.43137264
796.10736084	2.43137264
796.11145020	2.43137264
796.11145020	2.43137264
796.11553955	2.41176462
796.11956787	2.41176462
796.12371826	2.41176462
796.12371826	2.41176462
796.12774658	2.41176462
796.13195801	2.41176462
796.13598633	2.41176462
796.13598633	2.41176462
796.14001465	2.41176462
796.14410400	2.39215684
796.14825439	2.39215684
796.14825439	2.39215684
796.15234375	2.39215684
796.15655518	2.39215684
796.15655518	2.39215684
796.16052246	2.39215684
796.16467285	2.39215684
796.16882324	2.37254906
796.16882324	2.37254906
796.17297363	2.37254906
796.17687988	2.37254906
796.18103027	2.37254906
796.18103027	2.37254906
796.18524170	2.37254906
796.18927002	2.37254906
796.19335938	2.37254906
796.19335938	2.37254906
796.19738770	2.37254906
796.20153809	2.37254906
796.20562744	2.39215684
796.20965576	2.39215684
796.21386719	2.39215684
796.21386719	2.39215684
796.21789551	2.39215684
796.22204590	2.39215684
796.22613525	2.39215684
796.22613525	2.41176462
796.23016357	2.41176462
796.23431396	2.41176462
796.23846436	2.41176462
796.23846436	2.41176462
796.24261475	2.41176462
796.24670410	2.41176462
796.25067139	2.43137264
796.25482178	2.43137264
796.25885010	2.43137264
796.25885010	2.43137264
796.26287842	2.43137264
796.26702881	2.43137264
796.27111816	2.45098042
796.27111816	2.45098042
796.27526855	2.45098042
796.27935791	2.45098042
796.28338623	2.45098042
796.28338623	2.45098042
796.28747559	2.45098042
796.29168701	2.45098042
796.29583740	2.47058821
796.29998779	2.47058821
796.30389404	2.47058821
796.30389404	2.47058821
796.30804443	2.47058821
796.31219482	2.47058821
796.31634521	2.47058821
796.31634521	2.47058821
796.32031250	2.47058821
796.32434082	2.49019599
796.32849121	2.49019599
796.32849121	2.49019599
796.33264160	2.49019599
796.33666992	2.49019599
796.34088135	2.49019599
796.34490967	2.49019599
796.34899902	2.49019599
796.34899902	2.49019599
796.35308838	2.49019599
796.35717773	2.49019599
796.36132813	2.49019599
796.36132813	2.50980401
796.36541748	2.50980401
796.36956787	2.50980401
796.37359619	2.50980401
796.37359619	2.50980401
796.37762451	2.50980401
796.38177490	2.50980401
796.38586426	2.50980401
796.38989258	2.50980401
796.39398193	2.50980401
796.39398193	2.50980401
796.39813232	2.50980401
796.40228271	2.50980401
796.40637207	2.50980401
796.40637207	2.50980401
796.41040039	2.50980401
796.41461182	2.50980401
796.41870117	2.50980401
796.41870117	2.50980401
796.42285156	2.50980401
796.42694092	2.50980401
796.43096924	2.50980401
796.43505859	2.50980401
796.43914795	2.50980401
796.43914795	2.50980401
796.44311523	2.50980401
796.44726563	2.50980401
796.45135498	2.50980401
796.45135498	2.50980401
796.45550537	2.50980401
796.45947266	2.50980401
796.46362305	2.50980401
796.46362305	2.50980401
796.46777344	2.50980401
796.47192383	2.50980401
796.47607422	2.50980401
796.48004150	2.50980401
796.48419189	2.50980401
796.48419189	2.49019599
796.48834229	2.49019599
796.49249268	2.49019599
796.49658203	2.49019599
796.49658203	2.49019599
796.50054932	2.49019599
796.50469971	2.49019599
796.50885010	2.49019599
796.50885010	2.49019599
796.51300049	2.49019599
796.51696777	2.49019599
796.52105713	2.47058821
796.52526855	2.47058821
796.52935791	2.47058821
796.52935791	2.47058821
796.53338623	2.47058821
796.53735352	2.47058821
796.54150391	2.47058821
796.54150391	2.47058821
796.54565430	2.47058821
796.54968262	2.47058821
796.55389404	2.47058821
796.55389404	2.45098042
796.55786133	2.45098042
796.56201172	2.45098042
796.56616211	2.45098042
796.56616211	2.45098042
796.57012939	2.45098042
796.57421875	2.45098042
796.57421875	2.45098042
796.57836914	2.45098042
796.58264160	2.45098042
796.58660889	2.45098042
796.58660889	2.43137264
796.59063721	2.43137264
796.59472656	2.43137264
796.59887695	2.43137264
796.59887695	2.43137264
796.60290527	2.43137264
796.60705566	2.43137264
796.61120605	2.43137264
796.61120605	2.43137264
796.61529541	2.43137264
796.61944580	2.43137264
796.61944580	2.43137264
796.62341309	2.43137264
796.62750244	2.43137264
796.63159180	2.43137264
796.63159180	2.43137264
796.63580322	2.43137264
796.63989258	2.43137264
796.64392090	2.43137264
796.64392090	2.43137264
796.64801025	2.43137264
796.65216064	2.43137264
796.65625000	2.43137264
796.65625000	2.45098042
796.66027832	2.45098042
796.66442871	2.45098042
796.66442871	2.45098042
796.66857910	2.45098042
796.67272949	2.45098042
796.67669678	2.45098042
796.67669678	2.45098042
796.68096924	2.45098042
796.68493652	2.45098042
796.68902588	2.45098042
796.68902588	2.47058821
796.69305420	2.47058821
796.69714355	2.47058821
796.70123291	2.47058821
796.70123291	2.47058821
796.70538330	2.47058821
796.70947266	2.47058821
796.70947266	2.47058821
796.71350098	2.47058821
796.71765137	2.47058821
796.72180176	2.47058821
796.72180176	2.47058821
796.72595215	2.49019599
796.72991943	2.49019599
796.73406982	2.49019599
796.73406982	2.49019599
796.73815918	2.49019599
796.74230957	2.49019599
796.74645996	2.49019599
796.74645996	2.49019599
796.75042725	2.49019599
796.75457764	2.49019599
796.75866699	2.49019599
796.76275635	2.47058821
796.76690674	2.47058821
796.76690674	2.47058821
796.77087402	2.47058821
796.77502441	2.47058821
796.77911377	2.47058821
796.77911377	2.47058821
796.78314209	2.47058821
796.78723145	2.47058821
796.79138184	2.47058821
796.79138184	2.47058821
796.79559326	2.47058821
796.79968262	2.47058821
796.80364990	2.47058821
796.80780029	2.47058821
796.81195068	2.47058821
796.81195068	2.47058821
796.81604004	2.47058821
796.82000732	2.45098042
796.82409668	2.45098042
796.82409668	2.45098042
796.82824707	2.45098042
796.83233643	2.45098042
796.83654785	2.45098042
796.83654785	2.45098042
796.84051514	2.45098042
796.84466553	2.45098042
796.84869385	2.45098042
796.85290527	2.45098042
796.85699463	2.45098042
796.85699463	2.45098042
796.86108398	2.45098042
796.86529541	2.43137264
796.86932373	2.43137264
796.86932373	2.43137264
796.87329102	2.43137264
796.87744141	2.43137264
796.88153076	2.43137264
796.88153076	2.43137264
796.88562012	2.43137264
796.88964844	2.43137264
796.89385986	2.43137264
796.89788818	2.43137264
796.90197754	2.43137264
796.90197754	2.41176462
796.90612793	2.41176462
796.91009521	2.41176462
796.91430664	2.41176462
796.91430664	2.41176462
796.91845703	2.41176462
796.92254639	2.41176462
796.92669678	2.41176462
796.92669678	2.41176462
796.93066406	2.41176462
796.93481445	2.41176462
796.93890381	2.41176462
796.94287109	2.41176462
796.94702148	2.41176462
796.94702148	2.41176462
796.95111084	2.41176462
796.95526123	2.41176462
796.95935059	2.41176462
796.95935059	2.41176462
796.96337891	2.41176462
796.96752930	2.41176462
796.97167969	2.41176462
796.97167969	2.41176462
796.97583008	2.41176462
796.97998047	2.41176462
796.98394775	2.41176462
796.98803711	2.41176462
796.99218750	2.41176462
796.99218750	2.41176462
796.99621582	2.41176462
797.00030518	2.41176462
797.00439453	2.41176462
797.00439453	2.41176462
797.00854492	2.41176462
797.01263428	2.43137264
797.01660156	2.43137264
797.01660156	2.43137264
797.02087402	2.43137264
797.02484131	2.43137264
797.02899170	2.43137264
797.03302002	2.45098042
797.03710938	2.45098042
797.03710938	2.45098042
797.04125977	2.45098042
797.04547119	2.45098042
797.04949951	2.45098042
797.04949951	2.45098042
797.05352783	2.45098042
797.05773926	2.45098042
797.06182861	2.45098042
797.06182861	2.45098042
797.06591797	2.45098042
797.06988525	2.45098042
797.07397461	2.45098042
797.07397461	2.45098042
797.07812500	2.45098042
797.08221436	2.45098042
797.08221436	2.45098042
797.08624268	2.45098042
797.09039307	2.43137264
797.09448242	2.43137264
797.09448242	2.43137264
797.09857178	2.43137264
797.10284424	2.43137264
797.10699463	2.43137264
797.10699463	2.43137264
797.11096191	2.43137264
797.11505127	2.43137264
797.11920166	2.43137264
797.11920166	2.43137264
797.12316895	2.43137264
797.12725830	2.43137264
797.12725830	2.43137264
797.13140869	2.43137264
797.13549805	2.43137264
797.13964844	2.43137264
797.13964844	2.43137264
797.14361572	2.43137264
797.14776611	2.43137264
797.15185547	2.43137264
797.15185547	2.43137264
797.15600586	2.43137264
797.15997314	2.43137264
797.16418457	2.43137264
797.16418457	2.43137264
797.16833496	2.43137264
797.17242432	2.43137264
797.17242432	2.43137264
797.17645264	2.43137264
797.18054199	2.43137264
797.18469238	2.43137264
797.18469238	2.43137264
797.18878174	2.43137264
797.19287109	2.43137264
797.19689941	2.43137264
797.19689941	2.43137264
797.20098877	2.43137264
797.20513916	2.43137264
797.20922852	2.43137264
797.20922852	2.43137264
797.21325684	2.43137264
797.21740723	2.43137264
797.21740723	2.41176462
797.22155762	2.41176462
797.22570801	2.41176462
797.22985840	2.41176462
797.22985840	2.41176462
797.23394775	2.41176462
797.23791504	2.41176462
797.24206543	2.41176462
797.24206543	2.41176462
797.24609375	2.41176462
797.25018311	2.41176462
797.25433350	2.41176462
797.25433350	2.41176462
797.25836182	2.41176462
797.26251221	2.41176462
797.26647949	2.41176462
797.27062988	2.41176462
797.27471924	2.41176462
797.27471924	2.41176462
797.27886963	2.41176462
797.28289795	2.41176462
797.28698730	2.41176462
797.28698730	2.41176462
797.29113770	2.41176462
797.29534912	2.41176462
797.29937744	2.41176462
797.29937744	2.41176462
797.30340576	2.41176462
797.30755615	2.41176462
797.31170654	2.41176462
797.31579590	2.41176462
797.31988525	2.41176462
797.31988525	2.41176462
797.32385254	2.41176462
797.32800293	2.41176462
797.33215332	2.41176462
797.33215332	2.41176462
797.33612061	2.41176462
797.34020996	2.43137264
797.34436035	2.43137264
797.34436035	2.43137264
797.34851074	2.43137264
797.35266113	2.43137264
797.35668945	2.43137264
797.36096191	2.43137264
797.36492920	2.43137264
797.36492920	2.43137264
797.36907959	2.43137264
797.37304688	2.43137264
797.37719727	2.43137264
797.37719727	2.43137264
797.38128662	2.43137264
797.38537598	2.43137264
797.38952637	2.43137264
797.38952637	2.43137264
797.39349365	2.45098042
797.39764404	2.45098042
797.40173340	2.45098042
797.40588379	2.45098042
797.40985107	2.45098042
797.40985107	2.45098042
797.41400146	2.45098042
797.41815186	2.45098042
797.42230225	2.45098042
797.42230225	2.45098042
797.42633057	2.45098042
797.43041992	2.47058821
797.43450928	2.47058821
797.43450928	2.47058821
797.43865967	2.47058821
797.44274902	2.47058821
797.44683838	2.47058821
797.45086670	2.47058821
797.45501709	2.47058821
797.45501709	2.47058821
797.45910645	2.47058821
797.46313477	2.47058821
797.46722412	2.47058821
797.46722412	2.47058821
797.47137451	2.47058821
797.47558594	2.47058821
797.47967529	2.47058821
797.47967529	2.47058821
797.48364258	2.47058821
797.48779297	2.47058821
797.49188232	2.47058821
797.49609375	2.47058821
797.50018311	2.47058821
797.50018311	2.47058821
797.50421143	2.47058821
797.50823975	2.47058821
797.51239014	2.47058821
797.51239014	2.47058821
797.51635742	2.47058821
797.52050781	2.47058821
797.52459717	2.47058821
797.52459717	2.45098042
797.52874756	2.45098042
797.53283691	2.45098042
797.53686523	2.45098042
797.54095459	2.43137264
797.54522705	2.43137264
797.54522705	2.43137264
797.54925537	2.43137264
797.55328369	2.43137264
797.55743408	2.41176462
797.55743408	2.41176462
797.56152344	2.41176462
797.56561279	2.41176462
797.56976318	2.41176462
797.56976318	2.41176462
797.57385254	2.41176462
797.57788086	2.39215684
797.58197021	2.39215684
797.58612061	2.39215684
797.59014893	2.39215684
797.59014893	2.39215684
797.59423828	2.39215684
797.59838867	2.39215684
797.60253906	2.39215684
797.60253906	2.39215684
797.60656738	2.39215684
797.61065674	2.39215684
797.61480713	2.39215684
797.61480713	2.39215684
797.61895752	2.39215684
797.62292480	2.39215684
797.62707520	2.39215684
797.62707520	2.37254906
797.63116455	2.37254906
797.63525391	2.37254906
797.63525391	2.37254906
797.63940430	2.37254906
797.64337158	2.37254906
797.64752197	2.37254906
797.64752197	2.37254906
797.65161133	2.39215684
797.65576172	2.39215684
797.65985107	2.37254906
797.65985107	2.39215684
797.66387939	2.39215684
797.66809082	2.39215684
797.67218018	2.39215684
797.67218018	2.39215684
797.67620850	2.39215684
797.68029785	2.39215684
797.68029785	2.39215684
797.68438721	2.39215684
797.68853760	2.39215684
797.69262695	2.39215684
797.69262695	2.39215684
797.69659424	2.39215684
797.70074463	2.39215684
797.70483398	2.39215684
797.70483398	2.39215684
797.70898438	2.39215684
797.71301270	2.39215684
797.71716309	2.39215684
797.71716309	2.39215684
797.72125244	2.39215684
797.72546387	2.39215684
797.72546387	2.39215684
797.72955322	2.41176462
797.73358154	2.41176462
797.73773193	2.41176462
797.73773193	2.41176462
797.74182129	2.41176462
797.74597168	2.41176462
797.75006104	2.41176462
797.75006104	2.41176462
797.75396729	2.43137264
797.75811768	2.43137264
797.76220703	2.43137264
797.76220703	2.43137264
797.76623535	2.43137264
797.77038574	2.43137264
797.77038574	2.43137264
797.77447510	2.43137264
797.77862549	2.43137264
797.78277588	2.45098042
797.78277588	2.45098042
797.78692627	2.45098042
797.79095459	2.45098042
797.79504395	2.45098042
797.79504395	2.45098042
797.79913330	2.45098042
797.80316162	2.45098042
797.80731201	2.45098042
797.80731201	2.47058821
797.81140137	2.47058821
797.81549072	2.47058821
797.81964111	2.47058821
797.82360840	2.47058821
797.82788086	2.47058821
797.82788086	2.47058821
797.83184814	2.47058821
797.83599854	2.47058821
797.83996582	2.49019599
797.83996582	2.49019599
797.84411621	2.49019599
797.84820557	2.49019599
797.85241699	2.49019599
797.85241699	2.49019599
797.85644531	2.49019599
797.86053467	2.49019599
797.86468506	2.49019599
797.86883545	2.49019599
797.87292480	2.49019599
797.87292480	2.49019599
797.87695313	2.49019599
797.88104248	2.49019599
797.88513184	2.49019599
797.88513184	2.49019599
797.88922119	2.49019599
797.89324951	2.49019599
797.89733887	2.49019599
797.89733887	2.49019599
797.90148926	2.49019599
797.90563965	2.49019599
797.90960693	2.49019599
797.91387939	2.49019599
797.91796875	2.49019599
797.91796875	2.49019599
797.92205811	2.49019599
797.92620850	2.49019599
797.93017578	2.49019599
797.93017578	2.49019599
797.93432617	2.49019599
797.93835449	2.49019599
797.94250488	2.49019599
797.94250488	2.49019599
797.94647217	2.49019599
797.95068359	2.49019599
797.95483398	2.49019599
797.95892334	2.47058821
797.96307373	2.47058821
797.96307373	2.47058821
797.96710205	2.47058821
797.97125244	2.47058821
797.97534180	2.47058821
797.97534180	2.47058821
797.97937012	2.47058821
797.98339844	2.47058821
797.98748779	2.45098042
797.98748779	2.45098042
797.99163818	2.45098042
797.99578857	2.45098042
797.99987793	2.43137264
798.00384521	2.43137264
798.00799561	2.43137264
798.00799561	2.43137264
798.01208496	2.43137264
798.01623535	2.41176462
798.02026367	2.41176462
798.02026367	2.41176462
798.02435303	2.41176462
798.02850342	2.41176462
798.03259277	2.41176462
798.03259277	2.41176462
798.03662109	2.41176462
798.04095459	2.39215684
798.04492188	2.39215684
798.04901123	2.39215684
798.05322266	2.39215684
798.05322266	2.39215684
798.05718994	2.39215684
798.06134033	2.39215684
798.06536865	2.39215684
798.06536865	2.39215684
798.06945801	2.39215684
798.07360840	2.39215684
798.07769775	2.37254906
798.07769775	2.37254906
798.08178711	2.37254906
798.08593750	2.37254906
798.08996582	2.37254906
798.09405518	2.37254906
798.09808350	2.37254906
798.09808350	2.37254906
798.10223389	2.37254906
798.10620117	2.37254906
798.11035156	2.37254906
798.11035156	2.37254906
798.11450195	2.37254906
798.11865234	2.37254906
798.12280273	2.37254906
798.12280273	2.37254906
798.12695313	2.39215684
798.13085938	2.39215684
798.13500977	2.39215684
798.13500977	2.39215684
798.13909912	2.39215684
798.14324951	2.39215684
798.14324951	2.39215684
798.14721680	2.39215684
798.15136719	2.39215684
798.15551758	2.39215684
798.15551758	2.39215684
798.15948486	2.41176462
798.16363525	2.41176462
798.16796875	2.41176462
798.16796875	2.41176462
798.17193604	2.41176462
798.17608643	2.41176462
798.18017578	2.41176462
798.18017578	2.41176462
798.18420410	2.43137264
798.18823242	2.43137264
798.18823242	2.43137264
798.19238281	2.43137264
798.19635010	2.43137264
798.20050049	2.43137264
798.20050049	2.43137264
798.20458984	2.43137264
798.20874023	2.45098042
798.21282959	2.45098042
798.21282959	2.45098042
798.21685791	2.45098042
798.22100830	2.45098042
798.22521973	2.45098042
798.22521973	2.45098042
798.22924805	2.45098042
798.23339844	2.45098042
798.23339844	2.45098042
798.23742676	2.45098042
798.24157715	2.45098042
798.24566650	2.45098042
798.24566650	2.47058821
798.24969482	2.47058821
798.25396729	2.47058821
798.25793457	2.47058821
798.25793457	2.47058821
798.26208496	2.47058821
798.26617432	2.47058821
798.27020264	2.47058821
798.27020264	2.47058821
798.27435303	2.47058821
798.27838135	2.47058821
798.27838135	2.47058821
798.28247070	2.47058821
798.28649902	2.47058821
798.29058838	2.47058821
798.29058838	2.47058821
798.29473877	2.47058821
798.29882813	2.47058821
798.30297852	2.47058821
798.30297852	2.47058821
798.30706787	2.47058821
798.31115723	2.47058821
798.31530762	2.47058821
798.31530762	2.47058821
798.31939697	2.47058821
798.32336426	2.47058821
798.32745361	2.47058821
798.33160400	2.47058821
798.33575439	2.47058821
798.33575439	2.47058821
798.33984375	2.47058821
798.34387207	2.47058821
798.34796143	2.47058821
798.34796143	2.45098042
798.35217285	2.45098042
798.35620117	2.45098042
798.36029053	2.45098042
798.36029053	2.45098042
798.36437988	2.45098042
798.36846924	2.45098042
798.37268066	2.45098042
798.37664795	2.45098042
798.38085938	2.45098042
798.38085938	2.45098042
798.38488770	2.45098042
798.38897705	2.45098042
798.39312744	2.45098042
798.39312744	2.45098042
798.39709473	2.45098042
798.40124512	2.43137264
798.40533447	2.43137264
798.40533447	2.43137264
798.40948486	2.43137264
798.41351318	2.43137264
798.41766357	2.43137264
798.42181396	2.43137264
798.42596436	2.43137264
798.42596436	2.43137264
798.42993164	2.43137264
798.43402100	2.43137264
798.43817139	2.43137264
798.43817139	2.43137264
798.44226074	2.41176462
798.44622803	2.41176462
798.45037842	2.41176462
798.45037842	2.41176462
798.45446777	2.41176462
798.45861816	2.41176462
798.46270752	2.41176462
798.46685791	2.41176462
798.47088623	2.41176462
798.47088623	2.41176462
798.47509766	2.41176462
798.47918701	2.41176462
798.48333740	2.41176462
798.48333740	2.41176462
798.48730469	2.41176462
798.49145508	2.41176462
798.49554443	2.41176462
798.49554443	2.41176462
798.49963379	2.41176462
798.50360107	2.41176462
798.50775146	2.41176462
798.51184082	2.41176462
798.51599121	2.41176462
798.51599121	2.41176462
798.51995850	2.41176462
798.52410889	2.41176462
798.52825928	2.41176462
798.52825928	2.41176462
798.53234863	2.41176462
798.53643799	2.41176462
798.54052734	2.41176462
798.54052734	2.41176462
798.54467773	2.41176462
798.54870605	2.41176462
798.55291748	2.41176462
798.55688477	2.41176462
798.56103516	2.41176462
798.56103516	2.43137264
798.56518555	2.43137264
798.56921387	2.43137264
798.57336426	2.43137264
798.57336426	2.43137264
798.57733154	2.43137264
798.58154297	2.43137264
798.58569336	2.43137264
798.58569336	2.45098042
798.58966064	2.45098042
798.59393311	2.45098042
798.59796143	2.45098042
798.60211182	2.45098042
798.60620117	2.45098042
798.60620117	2.45098042
798.61016846	2.45098042
798.61431885	2.45098042
798.61846924	2.47058821
798.61846924	2.47058821
798.62255859	2.47058821
798.62652588	2.47058821
798.63067627	2.47058821
798.63067627	2.47058821
798.63488770	2.47058821
798.63897705	2.47058821
798.64306641	2.49019599
798.64703369	2.49019599
798.65118408	2.49019599
798.65118408	2.49019599
798.65533447	2.49019599
798.65942383	2.49019599
798.66345215	2.49019599
798.66345215	2.49019599
798.66754150	2.49019599
798.67175293	2.49019599
798.67584229	2.49019599
798.67584229	2.49019599
798.67999268	2.49019599
798.68395996	2.49019599
798.68811035	2.49019599
798.68811035	2.49019599
798.69219971	2.49019599
798.69635010	2.49019599
798.69635010	2.49019599
798.70031738	2.49019599
798.70440674	2.49019599
798.70861816	2.49019599
798.70861816	2.49019599
798.71270752	2.49019599
798.71673584	2.49019599
798.72094727	2.49019599
798.72094727	2.47058821
798.72491455	2.47058821
798.72900391	2.47058821
798.73309326	2.47058821
798.73309326	2.47058821
798.73712158	2.47058821
798.74121094	2.47058821
798.74121094	2.47058821
798.74536133	2.47058821
798.74951172	2.47058821
798.75354004	2.47058821
798.75354004	2.47058821
798.75762939	2.47058821
798.76177979	2.47058821
798.76586914	2.47058821
798.76586914	2.47058821
798.76989746	2.47058821
798.77398682	2.47058821
798.77813721	2.47058821
798.77813721	2.45098042
798.78222656	2.45098042
798.78643799	2.45098042
798.78643799	2.45098042
798.79040527	2.45098042
798.79455566	2.45098042
798.79870605	2.45098042
798.79870605	2.45098042
798.80279541	2.45098042
798.80694580	2.45098042
798.81091309	2.45098042
798.81091309	2.45098042
798.81506348	2.43137264
798.81909180	2.43137264
798.82324219	2.43137264
798.82324219	2.43137264
798.82720947	2.43137264
798.83135986	2.43137264
798.83135986	2.43137264
798.83551025	2.43137264
798.83947754	2.43137264
798.84362793	2.43137264
798.84362793	2.43137264
798.84771729	2.43137264
798.85192871	2.43137264
798.85607910	2.43137264
798.85607910	2.43137264
798.86004639	2.43137264
798.86419678	2.43137264
798.86828613	2.43137264
798.86828613	2.43137264
798.87243652	2.43137264
798.87658691	2.43137264
798.88049316	2.45098042
798.88464355	2.45098042
798.88873291	2.45098042
798.88873291	2.45098042
798.89282227	2.45098042
798.89685059	2.45098042
798.90100098	2.45098042
798.90100098	2.45098042
798.90509033	2.45098042
798.90924072	2.45098042
798.91326904	2.45098042
798.91326904	2.45098042
798.91741943	2.47058821
798.92156982	2.47058821
798.92565918	2.47058821
798.92968750	2.47058821
798.93395996	2.47058821
798.93395996	2.47058821
798.93792725	2.47058821
798.94201660	2.47058821
798.94610596	2.47058821
798.94610596	2.49019599
798.95013428	2.49019599
798.95422363	2.49019599
798.95837402	2.49019599
798.95837402	2.49019599
798.96246338	2.49019599
798.96649170	2.49019599
798.97058105	2.49019599
798.97479248	2.49019599
798.97894287	2.49019599
798.97894287	2.49019599
798.98297119	2.49019599
798.98699951	2.49019599
798.99114990	2.49019599
798.99114990	2.49019599
798.99530029	2.49019599
798.99938965	2.49019599
799.00335693	2.47058821
799.00335693	2.47058821
799.00750732	2.47058821
799.01159668	2.47058821
799.01574707	2.47058821
799.01983643	2.47058821
799.02386475	2.47058821
799.02386475	2.47058821
799.02795410	2.47058821
799.03210449	2.47058821
799.03619385	2.47058821
799.03619385	2.47058821
799.04028320	2.47058821
799.04443359	2.47058821
799.04852295	2.47058821
799.04852295	2.47058821
799.05267334	2.45098042
799.05664063	2.45098042
799.06091309	2.45098042
799.06494141	2.45098042
799.06896973	2.45098042
799.06896973	2.45098042
799.07299805	2.45098042
799.07708740	2.45098042
799.08123779	2.45098042
799.08123779	2.45098042
799.08532715	2.45098042
799.08935547	2.45098042
799.09350586	2.45098042
799.09350586	2.45098042
799.09759521	2.45098042
799.10180664	2.45098042
799.10589600	2.45098042
799.10992432	2.45098042
799.11401367	2.45098042
799.11401367	2.45098042
799.11822510	2.45098042
799.12231445	2.45098042
799.12646484	2.45098042
799.12646484	2.45098042
799.13037109	2.45098042
799.13452148	2.45098042
799.13861084	2.45098042
799.13861084	2.45098042
799.14270020	2.45098042
799.14685059	2.45098042
799.15087891	2.45098042
799.15496826	2.45098042
799.15911865	2.45098042
799.15911865	2.45098042
799.16314697	2.45098042
799.16729736	2.45098042
799.17144775	2.45098042
799.17144775	2.45098042
799.17553711	2.45098042
799.17956543	2.45098042
799.18365479	2.45098042
799.18365479	2.45098042
799.18780518	2.45098042
799.19189453	2.45098042
799.19598389	2.43137264
799.19598389	2.43137264
799.20001221	2.43137264
799.20410156	2.43137264
799.20410156	2.43137264
799.20825195	2.43137264
799.21234131	2.43137264
799.21649170	2.43137264
799.21649170	2.43137264
799.22045898	2.43137264
799.22467041	2.43137264
799.22875977	2.43137264
799.22875977	2.43137264
799.23291016	2.43137264
799.23687744	2.43137264
799.24102783	2.43137264
799.24102783	2.43137264
799.24517822	2.43137264
799.24926758	2.43137264
799.24926758	2.43137264
799.25323486	2.43137264
799.25732422	2.43137264
799.26147461	2.43137264
799.26147461	2.43137264
799.26562500	2.43137264
799.26965332	2.43137264
799.27386475	2.43137264
799.27386475	2.43137264
799.27789307	2.43137264
799.28198242	2.43137264
799.28613281	2.43137264
799.28613281	2.43137264
799.29016113	2.43137264
799.29425049	2.43137264
799.29425049	2.43137264
799.29840088	2.43137264
799.30255127	2.43137264
799.30670166	2.43137264
799.30670166	2.43137264
799.31066895	2.43137264
799.31475830	2.45098042
799.31884766	2.45098042
799.31884766	2.45098042
799.32287598	2.45098042
799.32702637	2.45098042
799.33111572	2.45098042
799.33111572	2.45098042
799.33520508	2.45098042
799.33935547	2.45098042
799.33935547	2.45098042
799.34332275	2.45098042
799.34747314	2.45098042
799.35162354	2.45098042
799.35162354	2.45098042
799.35577393	2.45098042
799.35992432	2.45098042
799.36395264	2.45098042
799.36395264	2.45098042
799.36810303	2.45098042
799.37219238	2.45098042
799.37628174	2.45098042
799.37628174	2.45098042
799.38024902	2.45098042
799.38433838	2.45098042
799.38848877	2.47058821
799.39257813	2.47058821
799.39672852	2.47058821
799.39672852	2.47058821
799.40087891	2.47058821
799.40484619	2.47058821
799.40899658	2.47058821
799.40899658	2.47058821
799.41302490	2.47058821
799.41717529	2.47058821
799.42126465	2.49019599
799.42126465	2.49019599
799.42541504	2.49019599
799.42956543	2.47058821
799.43347168	2.47058821
799.43762207	2.47058821
799.44171143	2.47058821
799.44171143	2.47058821
799.44586182	2.47058821
799.44989014	2.47058821
799.45397949	2.47058821
799.45397949	2.47058821
799.45806885	2.45098042
799.46221924	2.45098042
799.46636963	2.45098042
799.46636963	2.45098042
799.47033691	2.45098042
799.47448730	2.43137264
799.47863770	2.43137264
799.48272705	2.43137264
799.48687744	2.43137264
799.48687744	2.43137264
799.49090576	2.41176462
799.49493408	2.41176462
799.49908447	2.41176462
799.49908447	2.41176462
799.50311279	2.41176462
799.50720215	2.41176462
799.51135254	2.41176462
799.51135254	2.41176462
799.51550293	2.39215684
799.51959229	2.39215684
799.52355957	2.39215684
799.52770996	2.39215684
799.53186035	2.39215684
799.53186035	2.39215684
799.53601074	2.39215684
799.53997803	2.39215684
799.54412842	2.39215684
799.54412842	2.39215684
799.54827881	2.39215684
799.55242920	2.39215684
799.55657959	2.39215684
799.55657959	2.39215684
799.56054688	2.39215684
799.56469727	2.39215684
799.56878662	2.39215684
799.57287598	2.39215684
799.57684326	2.39215684
799.57684326	2.39215684
799.58099365	2.39215684
799.58508301	2.39215684
799.58923340	2.39215684
799.58923340	2.39215684
799.59320068	2.39215684
799.59735107	2.39215684
799.60150146	2.39215684
799.60150146	2.39215684
799.60565186	2.39215684
799.60968018	2.39215684
799.61395264	2.39215684
799.61791992	2.39215684
799.62200928	2.39215684
799.62200928	2.39215684
799.62603760	2.39215684
799.63012695	2.39215684
799.63421631	2.39215684
799.63421631	2.39215684
799.63836670	2.39215684
799.64245605	2.39215684
799.64660645	2.39215684
799.64660645	2.39215684
799.65057373	2.39215684
799.65472412	2.39215684
799.65881348	2.39215684
799.66290283	2.39215684
799.66705322	2.41176462
799.66705322	2.41176462
799.67120361	2.41176462
799.67529297	2.41176462
799.67944336	2.41176462
799.67944336	2.41176462
799.68341064	2.41176462
799.68756104	2.41176462
799.69165039	2.43137264
799.69165039	2.43137264
799.69573975	2.43137264
799.69982910	2.43137264
799.70385742	2.43137264
799.70794678	2.43137264
799.71209717	2.43137264
799.71209717	2.45098042
799.71612549	2.45098042
799.72021484	2.45098042
799.72436523	2.45098042
799.72436523	2.47058821
799.72857666	2.47058821
799.73260498	2.49019599
799.73663330	2.49019599
799.73663330	2.49019599
799.74090576	2.50980401
799.74493408	2.50980401
799.74902344	2.50980401
799.74902344	2.52941179
799.75299072	2.52941179
799.75708008	2.52941179
799.75708008	2.54901958
799.76123047	2.54901958
799.76531982	2.54901958
799.76947021	2.54901958
799.76947021	2.54901958
799.77343750	2.56862736
799.77758789	2.54901958
799.78173828	2.54901958
799.78173828	2.54901958
799.78588867	2.52941179
799.78979492	2.52941179
799.79400635	2.52941179
799.79400635	2.52941179
799.79809570	2.52941179
799.80224609	2.52941179
799.80224609	2.52941179
799.80627441	2.52941179
799.81036377	2.52941179
799.81445313	2.52941179
799.81445313	2.52941179
799.81866455	2.50980401
799.82275391	2.50980401
799.82684326	2.50980401
799.82684326	2.50980401
799.83087158	2.50980401
799.83496094	2.49019599
799.83911133	2.49019599
799.83911133	2.49019599
799.84307861	2.47058821
799.84722900	2.47058821
799.84722900	2.47058821
799.85131836	2.47058821
799.85546875	2.47058821
799.85955811	2.45098042
799.85955811	2.45098042
799.86358643	2.45098042
799.86773682	2.45098042
799.87188721	2.45098042
799.87188721	2.45098042
799.87603760	2.45098042
799.88000488	2.45098042
799.88409424	2.43137264
799.88409424	2.43137264
799.88824463	2.43137264
799.89233398	2.43137264
799.89233398	2.43137264
799.89636230	2.41176462
799.90051270	2.41176462
799.90460205	2.41176462
799.90460205	2.41176462
799.90869141	2.39215684
799.91290283	2.39215684
799.91687012	2.39215684
799.91687012	2.39215684
799.92102051	2.39215684
799.92517090	2.37254906
799.92926025	2.37254906
799.92926025	2.37254906
799.93322754	2.37254906
799.93737793	2.35294127
799.94146729	2.35294127
799.94561768	2.35294127
799.94970703	2.35294127
799.94970703	2.35294127
799.95385742	2.35294127
799.95782471	2.33333325
799.96197510	2.33333325
799.96197510	2.33333325
799.96606445	2.33333325
799.97009277	2.33333325
799.97424316	2.33333325
799.97424316	2.33333325
799.97839355	2.33333325
799.98248291	2.33333325
799.98651123	2.33333325
799.99066162	2.33333325
799.99493408	2.33333325
799.99493408	2.33333325
799.99884033	2.33333325
800.00286865	2.31372547
800.00695801	2.31372547
800.00695801	2.31372547
800.01110840	2.31372547
800.01519775	2.31372547
800.01934814	2.31372547
800.01934814	2.31372547
800.02331543	2.31372547
800.02746582	2.31372547
800.03161621	2.31372547
800.03570557	2.31372547
800.03991699	2.31372547
800.03991699	2.33333325
800.04388428	2.33333325
800.04803467	2.33333325
800.05218506	2.33333325
800.05218506	2.33333325
800.05627441	2.33333325
800.06024170	2.33333325
800.06439209	2.33333325
800.06439209	2.33333325
800.06854248	2.33333325
800.07257080	2.35294127
800.07659912	2.35294127
800.08093262	2.35294127
800.08496094	2.35294127
800.08496094	2.35294127
800.08905029	2.35294127
800.09301758	2.35294127
800.09716797	2.37254906
800.09716797	2.37254906
800.10137939	2.37254906
800.10540771	2.37254906
800.10955811	2.37254906
800.10955811	2.37254906
800.11352539	2.37254906
800.11767578	2.39215684
800.12182617	2.39215684
800.12591553	2.39215684
800.12994385	2.39215684
800.12994385	2.39215684
800.13403320	2.39215684
800.13824463	2.39215684
800.14233398	2.39215684
800.14233398	2.39215684
800.14636230	2.39215684
800.15045166	2.41176462
800.15460205	2.41176462
800.15460205	2.41176462
800.15875244	2.41176462
800.16284180	2.41176462
800.16699219	2.41176462
800.17095947	2.41176462
800.17510986	2.41176462
800.17510986	2.41176462
800.17919922	2.41176462
800.18322754	2.41176462
800.18731689	2.43137264
800.18731689	2.43137264
800.19146729	2.43137264
800.19555664	2.43137264
800.19970703	2.43137264
800.19970703	2.43137264
800.20367432	2.43137264
800.20794678	2.43137264
800.21197510	2.43137264
800.21606445	2.43137264
800.22003174	2.43137264
800.22003174	2.43137264
800.22418213	2.43137264
800.22827148	2.43137264
800.23236084	2.43137264
800.23236084	2.43137264
800.23632813	2.43137264
800.24053955	2.43137264
800.24456787	2.43137264
800.24456787	2.43137264
800.24877930	2.43137264
800.25286865	2.43137264
800.25683594	2.43137264
800.25683594	2.43137264
800.26098633	2.41176462
800.26507568	2.41176462
800.26507568	2.41176462
800.26922607	2.41176462
800.27319336	2.41176462
800.27734375	2.41176462
800.27734375	2.41176462
800.28143311	2.41176462
800.28564453	2.41176462
800.28979492	2.41176462
800.28979492	2.41176462
800.29394531	2.39215684
800.29791260	2.39215684
800.30200195	2.39215684
800.30200195	2.39215684
800.30615234	2.39215684
800.31011963	2.39215684
800.31011963	2.39215684
800.31427002	2.39215684
800.31842041	2.39215684
800.32250977	2.39215684
800.32250977	2.39215684
800.32647705	2.39215684
800.33062744	2.39215684
800.33471680	2.39215684
800.33471680	2.39215684
800.33886719	2.39215684
800.34283447	2.39215684
800.34698486	2.37254906
800.34698486	2.37254906
800.35107422	2.37254906
800.35522461	2.37254906
800.35522461	2.37254906
800.35943604	2.37254906
800.36340332	2.37254906
800.36755371	2.37254906
800.36755371	2.37254906
800.37164307	2.37254906
800.37579346	2.37254906
800.37988281	2.37254906
800.37988281	2.37254906
800.38385010	2.37254906
800.38793945	2.37254906
800.39208984	2.37254906
800.39208984	2.37254906
800.39605713	2.35294127
800.40026855	2.35294127
800.40026855	2.35294127
800.40435791	2.35294127
800.40850830	2.35294127
800.41259766	2.35294127
800.41259766	2.35294127
800.41662598	2.35294127
800.42089844	2.35294127
800.42492676	2.35294127
800.42492676	2.35294127
800.42907715	2.35294127
800.43304443	2.35294127
800.43713379	2.35294127
800.43713379	2.35294127
800.44122314	2.35294127
800.44531250	2.35294127
800.44531250	2.35294127
800.44934082	2.35294127
800.45343018	2.35294127
800.45758057	2.35294127
800.45758057	2.35294127
800.46173096	2.35294127
800.46588135	2.35294127
800.46997070	2.37254906
800.46997070	2.37254906
800.47399902	2.37254906
800.47814941	2.37254906
800.48223877	2.37254906
800.48223877	2.37254906
800.48626709	2.37254906
800.49041748	2.39215684
800.49450684	2.39215684
800.49871826	2.39215684
800.50274658	2.39215684
800.50274658	2.39215684
800.50683594	2.39215684
800.51086426	2.41176462
800.51495361	2.41176462
800.51495361	2.41176462
800.51910400	2.41176462
800.52307129	2.41176462
800.52722168	2.41176462
800.52722168	2.43137264
800.53131104	2.43137264
800.53552246	2.43137264
800.53967285	2.43137264
800.54364014	2.43137264
800.54791260	2.43137264
800.54791260	2.45098042
800.55194092	2.45098042
800.55603027	2.45098042
800.56018066	2.45098042
800.56018066	2.45098042
800.56414795	2.45098042
800.56829834	2.45098042
800.57238770	2.45098042
800.57238770	2.45098042
800.57629395	2.45098042
800.58044434	2.45098042
800.58459473	2.45098042
800.58874512	2.45098042
800.59283447	2.45098042
800.59283447	2.45098042
800.59686279	2.45098042
800.60095215	2.45098042
800.60510254	2.45098042
800.60510254	2.45098042
800.60925293	2.45098042
800.61328125	2.45098042
800.61737061	2.45098042
800.61737061	2.45098042
800.62152100	2.45098042
800.62567139	2.45098042
800.62969971	2.45098042
800.63385010	2.45098042
800.63781738	2.45098042
800.63781738	2.43137264
800.64196777	2.45098042
800.64605713	2.43137264
800.65008545	2.43137264
800.65008545	2.43137264
800.65417480	2.43137264
800.65838623	2.43137264
800.66247559	2.43137264
800.66247559	2.43137264
800.66656494	2.43137264
800.67065430	2.45098042
800.67480469	2.45098042
800.67889404	2.43137264
800.68304443	2.43137264
800.68304443	2.43137264
800.68701172	2.43137264
800.69110107	2.43137264
800.69519043	2.43137264
800.69519043	2.43137264
800.69934082	2.43137264
800.70330811	2.43137264
800.70745850	2.43137264
800.70745850	2.43137264
800.71160889	2.41176462
800.71569824	2.41176462
800.71984863	2.41176462
800.72387695	2.41176462
800.72802734	2.41176462
800.72802734	2.41176462
800.73217773	2.41176462
800.73614502	2.41176462
800.74029541	2.41176462
800.74029541	2.41176462
800.74438477	2.41176462
800.74853516	2.41176462
800.75262451	2.41176462
800.75262451	2.41176462
800.75659180	2.41176462
800.76086426	2.41176462
800.76483154	2.41176462
800.76898193	2.41176462
800.77307129	2.41176462
800.77307129	2.43137264
800.77709961	2.43137264
800.78118896	2.43137264
800.78540039	2.43137264
800.78540039	2.43137264
800.78942871	2.43137264
800.79351807	2.43137264
800.79760742	2.43137264
800.79760742	2.43137264
800.80181885	2.43137264
800.80590820	2.43137264
800.80999756	2.43137264
800.80999756	2.43137264
800.81396484	2.43137264
800.81817627	2.43137264
800.81817627	2.43137264
800.82226563	2.43137264
800.82623291	2.43137264
800.83032227	2.43137264
800.83032227	2.43137264
800.83447266	2.43137264
800.83856201	2.43137264
800.84271240	2.43137264
800.84271240	2.43137264
800.84686279	2.43137264
800.85083008	2.45098042
800.85504150	2.45098042
800.85504150	2.45098042
800.85913086	2.45098042
800.86322021	2.45098042
800.86322021	2.45098042
800.86730957	2.45098042
800.87133789	2.45098042
800.87554932	2.45098042
800.87554932	2.45098042
800.87957764	2.45098042
800.88360596	2.45098042
800.88781738	2.45098042
800.88781738	2.45098042
800.89184570	2.45098042
800.89593506	2.45098042
800.89996338	2.45098042
800.89996338	2.45098042
800.90405273	2.45098042
800.90820313	2.45098042
800.90820313	2.45098042
800.91229248	2.45098042
800.91644287	2.45098042
800.92053223	2.45098042
800.92053223	2.45098042
800.92468262	2.45098042
800.92877197	2.45098042
800.93286133	2.45098042
800.93286133	2.45098042
800.93688965	2.45098042
800.94097900	2.43137264
800.94506836	2.43137264
800.94506836	2.43137264
800.94921875	2.43137264
800.95330811	2.43137264
800.95330811	2.43137264
800.95733643	2.43137264
800.96142578	2.43137264
800.96557617	2.43137264
800.96557617	2.43137264
800.96972656	2.43137264
800.97381592	2.43137264
800.97790527	2.43137264
800.97790527	2.43137264
800.98211670	2.43137264
800.98614502	2.43137264
800.99011230	2.43137264
800.99011230	2.43137264
800.99426270	2.43137264
800.99841309	2.43137264
801.00250244	2.43137264
801.00646973	2.43137264
801.01055908	2.43137264
801.01055908	2.43137264
801.01470947	2.43137264
801.01885986	2.43137264
801.02301025	2.43137264
801.02301025	2.43137264
801.02697754	2.43137264
801.03106689	2.43137264
801.03527832	2.43137264
801.03527832	2.43137264
801.03936768	2.43137264
801.04339600	2.43137264
801.04748535	2.43137264
801.05163574	2.43137264
801.05572510	2.43137264
801.05572510	2.43137264
801.05993652	2.43137264
801.06390381	2.43137264
801.06805420	2.43137264
801.06805420	2.43137264
801.07208252	2.43137264
801.07617188	2.43137264
801.08020020	2.43137264
801.08020020	2.43137264
801.08435059	2.43137264
801.08843994	2.43137264
801.09259033	2.43137264
801.09655762	2.43137264
801.10083008	2.43137264
801.10083008	2.43137264
801.10485840	2.43137264
801.10906982	2.43137264
801.11315918	2.43137264
801.11315918	2.43137264
801.11718750	2.43137264
801.12127686	2.43137264
801.12542725	2.43137264
801.12542725	2.43137264
801.12957764	2.43137264
801.13348389	2.43137264
801.13757324	2.43137264
801.14172363	2.43137264
801.14581299	2.43137264
801.14581299	2.43137264
801.14984131	2.43137264
801.15393066	2.43137264
801.15808105	2.43137264
801.15808105	2.43137264
801.16217041	2.43137264
801.16625977	2.43137264
801.17041016	2.43137264
801.17041016	2.43137264
801.17449951	2.43137264
801.17864990	2.43137264
801.18273926	2.45098042
801.18688965	2.45098042
801.19085693	2.47058821
801.19085693	2.47058821
801.19494629	2.47058821
801.19909668	2.49019599
801.20318604	2.49019599
801.20318604	2.49019599
801.20721436	2.49019599
801.21130371	2.50980401
801.21551514	2.50980401
801.21551514	2.50980401
801.21948242	2.50980401
801.22357178	2.52941179
801.22772217	2.52941179
801.23181152	2.52941179
801.23602295	2.54901958
801.23602295	2.54901958
801.23992920	2.54901958
801.24414063	2.54901958
801.24829102	2.54901958
801.24829102	2.56862736
801.25238037	2.56862736
801.25628662	2.56862736
801.26049805	2.56862736
801.26049805	2.56862736
801.26458740	2.58823538
801.26873779	2.58823538
801.27282715	2.58823538
801.27685547	2.58823538
801.28094482	2.58823538
801.28094482	2.58823538
801.28515625	2.60784316
801.28918457	2.60784316
801.29321289	2.60784316
801.29321289	2.60784316
801.29736328	2.60784316
801.30151367	2.60784316
801.30566406	2.60784316
801.30566406	2.60784316
801.30969238	2.60784316
801.31390381	2.60784316
801.31781006	2.60784316
801.32202148	2.60784316
801.32611084	2.60784316
801.32611084	2.60784316
801.33007813	2.60784316
801.33422852	2.60784316
801.33831787	2.60784316
801.33831787	2.60784316
801.34246826	2.60784316
801.34643555	2.58823538
801.35058594	2.58823538
801.35058594	2.58823538
801.35473633	2.58823538
801.35888672	2.56862736
801.36297607	2.56862736
801.36297607	2.56862736
801.36694336	2.56862736
801.37109375	2.56862736
801.37109375	2.54901958
801.37530518	2.54901958
801.37939453	2.54901958
801.38348389	2.54901958
801.38348389	2.54901958
801.38745117	2.54901958
801.39160156	2.52941179
801.39569092	2.52941179
801.39569092	2.52941179
801.39990234	2.52941179
801.40380859	2.52941179
801.40795898	2.52941179
801.40795898	2.52941179
801.41204834	2.52941179
801.41619873	2.52941179
801.41619873	2.52941179
801.42022705	2.52941179
801.42437744	2.52941179
801.42852783	2.52941179
801.42852783	2.52941179
801.43261719	2.52941179
801.43664551	2.52941179
801.44085693	2.52941179
801.44085693	2.52941179
801.44482422	2.52941179
801.44897461	2.52941179
801.45306396	2.52941179
801.45306396	2.52941179
801.45709229	2.52941179
801.46118164	2.52941179
801.46118164	2.52941179
801.46539307	2.52941179
801.46948242	2.52941179
801.47351074	2.52941179
801.47351074	2.52941179
801.47766113	2.52941179
801.48181152	2.52941179
801.48590088	2.52941179
801.48590088	2.52941179
801.48980713	2.52941179
801.49401855	2.52941179
801.49816895	2.52941179
801.49816895	2.52941179
801.50219727	2.52941179
801.50634766	2.52941179
801.50634766	2.52941179
801.51031494	2.52941179
801.51446533	2.54901958
801.51861572	2.56862736
801.51861572	2.56862736
801.52270508	2.56862736
801.52685547	2.56862736
801.53082275	2.58823538
801.53082275	2.58823538
801.53497314	2.58823538
801.53912354	2.60784316
801.54327393	2.60784316
801.54327393	2.60784316
801.54724121	2.62745094
801.55139160	2.64705873
801.55554199	2.66666675
801.55950928	2.66666675
801.56365967	2.66666675
801.56365967	2.68627453
801.56781006	2.68627453
801.57183838	2.68627453
801.57592773	2.68627453
801.57592773	2.70588231
801.57995605	2.70588231
801.58410645	2.70588231
801.58819580	2.72549009
801.58819580	2.72549009
801.59234619	2.72549009
801.59643555	2.72549009
801.60046387	2.74509811
801.60461426	2.74509811
801.60876465	2.74509811
801.60876465	2.74509811
801.61291504	2.74509811
801.61688232	2.76470590
801.62103271	2.76470590
801.62103271	2.76470590
801.62518311	2.76470590
801.62927246	2.76470590
801.63323975	2.76470590
801.63323975	2.78431368
801.63732910	2.78431368
801.64147949	2.78431368
801.64556885	2.78431368
801.64959717	2.78431368
801.65380859	2.78431368
801.65380859	2.78431368
801.65783691	2.78431368
801.66192627	2.78431368
801.66613770	2.78431368
801.66613770	2.78431368
801.67010498	2.78431368
801.67425537	2.78431368
801.67840576	2.78431368
801.67840576	2.78431368
801.68249512	2.76470590
801.68664551	2.76470590
801.69061279	2.76470590
801.69470215	2.76470590
801.69879150	2.74509811
801.69879150	2.74509811
801.70281982	2.74509811
801.70697021	2.72549009
801.71105957	2.72549009
801.71105957	2.72549009
801.71520996	2.72549009
801.71936035	2.68627453
801.72332764	2.64705873
801.72332764	2.64705873
801.72753906	2.62745094
801.73162842	2.62745094
801.73577881	2.60784316
801.73986816	2.60784316
801.74389648	2.58823538
801.74389648	2.58823538
801.74798584	2.58823538
801.75213623	2.56862736
801.75622559	2.56862736
801.75622559	2.56862736
801.76019287	2.56862736
801.76434326	2.56862736
801.76849365	2.58823538
801.76849365	2.58823538
801.77258301	2.58823538
801.77655029	2.58823538
801.78082275	2.58823538
801.78485107	2.58823538
801.78894043	2.58823538
801.78894043	2.58823538
801.79290771	2.58823538
801.79718018	2.58823538
801.80126953	2.56862736
801.80126953	2.56862736
801.80541992	2.56862736
801.80950928	2.56862736
801.81353760	2.56862736
801.81353760	2.56862736
801.81762695	2.56862736
801.82177734	2.54901958
801.82592773	2.54901958
801.82995605	2.54901958
801.83404541	2.50980401
801.83404541	2.49019599
801.83819580	2.47058821
801.84228516	2.47058821
801.84637451	2.45098042
801.84637451	2.45098042
801.85034180	2.45098042
801.85443115	2.43137264
801.85858154	2.43137264
801.85858154	2.43137264
801.86267090	2.41176462
801.86682129	2.41176462
801.87078857	2.41176462
801.87078857	2.41176462
801.87500000	2.41176462
801.87915039	2.41176462
801.87915039	2.39215684
801.88311768	2.39215684
801.88720703	2.39215684
801.89135742	2.39215684
801.89135742	2.39215684
801.89544678	2.39215684
801.89959717	2.39215684
801.90356445	2.39215684
801.90356445	2.39215684
801.90771484	2.39215684
801.91180420	2.39215684
801.91601563	2.39215684
801.91601563	2.39215684
801.91998291	2.41176462
801.92413330	2.43137264
801.92413330	2.43137264
801.92828369	2.43137264
801.93231201	2.45098042
801.93652344	2.45098042
801.93652344	2.49019599
801.94049072	2.50980401
801.94458008	2.50980401
801.94879150	2.52941179
801.94879150	2.54901958
801.95281982	2.54901958
801.95678711	2.56862736
801.96093750	2.56862736
801.96093750	2.58823538
801.96508789	2.60784316
801.96923828	2.60784316
801.96923828	2.62745094
801.97320557	2.62745094
801.97741699	2.64705873
801.98150635	2.64705873
801.98150635	2.66666675
801.98565674	2.70588231
801.98962402	2.72549009
801.99389648	2.72549009
801.99389648	2.74509811
801.99786377	2.76470590
802.00195313	2.76470590
802.00604248	2.78431368
802.00604248	2.78431368
802.01007080	2.80392146
802.01416016	2.80392146
802.01416016	2.82352948
802.01831055	2.82352948
802.02246094	2.82352948
802.02661133	2.84313726
802.02661133	2.84313726
802.03057861	2.84313726
802.03472900	2.84313726
802.03887939	2.86274505
802.03887939	2.86274505
802.04290771	2.86274505
802.04699707	2.86274505
802.05114746	2.86274505
802.05114746	2.88235283
802.05529785	2.88235283
802.05938721	2.88235283
802.06335449	2.88235283
802.06750488	2.78431368
802.07159424	2.82352948
802.07159424	2.82352948
802.07568359	2.80392146
802.07983398	2.80392146
802.08380127	2.80392146
802.08380127	2.72549009
802.08795166	2.72549009
802.09204102	2.70588231
802.09619141	2.68627453
802.09619141	2.64705873
802.10021973	2.64705873
802.10437012	2.62745094
802.10852051	2.60784316
802.11267090	2.58823538
802.11663818	2.56862736
802.11663818	2.56862736
802.12091064	2.54901958
802.12487793	2.54901958
802.12902832	2.52941179
802.12902832	2.52941179
802.13299561	2.50980401
802.13708496	2.50980401
802.14117432	2.50980401
802.14117432	2.49019599
802.14532471	2.49019599
802.14947510	2.49019599
802.15344238	2.47058821
802.15759277	2.47058821
802.16168213	2.45098042
802.16168213	2.45098042
802.16583252	2.45098042
802.16979980	2.45098042
802.17401123	2.43137264
802.17401123	2.43137264
802.17810059	2.43137264
802.18218994	2.43137264
802.18640137	2.41176462
802.18640137	2.41176462
802.19042969	2.41176462
802.19445801	2.41176462
802.19854736	2.41176462
802.20269775	2.39215684
802.20678711	2.39215684
802.20678711	2.39215684
802.21081543	2.39215684
802.21496582	2.39215684
802.21905518	2.39215684
802.21905518	2.39215684
802.22308350	2.39215684
802.22729492	2.37254906
802.23138428	2.37254906
802.23138428	2.37254906
802.23553467	2.37254906
802.23962402	2.37254906
802.24365234	2.37254906
802.24774170	2.37254906
802.25183105	2.37254906
802.25183105	2.37254906
802.25592041	2.37254906
802.25994873	2.37254906
802.26403809	2.37254906
802.26403809	2.37254906
802.26818848	2.37254906
802.27233887	2.37254906
802.27642822	2.37254906
802.27642822	2.37254906
802.28045654	2.37254906
802.28460693	2.37254906
802.28875732	2.37254906
802.29290771	2.37254906
802.29687500	2.37254906
802.29687500	2.37254906
802.30102539	2.37254906
802.30517578	2.37254906
802.30926514	2.37254906
802.30926514	2.37254906
802.31323242	2.37254906
802.31732178	2.37254906
802.32141113	2.37254906
802.32141113	2.37254906
802.32556152	2.37254906
802.32958984	2.37254906
802.33380127	2.37254906
802.33782959	2.37254906
802.34191895	2.37254906
802.34191895	2.37254906
802.34606934	2.37254906
802.35003662	2.37254906
802.35418701	2.37254906
802.35418701	2.37254906
802.35839844	2.37254906
802.36248779	2.37254906
802.36663818	2.37254906
802.36663818	2.37254906
802.37060547	2.37254906
802.37475586	2.37254906
802.37884521	2.37254906
802.37884521	2.37254906
802.38281250	2.37254906
802.38696289	2.37254906
802.38696289	2.39215684
802.39117432	2.39215684
802.39526367	2.39215684
802.39941406	2.39215684
802.39941406	2.39215684
802.40338135	2.39215684
802.40753174	2.39215684
802.41162109	2.39215684
802.41162109	2.39215684
802.41577148	2.39215684
802.41992188	2.39215684
802.42388916	2.39215684
802.42388916	2.39215684
802.42803955	2.39215684
802.43231201	2.39215684
802.43231201	2.39215684
802.43615723	2.39215684
802.44024658	2.39215684
802.44439697	2.39215684
802.44439697	2.39215684
802.44860840	2.39215684
802.45269775	2.39215684
802.45684814	2.39215684
802.45684814	2.39215684
802.46081543	2.39215684
802.46496582	2.39215684
802.46905518	2.39215684
802.46905518	2.39215684
802.47308350	2.39215684
802.47717285	2.39215684
802.47717285	2.39215684
802.48132324	2.39215684
802.48547363	2.39215684
802.48956299	2.39215684
802.48956299	2.39215684
802.49353027	2.39215684
802.49768066	2.39215684
802.50183105	2.39215684
802.50183105	2.39215684
802.50592041	2.39215684
802.50988770	2.39215684
802.51403809	2.39215684
802.51403809	2.39215684
802.51812744	2.39215684
802.52227783	2.39215684
802.52227783	2.39215684
802.52630615	2.39215684
802.53039551	2.39215684
802.53448486	2.39215684
802.53448486	2.39215684
802.53863525	2.39215684
802.54272461	2.39215684
802.54681396	2.39215684
802.54681396	2.39215684
802.55084229	2.39215684
802.55493164	2.39215684
802.55908203	2.37254906
802.55908203	2.37254906
802.56311035	2.37254906
802.56719971	2.37254906
802.56719971	2.37254906
802.57135010	2.37254906
802.57543945	2.37254906
802.57958984	2.37254906
802.57958984	2.37254906
802.58355713	2.37254906
802.58770752	2.37254906
802.59179688	2.37254906
802.59179688	2.37254906
802.59594727	2.37254906
802.59997559	2.37254906
802.60412598	2.37254906
802.60412598	2.37254906
802.60827637	2.37254906
802.61242676	2.37254906
802.61639404	2.37254906
802.62048340	2.37254906
802.62463379	2.37254906
802.62463379	2.37254906
802.62878418	2.37254906
802.63293457	2.37254906
802.63696289	2.37254906
802.63696289	2.37254906
802.64099121	2.37254906
802.64514160	2.37254906
802.64929199	2.37254906
802.64929199	2.37254906
802.65332031	2.37254906
802.65740967	2.37254906
802.66143799	2.37254906
802.66558838	2.37254906
802.66967773	2.37254906
802.66967773	2.37254906
802.67382813	2.37254906
802.67779541	2.37254906
802.68194580	2.37254906
802.68194580	2.37254906
802.68609619	2.37254906
802.69012451	2.37254906
802.69421387	2.39215684
802.69421387	2.39215684
802.69830322	2.39215684
802.70245361	2.39215684
802.70642090	2.39215684
802.71057129	2.39215684
802.71466064	2.39215684
802.71466064	2.39215684
802.71887207	2.39215684
802.72277832	2.39215684
802.72698975	2.39215684
802.72698975	2.39215684
802.73114014	2.41176462
802.73522949	2.41176462
802.73937988	2.41176462
802.73937988	2.41176462
802.74334717	2.41176462
802.74749756	2.41176462
802.75158691	2.41176462
802.75567627	2.41176462
802.75982666	2.41176462
802.75982666	2.41176462
802.76379395	2.41176462
802.76794434	2.41176462
802.77203369	2.41176462
802.77203369	2.39215684
802.77606201	2.39215684
802.78021240	2.39215684
802.78436279	2.39215684
802.78436279	2.39215684
802.78851318	2.39215684
802.79260254	2.39215684
802.79663086	2.39215684
802.80078125	2.39215684
802.80487061	2.39215684
802.80487061	2.39215684
802.80895996	2.37254906
802.81292725	2.37254906
802.81707764	2.37254906
802.81707764	2.37254906
802.82122803	2.37254906
802.82531738	2.37254906
802.82946777	2.37254906
802.82946777	2.37254906
802.83343506	2.37254906
802.83758545	2.37254906
802.84167480	2.37254906
802.84582520	2.37254906
802.84997559	2.37254906
802.84997559	2.37254906
802.85400391	2.37254906
802.85815430	2.37254906
802.86218262	2.37254906
802.86218262	2.37254906
802.86621094	2.37254906
802.87042236	2.37254906
802.87457275	2.37254906
802.87457275	2.37254906
802.87872314	2.37254906
802.88281250	2.37254906
802.88696289	2.37254906
802.89086914	2.37254906
802.89501953	2.39215684
802.89501953	2.37254906
802.89916992	2.37254906
802.90313721	2.37254906
802.90728760	2.37254906
802.90728760	2.37254906
802.91137695	2.39215684
802.91552734	2.39215684
802.91967773	2.39215684
802.91967773	2.37254906
802.92370605	2.39215684
802.92773438	2.39215684
802.93182373	2.39215684
802.93182373	2.39215684
802.93597412	2.39215684
802.94006348	2.37254906
802.94006348	2.37254906
802.94409180	2.37254906
802.94830322	2.37254906
802.95239258	2.37254906
802.95239258	2.37254906
802.95635986	2.37254906
802.96051025	2.37254906
802.96466064	2.37254906
802.96466064	2.37254906
802.96875000	2.37254906
802.97290039	2.37254906
802.97686768	2.37254906
802.97686768	2.37254906
802.98101807	2.37254906
802.98516846	2.37254906
802.98516846	2.37254906
802.98925781	2.37254906
802.99328613	2.37254906
802.99743652	2.37254906
802.99743652	2.37254906
803.00158691	2.37254906
803.00567627	2.37254906
803.00976563	2.37254906
803.00976563	2.37254906
803.01391602	2.37254906
803.01788330	2.37254906
803.02197266	2.37254906
803.02197266	2.37254906
803.02606201	2.37254906
803.03009033	2.37254906
803.03009033	2.37254906
803.03417969	2.37254906
803.03833008	2.37254906
803.04241943	2.37254906
803.04241943	2.37254906
803.04644775	2.37254906
803.05059814	2.37254906
803.05474854	2.37254906
803.05474854	2.37254906
803.05889893	2.37254906
803.06280518	2.39215684
803.06695557	2.39215684
803.06695557	2.39215684
803.07104492	2.39215684
803.07519531	2.39215684
803.07519531	2.39215684
803.07934570	2.39215684
803.08337402	2.39215684
803.08746338	2.39215684
803.08746338	2.39215684
803.09155273	2.39215684
803.09570313	2.39215684
803.09985352	2.39215684
803.09985352	2.39215684
803.10388184	2.39215684
803.10797119	2.41176462
803.11212158	2.41176462
803.11212158	2.41176462
803.11614990	2.41176462
803.12023926	2.41176462
803.12438965	2.41176462
803.12854004	2.41176462
803.13256836	2.41176462
803.13256836	2.41176462
803.13653564	2.41176462
803.14080811	2.43137264
803.14477539	2.43137264
803.14477539	2.43137264
803.14892578	2.43137264
803.15295410	2.43137264
803.15704346	2.43137264
803.15704346	2.43137264
803.16119385	2.43137264
803.16534424	2.43137264
803.16949463	2.43137264
803.17346191	2.45098042
803.17761230	2.45098042
803.17761230	2.45098042
803.18176270	2.45098042
803.18591309	2.45098042
803.19000244	2.45098042
803.19000244	2.45098042
803.19396973	2.45098042
803.19805908	2.45098042
803.20220947	2.45098042
803.20220947	2.45098042
803.20617676	2.45098042
803.21032715	2.45098042
803.21441650	2.45098042
803.21862793	2.43137264
803.22265625	2.43137264
803.22265625	2.43137264
803.22680664	2.43137264
803.23089600	2.43137264
803.23504639	2.43137264
803.23504639	2.43137264
803.23913574	2.41176462
803.24316406	2.41176462
803.24725342	2.41176462
803.24725342	2.41176462
803.25134277	2.41176462
803.25543213	2.39215684
803.25958252	2.39215684
803.26354980	2.39215684
803.26782227	2.37254906
803.26782227	2.37254906
803.27178955	2.37254906
803.27593994	2.37254906
803.27990723	2.37254906
803.27990723	2.37254906
803.28411865	2.35294127
803.28826904	2.35294127
803.29235840	2.35294127
803.29235840	2.35294127
803.29638672	2.35294127
803.30053711	2.35294127
803.30462646	2.35294127
803.30871582	2.35294127
803.31280518	2.33333325
803.31280518	2.33333325
803.31683350	2.33333325
803.32092285	2.33333325
803.32507324	2.33333325
803.32507324	2.33333325
803.32916260	2.33333325
803.33319092	2.33333325
803.33728027	2.33333325
803.33728027	2.33333325
803.34143066	2.33333325
803.34558105	2.33333325
803.34967041	2.33333325
803.35388184	2.33333325
803.35784912	2.33333325
803.35784912	2.33333325
803.36199951	2.33333325
803.36608887	2.33333325
803.37011719	2.33333325
803.37011719	2.33333325
803.37420654	2.33333325
803.37835693	2.33333325
803.38250732	2.33333325
803.38250732	2.33333325
803.38653564	2.33333325
803.39068604	2.33333325
803.39477539	2.35294127
803.39886475	2.35294127
803.40301514	2.35294127
803.40301514	2.35294127
803.40704346	2.35294127
803.41107178	2.35294127
803.41516113	2.35294127
803.41516113	2.35294127
803.41931152	2.35294127
803.42327881	2.35294127
803.42742920	2.35294127
803.42742920	2.35294127
803.43157959	2.35294127
803.43579102	2.35294127
803.43988037	2.37254906
803.44384766	2.37254906
803.44793701	2.37254906
803.44793701	2.37254906
803.45208740	2.37254906
803.45617676	2.37254906
803.46020508	2.37254906
803.46020508	2.37254906
803.46429443	2.37254906
803.46844482	2.37254906
803.47253418	2.39215684
803.47253418	2.39215684
803.47662354	2.39215684
803.48083496	2.39215684
803.48492432	2.39215684
803.48492432	2.39215684
803.48901367	2.39215684
803.49316406	2.39215684
803.49316406	2.39215684
803.49713135	2.39215684
803.50122070	2.39215684
803.50531006	2.41176462
803.50531006	2.41176462
803.50939941	2.41176462
803.51342773	2.41176462
803.51751709	2.41176462
803.51751709	2.41176462
803.52172852	2.41176462
803.52581787	2.41176462
803.52996826	2.41176462
803.52996826	2.41176462
803.53393555	2.41176462
803.53808594	2.41176462
803.53808594	2.41176462
803.54229736	2.41176462
803.54626465	2.43137264
803.55035400	2.43137264
803.55035400	2.43137264
803.55450439	2.43137264
803.55865479	2.43137264
803.56268311	2.43137264
803.56268311	2.43137264
803.56683350	2.43137264
803.57080078	2.43137264
803.57495117	2.43137264
803.57495117	2.43137264
803.57904053	2.43137264
803.58319092	2.41176462
803.58319092	2.41176462
803.58715820	2.43137264
803.59130859	2.41176462
803.59545898	2.41176462
803.59545898	2.41176462
803.59948730	2.41176462
803.60357666	2.41176462
803.60791016	2.41176462
803.60791016	2.41176462
803.61187744	2.41176462
803.61596680	2.41176462
803.62011719	2.41176462
803.62011719	2.41176462
803.62414551	2.41176462
803.62823486	2.41176462
803.62823486	2.41176462
803.63232422	2.41176462
803.63629150	2.41176462
803.64044189	2.41176462
803.64044189	2.41176462
803.64453125	2.41176462
803.64868164	2.41176462
803.65283203	2.41176462
803.65283203	2.41176462
803.65679932	2.41176462
803.66094971	2.41176462
803.66510010	2.41176462
803.66510010	2.41176462
803.66925049	2.39215684
803.67340088	2.39215684
803.67736816	2.39215684
803.68151855	2.39215684
803.68560791	2.39215684
803.68560791	2.39215684
803.68963623	2.37254906
803.69384766	2.37254906
803.69781494	2.37254906
803.69781494	2.37254906
803.70190430	2.37254906
803.70605469	2.35294127
803.71008301	2.35294127
803.71008301	2.35294127
803.71417236	2.35294127
803.71832275	2.35294127
803.72241211	2.33333325
803.72650146	2.33333325
803.73059082	2.33333325
803.73059082	2.33333325
803.73474121	2.33333325
803.73889160	2.33333325
803.74304199	2.31372547
803.74304199	2.31372547
803.74700928	2.31372547
803.75122070	2.31372547
803.75524902	2.31372547
803.75524902	2.31372547
803.75927734	2.31372547
803.76330566	2.31372547
803.76739502	2.31372547
803.77160645	2.31372547
803.77569580	2.31372547
803.77569580	2.31372547
803.77984619	2.31372547
803.78381348	2.31372547
803.78796387	2.31372547
803.78796387	2.31372547
803.79211426	2.31372547
803.79614258	2.31372547
803.80023193	2.33333325
803.80023193	2.33333325
803.80438232	2.33333325
803.80847168	2.33333325
803.81256104	2.33333325
803.81658936	2.33333325
803.82080078	2.33333325
803.82080078	2.35294127
803.82482910	2.35294127
803.82891846	2.35294127
803.83306885	2.35294127
803.83306885	2.35294127
803.83709717	2.37254906
803.84118652	2.37254906
803.84527588	2.37254906
803.84527588	2.37254906
803.84948730	2.37254906
803.85351563	2.37254906
803.85760498	2.39215684
803.86169434	2.39215684
803.86584473	2.39215684
803.86584473	2.39215684
803.86987305	2.39215684
803.87402344	2.39215684
803.87811279	2.41176462
803.87811279	2.41176462
803.88220215	2.41176462
803.88623047	2.41176462
803.89031982	2.41176462
803.89031982	2.41176462
803.89440918	2.41176462
803.89855957	2.41176462
803.90270996	2.41176462
803.90679932	2.41176462
803.91076660	2.41176462
803.91076660	2.41176462
803.91497803	2.41176462
803.91906738	2.41176462
803.92327881	2.41176462
803.92327881	2.41176462
803.92718506	2.41176462
803.93133545	2.41176462
803.93548584	2.41176462
803.93548584	2.41176462
803.93951416	2.41176462
803.94354248	2.41176462
803.94781494	2.41176462
803.95178223	2.41176462
803.95593262	2.41176462
803.95593262	2.41176462
803.95989990	2.41176462
803.96405029	2.41176462
803.96820068	2.41176462
803.96820068	2.41176462
803.97229004	2.41176462
803.97631836	2.41176462
803.98052979	2.41176462
803.98052979	2.41176462
803.98461914	2.41176462
803.98876953	2.41176462
803.99285889	2.41176462
803.99285889	2.41176462
803.99682617	2.41176462
804.00097656	2.41176462
804.00097656	2.41176462
804.00506592	2.41176462
804.00915527	2.41176462
804.01330566	2.41176462
804.01330566	2.41176462
804.01727295	2.41176462
804.02142334	2.41176462
804.02551270	2.41176462
804.02551270	2.39215684
804.02954102	2.39215684
804.03381348	2.39215684
804.03784180	2.39215684
804.03784180	2.39215684
804.04199219	2.39215684
804.04614258	2.39215684
804.04614258	2.39215684
804.05010986	2.39215684
804.05419922	2.37254906
804.05834961	2.37254906
804.05834961	2.37254906
804.06243896	2.37254906
804.06646729	2.37254906
804.07055664	2.37254906
804.07055664	2.37254906
804.07464600	2.37254906
804.07879639	2.37254906
804.08294678	2.37254906
804.08294678	2.37254906
804.08691406	2.37254906
804.09106445	2.37254906
804.09106445	2.37254906
804.09521484	2.37254906
804.09930420	2.35294127
804.10339355	2.35294127
804.10339355	2.35294127
804.10748291	2.35294127
804.11157227	2.37254906
804.11572266	2.35294127
804.11572266	2.35294127
804.11987305	2.35294127
804.12384033	2.35294127
804.12799072	2.35294127
804.12799072	2.37254906
804.13214111	2.37254906
804.13616943	2.37254906
804.13616943	2.37254906
804.14013672	2.37254906
804.14428711	2.37254906
804.14843750	2.37254906
804.14843750	2.37254906
804.15258789	2.37254906
804.15655518	2.37254906
804.16082764	2.37254906
804.16082764	2.37254906
804.16485596	2.37254906
804.16894531	2.35294127
804.17315674	2.35294127
804.17315674	2.35294127
804.17712402	2.35294127
804.18121338	2.35294127
804.18536377	2.35294127
804.18951416	2.35294127
804.19342041	2.35294127
804.19342041	2.37254906
804.19757080	2.37254906
804.20166016	2.37254906
804.20581055	2.37254906
804.20581055	2.37254906
804.20977783	2.37254906
804.21392822	2.37254906
804.21807861	2.37254906
804.21807861	2.37254906
804.22216797	2.37254906
804.22631836	2.37254906
804.23034668	2.37254906
804.23449707	2.39215684
804.23864746	2.39215684
804.23864746	2.39215684
804.24267578	2.39215684
804.24688721	2.39215684
804.25085449	2.39215684
804.25085449	2.39215684
804.25494385	2.39215684
804.25903320	2.39215684
804.26318359	2.39215684
804.26318359	2.39215684
804.26715088	2.39215684
804.27130127	2.41176462
804.27539063	2.41176462
804.27941895	2.41176462
804.28356934	2.41176462
804.28356934	2.41176462
804.28771973	2.41176462
804.29187012	2.41176462
804.29602051	2.41176462
804.29602051	2.41176462
804.29998779	2.43137264
804.30413818	2.43137264
804.30822754	2.43137264
804.30822754	2.43137264
804.31231689	2.43137264
804.31646729	2.43137264
804.32043457	2.43137264
804.32458496	2.43137264
804.32867432	2.43137264
804.32867432	2.41176462
804.33282471	2.41176462
804.33679199	2.41176462
804.34094238	2.41176462
804.34094238	2.41176462
804.34503174	2.41176462
804.34924316	2.41176462
804.35339355	2.41176462
804.35339355	2.41176462
804.35736084	2.41176462
804.36145020	2.41176462
804.36560059	2.41176462
804.36962891	2.41176462
804.37390137	2.41176462
804.37390137	2.41176462
804.37786865	2.41176462
804.38189697	2.41176462
804.38604736	2.41176462
804.38604736	2.39215684
804.39001465	2.39215684
804.39428711	2.39215684
804.39825439	2.39215684
804.39825439	2.39215684
804.40246582	2.39215684
804.40643311	2.39215684
804.41058350	2.39215684
804.41467285	2.37254906
804.41882324	2.37254906
804.41882324	2.37254906
804.42279053	2.37254906
804.42694092	2.37254906
804.43109131	2.37254906
804.43109131	2.37254906
804.43524170	2.37254906
804.43939209	2.37254906
804.44329834	2.35294127
804.44329834	2.35294127
804.44744873	2.35294127
804.45159912	2.35294127
804.45568848	2.35294127
804.45977783	2.35294127
804.46380615	2.35294127
804.46380615	2.35294127
804.46789551	2.35294127
804.47204590	2.35294127
804.47619629	2.35294127
804.47619629	2.35294127
804.48022461	2.35294127
804.48437500	2.35294127
804.48846436	2.35294127
804.48846436	2.35294127
804.49261475	2.35294127
804.49658203	2.35294127
804.50085449	2.35294127
804.50482178	2.35294127
804.50891113	2.35294127
804.50891113	2.35294127
804.51306152	2.35294127
804.51702881	2.35294127
804.52117920	2.35294127
804.52117920	2.35294127
804.52526855	2.35294127
804.52941895	2.35294127
804.53344727	2.37254906
804.53344727	2.37254906
804.53759766	2.37254906
804.54174805	2.37254906
804.54589844	2.37254906
804.54589844	2.37254906
804.54980469	2.37254906
804.55395508	2.39215684
804.55395508	2.39215684
804.55810547	2.39215684
804.56219482	2.39215684
804.56634521	2.39215684
804.56634521	2.41176462
804.57031250	2.41176462
804.57446289	2.41176462
804.57855225	2.41176462
804.57855225	2.41176462
804.58270264	2.43137264
804.58679199	2.43137264
804.59082031	2.43137264
804.59082031	2.43137264
804.59497070	2.43137264
804.59906006	2.43137264
804.59906006	2.43137264
804.60308838	2.43137264
804.60723877	2.43137264
804.61138916	2.43137264
804.61138916	2.43137264
804.61553955	2.45098042
804.61962891	2.45098042
804.62359619	2.45098042
804.62359619	2.45098042
804.62774658	2.45098042
804.63177490	2.45098042
804.63598633	2.45098042
804.63598633	2.45098042
804.63989258	2.45098042
804.64404297	2.45098042
804.64404297	2.45098042
804.64813232	2.45098042
804.65234375	2.45098042
804.65643311	2.45098042
804.65643311	2.45098042
804.66040039	2.43137264
804.66455078	2.43137264
804.66870117	2.43137264
804.66870117	2.43137264
804.67285156	2.43137264
804.67687988	2.41176462
804.68096924	2.41176462
804.68096924	2.41176462
804.68511963	2.41176462
804.68927002	2.41176462
804.68927002	2.39215684
804.69317627	2.39215684
804.69726563	2.39215684
804.70141602	2.39215684
804.70141602	2.39215684
804.70556641	2.37254906
804.70953369	2.37254906
804.71380615	2.37254906
804.71380615	2.37254906
804.71777344	2.37254906
804.72192383	2.37254906
804.72607422	2.37254906
804.72607422	2.37254906
804.73010254	2.35294127
804.73425293	2.35294127
804.73834229	2.35294127
804.74249268	2.35294127
804.74664307	2.35294127
804.74664307	2.35294127
804.75061035	2.35294127
804.75469971	2.35294127
804.75878906	2.35294127
804.75878906	2.35294127
804.76293945	2.35294127
804.76696777	2.35294127
804.77105713	2.35294127
804.77105713	2.35294127
804.77514648	2.35294127
804.77929688	2.35294127
804.78332520	2.35294127
804.78747559	2.35294127
804.79162598	2.35294127
804.79162598	2.35294127
804.79577637	2.35294127
804.79980469	2.35294127
804.80383301	2.35294127
804.80383301	2.35294127
804.80798340	2.35294127
804.81207275	2.35294127
804.81628418	2.35294127
804.81628418	2.35294127
804.82012939	2.35294127
804.82427979	2.35294127
804.82843018	2.35294127
804.83258057	2.35294127
804.83654785	2.35294127
804.83654785	2.35294127
804.84082031	2.35294127
804.84478760	2.35294127
804.84893799	2.35294127
804.84893799	2.35294127
804.85296631	2.37254906
804.85711670	2.35294127
804.86126709	2.37254906
804.86126709	2.37254906
804.86535645	2.37254906
804.86950684	2.37254906
804.87347412	2.37254906
804.87762451	2.37254906
804.88177490	2.37254906
804.88177490	2.37254906
804.88592529	2.37254906
804.88989258	2.37254906
804.89398193	2.37254906
804.89398193	2.37254906
804.89813232	2.39215684
804.90228271	2.39215684
804.90643311	2.39215684
804.90643311	2.39215684
804.91040039	2.39215684
804.91442871	2.39215684
804.91857910	2.39215684
804.92266846	2.41176462
804.92681885	2.41176462
804.92681885	2.41176462
804.93078613	2.41176462
804.93493652	2.41176462
804.93914795	2.41176462
804.93914795	2.41176462
804.94305420	2.41176462
804.94720459	2.43137264
804.95129395	2.43137264
804.95129395	2.43137264
804.95544434	2.43137264
804.95953369	2.43137264
804.96356201	2.43137264
804.96771240	2.43137264
804.97180176	2.43137264
804.97180176	2.45098042
804.97589111	2.45098042
804.97991943	2.45098042
804.98406982	2.45098042
804.98406982	2.45098042
804.98822021	2.45098042
804.99237061	2.45098042
804.99652100	2.45098042
804.99652100	2.45098042
805.00048828	2.45098042
805.00457764	2.45098042
805.00866699	2.45098042
805.01281738	2.45098042
805.01678467	2.45098042
805.01678467	2.45098042
805.02093506	2.45098042
805.02502441	2.47058821
805.02917480	2.45098042
805.02917480	2.45098042
805.03320313	2.45098042
805.03729248	2.45098042
805.04150391	2.45098042
805.04150391	2.45098042
805.04565430	2.45098042
805.04956055	2.45098042
805.05389404	2.45098042
805.05389404	2.45098042
805.05786133	2.45098042
805.06195068	2.45098042
805.06195068	2.45098042
805.06610107	2.45098042
805.07000732	2.45098042
805.07415771	2.43137264
805.07415771	2.45098042
805.07830811	2.43137264
805.08245850	2.43137264
805.08654785	2.43137264
805.08654785	2.43137264
805.09057617	2.43137264
805.09466553	2.43137264
805.09899902	2.43137264
805.09899902	2.43137264
805.10284424	2.41176462
805.10693359	2.41176462
805.10693359	2.41176462
805.11114502	2.41176462
805.11523438	2.41176462
805.11938477	2.41176462
805.11938477	2.39215684
805.12335205	2.39215684
805.12750244	2.39215684
805.13159180	2.39215684
805.13159180	2.39215684
805.13568115	2.37254906
805.13977051	2.37254906
805.14379883	2.37254906
805.14379883	2.37254906
805.14788818	2.37254906
805.15209961	2.37254906
805.15209961	2.37254906
805.15600586	2.35294127
805.16015625	2.35294127
805.16430664	2.35294127
805.16430664	2.35294127
805.16845703	2.35294127
805.17260742	2.35294127
805.17663574	2.35294127
805.17663574	2.33333325
805.18084717	2.33333325
805.18481445	2.33333325
805.18896484	2.33333325
805.18896484	2.33333325
805.19293213	2.33333325
805.19702148	2.33333325
805.19702148	2.33333325
805.20117188	2.33333325
805.20526123	2.33333325
805.20941162	2.33333325
805.20941162	2.33333325
805.21337891	2.33333325
805.21752930	2.33333325
805.22167969	2.33333325
805.22167969	2.33333325
805.22583008	2.33333325
805.22985840	2.33333325
805.23394775	2.33333325
805.23394775	2.33333325
805.23809814	2.33333325
805.24224854	2.33333325
805.24224854	2.33333325
805.24627686	2.33333325
805.25036621	2.33333325
805.25445557	2.33333325
805.25445557	2.33333325
805.25854492	2.33333325
805.26263428	2.33333325
805.26678467	2.35294127
805.26678467	2.35294127
805.27075195	2.35294127
805.27490234	2.35294127
805.27905273	2.35294127
805.27905273	2.35294127
805.28302002	2.35294127
805.28717041	2.35294127
805.29132080	2.37254906
805.29547119	2.37254906
805.29949951	2.37254906
805.29949951	2.37254906
805.30358887	2.37254906
805.30773926	2.37254906
805.31182861	2.37254906
805.31182861	2.39215684
805.31591797	2.39215684
805.31988525	2.39215684
805.32403564	2.39215684
805.32403564	2.39215684
805.32812500	2.39215684
805.33227539	2.41176462
805.33630371	2.41176462
805.34045410	2.41176462
805.34454346	2.41176462
805.34454346	2.41176462
805.34875488	2.41176462
805.35284424	2.41176462
805.35687256	2.43137264
805.35687256	2.43137264
805.36096191	2.43137264
805.36511230	2.43137264
805.36926270	2.43137264
805.36926270	2.43137264
805.37322998	2.43137264
805.37738037	2.43137264
805.38146973	2.43137264
805.38555908	2.43137264
805.38964844	2.43137264
805.38964844	2.43137264
805.39379883	2.43137264
805.39776611	2.43137264
805.40191650	2.43137264
805.40191650	2.43137264
805.40600586	2.43137264
805.41003418	2.43137264
805.41412354	2.43137264
805.41412354	2.45098042
805.41833496	2.45098042
805.42248535	2.43137264
805.42651367	2.43137264
805.43060303	2.43137264
805.43469238	2.43137264
805.43469238	2.43137264
805.43878174	2.43137264
805.44293213	2.43137264
805.44689941	2.43137264
805.44689941	2.43137264
805.45104980	2.43137264
805.45513916	2.43137264
805.45935059	2.43137264
805.45935059	2.43137264
805.46325684	2.43137264
805.46740723	2.43137264
805.47155762	2.43137264
805.47570801	2.43137264
805.47985840	2.43137264
805.47985840	2.43137264
805.48388672	2.43137264
805.48797607	2.43137264
805.49212646	2.43137264
805.49212646	2.43137264
805.49609375	2.43137264
805.50024414	2.41176462
805.50433350	2.41176462
805.50433350	2.41176462
805.50842285	2.41176462
805.51251221	2.41176462
805.51654053	2.41176462
805.52081299	2.41176462
805.52478027	2.41176462
805.52478027	2.41176462
805.52893066	2.41176462
805.53289795	2.41176462
805.53704834	2.41176462
805.53704834	2.41176462
805.54119873	2.39215684
805.54534912	2.39215684
805.54943848	2.39215684
805.54943848	2.39215684
805.55346680	2.39215684
805.55761719	2.39215684
805.56176758	2.39215684
805.56579590	2.39215684
805.56988525	2.37254906
805.56988525	2.37254906
805.57391357	2.37254906
805.57800293	2.37254906
805.58227539	2.37254906
805.58227539	2.37254906
805.58612061	2.37254906
805.59033203	2.37254906
805.59436035	2.37254906
805.59436035	2.37254906
805.59857178	2.37254906
805.60272217	2.35294127
805.60687256	2.35294127
805.60687256	2.35294127
805.61083984	2.35294127
805.61499023	2.35294127
805.61499023	2.35294127
805.61914063	2.35294127
805.62310791	2.35294127
805.62719727	2.35294127
805.62719727	2.35294127
805.63134766	2.35294127
805.63549805	2.35294127
805.63964844	2.35294127
805.63964844	2.33333325
805.64361572	2.33333325
805.64770508	2.33333325
805.65185547	2.33333325
805.65185547	2.33333325
805.65600586	2.33333325
805.66015625	2.35294127
805.66015625	2.35294127
805.66400146	2.35294127
805.66821289	2.35294127
805.67230225	2.35294127
805.67230225	2.35294127
805.67633057	2.35294127
805.68041992	2.35294127
805.68457031	2.35294127
805.68457031	2.35294127
805.68872070	2.35294127
805.69281006	2.35294127
805.69677734	2.37254906
805.69677734	2.37254906
805.70092773	2.37254906
805.70507813	2.37254906
805.70507813	2.37254906
805.70916748	2.37254906
805.71319580	2.37254906
805.71728516	2.39215684
805.71728516	2.39215684
805.72143555	2.39215684
805.72552490	2.39215684
805.72967529	2.39215684
805.72967529	2.39215684
805.73388672	2.39215684
805.73785400	2.39215684
805.74194336	2.41176462
805.74194336	2.41176462
805.74609375	2.41176462
805.75012207	2.41176462
805.75012207	2.41176462
805.75415039	2.41176462
805.75830078	2.41176462
805.76239014	2.41176462
805.76239014	2.41176462
805.76641846	2.41176462
805.77050781	2.43137264
805.77478027	2.43137264
805.77478027	2.43137264
805.77874756	2.43137264
805.78295898	2.43137264
805.78692627	2.43137264
805.78692627	2.43137264
805.79113770	2.43137264
805.79522705	2.43137264
805.79931641	2.43137264
805.80328369	2.43137264
805.80743408	2.43137264
805.80743408	2.43137264
805.81158447	2.43137264
805.81567383	2.43137264
805.81976318	2.43137264
805.81976318	2.43137264
805.82379150	2.43137264
805.82788086	2.43137264
805.83203125	2.43137264
805.83203125	2.43137264
805.83612061	2.43137264
805.84014893	2.43137264
805.84429932	2.43137264
805.84844971	2.43137264
805.85253906	2.41176462
805.85253906	2.41176462
805.85656738	2.41176462
805.86083984	2.41176462
805.86486816	2.41176462
805.86486816	2.41176462
805.86895752	2.41176462
805.87298584	2.41176462
805.87707520	2.41176462
805.87707520	2.41176462
805.88122559	2.41176462
805.88531494	2.41176462
805.88940430	2.41176462
805.89343262	2.41176462
805.89752197	2.41176462
805.89752197	2.39215684
805.90167236	2.39215684
805.90576172	2.39215684
805.90991211	2.39215684
805.90991211	2.39215684
805.91387939	2.39215684
805.91809082	2.39215684
805.92224121	2.39215684
805.92224121	2.39215684
805.92639160	2.37254906
805.93035889	2.37254906
805.93450928	2.37254906
805.93859863	2.37254906
805.94262695	2.37254906
805.94262695	2.37254906
805.94683838	2.37254906
805.95080566	2.35294127
805.95495605	2.35294127
805.95495605	2.35294127
805.95904541	2.35294127
805.96307373	2.35294127
805.96716309	2.35294127
805.96716309	2.35294127
805.97131348	2.35294127
805.97540283	2.35294127
805.97955322	2.35294127
805.98358154	2.35294127
805.98785400	2.35294127
805.98785400	2.35294127
805.99188232	2.35294127
805.99597168	2.35294127
806.00012207	2.35294127
806.00012207	2.35294127
806.00402832	2.35294127
806.00817871	2.35294127
806.01226807	2.35294127
806.01226807	2.35294127
806.01629639	2.35294127
806.02038574	2.35294127
806.02453613	2.35294127
806.02862549	2.37254906
806.03283691	2.37254906
806.03283691	2.37254906
806.03680420	2.37254906
806.04101563	2.37254906
806.04510498	2.37254906
806.04510498	2.37254906
806.04919434	2.37254906
806.05316162	2.37254906
806.05731201	2.37254906
806.05731201	2.37254906
806.06146240	2.37254906
806.06555176	2.37254906
806.06964111	2.37254906
806.07379150	2.37254906
806.07775879	2.37254906
806.07775879	2.37254906
806.08190918	2.37254906
806.08599854	2.37254906
806.09002686	2.37254906
806.09002686	2.37254906
806.09411621	2.39215684
806.09832764	2.39215684
806.10247803	2.39215684
806.10247803	2.39215684
806.10644531	2.39215684
806.11059570	2.39215684
806.11468506	2.39215684
806.11883545	2.39215684
806.12298584	2.39215684
806.12298584	2.39215684
806.12695313	2.39215684
806.13110352	2.39215684
806.13513184	2.39215684
806.13513184	2.39215684
806.13928223	2.39215684
806.14324951	2.39215684
806.14739990	2.39215684
806.14739990	2.39215684
806.15155029	2.39215684
806.15563965	2.39215684
806.15979004	2.39215684
806.15979004	2.39215684
806.16375732	2.41176462
806.16790771	2.41176462
806.16790771	2.41176462
806.17211914	2.41176462
806.17626953	2.41176462
806.18023682	2.41176462
806.18023682	2.41176462
806.18432617	2.41176462
806.18847656	2.41176462
806.19250488	2.41176462
806.19250488	2.41176462
806.19653320	2.41176462
806.20074463	2.41176462
806.20489502	2.41176462
806.20489502	2.41176462
806.20898438	2.41176462
806.21307373	2.41176462
806.21307373	2.39215684
806.21710205	2.39215684
806.22125244	2.39215684
806.22540283	2.39215684
806.22540283	2.39215684
806.22949219	2.39215684
806.23345947	2.39215684
806.23760986	2.39215684
806.23760986	2.39215684
806.24176025	2.39215684
806.24584961	2.39215684
806.24993896	2.39215684
806.24993896	2.39215684
806.25396729	2.39215684
806.25811768	2.39215684
806.25811768	2.39215684
806.26226807	2.39215684
806.26617432	2.39215684
806.27032471	2.39215684
806.27032471	2.39215684
806.27447510	2.39215684
806.27862549	2.39215684
806.28271484	2.39215684
806.28271484	2.39215684
806.28686523	2.39215684
806.29083252	2.39215684
806.29504395	2.39215684
806.29504395	2.39215684
806.29913330	2.39215684
806.30328369	2.39215684
806.30328369	2.39215684
806.30725098	2.37254906
806.31140137	2.37254906
806.31555176	2.37254906
806.31555176	2.37254906
806.31951904	2.37254906
806.32360840	2.37254906
806.32781982	2.37254906
806.32781982	2.37254906
806.33184814	2.37254906
806.33599854	2.37254906
806.34002686	2.37254906
806.34002686	2.37254906
806.34411621	2.37254906
806.34820557	2.37254906
806.35235596	2.37254906
806.35632324	2.37254906
806.36041260	2.37254906
806.36041260	2.37254906
806.36456299	2.37254906
806.36871338	2.37254906
806.37280273	2.39215684
806.37280273	2.39215684
806.37677002	2.39215684
806.38098145	2.39215684
806.38513184	2.39215684
806.38513184	2.39215684
806.38922119	2.39215684
806.39324951	2.39215684
806.39733887	2.39215684
806.40148926	2.39215684
806.40563965	2.39215684
806.40563965	2.39215684
806.40960693	2.39215684
806.41394043	2.39215684
806.41790771	2.39215684
806.41790771	2.39215684
806.42205811	2.39215684
806.42614746	2.39215684
806.43017578	2.39215684
806.43017578	2.41176462
806.43426514	2.41176462
806.43841553	2.41176462
806.44256592	2.41176462
806.44647217	2.41176462
806.45062256	2.41176462
806.45062256	2.41176462
806.45471191	2.41176462
806.45886230	2.41176462
806.46301270	2.41176462
806.46301270	2.43137264
806.46704102	2.43137264
806.47113037	2.43137264
806.47515869	2.43137264
806.47515869	2.43137264
806.47930908	2.43137264
806.48327637	2.43137264
806.48742676	2.43137264
806.49151611	2.43137264
806.49566650	2.43137264
806.49566650	2.43137264
806.49981689	2.43137264
806.50378418	2.43137264
806.50787354	2.43137264
806.50787354	2.43137264
806.51202393	2.43137264
806.51617432	2.43137264
806.52014160	2.43137264
806.52014160	2.43137264
806.52429199	2.43137264
806.52838135	2.43137264
806.53253174	2.43137264
806.53649902	2.43137264
806.54077148	2.43137264
806.54077148	2.41176462
806.54486084	2.41176462
806.54888916	2.41176462
806.55310059	2.41176462
806.55310059	2.41176462
806.55706787	2.41176462
806.56121826	2.41176462
806.56530762	2.41176462
806.56530762	2.39215684
806.56939697	2.39215684
806.57342529	2.39215684
806.57751465	2.39215684
806.58166504	2.39215684
806.58575439	2.39215684
806.58575439	2.37254906
806.58978271	2.37254906
806.59387207	2.37254906
806.59802246	2.37254906
806.59802246	2.37254906
806.60217285	2.37254906
806.60620117	2.37254906
806.61035156	2.37254906
806.61035156	2.37254906
806.61444092	2.37254906
806.61859131	2.35294127
806.62268066	2.35294127
806.62677002	2.35294127
806.63073730	2.35294127
806.63073730	2.35294127
806.63488770	2.35294127
806.63903809	2.35294127
806.64312744	2.35294127
806.64312744	2.35294127
806.64715576	2.35294127
806.65130615	2.35294127
806.65545654	2.35294127
806.65545654	2.35294127
806.65948486	2.35294127
806.66357422	2.35294127
806.66784668	2.35294127
806.66784668	2.35294127
806.67187500	2.35294127
806.67596436	2.35294127
806.67596436	2.35294127
806.67993164	2.35294127
806.68408203	2.35294127
806.68823242	2.35294127
806.68823242	2.35294127
806.69238281	2.35294127
806.69628906	2.35294127
806.70037842	2.35294127
806.70037842	2.35294127
806.70452881	2.35294127
806.70861816	2.35294127
806.71276855	2.35294127
806.71276855	2.35294127
806.71679688	2.35294127
806.72088623	2.35294127
806.72088623	2.35294127
806.72503662	2.35294127
806.72918701	2.35294127
806.73333740	2.35294127
806.73333740	2.35294127
806.73736572	2.35294127
806.74145508	2.35294127
806.74560547	2.35294127
806.74560547	2.35294127
806.74957275	2.35294127
806.75384521	2.35294127
806.75781250	2.35294127
806.75781250	2.35294127
806.76190186	2.35294127
806.76605225	2.37254906
806.76605225	2.37254906
806.77001953	2.37254906
806.77416992	2.37254906
806.77825928	2.37254906
806.77825928	2.37254906
806.78240967	2.37254906
806.78656006	2.37254906
806.79058838	2.37254906
806.79058838	2.37254906
806.79467773	2.37254906
806.79895020	2.37254906
806.80291748	2.37254906
806.80291748	2.37254906
806.80694580	2.37254906
806.81109619	2.37254906
806.81109619	2.37254906
806.81518555	2.37254906
806.81927490	2.37254906
806.82324219	2.37254906
806.82324219	2.37254906
806.82739258	2.37254906
806.83154297	2.37254906
806.83563232	2.39215684
806.83563232	2.39215684
806.83978271	2.39215684
806.84375000	2.39215684
806.84790039	2.39215684
806.84790039	2.39215684
806.85198975	2.39215684
806.85620117	2.39215684
806.86022949	2.39215684
806.86431885	2.39215684
806.86846924	2.39215684
806.86846924	2.39215684
806.87261963	2.39215684
806.87652588	2.39215684
806.88073730	2.39215684
806.88073730	2.41176462
806.88476563	2.41176462
806.88885498	2.41176462
806.89306641	2.41176462
806.89306641	2.41176462
806.89703369	2.41176462
806.90118408	2.41176462
806.90527344	2.41176462
806.90948486	2.43137264
806.91345215	2.43137264
806.91345215	2.43137264
806.91760254	2.43137264
806.92175293	2.43137264
806.92584229	2.43137264
806.92584229	2.43137264
806.92980957	2.43137264
806.93395996	2.43137264
806.93811035	2.43137264
806.93811035	2.43137264
806.94219971	2.43137264
806.94628906	2.43137264
806.95025635	2.43137264
806.95446777	2.43137264
806.95861816	2.43137264
806.95861816	2.43137264
806.96270752	2.43137264
806.96685791	2.43137264
806.97082520	2.43137264
806.97082520	2.41176462
806.97503662	2.41176462
806.97912598	2.41176462
806.98315430	2.41176462
806.98315430	2.41176462
806.98718262	2.41176462
806.99127197	2.39215684
806.99548340	2.39215684
806.99957275	2.39215684
807.00354004	2.39215684
807.00354004	2.39215684
807.00762939	2.37254906
807.01177979	2.37254906
807.01586914	2.37254906
807.01586914	2.37254906
807.01989746	2.37254906
807.02404785	2.37254906
807.02813721	2.37254906
807.02813721	2.37254906
807.03228760	2.35294127
807.03637695	2.35294127
807.04040527	2.35294127
807.04455566	2.35294127
807.04870605	2.35294127
807.04870605	2.35294127
807.05279541	2.35294127
807.05682373	2.35294127
807.06097412	2.35294127
807.06097412	2.35294127
807.06500244	2.35294127
807.06915283	2.35294127
807.07324219	2.35294127
807.07324219	2.35294127
807.07727051	2.35294127
807.08142090	2.35294127
807.08551025	2.35294127
807.08966064	2.35294127
807.09375000	2.35294127
807.09375000	2.35294127
807.09783936	2.35294127
807.10198975	2.35294127
807.10607910	2.35294127
807.10607910	2.35294127
807.11004639	2.35294127
807.11419678	2.35294127
807.11834717	2.35294127
807.11834717	2.35294127
807.12249756	2.35294127
807.12640381	2.35294127
807.13049316	2.35294127
807.13464355	2.35294127
807.13873291	2.35294127
807.13873291	2.35294127
807.14282227	2.35294127
807.14685059	2.35294127
807.15106201	2.35294127
807.15106201	2.35294127
807.15515137	2.35294127
807.15930176	2.35294127
807.16333008	2.35294127
807.16333008	2.35294127
807.16748047	2.37254906
807.17156982	2.37254906
807.17572021	2.37254906
807.17987061	2.37254906
807.18383789	2.37254906
807.18383789	2.37254906
807.18792725	2.37254906
807.19207764	2.37254906
807.19628906	2.37254906
807.19628906	2.37254906
807.20025635	2.37254906
807.20434570	2.39215684
807.20843506	2.39215684
807.20843506	2.39215684
807.21258545	2.39215684
807.21661377	2.39215684
807.22088623	2.39215684
807.22088623	2.39215684
807.22479248	2.39215684
807.22894287	2.39215684
807.22894287	2.39215684
807.23297119	2.41176462
807.23706055	2.41176462
807.24114990	2.41176462
807.24114990	2.41176462
807.24530029	2.41176462
807.24945068	2.41176462
807.25335693	2.41176462
807.25335693	2.41176462
807.25750732	2.41176462
807.26165771	2.41176462
807.26580811	2.41176462
807.26580811	2.43137264
807.26977539	2.43137264
807.27392578	2.43137264
807.27392578	2.43137264
807.27801514	2.43137264
807.28222656	2.43137264
807.28631592	2.43137264
807.28631592	2.43137264
807.29028320	2.43137264
807.29443359	2.43137264
807.29858398	2.43137264
807.29858398	2.43137264
807.30273438	2.43137264
807.30682373	2.43137264
807.31085205	2.43137264
807.31085205	2.45098042
807.31488037	2.45098042
807.31903076	2.45098042
807.31903076	2.45098042
807.32299805	2.45098042
807.32714844	2.45098042
807.33123779	2.45098042
807.33123779	2.45098042
807.33538818	2.45098042
807.33953857	2.45098042
807.34350586	2.45098042
807.34350586	2.45098042
807.34765625	2.45098042
807.35186768	2.45098042
807.35595703	2.45098042
807.35595703	2.45098042
807.35992432	2.43137264
807.36401367	2.43137264
807.36401367	2.43137264
807.36810303	2.45098042
807.37231445	2.45098042
807.37640381	2.43137264
807.37640381	2.43137264
807.38037109	2.43137264
807.38452148	2.43137264
807.38861084	2.43137264
807.38861084	2.43137264
807.39276123	2.43137264
807.39672852	2.43137264
807.40093994	2.43137264
807.40093994	2.43137264
807.40502930	2.43137264
807.40924072	2.43137264
807.41320801	2.41176462
807.41735840	2.41176462
807.42144775	2.41176462
807.42144775	2.41176462
807.42559814	2.41176462
807.42956543	2.41176462
807.43383789	2.41176462
807.43383789	2.41176462
807.43780518	2.41176462
807.44195557	2.41176462
807.44604492	2.41176462
807.44604492	2.41176462
807.45001221	2.39215684
807.45416260	2.39215684
807.45825195	2.39215684
807.46240234	2.39215684
807.46655273	2.39215684
807.46655273	2.39215684
807.47058105	2.39215684
807.47460938	2.37254906
807.47882080	2.37254906
807.47882080	2.37254906
807.48278809	2.37254906
807.48693848	2.37254906
807.49108887	2.37254906
807.49108887	2.37254906
807.49517822	2.37254906
807.49926758	2.37254906
807.50329590	2.37254906
807.50738525	2.37254906
807.51147461	2.37254906
807.51147461	2.37254906
807.51562500	2.37254906
807.51977539	2.35294127
807.52380371	2.35294127
807.52380371	2.35294127
807.52789307	2.35294127
807.53198242	2.35294127
807.53613281	2.35294127
807.53613281	2.35294127
807.54022217	2.35294127
807.54431152	2.37254906
807.54846191	2.37254906
807.55261230	2.37254906
807.55670166	2.37254906
807.55670166	2.37254906
807.56085205	2.37254906
807.56475830	2.37254906
807.56890869	2.37254906
807.56890869	2.37254906
807.57287598	2.37254906
807.57702637	2.37254906
807.58111572	2.37254906
807.58111572	2.37254906
807.58526611	2.39215684
807.58935547	2.39215684
807.59338379	2.39215684
807.59753418	2.39215684
807.60168457	2.39215684
807.60168457	2.39215684
807.60583496	2.39215684
807.60980225	2.39215684
807.61395264	2.39215684
807.61395264	2.41176462
807.61804199	2.41176462
807.62219238	2.41176462
807.62628174	2.41176462
807.62628174	2.41176462
807.63024902	2.41176462
807.63439941	2.41176462
807.63848877	2.41176462
807.64263916	2.43137264
807.64672852	2.43137264
807.64672852	2.43137264
807.65075684	2.43137264
807.65490723	2.43137264
807.65905762	2.43137264
807.65905762	2.43137264
807.66308594	2.43137264
807.66717529	2.43137264
807.67132568	2.43137264
807.67132568	2.43137264
807.67547607	2.43137264
807.67962646	2.43137264
807.68359375	2.43137264
807.68768311	2.45098042
807.69183350	2.45098042
807.69183350	2.45098042
807.69592285	2.45098042
807.69989014	2.45098042
807.70410156	2.45098042
807.70410156	2.45098042
807.70825195	2.45098042
807.71234131	2.45098042
807.71649170	2.45098042
807.71649170	2.45098042
807.72045898	2.45098042
807.72460938	2.45098042
807.72875977	2.45098042
807.72875977	2.45098042
807.73278809	2.45098042
807.73681641	2.45098042
807.73681641	2.45098042
807.74090576	2.45098042
807.74499512	2.45098042
807.74920654	2.45098042
807.74920654	2.45098042
807.75317383	2.45098042
807.75726318	2.45098042
807.76141357	2.45098042
807.76141357	2.45098042
807.76562500	2.45098042
807.76953125	2.45098042
807.77380371	2.45098042
807.77380371	2.45098042
807.77777100	2.45098042
807.78192139	2.45098042
807.78192139	2.45098042
807.78607178	2.45098042
807.79003906	2.45098042
807.79412842	2.45098042
807.79412842	2.45098042
807.79833984	2.45098042
807.80249023	2.45098042
807.80657959	2.45098042
807.80657959	2.45098042
807.81060791	2.43137264
807.81469727	2.43137264
807.81878662	2.43137264
807.81878662	2.43137264
807.82275391	2.43137264
807.82690430	2.43137264
807.82690430	2.43137264
807.83105469	2.43137264
807.83514404	2.43137264
807.83929443	2.43137264
807.83929443	2.43137264
807.84326172	2.41176462
807.84741211	2.41176462
807.85156250	2.41176462
807.85156250	2.41176462
807.85565186	2.41176462
807.85986328	2.41176462
807.86383057	2.41176462
807.86383057	2.41176462
807.86791992	2.41176462
807.87207031	2.41176462
807.87207031	2.39215684
807.87615967	2.39215684
807.88012695	2.39215684
807.88427734	2.39215684
807.88427734	2.39215684
807.88836670	2.39215684
807.89251709	2.39215684
807.89660645	2.39215684
807.89660645	2.37254906
807.90081787	2.37254906
807.90472412	2.37254906
807.90893555	2.37254906
807.90893555	2.37254906
807.91296387	2.37254906
807.91711426	2.37254906
807.91711426	2.37254906
807.92120361	2.37254906
807.92535400	2.37254906
807.92944336	2.37254906
807.92944336	2.35294127
807.93347168	2.35294127
807.93756104	2.35294127
807.94171143	2.35294127
807.94171143	2.35294127
807.94586182	2.35294127
807.94989014	2.35294127
807.95397949	2.35294127
807.95397949	2.35294127
807.95806885	2.35294127
807.96221924	2.35294127
807.96624756	2.35294127
807.97033691	2.35294127
807.97436523	2.35294127
807.97436523	2.35294127
807.97851563	2.35294127
807.98266602	2.35294127
807.98675537	2.35294127
807.98675537	2.35294127
807.99084473	2.35294127
807.99493408	2.35294127
807.99908447	2.35294127
807.99908447	2.35294127
808.00305176	2.37254906
808.00720215	2.37254906
808.01123047	2.37254906
808.01538086	2.37254906
808.01953125	2.37254906
808.01953125	2.37254906
808.02355957	2.37254906
808.02764893	2.37254906
808.03179932	2.37254906
808.03179932	2.37254906
808.03588867	2.39215684
808.03991699	2.39215684
808.04406738	2.39215684
808.04406738	2.39215684
808.04821777	2.39215684
808.05236816	2.39215684
808.05645752	2.39215684
808.06042480	2.39215684
808.06451416	2.41176462
808.06451416	2.41176462
808.06866455	2.41176462
808.07275391	2.41176462
808.07678223	2.41176462
808.07678223	2.41176462
808.08087158	2.41176462
808.08502197	2.41176462
808.08911133	2.41176462
808.08911133	2.41176462
808.09313965	2.41176462
808.09729004	2.43137264
808.10144043	2.43137264
808.10559082	2.43137264
808.10974121	2.43137264
808.10974121	2.43137264
808.11383057	2.43137264
808.11785889	2.43137264
808.12194824	2.43137264
808.12194824	2.43137264
808.12603760	2.43137264
808.13000488	2.43137264
808.13415527	2.43137264
808.13415527	2.43137264
808.13824463	2.43137264
808.14239502	2.43137264
808.14636230	2.43137264
808.15051270	2.43137264
808.15472412	2.43137264
808.15472412	2.43137264
808.15881348	2.43137264
808.16284180	2.43137264
808.16699219	2.43137264
808.16699219	2.43137264
808.17108154	2.43137264
808.17523193	2.43137264
808.17932129	2.43137264
808.17932129	2.43137264
808.18334961	2.43137264
808.18743896	2.43137264
808.19158936	2.43137264
808.19567871	2.43137264
808.19976807	2.41176462
808.19976807	2.41176462
808.20373535	2.41176462
808.20788574	2.41176462
808.21203613	2.41176462
808.21203613	2.41176462
808.21612549	2.41176462
808.22015381	2.41176462
808.22424316	2.41176462
808.22424316	2.41176462
808.22839355	2.41176462
808.23254395	2.39215684
808.23657227	2.39215684
808.24084473	2.39215684
808.24481201	2.39215684
808.24481201	2.39215684
808.24902344	2.39215684
808.25292969	2.39215684
808.25701904	2.39215684
808.25701904	2.39215684
808.26110840	2.39215684
808.26525879	2.39215684
808.26934814	2.39215684
808.26934814	2.39215684
808.27337646	2.39215684
808.27746582	2.37254906
808.28167725	2.37254906
808.28167725	2.37254906
808.28576660	2.37254906
808.28991699	2.37254906
808.28991699	2.37254906
808.29394531	2.37254906
808.29803467	2.37254906
808.30218506	2.37254906
808.30218506	2.37254906
808.30615234	2.37254906
808.31030273	2.37254906
808.31439209	2.37254906
808.31439209	2.37254906
808.31854248	2.37254906
808.32263184	2.37254906
808.32672119	2.37254906
808.32672119	2.39215684
808.33074951	2.39215684
808.33489990	2.39215684
808.33489990	2.37254906
808.33898926	2.37254906
808.34301758	2.37254906
808.34716797	2.37254906
808.34716797	2.37254906
808.35131836	2.37254906
808.35546875	2.37254906
808.35961914	2.37254906
808.35961914	2.37254906
808.36358643	2.37254906
808.36767578	2.37254906
808.37182617	2.37254906
808.37182617	2.37254906
808.37591553	2.37254906
808.38000488	2.37254906
808.38000488	2.37254906
808.38403320	2.37254906
808.38812256	2.37254906
808.39227295	2.37254906
808.39227295	2.37254906
808.39624023	2.37254906
808.40039063	2.37254906
808.40447998	2.37254906
808.40447998	2.37254906
808.40869141	2.37254906
808.41284180	2.37254906
808.41680908	2.37254906
808.41680908	2.37254906
808.42095947	2.37254906
808.42510986	2.37254906
808.42510986	2.37254906
808.42919922	2.37254906
808.43316650	2.37254906
808.43731689	2.37254906
808.43731689	2.37254906
808.44146729	2.37254906
808.44561768	2.37254906
808.44976807	2.37254906
808.44976807	2.37254906
808.45373535	2.37254906
808.45782471	2.37254906
808.46197510	2.37254906
808.46197510	2.37254906
808.46606445	2.37254906
808.47009277	2.37254906
808.47412109	2.37254906
808.47827148	2.39215684
808.48242188	2.39215684
808.48242188	2.39215684
808.48638916	2.39215684
808.49053955	2.39215684
808.49481201	2.39215684
808.49481201	2.39215684
808.49877930	2.39215684
808.50280762	2.39215684
808.50689697	2.39215684
808.50689697	2.39215684
808.51098633	2.39215684
808.51519775	2.41176462
808.51928711	2.41176462
808.52331543	2.41176462
808.52734375	2.41176462
808.52734375	2.41176462
808.53155518	2.41176462
808.53564453	2.41176462
808.53979492	2.41176462
808.53979492	2.41176462
808.54382324	2.41176462
808.54791260	2.41176462
808.55200195	2.41176462
808.55200195	2.41176462
808.55609131	2.41176462
808.56018066	2.41176462
808.56427002	2.41176462
808.56842041	2.41176462
808.57250977	2.41176462
808.57250977	2.41176462
808.57647705	2.41176462
808.58074951	2.41176462
808.58477783	2.41176462
808.58477783	2.41176462
808.58886719	2.41176462
808.59289551	2.39215684
808.59704590	2.39215684
808.59704590	2.39215684
808.60119629	2.39215684
808.60534668	2.39215684
808.60943604	2.39215684
808.61340332	2.39215684
808.61755371	2.39215684
808.61755371	2.39215684
808.62170410	2.39215684
808.62573242	2.39215684
808.62988281	2.39215684
808.62988281	2.39215684
808.63385010	2.39215684
808.63800049	2.37254906
808.64215088	2.37254906
808.64215088	2.37254906
808.64611816	2.37254906
808.65026855	2.37254906
808.65435791	2.37254906
808.65850830	2.37254906
808.66271973	2.37254906
808.66271973	2.37254906
808.66680908	2.37254906
808.67083740	2.37254906
808.67492676	2.37254906
808.67492676	2.37254906
808.67907715	2.37254906
808.68304443	2.37254906
808.68719482	2.37254906
808.68719482	2.37254906
808.69134521	2.37254906
808.69537354	2.37254906
808.69952393	2.37254906
808.70349121	2.37254906
808.70776367	2.37254906
808.70776367	2.37254906
808.71173096	2.37254906
808.71588135	2.37254906
808.71990967	2.39215684
808.71990967	2.39215684
808.72399902	2.39215684
808.72814941	2.39215684
808.73236084	2.39215684
808.73236084	2.39215684
808.73632813	2.39215684
808.74041748	2.39215684
808.74456787	2.39215684
808.74871826	2.39215684
808.75280762	2.41176462
808.75280762	2.41176462
808.75677490	2.41176462
808.76086426	2.41176462
808.76501465	2.41176462
808.76501465	2.41176462
808.76910400	2.41176462
808.77313232	2.41176462
808.77722168	2.41176462
808.77722168	2.41176462
808.78137207	2.41176462
808.78552246	2.41176462
808.78967285	2.41176462
808.78967285	2.41176462
808.79382324	2.41176462
808.79779053	2.41176462
808.79779053	2.41176462
808.80187988	2.41176462
808.80609131	2.41176462
808.81005859	2.41176462
808.81005859	2.41176462
808.81414795	2.41176462
808.81829834	2.41176462
808.82238770	2.41176462
808.82238770	2.41176462
808.82641602	2.41176462
808.83050537	2.41176462
808.83465576	2.41176462
808.83465576	2.41176462
808.83874512	2.41176462
808.84289551	2.41176462
808.84289551	2.41176462
808.84686279	2.41176462
808.85107422	2.41176462
808.85516357	2.41176462
808.85516357	2.41176462
808.85931396	2.39215684
808.86328125	2.39215684
808.86743164	2.39215684
808.86743164	2.39215684
808.87158203	2.39215684
808.87561035	2.39215684
808.87976074	2.39215684
808.87976074	2.39215684
808.88372803	2.39215684
808.88787842	2.39215684
808.88787842	2.39215684
808.89196777	2.37254906
808.89599609	2.37254906
808.90020752	2.37254906
808.90020752	2.37254906
808.90423584	2.37254906
808.90844727	2.37254906
808.91259766	2.37254906
808.91259766	2.37254906
808.91650391	2.37254906
808.92083740	2.37254906
808.92486572	2.37254906
808.92486572	2.37254906
808.92895508	2.37254906
808.93304443	2.37254906
808.93304443	2.37254906
808.93707275	2.37254906
808.94116211	2.37254906
808.94525146	2.37254906
808.94525146	2.35294127
808.94940186	2.35294127
808.95336914	2.35294127
808.95764160	2.35294127
808.95764160	2.35294127
808.96173096	2.35294127
808.96575928	2.35294127
808.96997070	2.35294127
808.96997070	2.35294127
808.97393799	2.35294127
808.97814941	2.35294127
808.98217773	2.35294127
808.98626709	2.35294127
808.99023438	2.35294127
808.99023438	2.35294127
808.99438477	2.35294127
808.99853516	2.35294127
809.00268555	2.35294127
809.00268555	2.35294127
809.00677490	2.35294127
809.01074219	2.35294127
809.01489258	2.35294127
809.01489258	2.35294127
809.01898193	2.35294127
809.02313232	2.35294127
809.02716064	2.35294127
809.03131104	2.35294127
809.03546143	2.35294127
809.03546143	2.35294127
809.03936768	2.35294127
809.04357910	2.35294127
809.04785156	2.35294127
809.04785156	2.35294127
809.05175781	2.35294127
809.05596924	2.35294127
809.06005859	2.35294127
809.06005859	2.35294127
809.06402588	2.35294127
809.06817627	2.35294127
809.07220459	2.35294127
809.07629395	2.35294127
809.08038330	2.35294127
809.08038330	2.35294127
809.08453369	2.35294127
809.08862305	2.37254906
809.09277344	2.37254906
809.09277344	2.37254906
809.09674072	2.37254906
809.10095215	2.37254906
809.10510254	2.37254906
809.10510254	2.37254906
809.10919189	2.37254906
809.11322021	2.37254906
809.11730957	2.37254906
809.12145996	2.37254906
809.12548828	2.37254906
809.12548828	2.37254906
809.12951660	2.37254906
809.13372803	2.39215684
809.13775635	2.39215684
809.13775635	2.39215684
809.14184570	2.39215684
809.14599609	2.39215684
809.15002441	2.39215684
809.15002441	2.39215684
809.15411377	2.39215684
809.15826416	2.39215684
809.16247559	2.39215684
809.16638184	2.41176462
809.17053223	2.41176462
809.17053223	2.41176462
809.17468262	2.41176462
809.17883301	2.41176462
809.18286133	2.41176462
809.18286133	2.41176462
809.18688965	2.41176462
809.19110107	2.41176462
809.19512939	2.41176462
809.19512939	2.41176462
809.19921875	2.41176462
809.20324707	2.41176462
809.20733643	2.41176462
809.21148682	2.41176462
809.21563721	2.41176462
809.21563721	2.41176462
809.21972656	2.41176462
809.22375488	2.41176462
809.22790527	2.41176462
809.22790527	2.41176462
809.23205566	2.41176462
809.23620605	2.41176462
809.24017334	2.41176462
809.24017334	2.41176462
809.24432373	2.43137264
809.24841309	2.43137264
809.25256348	2.43137264
809.25653076	2.43137264
809.26074219	2.43137264
809.26074219	2.43137264
809.26477051	2.41176462
809.26885986	2.41176462
809.27301025	2.41176462
809.27301025	2.41176462
809.27697754	2.41176462
809.28112793	2.41176462
809.28521729	2.41176462
809.28521729	2.41176462
809.28942871	2.41176462
809.29345703	2.41176462
809.29754639	2.39215684
809.30175781	2.39215684
809.30584717	2.39215684
809.30584717	2.39215684
809.30981445	2.37254906
809.31384277	2.37254906
809.31805420	2.37254906
809.31805420	2.37254906
809.32208252	2.37254906
809.32611084	2.37254906
809.33020020	2.35294127
809.33020020	2.35294127
809.33441162	2.35294127
809.33850098	2.35294127
809.34265137	2.35294127
809.34265137	2.35294127
809.34674072	2.35294127
809.35076904	2.35294127
809.35076904	2.35294127
809.35498047	2.35294127
809.35906982	2.33333325
809.36322021	2.33333325
809.36322021	2.33333325
809.36718750	2.33333325
809.37133789	2.33333325
809.37536621	2.33333325
809.37536621	2.33333325
809.37939453	2.33333325
809.38348389	2.33333325
809.38775635	2.33333325
809.38775635	2.33333325
809.39172363	2.33333325
809.39587402	2.33333325
809.39587402	2.33333325
809.39984131	2.33333325
809.40399170	2.33333325
809.40814209	2.33333325
809.40814209	2.33333325
809.41235352	2.33333325
809.41625977	2.33333325
809.42041016	2.33333325
809.42041016	2.33333325
809.42456055	2.33333325
809.42871094	2.33333325
809.43273926	2.33333325
809.43273926	2.33333325
809.43676758	2.33333325
809.44091797	2.33333325
809.44091797	2.33333325
809.44500732	2.35294127
809.44909668	2.35294127
809.45324707	2.35294127
809.45324707	2.35294127
809.45721436	2.35294127
809.46136475	2.35294127
809.46551514	2.35294127
809.46551514	2.35294127
809.46948242	2.35294127
809.47375488	2.35294127
809.47778320	2.35294127
809.47778320	2.35294127
809.48193359	2.35294127
809.48608398	2.35294127
809.48608398	2.35294127
809.49005127	2.35294127
809.49420166	2.35294127
809.49829102	2.37254906
809.49829102	2.37254906
809.50244141	2.37254906
809.50634766	2.37254906
809.51049805	2.37254906
809.51049805	2.37254906
809.51464844	2.37254906
809.51873779	2.37254906
809.52288818	2.37254906
809.52288818	2.37254906
809.52685547	2.37254906
809.53100586	2.39215684
809.53509521	2.39215684
809.53930664	2.39215684
809.54345703	2.39215684
809.54345703	2.39215684
809.54742432	2.39215684
809.55163574	2.39215684
809.55566406	2.39215684
809.55566406	2.39215684
809.55981445	2.39215684
809.56384277	2.39215684
809.56799316	2.39215684
809.56799316	2.39215684
809.57196045	2.39215684
809.57611084	2.41176462
809.58007813	2.41176462
809.58428955	2.41176462
809.58837891	2.41176462
809.58837891	2.41176462
809.59252930	2.41176462
809.59649658	2.41176462
809.60083008	2.41176462
809.60083008	2.41176462
809.60479736	2.41176462
809.60894775	2.41176462
809.61309814	2.41176462
809.61309814	2.41176462
809.61706543	2.41176462
809.62115479	2.41176462
809.62524414	2.41176462
809.62939453	2.41176462
809.63336182	2.41176462
809.63336182	2.41176462
809.63751221	2.41176462
809.64166260	2.41176462
809.64575195	2.41176462
809.64575195	2.41176462
809.64978027	2.41176462
809.65386963	2.41176462
809.65802002	2.41176462
809.65802002	2.41176462
809.66223145	2.41176462
809.66625977	2.41176462
809.67028809	2.41176462
809.67443848	2.41176462
809.67858887	2.41176462
809.67858887	2.41176462
809.68261719	2.41176462
809.68682861	2.41176462
809.69079590	2.41176462
809.69079590	2.41176462
809.69488525	2.41176462
809.69903564	2.41176462
809.70312500	2.41176462
809.70312500	2.41176462
809.70709229	2.41176462
809.71124268	2.41176462
809.71533203	2.41176462
809.71948242	2.41176462
809.72344971	2.41176462
809.72344971	2.39215684
809.72766113	2.39215684
809.73181152	2.39215684
809.73596191	2.39215684
809.73596191	2.39215684
809.73992920	2.37254906
809.74401855	2.37254906
809.74816895	2.37254906
809.74816895	2.37254906
809.75231934	2.37254906
809.75622559	2.35294127
809.76037598	2.35294127
809.76446533	2.35294127
809.76861572	2.35294127
809.76861572	2.33333325
809.77276611	2.33333325
809.77673340	2.33333325
809.78088379	2.33333325
809.78088379	2.33333325
809.78497314	2.33333325
809.78912354	2.33333325
809.79333496	2.31372547
809.79333496	2.31372547
809.79730225	2.31372547
809.80145264	2.31372547
809.80554199	2.31372547
809.80957031	2.31372547
809.81384277	2.31372547
809.81384277	2.31372547
809.81781006	2.31372547
809.82183838	2.31372547
809.82598877	2.31372547
809.82598877	2.31372547
809.82995605	2.31372547
809.83410645	2.31372547
809.83825684	2.31372547
809.83825684	2.31372547
809.84234619	2.31372547
809.84649658	2.31372547
809.85052490	2.31372547
809.85467529	2.31372547
809.85882568	2.31372547
809.85882568	2.31372547
809.86297607	2.31372547
809.86688232	2.31372547
809.87109375	2.31372547
809.87109375	2.33333325
809.87512207	2.33333325
809.87921143	2.33333325
809.88323975	2.33333325
809.88323975	2.33333325
809.88732910	2.33333325
809.89147949	2.33333325
809.89562988	2.33333325
809.89562988	2.35294127
809.89971924	2.35294127
809.90374756	2.35294127
809.90374756	2.35294127
809.90789795	2.35294127
809.91204834	2.35294127
809.91613770	2.37254906
809.91613770	2.37254906
809.92016602	2.37254906
809.92431641	2.37254906
809.92840576	2.37254906
809.92840576	2.37254906
809.93249512	2.37254906
809.93652344	2.39215684
809.94079590	2.39215684
809.94079590	2.39215684
809.94488525	2.39215684
809.94915771	2.39215684
809.94915771	2.39215684
809.95294189	2.39215684
809.95703125	2.41176462
809.96118164	2.41176462
809.96118164	2.41176462
809.96539307	2.41176462
809.96948242	2.41176462
809.97344971	2.41176462
809.97344971	2.41176462
809.97747803	2.41176462
809.98168945	2.43137264
809.98577881	2.43137264
809.98577881	2.43137264
809.98974609	2.43137264
809.99389648	2.43137264
809.99389648	2.43137264
809.99798584	2.43137264
810.00213623	2.43137264
810.00628662	2.43137264
810.00628662	2.43137264
810.01025391	2.43137264
810.01434326	2.43137264
810.01849365	2.43137264
810.01849365	2.43137264
810.02258301	2.43137264
810.02673340	2.43137264
810.03070068	2.43137264
810.03070068	2.45098042
810.03485107	2.45098042
810.03900146	2.43137264
810.03900146	2.43137264
810.04302979	2.45098042
810.04718018	2.43137264
810.05126953	2.43137264
810.05126953	2.43137264
810.05548096	2.43137264
810.05944824	2.43137264
810.06353760	2.43137264
810.06353760	2.43137264
810.06774902	2.43137264
810.07183838	2.43137264
810.07586670	2.43137264
810.07586670	2.43137264
810.07995605	2.43137264
810.08410645	2.43137264
810.08825684	2.43137264
810.09234619	2.43137264
810.09637451	2.43137264
810.09637451	2.43137264
810.10040283	2.43137264
810.10449219	2.43137264
810.10864258	2.43137264
810.10864258	2.43137264
810.11273193	2.43137264
810.11682129	2.43137264
810.12091064	2.41176462
810.12091064	2.41176462
810.12500000	2.41176462
810.12908936	2.41176462
810.13317871	2.41176462
810.13726807	2.41176462
810.14135742	2.41176462
810.14135742	2.41176462
810.14550781	2.41176462
810.14947510	2.41176462
810.15374756	2.41176462
810.15374756	2.39215684
810.15777588	2.39215684
810.16192627	2.39215684
810.16601563	2.39215684
810.16601563	2.39215684
810.17004395	2.39215684
810.17419434	2.39215684
810.17828369	2.39215684
810.18243408	2.39215684
810.18658447	2.39215684
810.18658447	2.37254906
810.19055176	2.37254906
810.19464111	2.37254906
810.19873047	2.37254906
810.19873047	2.37254906
810.20269775	2.37254906
810.20690918	2.37254906
810.21099854	2.37254906
810.21099854	2.37254906
810.21514893	2.37254906
810.21923828	2.37254906
810.22320557	2.37254906
810.22735596	2.37254906
810.23156738	2.37254906
810.23156738	2.37254906
810.23559570	2.37254906
810.23980713	2.37254906
810.24377441	2.37254906
810.24377441	2.37254906
810.24792480	2.37254906
810.25207520	2.37254906
810.25610352	2.37254906
810.25610352	2.37254906
810.26013184	2.37254906
810.26422119	2.37254906
810.26837158	2.37254906
810.27246094	2.37254906
810.27661133	2.37254906
810.27661133	2.37254906
810.28070068	2.37254906
810.28472900	2.37254906
810.28887939	2.37254906
810.28887939	2.37254906
810.29290771	2.39215684
810.29705811	2.39215684
810.30114746	2.39215684
810.30114746	2.39215684
810.30529785	2.39215684
810.30944824	2.39215684
810.31341553	2.39215684
810.31750488	2.39215684
810.32159424	2.39215684
810.32159424	2.41176462
810.32574463	2.41176462
810.32971191	2.41176462
810.33386230	2.41176462
810.33386230	2.41176462
810.33795166	2.41176462
810.34210205	2.41176462
810.34619141	2.41176462
810.34619141	2.43137264
810.35028076	2.43137264
810.35443115	2.43137264
810.35858154	2.43137264
810.36267090	2.43137264
810.36682129	2.43137264
810.36682129	2.43137264
810.37078857	2.43137264
810.37487793	2.43137264
810.37896729	2.45098042
810.37896729	2.45098042
810.38299561	2.45098042
810.38714600	2.45098042
810.39123535	2.45098042
810.39123535	2.45098042
810.39532471	2.45098042
810.39947510	2.45098042
810.40350342	2.45098042
810.40350342	2.45098042
810.40765381	2.45098042
810.41180420	2.45098042
810.41180420	2.45098042
810.41589355	2.45098042
810.41992188	2.45098042
810.42407227	2.45098042
810.42407227	2.45098042
810.42816162	2.45098042
810.43237305	2.45098042
810.43646240	2.45098042
810.43646240	2.45098042
810.44042969	2.45098042
810.44451904	2.45098042
810.44860840	2.45098042
810.44860840	2.45098042
810.45269775	2.45098042
810.45672607	2.45098042
810.45672607	2.45098042
810.46087646	2.45098042
810.46496582	2.45098042
810.46911621	2.45098042
810.46911621	2.43137264
810.47308350	2.43137264
810.47729492	2.43137264
810.48144531	2.43137264
810.48144531	2.43137264
810.48559570	2.43137264
810.48968506	2.43137264
810.49383545	2.43137264
810.49383545	2.41176462
810.49780273	2.41176462
810.50195313	2.41176462
810.50195313	2.41176462
810.50598145	2.41176462
810.51000977	2.41176462
810.51409912	2.39215684
810.51409912	2.39215684
810.51824951	2.39215684
810.52233887	2.39215684
810.52648926	2.39215684
810.52648926	2.39215684
810.53045654	2.39215684
810.53460693	2.39215684
810.53875732	2.37254906
810.53875732	2.37254906
810.54278564	2.37254906
810.54693604	2.37254906
810.54693604	2.37254906
810.55108643	2.37254906
810.55517578	2.37254906
810.55932617	2.37254906
810.55932617	2.35294127
810.56329346	2.35294127
810.56738281	2.35294127
810.57147217	2.35294127
810.57147217	2.35294127
810.57562256	2.35294127
810.57971191	2.35294127
810.58380127	2.35294127
810.58380127	2.35294127
810.58782959	2.35294127
810.59204102	2.35294127
810.59606934	2.35294127
810.60015869	2.33333325
810.60430908	2.33333325
810.60430908	2.33333325
810.60845947	2.33333325
810.61254883	2.33333325
810.61669922	2.33333325
810.61669922	2.33333325
810.62078857	2.33333325
810.62469482	2.35294127
810.62890625	2.33333325
810.62890625	2.33333325
810.63287354	2.35294127
810.63702393	2.35294127
810.64111328	2.35294127
810.64526367	2.35294127
810.64935303	2.35294127
810.64935303	2.35294127
810.65338135	2.35294127
810.65747070	2.35294127
810.66168213	2.35294127
810.66168213	2.35294127
810.66577148	2.35294127
810.66979980	2.35294127
810.67388916	2.35294127
810.67388916	2.35294127
810.67803955	2.35294127
810.68218994	2.35294127
810.68634033	2.35294127
810.69030762	2.35294127
810.69445801	2.35294127
810.69445801	2.35294127
810.69854736	2.35294127
810.70269775	2.37254906
810.70678711	2.37254906
810.70678711	2.37254906
810.71081543	2.37254906
810.71496582	2.37254906
810.71911621	2.37254906
810.71911621	2.37254906
810.72308350	2.37254906
810.72711182	2.37254906
810.73126221	2.37254906
810.73535156	2.37254906
810.73950195	2.37254906
810.73950195	2.37254906
810.74346924	2.37254906
810.74761963	2.37254906
810.75177002	2.37254906
810.75177002	2.37254906
810.75585938	2.37254906
810.75988770	2.37254906
810.76397705	2.37254906
810.76397705	2.37254906
810.76812744	2.37254906
810.77221680	2.37254906
810.77636719	2.37254906
810.78033447	2.37254906
810.78448486	2.37254906
810.78448486	2.39215684
810.78857422	2.39215684
810.79284668	2.39215684
810.79681396	2.39215684
810.79681396	2.39215684
810.80096436	2.39215684
810.80499268	2.39215684
810.80920410	2.39215684
810.80920410	2.39215684
810.81317139	2.39215684
810.81726074	2.39215684
810.82135010	2.39215684
810.82550049	2.39215684
810.82958984	2.39215684
810.82958984	2.39215684
810.83374023	2.39215684
810.83770752	2.39215684
810.84185791	2.39215684
810.84185791	2.39215684
810.84594727	2.39215684
810.85009766	2.39215684
810.85412598	2.39215684
810.85412598	2.39215684
810.85833740	2.39215684
810.86242676	2.39215684
810.86657715	2.39215684
810.87054443	2.39215684
810.87463379	2.39215684
810.87463379	2.39215684
810.87872314	2.39215684
810.88287354	2.39215684
810.88684082	2.39215684
810.88684082	2.39215684
810.89099121	2.39215684
810.89508057	2.39215684
810.89923096	2.39215684
810.89923096	2.39215684
810.90325928	2.39215684
810.90740967	2.39215684
810.91156006	2.39215684
810.91156006	2.39215684
810.91577148	2.39215684
810.91979980	2.39215684
810.91979980	2.39215684
810.92376709	2.39215684
810.92791748	2.39215684
810.93200684	2.39215684
810.93200684	2.39215684
810.93615723	2.39215684
810.94012451	2.39215684
810.94427490	2.39215684
810.94427490	2.39215684
810.94836426	2.37254906
810.95245361	2.37254906
810.95648193	2.37254906
810.95648193	2.37254906
810.96069336	2.37254906
810.96472168	2.37254906
810.96472168	2.37254906
810.96887207	2.37254906
810.97290039	2.37254906
810.97698975	2.37254906
810.97698975	2.37254906
810.98120117	2.37254906
810.98529053	2.37254906
810.98944092	2.37254906
810.98944092	2.37254906
810.99340820	2.37254906
810.99755859	2.37254906
811.00164795	2.37254906
811.00164795	2.37254906
811.00573730	2.37254906
811.00982666	2.37254906
811.00982666	2.37254906
811.01385498	2.37254906
811.01800537	2.37254906
811.02209473	2.37254906
811.02209473	2.37254906
811.02612305	2.39215684
811.03021240	2.37254906
811.03436279	2.39215684
811.03436279	2.39215684
811.03851318	2.39215684
811.04266357	2.39215684
811.04681396	2.39215684
811.04681396	2.39215684
811.05078125	2.39215684
811.05493164	2.39215684
811.05493164	2.39215684
811.05908203	2.39215684
811.06304932	2.39215684
811.06713867	2.39215684
811.06713867	2.39215684
811.07122803	2.41176462
811.07531738	2.41176462
811.07946777	2.41176462
811.07946777	2.41176462
811.08349609	2.41176462
811.08758545	2.41176462
811.09173584	2.41176462
811.09173584	2.41176462
811.09582520	2.41176462
811.09997559	2.41176462
811.09997559	2.41176462
811.10406494	2.41176462
811.10815430	2.41176462
811.11230469	2.41176462
811.11230469	2.41176462
811.11627197	2.41176462
811.12042236	2.41176462
811.12451172	2.41176462
811.12451172	2.41176462
811.12860107	2.41176462
811.13269043	2.39215684
811.13671875	2.39215684
811.13671875	2.39215684
811.14080811	2.39215684
811.14501953	2.39215684
811.14910889	2.39215684
811.15313721	2.39215684
811.15722656	2.39215684
811.15722656	2.39215684
811.16143799	2.39215684
811.16552734	2.39215684
811.16967773	2.39215684
811.16967773	2.39215684
811.17382813	2.39215684
811.17779541	2.37254906
811.18194580	2.37254906
811.18194580	2.37254906
811.18603516	2.37254906
811.19006348	2.37254906
811.19415283	2.37254906
811.19824219	2.37254906
811.20233154	2.37254906
811.20233154	2.37254906
811.20635986	2.37254906
811.21044922	2.37254906
811.21472168	2.37254906
811.21472168	2.37254906
811.21875000	2.37254906
811.22290039	2.37254906
811.22686768	2.37254906
811.22686768	2.37254906
811.23101807	2.37254906
811.23510742	2.37254906
811.23931885	2.37254906
811.24328613	2.37254906
811.24737549	2.37254906
811.24737549	2.35294127
811.25146484	2.35294127
811.25561523	2.35294127
811.25970459	2.35294127
811.25970459	2.35294127
811.26373291	2.35294127
811.26782227	2.35294127
811.27197266	2.35294127
811.27197266	2.35294127
811.27612305	2.35294127
811.28009033	2.35294127
811.28424072	2.35294127
811.28839111	2.35294127
811.29254150	2.35294127
811.29254150	2.35294127
811.29650879	2.35294127
811.30078125	2.35294127
811.30474854	2.35294127
811.30474854	2.35294127
811.30889893	2.35294127
811.31292725	2.35294127
811.31701660	2.35294127
811.31701660	2.35294127
811.32110596	2.35294127
811.32519531	2.35294127
811.32934570	2.35294127
811.33337402	2.35294127
811.33746338	2.35294127
811.33746338	2.35294127
811.34161377	2.35294127
811.34570313	2.35294127
811.34985352	2.35294127
811.34985352	2.35294127
811.35394287	2.35294127
811.35803223	2.35294127
811.36218262	2.35294127
811.36218262	2.35294127
811.36614990	2.35294127
811.37030029	2.35294127
811.37445068	2.35294127
811.37847900	2.35294127
811.38256836	2.35294127
811.38256836	2.35294127
811.38677979	2.35294127
811.39080811	2.35294127
811.39489746	2.35294127
811.39489746	2.35294127
811.39916992	2.35294127
811.40307617	2.37254906
811.40716553	2.37254906
811.40716553	2.37254906
811.41131592	2.37254906
811.41534424	2.37254906
811.41949463	2.37254906
811.42346191	2.37254906
811.42773438	2.37254906
811.42773438	2.37254906
811.43176270	2.39215684
811.43591309	2.39215684
811.44006348	2.39215684
811.44006348	2.39215684
811.44403076	2.39215684
811.44812012	2.39215684
811.45220947	2.39215684
811.45220947	2.39215684
811.45623779	2.39215684
811.46032715	2.41176462
811.46447754	2.41176462
811.46447754	2.41176462
811.46856689	2.41176462
811.47271729	2.41176462
811.47271729	2.41176462
811.47668457	2.41176462
811.48089600	2.41176462
811.48504639	2.41176462
811.48504639	2.41176462
811.48919678	2.41176462
811.49316406	2.41176462
811.49725342	2.41176462
811.49725342	2.41176462
811.50140381	2.41176462
811.50549316	2.41176462
811.50958252	2.41176462
811.50958252	2.41176462
811.51373291	2.41176462
811.51770020	2.41176462
811.51770020	2.41176462
811.52185059	2.41176462
811.52593994	2.41176462
811.52996826	2.41176462
811.52996826	2.41176462
811.53411865	2.41176462
811.53826904	2.41176462
811.54241943	2.41176462
811.54241943	2.41176462
811.54644775	2.41176462
811.55053711	2.41176462
811.55462646	2.41176462
811.55462646	2.41176462
811.55877686	2.41176462
811.56292725	2.41176462
811.56292725	2.41176462
811.56689453	2.41176462
811.57098389	2.39215684
811.57507324	2.39215684
811.57507324	2.39215684
811.57922363	2.39215684
811.58325195	2.37254906
811.58734131	2.37254906
811.58734131	2.37254906
811.59149170	2.37254906
811.59558105	2.35294127
811.59979248	2.35294127
811.59979248	2.35294127
811.60382080	2.35294127
811.60791016	2.35294127
811.60791016	2.33333325
811.61206055	2.33333325
811.61596680	2.33333325
811.62017822	2.33333325
811.62017822	2.33333325
811.62426758	2.33333325
811.62835693	2.33333325
811.63250732	2.31372547
811.63250732	2.31372547
811.63647461	2.31372547
811.64074707	2.31372547
811.64477539	2.31372547
811.64477539	2.31372547
811.64886475	2.31372547
811.65301514	2.31372547
811.65698242	2.31372547
811.66113281	2.31372547
811.66528320	2.31372547
811.66528320	2.31372547
811.66943359	2.29411769
811.67340088	2.29411769
811.67755127	2.29411769
811.67755127	2.29411769
811.68170166	2.31372547
811.68579102	2.31372547
811.68994141	2.31372547
811.68994141	2.31372547
811.69390869	2.31372547
811.69799805	2.31372547
811.70208740	2.31372547
811.70611572	2.31372547
811.71020508	2.31372547
811.71020508	2.31372547
811.71435547	2.31372547
811.71844482	2.31372547
811.72259521	2.31372547
811.72259521	2.31372547
811.72668457	2.31372547
811.73077393	2.31372547
811.73486328	2.31372547
811.73486328	2.33333325
811.73901367	2.33333325
811.74316406	2.33333325
811.74713135	2.33333325
811.75134277	2.33333325
811.75537109	2.33333325
811.75537109	2.33333325
811.75952148	2.35294127
811.76342773	2.35294127
811.76776123	2.35294127
811.76776123	2.35294127
811.77172852	2.35294127
811.77587891	2.35294127
811.77996826	2.35294127
811.77996826	2.35294127
811.78399658	2.35294127
811.78808594	2.37254906
811.79229736	2.37254906
811.79626465	2.37254906
811.80041504	2.37254906
811.80041504	2.37254906
811.80456543	2.37254906
811.80865479	2.37254906
811.81280518	2.39215684
811.81280518	2.39215684
811.81671143	2.39215684
811.82086182	2.39215684
811.82495117	2.39215684
811.82495117	2.39215684
811.82910156	2.39215684
811.83312988	2.39215684
811.83721924	2.41176462
811.84136963	2.41176462
811.84545898	2.41176462
811.84545898	2.41176462
811.84948730	2.41176462
811.85382080	2.41176462
811.85778809	2.41176462
811.85778809	2.41176462
811.86193848	2.41176462
811.86596680	2.41176462
811.87005615	2.41176462
811.87005615	2.43137264
811.87414551	2.43137264
811.87823486	2.43137264
811.88238525	2.43137264
811.88635254	2.43137264
811.89044189	2.43137264
811.89044189	2.43137264
811.89465332	2.43137264
811.89868164	2.43137264
811.90283203	2.43137264
811.90283203	2.43137264
811.90679932	2.43137264
811.91101074	2.43137264
811.91516113	2.43137264
811.91516113	2.43137264
811.91931152	2.43137264
811.92327881	2.43137264
811.92742920	2.43137264
811.93151855	2.43137264
811.93566895	2.43137264
811.93566895	2.43137264
811.93981934	2.43137264
811.94378662	2.43137264
811.94787598	2.43137264
811.94787598	2.43137264
811.95196533	2.43137264
811.95611572	2.43137264
811.96008301	2.43137264
811.96008301	2.41176462
811.96423340	2.41176462
811.96832275	2.41176462
811.97247314	2.41176462
811.97644043	2.41176462
811.98077393	2.41176462
811.98077393	2.41176462
811.98480225	2.41176462
811.98895264	2.41176462
811.99304199	2.41176462
811.99304199	2.41176462
811.99700928	2.41176462
812.00115967	2.41176462
812.00524902	2.41176462
812.00524902	2.39215684
812.00933838	2.39215684
812.01330566	2.39215684
812.01745605	2.39215684
812.01745605	2.39215684
812.02160645	2.39215684
812.02575684	2.39215684
812.02575684	2.39215684
812.02972412	2.37254906
812.03387451	2.37254906
812.03796387	2.37254906
812.03796387	2.37254906
812.04217529	2.37254906
812.04632568	2.37254906
812.05029297	2.37254906
812.05029297	2.37254906
812.05438232	2.35294127
812.05853271	2.35294127
812.06268311	2.35294127
812.06268311	2.35294127
812.06671143	2.35294127
812.07073975	2.35294127
812.07073975	2.35294127
812.07489014	2.35294127
812.07897949	2.35294127
812.08306885	2.35294127
812.08306885	2.33333325
812.08709717	2.33333325
812.09118652	2.33333325
812.09533691	2.33333325
812.09533691	2.33333325
812.09942627	2.33333325
812.10351563	2.33333325
812.10778809	2.35294127
812.10778809	2.35294127
812.11175537	2.35294127
812.11584473	2.35294127
812.11584473	2.35294127
812.11993408	2.35294127
812.12402344	2.35294127
812.12811279	2.35294127
812.12811279	2.35294127
812.13220215	2.35294127
812.13623047	2.35294127
812.14031982	2.35294127
812.14031982	2.37254906
812.14447021	2.37254906
812.14862061	2.37254906
812.15277100	2.37254906
812.15277100	2.37254906
812.15673828	2.37254906
812.16088867	2.37254906
812.16088867	2.37254906
812.16497803	2.39215684
812.16912842	2.39215684
812.17327881	2.39215684
812.17327881	2.39215684
812.17730713	2.39215684
812.18139648	2.39215684
812.18548584	2.39215684
812.18548584	2.41176462
812.18951416	2.41176462
812.19372559	2.41176462
812.19775391	2.41176462
812.19775391	2.41176462
812.20184326	2.41176462
812.20599365	2.43137264
812.20996094	2.43137264
812.21411133	2.43137264
812.21832275	2.43137264
812.21832275	2.43137264
812.22235107	2.43137264
812.22644043	2.43137264
812.23052979	2.45098042
812.23052979	2.45098042
812.23468018	2.45098042
812.23876953	2.45098042
812.24291992	2.45098042
812.24291992	2.45098042
812.24688721	2.45098042
812.25103760	2.45098042
812.25512695	2.45098042
812.25921631	2.47058821
812.26330566	2.47058821
812.26330566	2.47058821
812.26733398	2.47058821
812.27142334	2.47058821
812.27563477	2.47058821
812.27563477	2.47058821
812.27972412	2.47058821
812.28375244	2.47058821
812.28784180	2.47058821
812.28784180	2.47058821
812.29205322	2.47058821
812.29620361	2.47058821
812.30017090	2.47058821
812.30426025	2.47058821
812.30841064	2.47058821
812.30841064	2.47058821
812.31256104	2.47058821
812.31646729	2.47058821
812.32073975	2.47058821
812.32073975	2.47058821
812.32470703	2.47058821
812.32885742	2.47058821
812.33294678	2.47058821
812.33294678	2.47058821
812.33697510	2.47058821
812.34106445	2.47058821
812.34521484	2.47058821
812.34930420	2.47058821
812.35339355	2.47058821
812.35339355	2.47058821
812.35754395	2.47058821
812.36169434	2.47058821
812.36572266	2.47058821
812.36572266	2.47058821
812.36975098	2.47058821
812.37390137	2.47058821
812.37799072	2.47058821
812.37799072	2.45098042
812.38208008	2.45098042
812.38623047	2.45098042
812.39019775	2.45098042
812.39434814	2.45098042
812.39843750	2.45098042
812.39843750	2.45098042
812.40264893	2.45098042
812.40673828	2.45098042
812.41076660	2.45098042
812.41076660	2.45098042
812.41497803	2.45098042
812.41900635	2.43137264
812.42315674	2.43137264
812.42315674	2.43137264
812.42712402	2.43137264
812.43127441	2.43137264
812.43536377	2.43137264
812.43951416	2.43137264
812.44342041	2.43137264
812.44342041	2.43137264
812.44757080	2.43137264
812.45172119	2.43137264
812.45587158	2.43137264
812.45587158	2.41176462
812.45983887	2.41176462
812.46398926	2.41176462
812.46807861	2.41176462
812.46807861	2.41176462
812.47229004	2.41176462
812.47644043	2.41176462
812.48040771	2.39215684
812.48455811	2.39215684
812.48864746	2.39215684
812.48864746	2.39215684
812.49279785	2.39215684
812.49676514	2.39215684
812.50091553	2.39215684
812.50091553	2.39215684
812.50500488	2.39215684
812.50915527	2.39215684
812.51318359	2.39215684
812.51318359	2.39215684
812.51721191	2.37254906
812.52130127	2.37254906
812.52545166	2.37254906
812.52545166	2.37254906
812.52947998	2.37254906
812.53375244	2.39215684
812.53375244	2.39215684
812.53771973	2.39215684
812.54193115	2.39215684
812.54602051	2.39215684
812.54602051	2.39215684
812.54998779	2.39215684
812.55413818	2.39215684
812.55828857	2.39215684
812.55828857	2.39215684
812.56243896	2.39215684
812.56634521	2.39215684
812.57049561	2.39215684
812.57049561	2.41176462
812.57458496	2.41176462
812.57867432	2.41176462
812.57867432	2.41176462
812.58270264	2.41176462
812.58685303	2.41176462
812.59094238	2.41176462
812.59094238	2.41176462
812.59509277	2.41176462
812.59918213	2.41176462
812.60321045	2.41176462
812.60321045	2.41176462
812.60742188	2.43137264
812.61151123	2.43137264
812.61572266	2.43137264
812.61572266	2.43137264
812.61981201	2.43137264
812.62377930	2.43137264
812.62377930	2.43137264
812.62780762	2.43137264
812.63189697	2.43137264
812.63610840	2.43137264
812.63610840	2.45098042
812.64007568	2.45098042
812.64422607	2.45098042
812.64831543	2.45098042
812.64831543	2.45098042
812.65246582	2.45098042
812.65643311	2.45098042
812.66076660	2.45098042
812.66076660	2.45098042
812.66479492	2.45098042
812.66894531	2.45098042
812.66894531	2.45098042
812.67291260	2.45098042
812.67700195	2.45098042
812.68115234	2.45098042
812.68115234	2.45098042
812.68524170	2.45098042
812.68933105	2.45098042
812.69329834	2.45098042
812.69329834	2.45098042
812.69744873	2.45098042
812.70159912	2.45098042
812.70574951	2.45098042
812.70574951	2.45098042
812.70971680	2.45098042
812.71386719	2.45098042
812.71795654	2.45098042
812.72210693	2.45098042
812.72631836	2.45098042
812.72631836	2.45098042
812.73028564	2.45098042
812.73443604	2.45098042
812.73852539	2.45098042
812.73852539	2.45098042
812.74267578	2.45098042
812.74676514	2.45098042
812.75079346	2.45098042
812.75079346	2.45098042
812.75488281	2.45098042
812.75897217	2.45098042
812.76293945	2.45098042
812.76715088	2.45098042
812.77130127	2.47058821
812.77130127	2.47058821
812.77539063	2.47058821
812.77954102	2.49019599
812.78350830	2.49019599
812.78350830	2.49019599
812.78765869	2.49019599
812.79180908	2.49019599
812.79583740	2.49019599
812.79583740	2.49019599
812.79986572	2.49019599
812.80395508	2.50980401
812.80810547	2.50980401
812.81231689	2.50980401
812.81634521	2.50980401
812.81634521	2.50980401
812.82031250	2.50980401
812.82446289	2.50980401
812.82861328	2.50980401
812.82861328	2.50980401
812.83264160	2.50980401
812.83673096	2.50980401
812.84082031	2.50980401
812.84082031	2.50980401
812.84497070	2.50980401
812.84906006	2.50980401
812.85314941	2.50980401
812.85729980	2.50980401
812.86138916	2.50980401
812.86138916	2.50980401
812.86547852	2.52941179
812.86968994	2.52941179
812.87377930	2.52941179
812.87377930	2.52941179
812.87774658	2.52941179
812.88183594	2.52941179
812.88598633	2.52941179
812.88598633	2.52941179
812.88995361	2.54901958
812.89410400	2.54901958
812.89819336	2.54901958
812.90234375	2.54901958
812.90643311	2.54901958
812.90643311	2.54901958
812.91052246	2.54901958
812.91467285	2.54901958
812.91876221	2.54901958
812.91876221	2.54901958
812.92291260	2.54901958
812.92687988	2.54901958
812.93103027	2.54901958
812.93103027	2.54901958
812.93511963	2.56862736
812.93927002	2.56862736
812.94317627	2.56862736
812.94732666	2.56862736
812.95141602	2.56862736
812.95141602	2.54901958
812.95562744	2.54901958
812.95971680	2.52941179
812.96374512	2.52941179
812.96374512	2.52941179
812.96783447	2.50980401
812.97198486	2.50980401
812.97619629	2.50980401
812.97619629	2.50980401
812.98016357	2.50980401
812.98425293	2.50980401
812.98840332	2.49019599
812.99255371	2.49019599
812.99664307	2.49019599
812.99664307	2.49019599
813.00079346	2.49019599
813.00482178	2.49019599
813.00891113	2.47058821
813.00891113	2.47058821
813.01293945	2.47058821
813.01702881	2.47058821
813.02117920	2.47058821
813.02117920	2.47058821
813.02526855	2.47058821
813.02947998	2.47058821
813.03344727	2.47058821
813.03753662	2.47058821
813.04162598	2.47058821
813.04162598	2.47058821
813.04583740	2.47058821
813.04986572	2.47058821
813.05389404	2.47058821
813.05389404	2.47058821
813.05804443	2.47058821
813.06219482	2.47058821
813.06628418	2.47058821
813.06628418	2.47058821
813.07019043	2.47058821
813.07434082	2.47058821
813.07855225	2.47058821
813.07855225	2.47058821
813.08264160	2.47058821
813.08679199	2.47058821
813.08679199	2.47058821
813.09075928	2.47058821
813.09490967	2.47058821
813.09906006	2.47058821
813.09906006	2.47058821
813.10302734	2.47058821
813.10711670	2.47058821
813.11126709	2.47058821
813.11126709	2.47058821
813.11541748	2.47058821
813.11938477	2.47058821
813.12353516	2.47058821
813.12353516	2.47058821
813.12768555	2.47058821
813.13177490	2.47058821
813.13177490	2.47058821
813.13592529	2.47058821
813.13989258	2.47058821
813.14404297	2.47058821
813.14404297	2.47058821
813.14819336	2.47058821
813.15228271	2.45098042
813.15631104	2.45098042
813.15631104	2.45098042
813.16033936	2.45098042
813.16448975	2.45098042
813.16857910	2.45098042
813.16857910	2.45098042
813.17272949	2.45098042
813.17675781	2.45098042
813.17675781	2.45098042
813.18078613	2.45098042
813.18499756	2.45098042
813.18908691	2.45098042
813.18908691	2.45098042
813.19305420	2.45098042
813.19720459	2.45098042
813.20135498	2.45098042
813.20135498	2.45098042
813.20544434	2.45098042
813.20959473	2.45098042
813.21374512	2.45098042
813.21374512	2.47058821
813.21771240	2.47058821
813.22186279	2.47058821
813.22186279	2.47058821
813.22607422	2.47058821
813.22998047	2.49019599
813.23413086	2.49019599
813.23413086	2.49019599
813.23828125	2.49019599
813.24243164	2.49019599
813.24652100	2.50980401
813.24652100	2.50980401
813.25054932	2.50980401
813.25463867	2.50980401
813.25872803	2.50980401
813.25872803	2.52941179
813.26269531	2.52941179
813.26684570	2.52941179
813.27093506	2.54901958
813.27508545	2.54901958
813.27917480	2.56862736
813.27917480	2.56862736
813.28320313	2.56862736
813.28735352	2.58823538
813.29150391	2.58823538
813.29150391	2.58823538
813.29565430	2.60784316
813.29974365	2.60784316
813.30377197	2.62745094
813.30377197	2.62745094
813.30786133	2.62745094
813.31201172	2.64705873
813.31610107	2.64705873
813.32006836	2.66666675
813.32421875	2.66666675
813.32421875	2.66666675
813.32836914	2.66666675
813.33239746	2.68627453
813.33660889	2.68627453
813.33660889	2.68627453
813.34069824	2.68627453
813.34472656	2.68627453
813.34881592	2.68627453
813.34881592	2.68627453
813.35290527	2.70588231
813.35699463	2.70588231
813.36114502	2.70588231
813.36529541	2.70588231
813.36938477	2.70588231
813.36938477	2.70588231
813.37341309	2.70588231
813.37744141	2.70588231
813.38159180	2.70588231
813.38159180	2.70588231
813.38574219	2.70588231
813.38970947	2.68627453
813.39385986	2.68627453
813.39385986	2.68627453
813.39794922	2.68627453
813.40209961	2.68627453
813.40618896	2.68627453
813.41021729	2.68627453
813.41436768	2.68627453
813.41436768	2.68627453
813.41851807	2.68627453
813.42266846	2.68627453
813.42675781	2.68627453
813.42675781	2.68627453
813.43078613	2.68627453
813.43487549	2.66666675
813.43896484	2.66666675
813.43896484	2.66666675
813.44293213	2.66666675
813.44708252	2.66666675
813.45117188	2.66666675
813.45532227	2.68627453
813.45947266	2.66666675
813.45947266	2.66666675
813.46343994	2.66666675
813.46759033	2.68627453
813.47174072	2.68627453
813.47174072	2.66666675
813.47589111	2.66666675
813.47985840	2.66666675
813.48400879	2.66666675
813.48400879	2.66666675
813.48815918	2.66666675
813.49230957	2.66666675
813.49639893	2.64705873
813.50036621	2.60784316
813.50451660	2.60784316
813.50451660	2.58823538
813.50854492	2.58823538
813.51269531	2.56862736
813.51672363	2.56862736
813.51672363	2.56862736
813.52081299	2.54901958
813.52496338	2.54901958
813.52905273	2.52941179
813.52905273	2.52941179
813.53320313	2.52941179
813.53717041	2.50980401
813.54138184	2.50980401
813.54553223	2.50980401
813.54962158	2.49019599
813.54962158	2.49019599
813.55377197	2.49019599
813.55780029	2.49019599
813.56188965	2.47058821
813.56188965	2.47058821
813.56597900	2.47058821
813.56994629	2.47058821
813.57403564	2.47058821
813.57403564	2.47058821
813.57830811	2.47058821
813.58251953	2.47058821
813.58654785	2.47058821
813.58654785	2.47058821
813.59051514	2.47058821
813.59478760	2.49019599
813.59478760	2.50980401
813.59881592	2.50980401
813.60290527	2.52941179
813.60681152	2.52941179
813.60681152	2.54901958
813.61096191	2.54901958
813.61511230	2.56862736
813.61920166	2.56862736
813.61920166	2.56862736
813.62322998	2.56862736
813.62738037	2.58823538
813.63146973	2.58823538
813.63146973	2.58823538
813.63562012	2.58823538
813.63970947	2.60784316
813.63970947	2.60784316
813.64373779	2.60784316
813.64782715	2.60784316
813.65197754	2.60784316
813.65197754	2.60784316
813.65606689	2.62745094
813.66009521	2.62745094
813.66424561	2.62745094
813.66424561	2.62745094
813.66839600	2.62745094
813.67248535	2.62745094
813.67669678	2.62745094
813.67669678	2.62745094
813.68078613	2.64705873
813.68481445	2.64705873
813.68481445	2.64705873
813.68884277	2.64705873
813.69287109	2.64705873
813.69696045	2.64705873
813.69696045	2.64705873
813.70111084	2.64705873
813.70520020	2.64705873
813.70935059	2.64705873
813.70935059	2.66666675
813.71337891	2.66666675
813.71746826	2.66666675
813.72161865	2.66666675
813.72161865	2.66666675
813.72576904	2.66666675
813.72979736	2.66666675
813.72979736	2.66666675
813.73388672	2.66666675
813.73803711	2.66666675
813.74212646	2.66666675
813.74212646	2.66666675
813.74627686	2.66666675
813.75024414	2.68627453
813.75439453	2.68627453
813.75439453	2.68627453
813.75854492	2.68627453
813.76257324	2.68627453
813.76672363	2.68627453
813.76672363	2.68627453
813.77069092	2.68627453
813.77484131	2.68627453
813.77893066	2.68627453
813.78295898	2.66666675
813.78704834	2.66666675
813.78704834	2.66666675
813.79125977	2.66666675
813.79541016	2.66666675
813.79943848	2.66666675
813.79943848	2.64705873
813.80352783	2.64705873
813.80761719	2.64705873
813.81176758	2.64705873
813.81176758	2.64705873
813.81585693	2.62745094
813.81994629	2.62745094
813.82391357	2.62745094
813.82806396	2.62745094
813.83215332	2.60784316
813.83215332	2.60784316
813.83624268	2.60784316
813.84033203	2.60784316
813.84448242	2.60784316
813.84448242	2.58823538
813.84857178	2.58823538
813.85272217	2.58823538
813.85675049	2.58823538
813.85675049	2.58823538
813.86090088	2.58823538
813.86505127	2.56862736
813.86914063	2.56862736
813.87310791	2.56862736
813.87719727	2.56862736
813.87719727	2.56862736
813.88134766	2.56862736
813.88543701	2.54901958
813.88958740	2.54901958
813.88958740	2.54901958
813.89367676	2.54901958
813.89770508	2.54901958
813.90179443	2.54901958
813.90179443	2.54901958
813.90594482	2.54901958
813.90997314	2.54901958
813.91412354	2.50980401
813.91827393	2.50980401
813.92242432	2.50980401
813.92242432	2.49019599
813.92645264	2.49019599
813.93048096	2.49019599
813.93481445	2.49019599
813.93481445	2.49019599
813.93872070	2.49019599
813.94281006	2.49019599
813.94683838	2.49019599
813.94683838	2.50980401
813.95092773	2.50980401
813.95507813	2.50980401
813.95916748	2.52941179
813.96319580	2.52941179
813.96734619	2.52941179
813.96734619	2.52941179
813.97149658	2.52941179
813.97564697	2.52941179
813.97979736	2.54901958
813.97979736	2.54901958
813.98376465	2.54901958
813.98785400	2.54901958
813.99200439	2.54901958
813.99200439	2.54901958
813.99615479	2.54901958
814.00018311	2.54901958
814.00433350	2.56862736
814.00842285	2.56862736
814.01251221	2.56862736
814.01251221	2.56862736
814.01654053	2.56862736
814.02075195	2.56862736
814.02478027	2.56862736
814.02478027	2.56862736
814.02886963	2.56862736
814.03283691	2.54901958
814.03692627	2.54901958
814.03692627	2.54901958
814.04107666	2.54901958
814.04522705	2.54901958
814.04931641	2.54901958
814.05334473	2.54901958
814.05749512	2.54901958
814.05749512	2.54901958
814.06164551	2.54901958
814.06585693	2.54901958
814.06982422	2.54901958
814.06982422	2.54901958
814.07379150	2.54901958
814.07794189	2.54901958
814.08209229	2.54901958
814.08209229	2.54901958
814.08612061	2.54901958
814.09020996	2.54901958
814.09436035	2.54901958
814.09844971	2.54901958
814.10260010	2.54901958
814.10260010	2.54901958
814.10675049	2.54901958
814.11077881	2.54901958
814.11486816	2.54901958
814.11486816	2.54901958
814.11901855	2.52941179
814.12304688	2.52941179
814.12707520	2.52941179
814.12707520	2.52941179
814.13122559	2.52941179
814.13531494	2.52941179
814.13946533	2.52941179
814.13946533	2.52941179
814.14343262	2.52941179
814.14770508	2.52941179
814.14770508	2.52941179
814.15167236	2.52941179
814.15582275	2.50980401
814.15991211	2.50980401
814.15991211	2.50980401
814.16400146	2.50980401
814.16815186	2.50980401
814.17224121	2.50980401
814.17224121	2.50980401
814.17626953	2.50980401
814.18035889	2.50980401
814.18450928	2.49019599
814.18450928	2.49019599
814.18859863	2.49019599
814.19268799	2.49019599
814.19268799	2.49019599
814.19671631	2.49019599
814.20080566	2.49019599
814.20495605	2.49019599
814.20495605	2.49019599
814.20910645	2.49019599
814.21307373	2.49019599
814.21722412	2.49019599
814.21722412	2.49019599
814.22131348	2.49019599
814.22552490	2.50980401
814.22967529	2.50980401
814.22967529	2.50980401
814.23376465	2.52941179
814.23767090	2.52941179
814.23767090	2.52941179
814.24188232	2.52941179
814.24603271	2.52941179
814.25000000	2.52941179
814.25000000	2.52941179
814.25415039	2.52941179
814.25817871	2.52941179
814.26232910	2.52941179
814.26232910	2.52941179
814.26635742	2.52941179
814.27044678	2.52941179
814.27471924	2.52941179
814.27471924	2.52941179
814.27868652	2.52941179
814.28283691	2.52941179
814.28283691	2.52941179
814.28680420	2.52941179
814.29095459	2.52941179
814.29516602	2.52941179
814.29516602	2.52941179
814.29919434	2.52941179
814.30328369	2.52941179
814.30737305	2.52941179
814.30737305	2.52941179
814.31152344	2.52941179
814.31561279	2.52941179
814.31970215	2.52941179
814.31970215	2.52941179
814.32366943	2.52941179
814.32781982	2.52941179
814.33190918	2.54901958
814.33612061	2.54901958
814.34008789	2.54901958
814.34008789	2.54901958
814.34423828	2.54901958
814.34832764	2.56862736
814.35247803	2.56862736
814.35247803	2.56862736
814.35650635	2.56862736
814.36077881	2.56862736
814.36480713	2.56862736
814.36480713	2.58823538
814.36883545	2.58823538
814.37304688	2.58823538
814.37701416	2.58823538
814.38110352	2.58823538
814.38519287	2.58823538
814.38519287	2.60784316
814.38934326	2.60784316
814.39331055	2.60784316
814.39746094	2.60784316
814.39746094	2.60784316
814.40155029	2.60784316
814.40570068	2.62745094
814.40979004	2.62745094
814.40979004	2.62745094
814.41387939	2.62745094
814.41802979	2.62745094
814.42211914	2.62745094
814.42614746	2.62745094
814.43023682	2.62745094
814.43023682	2.62745094
814.43438721	2.62745094
814.43847656	2.62745094
814.44256592	2.62745094
814.44256592	2.62745094
814.44671631	2.62745094
814.45068359	2.62745094
814.45483398	2.62745094
814.45483398	2.64705873
814.45892334	2.64705873
814.46307373	2.64705873
814.46710205	2.64705873
814.47125244	2.64705873
814.47540283	2.64705873
814.47540283	2.64705873
814.47955322	2.64705873
814.48345947	2.64705873
814.48779297	2.64705873
814.48779297	2.62745094
814.49176025	2.62745094
814.49591064	2.62745094
814.50000000	2.60784316
814.50000000	2.60784316
814.50396729	2.60784316
814.50805664	2.60784316
814.51220703	2.58823538
814.51617432	2.58823538
814.52032471	2.58823538
814.52032471	2.58823538
814.52447510	2.58823538
814.52856445	2.58823538
814.53265381	2.56862736
814.53265381	2.56862736
814.53674316	2.56862736
814.54089355	2.56862736
814.54504395	2.56862736
814.54504395	2.56862736
814.54919434	2.56862736
814.55316162	2.54901958
814.55725098	2.54901958
814.56140137	2.54901958
814.56549072	2.54901958
814.56549072	2.54901958
814.56958008	2.54901958
814.57379150	2.54901958
814.57775879	2.54901958
814.57775879	2.54901958
814.58190918	2.52941179
814.58605957	2.52941179
814.59002686	2.52941179
814.59002686	2.52941179
814.59417725	2.52941179
814.59820557	2.52941179
814.60229492	2.52941179
814.60632324	2.52941179
814.61041260	2.52941179
814.61041260	2.52941179
814.61456299	2.50980401
814.61871338	2.50980401
814.62286377	2.50980401
814.62286377	2.50980401
814.62689209	2.50980401
814.63092041	2.50980401
814.63507080	2.50980401
814.63507080	2.50980401
814.63916016	2.50980401
814.64318848	2.50980401
814.64733887	2.50980401
814.64733887	2.50980401
814.65142822	2.50980401
814.65557861	2.50980401
814.65557861	2.50980401
814.65966797	2.50980401
814.66375732	2.50980401
814.66784668	2.50980401
814.66784668	2.50980401
814.67199707	2.50980401
814.67614746	2.50980401
814.68011475	2.50980401
814.68011475	2.50980401
814.68426514	2.50980401
814.68835449	2.50980401
814.69244385	2.50980401
814.69244385	2.50980401
814.69647217	2.50980401
814.70068359	2.50980401
814.70068359	2.50980401
814.70465088	2.50980401
814.70880127	2.50980401
814.71295166	2.50980401
814.71295166	2.50980401
814.71697998	2.50980401
814.72106934	2.50980401
814.72528076	2.50980401
814.72528076	2.50980401
814.72937012	2.50980401
814.73339844	2.50980401
814.73748779	2.50980401
814.73748779	2.50980401
814.74163818	2.50980401
814.74578857	2.50980401
814.74578857	2.50980401
814.74987793	2.50980401
814.75396729	2.50980401
814.75805664	2.50980401
814.75805664	2.50980401
814.76214600	2.50980401
814.76629639	2.50980401
814.77032471	2.50980401
814.77032471	2.50980401
814.77441406	2.50980401
814.77844238	2.50980401
814.78259277	2.50980401
814.78259277	2.50980401
814.78668213	2.50980401
814.79071045	2.50980401
814.79071045	2.50980401
814.79479980	2.50980401
814.79895020	2.50980401
814.80316162	2.50980401
814.80316162	2.50980401
814.80712891	2.50980401
814.81127930	2.52941179
814.81536865	2.52941179
814.81536865	2.52941179
814.81933594	2.52941179
814.82342529	2.52941179
814.82769775	2.52941179
814.82769775	2.52941179
814.83166504	2.52941179
814.83581543	2.52941179
814.83581543	2.52941179
814.83984375	2.52941179
814.84393311	2.52941179
814.84808350	2.52941179
814.84808350	2.52941179
814.85229492	2.52941179
814.85626221	2.52941179
814.86035156	2.52941179
814.86035156	2.52941179
814.86450195	2.52941179
814.86865234	2.52941179
814.87274170	2.52941179
814.87274170	2.50980401
814.87677002	2.50980401
814.88085938	2.50980401
814.88494873	2.50980401
814.88903809	2.50980401
814.89318848	2.50980401
814.89318848	2.50980401
814.89715576	2.50980401
814.90130615	2.50980401
814.90539551	2.50980401
814.90539551	2.49019599
814.90942383	2.49019599
814.91369629	2.49019599
814.91772461	2.49019599
814.91772461	2.49019599
814.92187500	2.49019599
814.92602539	2.49019599
814.92999268	2.49019599
814.93414307	2.47058821
814.93817139	2.47058821
814.93817139	2.47058821
814.94232178	2.47058821
814.94628906	2.47058821
814.95043945	2.47058821
814.95043945	2.47058821
814.95452881	2.47058821
814.95867920	2.47058821
814.96276855	2.47058821
814.96276855	2.47058821
814.96685791	2.47058821
814.97094727	2.47058821
814.97509766	2.47058821
814.97924805	2.47058821
814.98321533	2.47058821
814.98321533	2.47058821
814.98736572	2.47058821
814.99151611	2.45098042
814.99560547	2.45098042
814.99560547	2.45098042
814.99969482	2.45098042
815.00372314	2.45098042
815.00781250	2.45098042
815.00781250	2.45098042
815.01190186	2.45098042
815.01611328	2.45098042
815.02008057	2.45098042
815.02416992	2.45098042
815.02832031	2.45098042
815.02832031	2.45098042
815.03247070	2.45098042
815.03643799	2.45098042
815.04077148	2.45098042
815.04077148	2.45098042
815.04473877	2.45098042
815.04888916	2.45098042
815.05303955	2.45098042
815.05303955	2.47058821
815.05700684	2.47058821
815.06109619	2.47058821
815.06524658	2.47058821
815.06933594	2.47058821
815.07330322	2.47058821
815.07330322	2.47058821
815.07745361	2.47058821
815.08154297	2.47058821
815.08569336	2.47058821
815.08569336	2.49019599
815.08966064	2.49019599
815.09381104	2.49019599
815.09790039	2.49019599
815.09790039	2.49019599
815.10211182	2.49019599
815.10626221	2.49019599
815.11022949	2.50980401
815.11437988	2.50980401
815.11853027	2.50980401
815.11853027	2.50980401
815.12261963	2.50980401
815.12677002	2.50980401
815.13067627	2.50980401
815.13067627	2.50980401
815.13482666	2.50980401
815.13891602	2.50980401
815.14306641	2.50980401
815.14306641	2.50980401
815.14703369	2.50980401
815.15118408	2.50980401
815.15533447	2.50980401
815.15942383	2.50980401
815.16345215	2.50980401
815.16345215	2.50980401
815.16760254	2.50980401
815.17175293	2.50980401
815.17590332	2.50980401
815.17590332	2.50980401
815.17987061	2.50980401
815.18402100	2.50980401
815.18811035	2.50980401
815.18811035	2.50980401
815.19219971	2.50980401
815.19616699	2.50980401
815.20031738	2.50980401
815.20031738	2.50980401
815.20440674	2.50980401
815.20855713	2.50980401
815.20855713	2.50980401
815.21264648	2.50980401
815.21685791	2.50980401
815.22076416	2.50980401
815.22076416	2.50980401
815.22497559	2.49019599
815.22906494	2.49019599
815.23321533	2.49019599
815.23321533	2.49019599
815.23724365	2.49019599
815.24139404	2.49019599
815.24554443	2.49019599
815.24554443	2.49019599
815.24945068	2.49019599
815.25372314	2.49019599
815.25372314	2.49019599
815.25769043	2.49019599
815.26184082	2.49019599
815.26593018	2.49019599
815.26593018	2.49019599
815.26995850	2.49019599
815.27404785	2.49019599
815.27819824	2.49019599
815.27819824	2.49019599
815.28234863	2.49019599
815.28637695	2.49019599
815.29046631	2.49019599
815.29046631	2.49019599
815.29461670	2.49019599
815.29876709	2.49019599
815.29876709	2.49019599
815.30273438	2.49019599
815.30688477	2.49019599
815.31097412	2.49019599
815.31097412	2.49019599
815.31512451	2.49019599
815.31927490	2.49019599
815.32330322	2.49019599
815.32330322	2.49019599
815.32739258	2.49019599
815.33154297	2.49019599
815.33563232	2.49019599
815.33563232	2.49019599
815.33990479	2.49019599
815.34381104	2.49019599
815.34381104	2.49019599
815.34790039	2.49019599
815.35192871	2.49019599
815.35607910	2.49019599
815.35607910	2.49019599
815.36004639	2.49019599
815.36419678	2.49019599
815.36834717	2.49019599
815.36834717	2.49019599
815.37243652	2.49019599
815.37646484	2.49019599
815.38067627	2.49019599
815.38067627	2.49019599
815.38470459	2.49019599
815.38879395	2.49019599
815.39282227	2.49019599
815.39691162	2.49019599
815.40106201	2.49019599
815.40106201	2.49019599
815.40515137	2.49019599
815.40930176	2.49019599
815.41333008	2.49019599
815.41333008	2.49019599
815.41748047	2.49019599
815.42163086	2.50980401
815.42578125	2.50980401
815.42578125	2.50980401
815.42974854	2.50980401
815.43383789	2.50980401
815.43798828	2.50980401
815.44207764	2.50980401
815.44616699	2.50980401
815.44616699	2.50980401
815.45019531	2.52941179
815.45428467	2.52941179
815.45843506	2.52941179
815.45843506	2.52941179
815.46252441	2.52941179
815.46685791	2.52941179
815.47070313	2.52941179
815.47070313	2.52941179
815.47485352	2.52941179
815.47900391	2.52941179
815.48297119	2.52941179
815.48706055	2.52941179
815.49127197	2.54901958
815.49127197	2.54901958
815.49536133	2.54901958
815.49945068	2.54901958
815.50347900	2.54901958
815.50347900	2.54901958
815.50756836	2.54901958
815.51171875	2.54901958
815.51574707	2.54901958
815.51574707	2.54901958
815.51983643	2.54901958
815.52392578	2.54901958
815.52807617	2.52941179
815.53222656	2.52941179
815.53637695	2.52941179
815.53637695	2.52941179
815.54034424	2.52941179
815.54449463	2.52941179
815.54864502	2.52941179
815.54864502	2.52941179
815.55273438	2.52941179
815.55670166	2.52941179
815.56085205	2.52941179
815.56085205	2.50980401
815.56500244	2.50980401
815.56915283	2.50980401
815.57305908	2.50980401
815.57714844	2.50980401
815.58129883	2.50980401
815.58129883	2.50980401
815.58538818	2.49019599
815.58959961	2.49019599
815.59368896	2.49019599
815.59368896	2.49019599
815.59771729	2.49019599
815.60180664	2.49019599
815.60595703	2.49019599
815.60595703	2.47058821
815.60998535	2.47058821
815.61413574	2.47058821
815.61822510	2.47058821
815.62237549	2.47058821
815.62652588	2.47058821
815.62652588	2.47058821
815.63043213	2.47058821
815.63458252	2.47058821
815.63867188	2.47058821
815.63867188	2.47058821
815.64282227	2.47058821
815.64678955	2.47058821
815.65093994	2.47058821
815.65093994	2.47058821
815.65502930	2.47058821
815.65917969	2.47058821
815.66320801	2.47058821
815.66735840	2.47058821
815.67150879	2.47058821
815.67150879	2.47058821
815.67565918	2.47058821
815.67968750	2.47058821
815.68377686	2.47058821
815.68377686	2.47058821
815.68786621	2.47058821
815.69189453	2.47058821
815.69604492	2.47058821
815.69604492	2.47058821
815.70007324	2.47058821
815.70416260	2.47058821
815.70831299	2.47058821
815.71240234	2.49019599
815.71661377	2.49019599
815.71661377	2.49019599
815.72070313	2.49019599
815.72473145	2.49019599
815.72888184	2.49019599
815.72888184	2.49019599
815.73284912	2.49019599
815.73699951	2.49019599
815.74108887	2.49019599
815.74108887	2.49019599
815.74523926	2.49019599
815.74932861	2.49019599
815.75335693	2.49019599
815.75335693	2.49019599
815.75744629	2.49019599
815.76159668	2.49019599
815.76159668	2.49019599
815.76568604	2.49019599
815.76971436	2.49019599
815.77380371	2.49019599
815.77380371	2.49019599
815.77795410	2.49019599
815.78204346	2.50980401
815.78619385	2.50980401
815.78619385	2.50980401
815.79022217	2.50980401
815.79437256	2.50980401
815.79852295	2.50980401
815.79852295	2.50980401
815.80261230	2.50980401
815.80676270	2.50980401
815.80676270	2.50980401
815.81072998	2.50980401
815.81481934	2.50980401
815.81890869	2.50980401
815.81890869	2.50980401
815.82293701	2.50980401
815.82702637	2.50980401
815.83117676	2.50980401
815.83117676	2.50980401
815.83532715	2.50980401
815.83941650	2.50980401
815.84344482	2.50980401
815.84344482	2.50980401
815.84759521	2.50980401
815.85174561	2.50980401
815.85174561	2.50980401
815.85589600	2.50980401
815.85986328	2.50980401
815.86401367	2.50980401
815.86401367	2.50980401
815.86816406	2.50980401
815.87225342	2.50980401
815.87640381	2.50980401
815.87640381	2.50980401
815.88031006	2.50980401
815.88446045	2.50980401
815.88854980	2.50980401
815.88854980	2.50980401
815.89270020	2.50980401
815.89666748	2.50980401
815.89666748	2.50980401
815.90081787	2.50980401
815.90490723	2.50980401
815.90905762	2.49019599
815.90905762	2.49019599
815.91308594	2.49019599
815.91723633	2.49019599
815.92138672	2.49019599
815.92138672	2.49019599
815.92547607	2.49019599
815.92950439	2.49019599
815.93377686	2.49019599
815.93377686	2.49019599
815.93774414	2.49019599
815.94183350	2.49019599
815.94592285	2.49019599
815.94995117	2.49019599
815.95404053	2.49019599
815.95404053	2.49019599
815.95819092	2.49019599
815.96228027	2.49019599
815.96643066	2.49019599
815.96643066	2.49019599
815.97045898	2.49019599
815.97460938	2.49019599
815.97875977	2.49019599
815.97875977	2.49019599
815.98284912	2.49019599
815.98687744	2.49019599
815.99102783	2.49019599
815.99511719	2.49019599
815.99926758	2.49019599
815.99926758	2.49019599
816.00317383	2.49019599
816.00732422	2.49019599
816.01141357	2.49019599
816.01141357	2.49019599
816.01556396	2.49019599
816.01971436	2.49019599
816.02368164	2.49019599
816.02368164	2.49019599
816.02783203	2.49019599
816.03192139	2.49019599
816.03607178	2.49019599
816.04010010	2.49019599
816.04425049	2.49019599
816.04425049	2.49019599
816.04833984	2.47058821
816.05249023	2.47058821
816.05664063	2.47058821
816.05664063	2.47058821
816.06072998	2.47058821
816.06469727	2.47058821
816.06878662	2.47058821
816.06878662	2.47058821
816.07281494	2.47058821
816.07690430	2.47058821
816.08105469	2.49019599
816.08514404	2.49019599
816.08929443	2.49019599
816.08929443	2.50980401
816.09326172	2.50980401
816.09747314	2.50980401
816.10162354	2.52941179
816.10162354	2.52941179
816.10577393	2.52941179
816.10974121	2.52941179
816.11383057	2.54901958
816.11383057	2.54901958
816.11798096	2.54901958
816.12213135	2.54901958
816.12628174	2.56862736
816.13024902	2.56862736
816.13439941	2.56862736
816.13439941	2.56862736
816.13854980	2.58823538
816.14263916	2.58823538
816.14672852	2.58823538
816.14672852	2.58823538
816.15075684	2.58823538
816.15490723	2.58823538
816.15899658	2.60784316
816.15899658	2.60784316
816.16290283	2.60784316
816.16711426	2.60784316
816.17114258	2.60784316
816.17529297	2.60784316
816.17944336	2.60784316
816.17944336	2.62745094
816.18347168	2.62745094
816.18756104	2.62745094
816.19171143	2.62745094
816.19171143	2.62745094
816.19580078	2.62745094
816.19976807	2.62745094
816.20391846	2.62745094
816.20391846	2.62745094
816.20806885	2.64705873
816.21221924	2.64705873
816.21630859	2.64705873
816.22027588	2.64705873
816.22442627	2.64705873
816.22442627	2.64705873
816.22857666	2.64705873
816.23266602	2.64705873
816.23675537	2.64705873
816.23675537	2.64705873
816.24084473	2.64705873
816.24499512	2.64705873
816.24920654	2.64705873
816.24920654	2.62745094
816.25305176	2.62745094
816.25714111	2.60784316
816.26129150	2.60784316
816.26129150	2.60784316
816.26544189	2.58823538
816.26953125	2.58823538
816.26953125	2.58823538
816.27368164	2.58823538
816.27777100	2.58823538
816.28179932	2.58823538
816.28179932	2.56862736
816.28594971	2.56862736
816.28997803	2.56862736
816.29406738	2.56862736
816.29406738	2.56862736
816.29827881	2.54901958
816.30236816	2.54901958
816.30651855	2.54901958
816.30651855	2.54901958
816.31048584	2.54901958
816.31469727	2.54901958
816.31469727	2.54901958
816.31866455	2.54901958
816.32281494	2.54901958
816.32678223	2.52941179
816.32678223	2.52941179
816.33093262	2.52941179
816.33502197	2.52941179
816.33917236	2.52941179
816.33917236	2.52941179
816.34313965	2.52941179
816.34735107	2.52941179
816.35150146	2.52941179
816.35150146	2.52941179
816.35565186	2.52941179
816.35974121	2.52941179
816.35974121	2.52941179
816.36376953	2.52941179
816.36785889	2.52941179
816.37200928	2.52941179
816.37200928	2.52941179
816.37615967	2.52941179
816.38012695	2.52941179
816.38421631	2.52941179
816.38421631	2.52941179
816.38830566	2.52941179
816.39245605	2.52941179
816.39654541	2.52941179
816.39654541	2.52941179
816.40069580	2.52941179
816.40466309	2.54901958
816.40466309	2.54901958
816.40881348	2.54901958
816.41278076	2.54901958
816.41699219	2.54901958
816.41699219	2.54901958
816.42108154	2.54901958
816.42523193	2.54901958
816.42938232	2.54901958
816.42938232	2.54901958
816.43334961	2.54901958
816.43750000	2.54901958
816.44158936	2.54901958
816.44158936	2.54901958
816.44567871	2.54901958
816.44976807	2.52941179
816.45379639	2.52941179
816.45788574	2.52941179
816.46203613	2.52941179
816.46203613	2.52941179
816.46606445	2.52941179
816.47015381	2.52941179
816.47430420	2.52941179
816.47430420	2.52941179
816.47851563	2.52941179
816.48260498	2.52941179
816.48675537	2.52941179
816.48675537	2.50980401
816.49072266	2.50980401
816.49487305	2.50980401
816.49902344	2.50980401
816.50292969	2.50980401
816.50701904	2.50980401
816.50701904	2.50980401
816.51116943	2.50980401
816.51525879	2.50980401
816.51940918	2.49019599
816.51940918	2.49019599
816.52343750	2.49019599
816.52752686	2.49019599
816.53167725	2.49019599
816.53167725	2.49019599
816.53582764	2.49019599
816.53985596	2.49019599
816.54394531	2.49019599
816.54809570	2.49019599
816.55218506	2.49019599
816.55218506	2.49019599
816.55621338	2.49019599
816.56036377	2.49019599
816.56445313	2.49019599
816.56445313	2.49019599
816.56854248	2.49019599
816.57269287	2.49019599
816.57666016	2.49019599
816.57666016	2.49019599
816.58081055	2.49019599
816.58496094	2.49019599
816.58905029	2.49019599
816.59301758	2.49019599
816.59722900	2.49019599
816.59722900	2.49019599
816.60137939	2.49019599
816.60546875	2.49019599
816.60961914	2.49019599
816.60961914	2.49019599
816.61376953	2.49019599
816.61773682	2.49019599
816.62182617	2.49019599
816.62182617	2.49019599
816.62603760	2.49019599
816.63000488	2.49019599
816.63403320	2.49019599
816.63818359	2.49019599
816.64227295	2.49019599
816.64227295	2.49019599
816.64630127	2.49019599
816.65045166	2.49019599
816.65466309	2.49019599
816.65466309	2.49019599
816.65869141	2.49019599
816.66278076	2.49019599
816.66699219	2.49019599
816.66699219	2.49019599
816.67095947	2.49019599
816.67510986	2.49019599
816.67926025	2.49019599
816.68322754	2.49019599
816.68731689	2.49019599
816.68731689	2.49019599
816.69146729	2.49019599
816.69555664	2.49019599
816.69964600	2.49019599
816.69964600	2.49019599
816.70367432	2.49019599
816.70776367	2.49019599
816.71197510	2.49019599
816.71197510	2.49019599
816.71600342	2.49019599
816.72003174	2.49019599
816.72418213	2.49019599
816.72833252	2.49019599
816.73254395	2.49019599
816.73254395	2.49019599
816.73645020	2.49019599
816.74072266	2.49019599
816.74475098	2.49019599
816.74475098	2.49019599
816.74890137	2.49019599
816.75280762	2.49019599
816.75689697	2.49019599
816.75689697	2.47058821
816.76104736	2.47058821
816.76519775	2.47058821
816.76928711	2.47058821
816.77331543	2.47058821
816.77740479	2.47058821
816.77740479	2.47058821
816.78155518	2.47058821
816.78576660	2.47058821
816.78985596	2.47058821
816.78985596	2.47058821
816.79388428	2.47058821
816.79797363	2.47058821
816.80212402	2.47058821
816.80212402	2.45098042
816.80615234	2.45098042
816.81024170	2.45098042
816.81433105	2.45098042
816.81433105	2.45098042
816.81842041	2.45098042
816.82257080	2.45098042
816.82257080	2.45098042
816.82666016	2.45098042
816.83068848	2.45098042
816.83477783	2.45098042
816.83477783	2.45098042
816.83892822	2.45098042
816.84289551	2.45098042
816.84704590	2.43137264
816.84704590	2.43137264
816.85125732	2.43137264
816.85534668	2.43137264
816.85949707	2.43137264
816.85949707	2.43137264
816.86346436	2.43137264
816.86773682	2.43137264
816.86773682	2.43137264
816.87170410	2.43137264
816.87585449	2.43137264
816.88000488	2.41176462
816.88000488	2.41176462
816.88403320	2.41176462
816.88818359	2.41176462
816.89227295	2.41176462
816.89227295	2.41176462
816.89624023	2.41176462
816.90039063	2.41176462
816.90447998	2.41176462
816.90447998	2.41176462
816.90863037	2.41176462
816.91265869	2.41176462
816.91265869	2.41176462
816.91668701	2.39215684
816.92077637	2.39215684
816.92492676	2.39215684
816.92492676	2.39215684
816.92901611	2.39215684
816.93304443	2.39215684
816.93719482	2.39215684
816.93719482	2.39215684
816.94134521	2.39215684
816.94543457	2.39215684
816.94952393	2.39215684
816.94952393	2.39215684
816.95367432	2.39215684
816.95764160	2.39215684
816.95764160	2.39215684
816.96179199	2.41176462
816.96588135	2.41176462
816.96990967	2.41176462
816.96990967	2.41176462
816.97399902	2.41176462
816.97821045	2.41176462
816.98242188	2.41176462
816.98242188	2.41176462
816.98632813	2.41176462
816.99047852	2.41176462
816.99475098	2.41176462
816.99475098	2.41176462
816.99877930	2.41176462
817.00292969	2.41176462
817.00689697	2.41176462
817.01098633	2.43137264
817.01513672	2.43137264
817.01513672	2.43137264
817.01922607	2.43137264
817.02331543	2.43137264
817.02740479	2.43137264
817.02740479	2.43137264
817.03149414	2.43137264
817.03552246	2.43137264
817.03967285	2.43137264
817.03967285	2.43137264
817.04364014	2.43137264
817.04779053	2.43137264
817.05194092	2.43137264
817.05609131	2.45098042
817.06011963	2.45098042
817.06011963	2.45098042
817.06420898	2.45098042
817.06829834	2.45098042
817.07244873	2.45098042
817.07244873	2.45098042
817.07641602	2.45098042
817.08062744	2.45098042
817.08471680	2.45098042
817.08471680	2.45098042
817.08880615	2.45098042
817.09295654	2.47058821
817.09692383	2.47058821
817.10113525	2.47058821
817.10522461	2.47058821
817.10522461	2.47058821
817.10937500	2.47058821
817.11334229	2.47058821
817.11749268	2.47058821
817.11749268	2.47058821
817.12164307	2.47058821
817.12567139	2.47058821
817.12976074	2.47058821
817.12976074	2.47058821
817.13378906	2.47058821
817.13787842	2.47058821
817.14202881	2.47058821
817.14617920	2.47058821
817.15020752	2.47058821
817.15020752	2.47058821
817.15429688	2.47058821
817.15844727	2.47058821
817.16259766	2.47058821
817.16259766	2.47058821
817.16674805	2.47058821
817.17071533	2.47058821
817.17486572	2.47058821
817.17486572	2.47058821
817.17901611	2.47058821
817.18304443	2.47058821
817.18707275	2.47058821
817.19122314	2.47058821
817.19525146	2.47058821
817.19525146	2.47058821
817.19927979	2.47058821
817.20343018	2.47058821
817.20764160	2.47058821
817.20764160	2.47058821
817.21166992	2.47058821
817.21582031	2.47058821
817.21990967	2.47058821
817.21990967	2.47058821
817.22387695	2.47058821
817.22808838	2.47058821
817.23223877	2.47058821
817.23626709	2.47058821
817.24035645	2.47058821
817.24035645	2.47058821
817.24450684	2.47058821
817.24859619	2.47058821
817.25280762	2.47058821
817.25280762	2.47058821
817.25671387	2.47058821
817.26080322	2.47058821
817.26495361	2.47058821
817.26495361	2.47058821
817.26904297	2.47058821
817.27307129	2.47058821
817.27716064	2.47058821
817.28131104	2.47058821
817.28540039	2.47058821
817.28540039	2.47058821
817.28942871	2.47058821
817.29370117	2.47058821
817.29766846	2.47058821
817.29766846	2.47058821
817.30187988	2.47058821
817.30596924	2.47058821
817.30999756	2.47058821
817.30999756	2.47058821
817.31402588	2.47058821
817.31817627	2.47058821
817.32226563	2.47058821
817.32226563	2.47058821
817.32629395	2.47058821
817.33038330	2.47058821
817.33038330	2.47058821
817.33453369	2.47058821
817.33868408	2.47058821
817.34277344	2.47058821
817.34277344	2.47058821
817.34680176	2.47058821
817.35095215	2.47058821
817.35510254	2.47058821
817.35510254	2.47058821
817.35925293	2.47058821
817.36322021	2.47058821
817.36737061	2.47058821
817.36737061	2.47058821
817.37145996	2.47058821
817.37554932	2.47058821
817.37554932	2.47058821
817.37963867	2.47058821
817.38366699	2.47058821
817.38775635	2.47058821
817.38775635	2.47058821
817.39190674	2.47058821
817.39605713	2.47058821
817.40002441	2.47058821
817.40002441	2.47058821
817.40417480	2.47058821
817.40832520	2.45098042
817.41247559	2.45098042
817.41247559	2.45098042
817.41644287	2.45098042
817.42071533	2.45098042
817.42071533	2.45098042
817.42474365	2.45098042
817.42889404	2.45098042
817.43292236	2.45098042
817.43292236	2.45098042
817.43701172	2.45098042
817.44110107	2.45098042
817.44512939	2.45098042
817.44512939	2.45098042
817.44927979	2.45098042
817.45324707	2.45098042
817.45739746	2.45098042
817.45739746	2.45098042
817.46154785	2.45098042
817.46563721	2.45098042
817.46563721	2.45098042
817.46966553	2.45098042
817.47375488	2.45098042
817.47796631	2.45098042
817.47796631	2.45098042
817.48211670	2.45098042
817.48626709	2.45098042
817.49023438	2.45098042
817.49023438	2.45098042
817.49432373	2.45098042
817.49847412	2.45098042
817.50262451	2.45098042
817.50262451	2.45098042
817.50665283	2.45098042
817.51068115	2.47058821
817.51068115	2.47058821
817.51477051	2.47058821
817.51892090	2.47058821
817.52307129	2.47058821
817.52307129	2.47058821
817.52703857	2.47058821
817.53118896	2.47058821
817.53527832	2.47058821
817.53527832	2.47058821
817.53942871	2.47058821
817.54345703	2.47058821
817.54772949	2.47058821
817.54772949	2.47058821
817.55175781	2.47058821
817.55584717	2.47058821
817.55987549	2.47058821
817.56390381	2.47058821
817.56805420	2.47058821
817.56805420	2.47058821
817.57214355	2.47058821
817.57617188	2.47058821
817.58026123	2.47058821
817.58026123	2.47058821
817.58441162	2.47058821
817.58850098	2.47058821
817.59265137	2.47058821
817.59265137	2.47058821
817.59667969	2.47058821
817.60083008	2.47058821
817.60498047	2.47058821
817.60913086	2.47058821
817.61315918	2.47058821
817.61315918	2.47058821
817.61724854	2.47058821
817.62133789	2.47058821
817.62542725	2.47058821
817.62542725	2.47058821
817.62939453	2.47058821
817.63366699	2.47058821
817.63763428	2.47058821
817.63763428	2.47058821
817.64178467	2.47058821
817.64587402	2.47058821
817.64990234	2.47058821
817.65405273	2.47058821
817.65820313	2.47058821
817.65820313	2.47058821
817.66235352	2.47058821
817.66632080	2.47058821
817.67041016	2.47058821
817.67041016	2.47058821
817.67456055	2.47058821
817.67871094	2.47058821
817.68280029	2.47058821
817.68280029	2.47058821
817.68688965	2.47058821
817.69097900	2.47058821
817.69506836	2.47058821
817.69921875	2.47058821
817.70330811	2.47058821
817.70330811	2.47058821
817.70727539	2.45098042
817.71142578	2.45098042
817.71551514	2.45098042
817.71551514	2.45098042
817.71972656	2.45098042
817.72363281	2.45098042
817.72778320	2.45098042
817.72778320	2.45098042
817.73193359	2.45098042
817.73608398	2.45098042
817.73999023	2.45098042
817.74420166	2.45098042
817.74829102	2.45098042
817.74829102	2.45098042
817.75244141	2.45098042
817.75646973	2.45098042
817.76062012	2.45098042
817.76062012	2.45098042
817.76464844	2.45098042
817.76879883	2.45098042
817.77294922	2.45098042
817.77294922	2.45098042
817.77691650	2.45098042
817.78100586	2.45098042
817.78515625	2.43137264
817.78930664	2.43137264
817.79339600	2.43137264
817.79339600	2.43137264
817.79748535	2.43137264
817.80157471	2.43137264
817.80566406	2.43137264
817.80566406	2.43137264
817.80969238	2.43137264
817.81378174	2.43137264
817.81793213	2.43137264
817.81793213	2.43137264
817.82202148	2.41176462
817.82617188	2.41176462
817.83013916	2.41176462
817.83428955	2.41176462
817.83837891	2.41176462
817.83837891	2.41176462
817.84252930	2.41176462
817.84667969	2.41176462
817.85070801	2.41176462
817.85070801	2.41176462
817.85485840	2.41176462
817.85900879	2.41176462
817.86303711	2.41176462
817.86303711	2.41176462
817.86712646	2.41176462
817.87115479	2.41176462
817.87530518	2.41176462
817.87530518	2.41176462
817.87939453	2.41176462
817.88342285	2.41176462
817.88342285	2.41176462
817.88751221	2.43137264
817.89166260	2.43137264
817.89581299	2.43137264
817.89581299	2.43137264
817.89978027	2.43137264
817.90393066	2.43137264
817.90808105	2.43137264
817.90808105	2.43137264
817.91217041	2.43137264
817.91613770	2.43137264
817.92028809	2.43137264
817.92028809	2.43137264
817.92449951	2.43137264
817.92852783	2.43137264
817.92852783	2.43137264
817.93267822	2.43137264
817.93670654	2.43137264
817.94079590	2.43137264
817.94079590	2.43137264
817.94494629	2.45098042
817.94903564	2.45098042
817.95312500	2.45098042
817.95312500	2.45098042
817.95715332	2.45098042
817.96124268	2.45098042
817.96545410	2.45098042
817.96545410	2.45098042
817.96942139	2.45098042
817.97369385	2.45098042
817.97369385	2.45098042
817.97766113	2.45098042
817.98181152	2.45098042
817.98596191	2.45098042
817.98596191	2.45098042
817.98992920	2.45098042
817.99407959	2.47058821
817.99822998	2.47058821
817.99822998	2.47058821
818.00238037	2.47058821
818.00628662	2.47058821
818.01043701	2.47058821
818.01043701	2.47058821
818.01452637	2.49019599
818.01867676	2.49019599
818.01867676	2.49019599
818.02288818	2.49019599
818.02679443	2.49019599
818.03094482	2.50980401
818.03094482	2.50980401
818.03503418	2.50980401
818.03912354	2.50980401
818.04333496	2.50980401
818.04333496	2.50980401
818.04730225	2.50980401
818.05151367	2.50980401
818.05560303	2.50980401
818.05560303	2.50980401
818.05975342	2.50980401
818.06372070	2.50980401
818.06781006	2.49019599
818.07189941	2.49019599
818.07604980	2.49019599
818.07604980	2.49019599
818.08001709	2.49019599
818.08416748	2.49019599
818.08825684	2.49019599
818.08825684	2.49019599
818.09240723	2.49019599
818.09637451	2.49019599
818.10070801	2.49019599
818.10070801	2.49019599
818.10473633	2.49019599
818.10888672	2.49019599
818.11297607	2.49019599
818.11694336	2.49019599
818.12109375	2.49019599
818.12109375	2.50980401
818.12518311	2.50980401
818.12927246	2.50980401
818.13342285	2.50980401
818.13342285	2.50980401
818.13739014	2.50980401
818.14154053	2.50980401
818.14562988	2.52941179
818.14562988	2.52941179
818.14971924	2.52941179
818.15380859	2.52941179
818.15795898	2.54901958
818.16210938	2.54901958
818.16613770	2.54901958
818.16613770	2.54901958
818.17016602	2.54901958
818.17431641	2.54901958
818.17846680	2.54901958
818.17846680	2.56862736
818.18255615	2.56862736
818.18670654	2.56862736
818.19073486	2.56862736
818.19073486	2.56862736
818.19482422	2.56862736
818.19891357	2.56862736
818.20300293	2.56862736
818.20703125	2.56862736
818.21112061	2.56862736
818.21112061	2.56862736
818.21527100	2.56862736
818.21942139	2.56862736
818.22338867	2.56862736
818.22338867	2.56862736
818.22753906	2.56862736
818.23175049	2.56862736
818.23583984	2.56862736
818.23583984	2.56862736
818.23986816	2.56862736
818.24395752	2.54901958
818.24810791	2.54901958
818.25219727	2.54901958
818.25628662	2.54901958
818.25628662	2.54901958
818.26025391	2.54901958
818.26440430	2.54901958
818.26855469	2.54901958
818.26855469	2.54901958
818.27264404	2.54901958
818.27667236	2.54901958
818.28076172	2.54901958
818.28076172	2.54901958
818.28491211	2.54901958
818.28906250	2.54901958
818.29321289	2.54901958
818.29724121	2.54901958
818.30139160	2.54901958
818.30139160	2.54901958
818.30548096	2.54901958
818.30963135	2.54901958
818.31372070	2.54901958
818.31372070	2.54901958
818.31768799	2.54901958
818.32177734	2.54901958
818.32592773	2.54901958
818.32592773	2.54901958
818.32989502	2.54901958
818.33404541	2.54901958
818.33813477	2.54901958
818.34228516	2.54901958
818.34637451	2.54901958
818.34637451	2.54901958
818.35046387	2.54901958
818.35461426	2.54901958
818.35870361	2.56862736
818.35870361	2.56862736
818.36285400	2.56862736
818.36682129	2.56862736
818.37097168	2.56862736
818.37097168	2.56862736
818.37506104	2.56862736
818.37915039	2.56862736
818.38311768	2.56862736
818.38311768	2.56862736
818.38726807	2.56862736
818.39141846	2.56862736
818.39141846	2.56862736
818.39550781	2.56862736
818.39965820	2.56862736
818.40362549	2.56862736
818.40362549	2.56862736
818.40783691	2.56862736
818.41198730	2.56862736
818.41601563	2.58823538
818.41601563	2.58823538
818.42004395	2.58823538
818.42419434	2.58823538
818.42834473	2.58823538
818.42834473	2.58823538
818.43255615	2.58823538
818.43658447	2.58823538
818.43658447	2.58823538
818.44073486	2.58823538
818.44470215	2.58823538
818.44879150	2.58823538
818.44879150	2.58823538
818.45275879	2.58823538
818.45690918	2.58823538
818.46099854	2.58823538
818.46099854	2.58823538
818.46514893	2.58823538
818.46923828	2.58823538
818.47326660	2.58823538
818.47326660	2.58823538
818.47735596	2.58823538
818.48168945	2.60784316
818.48168945	2.60784316
818.48571777	2.60784316
818.48968506	2.60784316
818.49383545	2.60784316
818.49383545	2.60784316
818.49798584	2.60784316
818.50207520	2.60784316
818.50616455	2.60784316
818.50616455	2.58823538
818.51013184	2.58823538
818.51428223	2.58823538
818.51837158	2.56862736
818.51837158	2.56862736
818.52252197	2.54901958
818.52667236	2.54901958
818.52667236	2.54901958
818.53063965	2.54901958
818.53479004	2.52941179
818.53894043	2.52941179
818.53894043	2.52941179
818.54296875	2.52941179
818.54705811	2.52941179
818.55120850	2.52941179
818.55120850	2.52941179
818.55535889	2.52941179
818.55944824	2.50980401
818.56335449	2.50980401
818.56335449	2.50980401
818.56756592	2.50980401
818.57165527	2.50980401
818.57165527	2.50980401
818.57580566	2.50980401
818.57977295	2.50980401
818.58392334	2.50980401
818.58392334	2.50980401
818.58801270	2.50980401
818.59216309	2.50980401
818.59625244	2.50980401
818.59625244	2.50980401
818.60034180	2.50980401
818.60449219	2.50980401
818.60858154	2.50980401
818.60858154	2.50980401
818.61273193	2.50980401
818.61669922	2.50980401
818.62084961	2.50980401
818.62493896	2.50980401
818.62902832	2.50980401
818.62902832	2.50980401
818.63299561	2.50980401
818.63714600	2.50980401
818.64123535	2.50980401
818.64123535	2.50980401
818.64544678	2.50980401
818.64953613	2.50980401
818.65368652	2.50980401
818.65368652	2.50980401
818.65765381	2.50980401
